gene,err_spaceflight,err_ground,err_ratio
AT4G19240,1.9108769,0.114466295,16.693794
AT2G05230,1.9456928,0.12190676,15.960499
AT1G29410,1.1024411,0.077135146,14.29233
AT1G22800,1.3007181,0.09379449,13.867744
AT3G13700,1.6097819,0.120609835,13.347019
AT5G51620,1.4833744,0.11450546,12.954616
AT5G35450,1.0411775,0.08092046,12.866677
AT3G28320,1.6459193,0.14810294,11.113346
AT3G43740,1.586284,0.14371802,11.037474
AT1G71920,1.3100297,0.11912007,10.997557
AT3G44490,1.1561638,0.10572736,10.935331
AT5G50600,1.3936357,0.12946722,10.76439
AT5G47260,1.0797366,0.10077617,10.714205
AT5G49440,1.1559091,0.10859569,10.644152
AT5G17890,1.3631942,0.12833713,10.621977
AT3G47680,1.3738494,0.1307898,10.504253
AT1G05090,0.9834692,0.09527361,10.3225765
AT2G23240,1.3487712,0.13419093,10.051134
AT4G22410,0.93417,0.093199626,10.023323
AT3G25720,0.98352146,0.09976923,9.857964
AT2G41440,1.3231351,0.1348878,9.809153
AT1G62590,0.8669972,0.08931289,9.707413
AT3G60950,1.2200838,0.12637343,9.654591
AT2G07718,1.8453027,0.19645412,9.393045
AT1G27570,1.1744158,0.1253937,9.365827
AT1G23960,1.4320848,0.15416834,9.289097
AT5G41660,1.0430115,0.11279006,9.247371
AT5G46510,1.1226442,0.12237367,9.1739025
AT1G47660,0.8997644,0.09814927,9.167306
AT1G12340,1.7179539,0.18994536,9.044463
AT4G25530,1.039092,0.117970884,8.808037
AT1G32010,0.9903393,0.112463094,8.805904
AT2G01440,0.5821753,0.06815009,8.542546
AT5G51630,1.0832576,0.12724157,8.513392
AT1G64100,1.014325,0.12051534,8.416563
AT5G17100,1.2200739,0.14519261,8.40314
AT3G22500,1.085896,0.1293625,8.39421
AT5G45570,1.0868671,0.12995595,8.363349
AT4G36140,0.8667126,0.103838325,8.34675
AT3G03305,0.5485148,0.06671648,8.221578
AT1G54870,1.3652445,0.16662952,8.193293
AT5G56380,1.2126775,0.14818561,8.183503
AT1G48130,1.3724855,0.17069909,8.04038
AT5G05400,1.062692,0.13240089,8.02632
AT2G28420,1.104689,0.1391054,7.9413805
AT4G12990,1.2340107,0.1556066,7.930323
AT5G55240,1.1985244,0.15282243,7.8425937
AT2G24710,0.90599155,0.11622019,7.795474
AT5G43490,1.0655553,0.13785788,7.7293744
AT5G17880,1.1186664,0.14488308,7.7211657
AT3G26430,0.78090405,0.1023678,7.628414
AT4G01400,0.81745553,0.10728327,7.619599
AT5G43370,1.1246349,0.1477175,7.6134157
AT5G32460,1.1556455,0.15476555,7.4670715
AT1G18000,1.1513286,0.1545837,7.4479294
AT3G05260,1.2163016,0.16444497,7.3964043
AT1G65090,1.2331674,0.16674134,7.39569
AT1G77950,1.161921,0.15794547,7.3564687
AT3G43950,0.79212534,0.10813255,7.325503
AT5G09320,1.0865012,0.1483835,7.3222504
AT3G23290,1.1512966,0.15734714,7.3169203
AT3G05340,0.85651475,0.117728986,7.2753086
AT5G57880,0.73517764,0.10178,7.223203
AT4G16160,1.274377,0.1771847,7.192364
AT1G11280,0.7825137,0.10898727,7.1798625
AT1G30550,0.71518815,0.09969356,7.1738644
AT3G44930,0.4927238,0.06869866,7.172247
AT4G01740,1.076066,0.15006109,7.1708527
AT5G40420,1.4547492,0.20298022,7.16695
AT3G54940,1.3242853,0.18505435,7.156196
AT1G73190,1.2811449,0.17906703,7.154554
AT1G66910,0.7655653,0.10707462,7.149829
AT5G65850,0.85218936,0.120018594,7.100477
AT1G30160,0.8387467,0.11907609,7.0437875
AT2G05400,0.85753435,0.12267421,6.990339
AT1G19550,1.6025517,0.22930577,6.9887104
AT3G43290,0.7557583,0.1081541,6.9877906
AT4G09920,0.9981427,0.14303282,6.978417
AT4G28620,0.76243967,0.109489396,6.963593
AT5G18450,0.8627749,0.12477761,6.9145007
AT2G15110,0.71767735,0.10384514,6.911034
AT5G28810,0.8995971,0.13017435,6.9107084
AT2G33255,0.4001283,0.05821639,6.87312
AT3G61970,0.53708684,0.07817175,6.8705993
AT1G05230,0.37902004,0.055170964,6.8699174
AT3G21370,1.0839353,0.15792707,6.8635173
AT5G43040,0.99675626,0.14532061,6.8590145
AT3G58450,1.0822307,0.15820958,6.840487
AT2G40710,1.0260513,0.15041125,6.8216386
AT5G45080,1.0243772,0.15022752,6.818838
AT4G03950,0.8235841,0.12093565,6.8101015
AT2G46450,1.0568967,0.15525568,6.8074584
AT1G80090,1.1246072,0.16573408,6.7856116
AT1G63350,0.7872327,0.11635917,6.7655406
AT1G54260,0.93712443,0.13906357,6.73882
AT1G04560,1.4628314,0.21710439,6.7379165
AT2G28490,1.3343781,0.19864263,6.7174807
AT1G32120,0.80710155,0.12036803,6.7052813
AT2G43920,0.93244433,0.13913478,6.7017336
AT5G48780,0.9585733,0.1433385,6.6874785
AT3G30820,0.74847555,0.11219311,6.6713142
AT1G32000,0.63585854,0.09559734,6.6514244
AT1G68250,1.4017138,0.21094705,6.6448607
AT3G53200,0.9280192,0.14025636,6.616592
AT4G16230,1.0345447,0.15659392,6.606544
AT4G19500,0.9055143,0.13719445,6.6002245
AT3G13240,1.3698682,0.20771681,6.594883
AT5G35520,0.49365377,0.07511624,6.571864
AT5G44120,1.6773227,0.2558264,6.5564876
AT1G15890,0.9537054,0.14553154,6.553255
AT2G23640,1.0035222,0.15381226,6.5243306
AT4G38320,0.6316474,0.09684937,6.5219564
AT1G72100,1.0982552,0.16866161,6.511589
AT1G63540,0.8945155,0.13743204,6.508784
AT5G43820,0.5937493,0.0912434,6.5073113
AT4G39930,0.9540548,0.14691949,6.4937243
AT2G38195,1.199754,0.18481992,6.491475
AT5G41240,0.5058157,0.07806224,6.4796457
AT2G40955,1.0051914,0.15522501,6.4757047
AT5G36670,1.0752168,0.1660964,6.473449
AT1G35320,0.91993743,0.14257154,6.4524612
AT3G24650,0.8870896,0.1376409,6.4449563
AT4G10220,0.8298424,0.12898815,6.433477
AT3G60160,0.98431903,0.15329926,6.4208984
AT2G36550,0.7442456,0.11605702,6.4127574
AT5G61910,0.35061857,0.054805346,6.397524
AT1G80970,0.89737463,0.14051852,6.3861656
AT5G24480,0.73404574,0.11516302,6.3739705
AT4G32210,0.77687794,0.12193844,6.3710666
AT3G51640,0.3704307,0.05818465,6.3664665
AT2G20130,0.378781,0.05964055,6.3510637
AT3G53650,1.1444653,0.18058471,6.337553
AT1G49245,0.81313187,0.12851006,6.3273783
AT3G45000,0.8897342,0.14064685,6.3260155
AT1G73450,0.36954466,0.05842813,6.3247714
AT1G44318,0.64184827,0.101627536,6.315692
AT5G44980,0.82686514,0.13098809,6.3125205
AT1G67100,1.0726012,0.17021962,6.301278
AT1G54860,1.1532012,0.18309212,6.2984753
AT5G26270,1.2953838,0.20615809,6.2834487
AT1G78710,0.8333332,0.13300279,6.265531
AT5G27400,0.89391476,0.14303823,6.2494807
AT1G48660,0.9801616,0.15716638,6.236458
AT5G29050,0.92409754,0.14834607,6.229336
AT5G06810,0.5805507,0.09321743,6.227919
AT5G56370,1.0251046,0.16481176,6.2198505
AT1G31670,0.68044615,0.10950072,6.214079
AT1G11760,0.3943805,0.06354231,6.2065806
AT1G08000,0.34848487,0.05617342,6.203731
AT2G03010,0.6804383,0.10999932,6.18584
AT5G65590,0.72475123,0.11729272,6.1789956
AT1G29730,0.6725981,0.108875975,6.177654
AT4G19770,1.0234166,0.16620341,6.1576147
AT1G16750,0.45753595,0.07439162,6.150369
AT4G16940,0.91899455,0.14983083,6.133547
AT1G46696,0.7008239,0.11436794,6.1278
AT1G63190,0.883328,0.14432006,6.120618
AT5G15420,1.3052683,0.21341777,6.116024
AT3G28360,0.8231053,0.13463551,6.1135817
AT1G16260,0.71704847,0.11746333,6.104445
AT1G24851,1.2779492,0.20944048,6.1017294
AT2G04800,1.1142182,0.1826373,6.100715
AT5G02920,0.68936044,0.1133777,6.0802116
AT2G05310,0.53345025,0.08784631,6.07254
AT5G53190,0.83068526,0.13682002,6.0713716
AT4G10020,1.0745708,0.17704989,6.06931
AT3G28330,0.8716843,0.14480609,6.0196657
AT3G29430,0.6099078,0.101643346,6.000469
AT1G22750,0.50663507,0.08446001,5.9985194
AT1G76820,0.54816145,0.09148862,5.99158
AT3G18840,0.8641388,0.14430055,5.9884644
AT4G09610,1.0265012,0.17147145,5.986426
AT5G47510,0.5796638,0.0968612,5.9844785
AT1G35500,0.8102623,0.13543735,5.982561
AT5G37950,1.2414532,0.20764333,5.9787765
AT2G15400,0.78374326,0.13140994,5.9641085
AT3G56350,1.0672088,0.17919093,5.955707
AT3G61700,0.3870503,0.064995825,5.955002
AT3G26070,0.36277184,0.06095542,5.9514275
AT3G30260,0.8802459,0.14792109,5.95078
AT4G28520,1.5457637,0.26011258,5.942672
AT3G49700,0.86817175,0.14609931,5.942339
AT3G44700,0.97697794,0.16459247,5.935738
AT3G60040,0.43705514,0.07366283,5.933183
AT5G58180,0.8713506,0.14706008,5.9251328
AT2G41260,1.4209785,0.23989858,5.923247
AT5G15360,1.5090287,0.2561966,5.89012
AT1G17810,1.0861123,0.18453461,5.8856826
AT2G01770,1.0334256,0.17596285,5.8729753
AT5G36930,0.87220705,0.14870672,5.8652825
AT5G49150,0.7224265,0.12322722,5.862556
AT2G21490,1.174219,0.20030747,5.8620825
AT5G27340,0.5881671,0.10062177,5.845326
AT1G10000,0.93665946,0.16025448,5.844825
AT5G44850,0.59528047,0.10198109,5.837165
AT3G47250,0.8741341,0.14982356,5.834423
AT1G48260,0.86704177,0.14878626,5.827431
AT3G07980,0.41448107,0.07117771,5.8231854
AT1G52820,1.1681995,0.20068635,5.821021
AT5G43360,0.6543255,0.11242991,5.819852
AT5G50130,0.64320946,0.110555604,5.817972
AT1G20400,0.9467076,0.16282551,5.8142457
AT2G25890,1.0410773,0.17905885,5.8141623
AT4G38280,0.5333746,0.09186384,5.806143
AT5G20470,0.72348225,0.12483876,5.795333
AT3G11370,0.8147966,0.1406031,5.7950115
AT1G51990,0.74663424,0.12884815,5.794683
AT3G45220,0.6548865,0.11319744,5.785347
AT5G43030,0.85956013,0.1487514,5.778501
AT3G44570,1.08323,0.18761861,5.773574
AT5G66970,0.70442456,0.12205203,5.77151
AT3G01570,1.1662505,0.20221785,5.767297
AT1G50520,0.9267295,0.1608096,5.7628984
AT5G27890,0.8732241,0.15155058,5.7619314
AT2G17190,0.22492237,0.03903649,5.7618475
AT4G03830,0.56740314,0.098531656,5.758587
AT1G17240,0.7109121,0.12364169,5.7497764
AT2G31580,0.40275523,0.070144944,5.7417564
AT4G22950,0.9704754,0.16905814,5.7404823
AT4G38300,0.85079306,0.14845206,5.731096
AT2G33880,0.8050776,0.14068249,5.7226562
AT5G06900,1.1070898,0.1936003,5.7184296
AT4G08990,0.894255,0.15663908,5.709015
AT2G13640,0.8004551,0.14038497,5.7018566
AT5G50530,0.7218623,0.12676392,5.69454
AT2G30670,1.1739554,0.20626695,5.691437
AT5G33390,0.78663194,0.1383585,5.685461
AT2G03330,0.4675528,0.082273245,5.682926
AT3G51810,1.1885936,0.20921937,5.6810875
AT5G24130,0.92006433,0.16207227,5.6768765
AT1G27461,1.1659777,0.2054311,5.67576
AT2G18140,0.79955554,0.14103098,5.66936
AT3G24890,0.7579401,0.13392171,5.6595755
AT3G27660,1.1628356,0.20549463,5.658715
AT1G52800,1.1575215,0.20478167,5.652466
AT2G21080,0.55319417,0.09789273,5.6510234
AT4G25140,1.2397606,0.21941534,5.6502914
AT2G15010,1.1013522,0.1955038,5.633405
AT1G66950,0.57088995,0.10135855,5.6323805
AT1G17260,0.54354,0.09666037,5.6231937
AT3G22940,0.7094782,0.12617211,5.623098
AT5G25040,0.4784846,0.08514471,5.619663
AT2G18540,0.9258054,0.16483726,5.616481
AT3G49070,0.7315801,0.13045812,5.6077766
AT4G18720,0.63919604,0.11404826,5.60461
AT3G22640,1.2554889,0.22442164,5.5943303
AT1G77100,0.74970335,0.13413294,5.589256
AT5G37440,0.99222976,0.17809023,5.5715
AT1G59790,0.664743,0.11936284,5.5690947
AT1G60090,0.7297104,0.13106437,5.567572
AT1G63230,0.7297368,0.1310898,5.5666933
AT5G41220,0.33570844,0.060322523,5.565224
AT5G52800,0.7919523,0.14247364,5.558588
AT5G17720,0.5774555,0.10388992,5.5583396
AT3G20210,0.9626119,0.17394611,5.5339656
AT5G46795,0.81892884,0.14808424,5.5301547
AT3G27710,0.98320425,0.1783039,5.5142045
AT1G74110,0.5574922,0.101135045,5.512354
AT5G36700,0.8918328,0.16181692,5.5113688
AT1G06225,0.8808511,0.1598375,5.5109158
AT4G09900,0.45369375,0.08244417,5.5030417
AT5G61740,0.71084857,0.1293561,5.4952836
AT1G68040,0.8767794,0.15968335,5.4907374
AT3G47890,0.3528874,0.06431142,5.4871645
AT5G54250,0.48340648,0.088116884,5.4859686
AT4G26740,1.0487891,0.19167453,5.4717183
AT5G54740,1.3358749,0.24445355,5.464739
AT4G27630,0.4324751,0.07920749,5.460027
AT5G42090,0.59834355,0.109621525,5.4582667
AT5G53810,0.7978548,0.14633848,5.4521184
AT2G42250,1.0612575,0.19512533,5.43885
AT4G30730,0.75389683,0.13881081,5.43111
AT5G60220,0.92174286,0.16982718,5.427534
AT5G36000,1.1810813,0.21786724,5.421105
AT2G27800,0.5219766,0.09634213,5.417947
AT4G23350,0.61839795,0.11420163,5.4149656
AT3G13210,0.83600074,0.15454344,5.4094863
AT4G09940,0.64358693,0.11899799,5.4083843
AT3G14640,0.7456115,0.13815473,5.39693
AT5G45120,0.60398984,0.11215751,5.385193
AT5G22470,0.934235,0.1736527,5.3799043
AT5G02330,0.9588059,0.17831096,5.377156
AT2G14440,0.71204245,0.13245893,5.3755713
AT3G62470,0.4680239,0.08712443,5.3719015
AT1G29090,1.2408006,0.23122238,5.366265
AT3G13784,1.1215019,0.20923848,5.3599215
AT5G41090,0.7715018,0.1441571,5.3518124
AT1G58050,0.57617086,0.107749544,5.347316
AT3G18570,0.97480667,0.18238427,5.344795
AT5G48130,0.49826497,0.09322957,5.3444943
AT5G46520,0.75174564,0.14071329,5.342392
AT3G55200,0.43901342,0.082203,5.3406005
AT3G45280,0.85242915,0.1599196,5.33036
AT2G03680,0.2752001,0.05163868,5.329339
AT4G03570,0.696088,0.13061868,5.3291607
AT3G26480,0.75887084,0.14243793,5.327729
AT2G21030,0.80402285,0.15111633,5.320555
AT5G54000,0.7619856,0.14326823,5.318594
AT1G52370,0.29332742,0.0551838,5.315461
AT4G09300,0.89234924,0.167998,5.3116655
AT1G43140,0.66451496,0.12511404,5.3112736
AT4G13560,0.91029924,0.17155387,5.3062
AT1G20590,1.0443442,0.19683969,5.305557
AT1G65370,0.98972136,0.18663481,5.3029833
AT5G03360,0.9142249,0.17240494,5.3027763
AT1G29550,0.37821063,0.07134634,5.301051
AT3G46610,0.38542268,0.07271446,5.3004947
AT4G31830,1.1756594,0.22187209,5.2988157
AT2G20810,0.3414696,0.06445983,5.2974005
AT3G57440,0.8257,0.15601301,5.2925067
AT5G60320,0.76069266,0.14378063,5.290647
AT5G64210,0.83971554,0.15876156,5.289161
AT3G47750,0.6200121,0.11730306,5.2855577
AT4G11880,0.7792494,0.14784688,5.2706513
AT2G46870,0.45843077,0.08708748,5.2640257
AT1G15150,0.92068475,0.17491996,5.2634625
AT3G53280,0.49004588,0.09321811,5.256981
AT5G52290,0.7006141,0.13328017,5.256701
AT1G62900,0.95126694,0.18113305,5.2517576
AT3G16610,0.7074334,0.13476828,5.249257
AT5G62490,1.1055515,0.21068719,5.2473593
AT4G33830,0.3965814,0.075670265,5.2409143
AT2G25340,0.6529245,0.12461566,5.2395053
AT3G29410,0.76364285,0.14579651,5.23773
AT1G06220,0.24993801,0.04772619,5.2369137
AT2G16190,0.72511435,0.13852747,5.234444
AT1G04625,0.68301696,0.13059376,5.230088
AT5G26190,0.6998894,0.13391937,5.226199
AT5G27290,0.44179416,0.08456619,5.2242403
AT1G55550,0.5167212,0.09901868,5.218421
AT2G07751,1.5602372,0.2990182,5.217867
AT5G45540,0.599572,0.11493674,5.216539
AT3G14670,0.95805675,0.1836826,5.215827
AT1G54250,0.43938893,0.0842421,5.2157874
AT5G18580,0.28991684,0.055638816,5.210693
AT3G60700,0.9430862,0.18103634,5.209375
AT3G51420,0.42124334,0.08095856,5.2031965
AT3G31910,0.5141519,0.09897682,5.1946692
AT4G02950,0.94442296,0.18180852,5.194602
AT5G56910,0.48919445,0.09423424,5.1912594
AT2G25540,0.69817287,0.13449043,5.191245
AT1G44030,0.6224217,0.11992722,5.189995
AT2G33050,0.8097108,0.15607186,5.1880636
AT2G01730,0.64563125,0.12448153,5.1865625
AT1G27990,1.0532211,0.20309988,5.1857295
AT1G31460,0.48507458,0.093732044,5.1751194
AT4G19220,0.5263198,0.10178943,5.170672
AT4G27960,0.2759599,0.05338429,5.169308
AT5G55470,0.564444,0.10922161,5.167878
AT5G42350,0.31443852,0.060888562,5.164163
AT1G16490,0.7255394,0.14054674,5.1622634
AT1G79960,0.7204071,0.13974918,5.155
AT5G48485,1.1317861,0.21956092,5.15477
AT4G08350,0.2121795,0.04119597,5.1504903
AT1G06990,0.63201666,0.12277829,5.1476254
AT1G61180,0.51274633,0.099633254,5.146337
AT3G53130,0.30536938,0.05935759,5.144571
AT5G06250,0.84178054,0.16382039,5.1384354
AT3G50180,0.59452003,0.11578194,5.1348248
AT1G32080,0.3873037,0.07547098,5.1318226
AT4G15950,0.47201344,0.09204363,5.1281486
AT5G50770,0.7456929,0.14557835,5.122278
AT5G11180,0.62066317,0.12118109,5.121782
AT3G24140,0.34992778,0.068465725,5.1109915
AT1G29770,0.78921294,0.15445128,5.109785
AT2G03710,0.7285922,0.14281735,5.1015663
AT5G35760,1.0171794,0.19946386,5.099567
AT5G28560,0.77774566,0.15257666,5.097409
AT1G48470,0.9234613,0.1811977,5.096429
AT1G20870,0.5591127,0.1097421,5.0947876
AT1G69820,0.47689173,0.093617395,5.09405
AT2G15050,0.6258081,0.12285472,5.0938873
AT4G07670,0.6135956,0.12052027,5.091223
AT1G48490,0.31436822,0.061800994,5.0867815
AT4G24660,0.5134838,0.10105188,5.0813875
AT5G45070,0.9800586,0.19299343,5.0781965
AT4G19510,0.5153856,0.10149246,5.078068
AT2G42830,0.69241875,0.1363601,5.077869
AT2G26580,0.3750418,0.07390131,5.0749
AT5G45680,0.39066434,0.077000566,5.073525
AT2G28680,0.7538682,0.14863539,5.071929
AT2G36640,1.0162003,0.20038153,5.0713267
AT1G09980,0.3146844,0.062057693,5.070835
AT1G77980,0.49083817,0.09680449,5.0704064
AT3G19230,0.67791754,0.13378961,5.067041
AT3G30230,0.4843381,0.095617585,5.0653663
AT4G18390,0.57120174,0.11285087,5.0615625
AT5G46260,0.7524463,0.14868324,5.0607333
AT2G40220,0.72226065,0.14295387,5.052403
AT4G02720,0.5089249,0.10076097,5.0508137
AT2G14920,0.69838417,0.13835207,5.047876
AT2G42000,0.8766781,0.1737754,5.0448914
AT5G60910,0.80203825,0.1590151,5.043786
AT3G13590,0.560663,0.111186825,5.0425305
AT3G44160,0.3388558,0.06720513,5.0421114
AT1G53950,1.13263,0.22473232,5.0399065
AT5G41870,0.4272294,0.084798165,5.0381913
AT4G15310,0.7328554,0.1454803,5.037488
AT1G71050,0.7009106,0.1391991,5.03531
AT3G28640,0.73954505,0.14690757,5.0340834
AT2G24310,0.7718362,0.15341052,5.0311813
AT5G35890,0.6735853,0.1339357,5.0291686
AT5G38620,0.6758961,0.13443151,5.0278096
AT1G19750,0.6985237,0.13894336,5.0273986
AT5G38990,0.49040422,0.09772955,5.0179725
AT5G27910,0.70752025,0.14106782,5.0154614
AT1G64150,0.39304912,0.07843092,5.0114045
AT1G80590,1.0423064,0.20807646,5.009247
AT2G36145,0.49724916,0.09931384,5.006846
AT4G08430,0.69978213,0.13977864,5.006359
AT2G38510,0.6103026,0.121987335,5.003
AT1G15600,0.49536064,0.09905241,5.000995
AT4G24540,0.62545323,0.125222,4.994755
AT1G06250,0.77841645,0.1558649,4.994174
AT1G04920,0.6459768,0.12945156,4.9901037
AT5G20430,0.9948963,0.19940776,4.9892554
AT4G21020,1.0402577,0.20853622,4.9883785
AT4G14096,0.44184154,0.08859562,4.9871707
AT5G11290,0.7875522,0.15799503,4.984664
AT5G10120,0.8244767,0.16564938,4.9772396
AT1G49340,0.30587545,0.06147254,4.9758053
AT1G08730,0.4893372,0.09835615,4.975156
AT1G14440,0.5129675,0.103145845,4.973225
AT2G24255,0.5951412,0.119738005,4.970361
AT2G32870,0.6796714,0.13681597,4.9677777
AT3G20950,0.57855564,0.11647555,4.967185
AT3G17230,0.64240116,0.12936184,4.9659243
AT2G46720,0.54286236,0.109348126,4.9645324
AT1G77110,0.4767709,0.09617027,4.9575706
AT4G25860,0.8383824,0.16911572,4.9574475
AT2G03560,0.804979,0.1624304,4.955839
AT2G33520,0.8777672,0.17717573,4.9542174
AT1G52920,0.6334979,0.1278881,4.953532
AT1G61750,0.8022649,0.16198069,4.9528427
AT3G61650,0.33004278,0.06665385,4.9515934
AT2G34960,0.62436736,0.1261538,4.949255
AT3G48960,0.51325196,0.10372165,4.9483585
AT1G24400,0.41928193,0.0847435,4.9476585
AT4G16990,0.47138953,0.09527853,4.9474893
AT2G31830,0.42721066,0.08645502,4.941421
AT5G48770,0.6182224,0.12515725,4.9395647
AT1G69230,0.8717522,0.17675202,4.932063
AT1G11180,0.5045049,0.10230074,4.931586
AT1G65350,0.62050354,0.1259314,4.9273133
AT1G35170,0.8709546,0.17687008,4.9242616
AT1G62420,1.0181488,0.20688865,4.9212403
AT3G23470,0.72291255,0.14704661,4.916213
AT3G29680,0.73420155,0.14940321,4.914228
AT3G58190,0.5645685,0.11494426,4.911672
AT4G30910,0.33392942,0.06801486,4.909653
AT3G12660,0.5320716,0.108397,4.908545
AT4G14180,0.5507362,0.1122014,4.9084606
AT4G00234,0.65853214,0.13416725,4.9082923
AT1G75430,0.72741604,0.14820452,4.9081903
AT2G32235,0.7391241,0.15062174,4.9071536
AT2G45350,0.63251275,0.12894338,4.905352
AT5G65100,0.7093488,0.14462377,4.9047866
AT4G26880,0.88015294,0.17946671,4.9042683
AT5G41820,0.66105443,0.13479513,4.9041414
AT1G20860,0.70377195,0.14354326,4.902856
AT2G18270,0.76134354,0.15536502,4.900353
AT1G55980,0.776719,0.15857823,4.898017
AT1G07120,0.8085573,0.16538343,4.8889856
AT2G45550,0.7821133,0.16000277,4.888123
AT5G03220,0.42915326,0.087828875,4.886243
AT1G62620,0.99971604,0.20462157,4.885682
AT1G22600,0.85383034,0.17486313,4.882849
AT5G66900,0.382017,0.07825141,4.881918
AT2G31910,0.68980414,0.14136423,4.8796225
AT5G53660,0.69938004,0.14353982,4.872376
AT3G15370,0.84505576,0.17343825,4.872372
AT3G14530,0.5760286,0.1182287,4.872155
AT5G36870,0.64519095,0.13245547,4.871002
AT1G58150,1.009058,0.20716691,4.8707485
AT5G05950,0.44674572,0.091720365,4.870736
AT5G28090,0.60811555,0.12485374,4.870623
AT1G18320,0.8197228,0.16832338,4.869928
AT3G05780,0.6145638,0.12628841,4.866351
AT2G11010,0.44517964,0.0914878,4.8659997
AT1G76420,0.8281271,0.1703556,4.861167
AT1G54420,0.7177774,0.14765762,4.861092
AT3G05620,0.6282608,0.12924816,4.860887
AT1G43680,0.6117203,0.12592687,4.8577423
AT1G69540,0.72060007,0.14835517,4.8572626
AT4G01575,0.7165462,0.14761981,4.8539968
AT5G06070,0.6930271,0.14278889,4.853508
AT1G15700,0.46594605,0.0960153,4.852831
AT1G62910,0.6787651,0.13990718,4.851538
AT4G13290,0.7577751,0.15634075,4.8469453
AT2G20625,0.8172141,0.16879183,4.8415494
AT1G59670,0.9375597,0.1936695,4.841029
AT3G46490,0.95194227,0.19670008,4.839562
AT2G41940,0.41840357,0.08669352,4.8262377
AT3G28960,0.6625025,0.137325,4.8243394
AT4G22940,0.74714553,0.1548778,4.8240967
AT2G01310,1.0643169,0.22067836,4.8229322
AT3G24870,0.33479446,0.069461256,4.819873
AT1G17450,0.40274674,0.083674066,4.81328
AT1G75360,0.56198704,0.11676372,4.813028
AT5G37150,0.5965944,0.12399528,4.811428
AT1G16270,0.25076327,0.052119,4.811359
AT5G51030,0.72710323,0.15116204,4.810091
AT1G68750,0.51987946,0.1080984,4.8093166
AT3G14340,0.751778,0.15632933,4.808937
AT1G23160,0.7035939,0.1463552,4.8074403
AT4G00180,0.41232476,0.08579204,4.806095
AT2G02150,0.48693085,0.10136127,4.803914
AT2G24800,0.80963427,0.16858488,4.8025312
AT1G15180,0.46679458,0.09720988,4.801925
AT2G45190,0.36442825,0.07589426,4.801789
AT2G40170,1.1381359,0.23711589,4.799914
AT2G07000,1.0491961,0.21867406,4.7979903
AT1G02700,0.9616291,0.20051777,4.7957296
AT3G48770,0.59091836,0.12323202,4.7951684
AT2G27990,0.47785607,0.09970989,4.792464
AT2G29360,0.41351953,0.08630043,4.791627
AT2G07724,0.76241326,0.15913148,4.7910895
AT5G50570,1.0571234,0.22072873,4.7892423
AT3G06100,0.747004,0.15599045,4.7887797
AT1G03055,0.7139803,0.14909942,4.7886186
AT5G57320,0.49655992,0.10370043,4.7884073
AT1G30210,0.3720452,0.07771815,4.7871075
AT4G26330,0.6573255,0.13742004,4.78333
AT4G29370,0.73297405,0.15327662,4.782034
AT5G27100,0.6168241,0.1290563,4.7794952
AT2G32770,0.52868617,0.11063851,4.7785
AT3G50170,0.7161208,0.1498672,4.7783685
AT5G66260,0.8444304,0.17677541,4.776854
AT4G23250,0.58210546,0.12189176,4.775593
AT2G12170,0.9745053,0.20408106,4.7750893
AT3G63320,0.92862236,0.19461195,4.7716613
AT1G08420,0.31924152,0.066957615,4.7678146
AT1G27860,0.8109535,0.17011684,4.767038
AT1G62580,1.0210066,0.21436583,4.7629166
AT3G47180,0.67168987,0.14107311,4.7612886
AT5G36120,0.43032372,0.09039619,4.7604184
AT3G13290,0.36355615,0.07639671,4.758793
AT1G67020,0.67965835,0.14284398,4.7580466
AT1G71300,0.71394217,0.150088,4.7568235
AT3G60020,0.78568065,0.16517213,4.756738
AT2G07739,1.2323123,0.25908294,4.756439
AT3G47090,0.8067728,0.16966058,4.755216
AT1G72590,0.67345315,0.14167094,4.753643
AT1G59720,0.40916896,0.08609902,4.7523065
AT5G39800,0.5161193,0.108616084,4.7517757
AT1G16700,0.21293028,0.044813626,4.7514615
AT1G28350,0.34627095,0.07293275,4.747811
AT1G42680,0.88431185,0.18632402,4.7460966
AT2G35810,0.4469423,0.094283,4.740433
AT3G26420,0.70404345,0.14864072,4.7365446
AT5G04680,0.82943445,0.17519018,4.73448
AT1G52790,1.0841109,0.22899766,4.7341566
AT5G22770,0.21934307,0.04634789,4.732535
AT5G64800,0.9036024,0.19111681,4.7280107
AT4G10490,0.6642781,0.14058374,4.725141
AT5G61730,0.74292797,0.15723054,4.725086
AT1G70840,0.78879154,0.16694035,4.72499
AT3G19940,0.5369863,0.1137109,4.7223816
AT4G02690,0.87171125,0.18466204,4.720576
AT3G47770,0.613882,0.13005227,4.7202706
AT5G25780,0.23229308,0.049271815,4.7145214
AT4G39130,0.977319,0.207334,4.713742
AT4G23240,0.691523,0.14673348,4.7127824
AT1G22080,0.4744983,0.10069524,4.7122216
AT1G62700,0.65152836,0.13827612,4.711792
AT1G63320,0.76215655,0.1617685,4.7114024
AT1G80700,0.44191542,0.09382782,4.7098546
AT3G59740,0.8065997,0.17146997,4.704028
AT3G19480,0.39232108,0.083403915,4.7038684
AT1G66810,0.61583215,0.13092299,4.7037735
AT3G14880,0.8600594,0.18284541,4.703751
AT2G01360,0.82658523,0.17577519,4.702513
AT3G22490,0.83332676,0.17727837,4.7006674
AT1G11300,0.65971714,0.14035481,4.700352
AT5G44310,1.0301732,0.21927665,4.698052
AT1G60260,0.48780227,0.10385915,4.696767
AT4G32980,0.4797714,0.1021673,4.6959386
AT1G24470,0.74212354,0.1580542,4.695373
AT5G04010,0.88221854,0.18790863,4.694933
AT4G23895,0.36739203,0.078255676,4.694765
AT3G14490,0.6057411,0.12907523,4.69293
AT2G30680,0.6411372,0.13673648,4.688852
AT5G62750,0.8397479,0.17910574,4.688559
AT4G17050,0.30925396,0.06598186,4.686954
AT5G36710,0.9205393,0.19645014,4.685867
AT2G27250,0.61391795,0.13105921,4.6842785
AT3G52970,0.90799826,0.19393204,4.682043
AT1G55700,0.624178,0.13336316,4.6802874
AT1G35310,0.9517963,0.20338869,4.679691
AT4G12430,0.5903142,0.12616946,4.6787405
AT1G54300,0.6223939,0.13305551,4.6777005
AT3G21790,0.3769457,0.08068932,4.6715684
AT3G07220,0.29807863,0.06381447,4.671019
AT1G74500,0.6305008,0.13499485,4.6705537
AT2G07681,0.850118,0.18218549,4.666222
AT3G56190,0.25959563,0.05564303,4.6653748
AT4G12770,0.26682636,0.057204396,4.6644373
AT1G65550,0.5865593,0.12579605,4.6627793
AT3G19085,0.66874206,0.14342165,4.662769
AT5G42120,0.71226543,0.1527576,4.6627164
AT3G04700,1.2009608,0.25761837,4.6617823
AT3G27590,0.49973667,0.10722817,4.6604977
AT3G03700,0.6660829,0.14295694,4.659325
AT5G02900,0.6130881,0.13159002,4.6590767
AT1G78470,0.45200264,0.09702823,4.658465
AT4G15320,0.6426402,0.13796254,4.658077
AT4G18330,0.7078693,0.1519929,4.657252
AT5G46880,0.3412933,0.07329439,4.6564717
AT5G51800,0.6635529,0.14254008,4.6552014
AT4G00390,0.9470512,0.20347452,4.654397
AT1G15260,0.508137,0.109217755,4.6525126
AT5G50940,0.72753954,0.15637723,4.6524644
AT2G43890,0.7165111,0.15403925,4.6514835
AT5G65780,0.30984545,0.066615455,4.651254
AT5G35660,1.0478965,0.22550862,4.6468134
AT1G50310,0.57604164,0.124094784,4.6419487
AT1G12630,0.82513595,0.17775775,4.641912
AT5G04400,0.61318904,0.13210051,4.6418366
AT3G18240,0.40328103,0.08689353,4.6410937
AT4G19250,0.46436465,0.100064404,4.6406574
AT1G26230,0.49773046,0.10730142,4.638619
AT1G23070,0.8785859,0.1894446,4.6376925
AT1G15980,0.39717045,0.08567213,4.635935
AT1G48180,0.76885855,0.1658683,4.6353555
AT1G23950,0.7439644,0.16059037,4.6326833
AT3G15270,0.81669414,0.17630695,4.6322284
AT1G20570,0.5904565,0.12748745,4.6314864
AT1G52430,0.76092875,0.1643333,4.6303988
AT4G08410,0.80692595,0.17430854,4.6292963
AT4G04110,0.55018353,0.11887609,4.62821
AT4G22960,0.7269773,0.15711947,4.6269073
AT3G10270,0.33607957,0.07264594,4.6262674
AT1G34460,0.80495137,0.17399693,4.626239
AT2G15370,0.5618839,0.12156722,4.6220016
AT2G41610,0.62121564,0.13455312,4.61688
AT5G32590,0.64098245,0.13884506,4.61653
AT5G26140,0.64191043,0.13905302,4.6162996
AT3G24290,0.7134681,0.15476367,4.6100483
AT4G05110,0.813301,0.17642002,4.6100264
AT4G04710,0.913624,0.19824763,4.6084986
AT3G56660,0.7145163,0.15504761,4.6083665
AT1G07690,0.8717784,0.18919167,4.607911
AT4G00930,0.43908608,0.0952921,4.6077905
AT5G28320,0.6435354,0.13969015,4.606877
AT4G33800,0.57660174,0.12516993,4.606551
AT1G78360,0.7460864,0.1619656,4.6064496
AT3G27620,0.7192596,0.15614796,4.6062694
AT1G31470,0.45401043,0.098620586,4.6036067
AT3G58860,0.6440499,0.13995726,4.6017604
AT3G61080,0.3209286,0.069758065,4.6005945
AT5G38350,0.61435,0.13358824,4.5988326
AT1G55440,0.7481957,0.16274671,4.597301
AT1G63590,0.65479267,0.14245646,4.5964403
AT1G69990,0.60612714,0.13190982,4.595011
AT2G07676,1.1968747,0.2605514,4.5936227
AT3G12460,0.78808284,0.1715836,4.592996
AT2G33070,0.795933,0.17329617,4.5929055
AT1G32180,0.48637208,0.10596565,4.589903
AT1G07740,0.5056638,0.11019782,4.588691
AT2G30380,0.9096479,0.19835863,4.5858746
AT1G64310,0.7113039,0.15513758,4.584987
AT2G14830,0.8270798,0.18043843,4.5837226
AT4G34420,0.58009326,0.12662202,4.581298
AT1G48860,0.2639278,0.05761818,4.580633
AT1G66000,0.5896292,0.12882134,4.5771074
AT1G64480,0.6874205,0.15020838,4.576445
AT4G22460,0.9305349,0.20334,4.576251
AT5G39480,0.6767397,0.14788127,4.5762362
AT1G67770,0.6235318,0.13629985,4.574706
AT5G38240,0.76050675,0.1662606,4.5741844
AT2G45000,0.49658355,0.10858586,4.573188
AT4G33870,0.6422257,0.14044103,4.5729203
AT2G27300,0.7941674,0.1736708,4.5728316
AT1G23200,0.76716346,0.1677875,4.572232
AT1G78720,0.7567927,0.1655287,4.5719724
AT3G21380,0.79550904,0.17402092,4.571341
AT1G63880,0.8380429,0.1833295,4.5712385
AT2G32670,0.60560316,0.13250881,4.5702853
AT1G65810,0.67761636,0.14828677,4.569634
AT5G60780,0.8412712,0.18413107,4.568871
AT3G49230,0.7195147,0.15752594,4.5675945
AT1G47550,0.26546785,0.05815031,4.5652003
AT3G04490,0.33354038,0.07310086,4.5627418
AT4G13280,0.69562984,0.15246686,4.562498
AT1G24793,1.306005,0.28628367,4.5619264
AT1G16730,0.7512377,0.16477013,4.559307
AT1G35290,0.89071536,0.19543849,4.5575223
AT5G53950,0.6593931,0.14471632,4.5564523
AT1G59510,0.3123632,0.06856251,4.555889
AT4G08580,0.35827482,0.07864186,4.555777
AT3G05110,0.80838925,0.17748827,4.5546064
AT5G45220,0.79780823,0.1751762,4.554318
AT4G01020,0.37906626,0.0832837,4.5515056
AT5G14380,0.8232025,0.1809142,4.5502367
AT3G44480,0.40313002,0.08860593,4.549695
AT3G03090,0.23681693,0.052119754,4.543707
AT3G03230,0.84450877,0.18593055,4.542065
AT3G44800,1.0253621,0.22596522,4.5376987
AT3G62430,0.6790376,0.14965174,4.5374517
AT3G20710,0.6736026,0.14857058,4.533889
AT3G26310,0.4635412,0.102241404,4.533791
AT4G01190,0.73229617,0.16153179,4.5334487
AT2G19230,0.40252715,0.08879466,4.5332355
AT5G26070,0.788857,0.17413186,4.5302277
AT4G26680,0.48982832,0.1081605,4.5287166
AT5G35210,0.2732556,0.060364984,4.5267224
AT2G26720,0.50226927,0.110976785,4.5258946
AT3G49150,0.74230707,0.16401826,4.5257583
AT3G60100,0.5216811,0.11529502,4.524749
AT3G56440,0.31595728,0.06983802,4.524144
AT2G45950,0.35030454,0.07743738,4.5237136
AT4G12330,0.83145946,0.18389948,4.521271
AT5G54040,0.79062784,0.17487562,4.521086
AT4G32500,0.5461516,0.12081659,4.520501
AT5G08070,0.3759041,0.083195455,4.518325
AT3G15170,0.7814437,0.1729687,4.5178328
AT2G30910,0.3420954,0.07586347,4.5093555
AT4G19730,0.7193287,0.1595647,4.5080686
AT3G03930,0.7833379,0.17385842,4.5056076
AT1G65130,0.60283566,0.13380015,4.5054927
AT1G06750,0.68789876,0.15286346,4.500086
AT3G02100,0.92608064,0.20588377,4.4980745
AT1G73360,0.35262847,0.0783981,4.4979205
AT2G40120,0.41357145,0.091998145,4.495432
AT3G26240,0.6076033,0.1351956,4.494253
AT1G05650,0.8320195,0.18516076,4.493498
AT5G28520,0.7384038,0.16432925,4.4934406
AT2G32890,0.51899195,0.11557983,4.490333
AT1G62110,0.4825696,0.10748238,4.489755
AT2G26040,0.5597668,0.12469271,4.48917
AT1G73490,0.864654,0.19264135,4.488413
AT2G07773,0.9837843,0.21935554,4.4848843
AT2G28850,0.83875096,0.18703851,4.4843755
AT3G21860,0.7775851,0.173484,4.4821715
AT1G47790,0.48841846,0.10897879,4.481775
AT2G46050,0.706324,0.15767129,4.4797244
AT3G46840,0.57013,0.12727246,4.479602
AT3G57110,1.0211505,0.22795948,4.479526
AT2G04038,0.94809747,0.21168008,4.478916
AT1G12130,0.86882967,0.1940805,4.4766455
AT5G15720,0.8259969,0.18462764,4.4738526
AT1G71691,0.70671177,0.15796894,4.473738
AT1G77270,0.47258195,0.10568937,4.4714236
AT3G54060,0.5878158,0.13146858,4.47115
AT4G30870,0.53457946,0.11958332,4.4703507
AT4G17980,0.75305766,0.1684765,4.4698076
AT4G18210,0.62171674,0.13922843,4.465443
AT5G24655,0.8588201,0.1923778,4.4642363
AT2G16370,0.38396716,0.086015366,4.4639363
AT2G28610,0.60670424,0.13591282,4.4639215
AT2G14740,0.24390236,0.054647233,4.463214
AT3G11090,0.5554655,0.124475464,4.4624496
AT1G01350,0.37095132,0.083132654,4.462161
AT5G27940,0.82923055,0.18584208,4.4620166
AT5G51870,0.743415,0.16663697,4.4612846
AT2G37740,0.65345377,0.14651863,4.4598675
AT2G24190,0.5206331,0.11674422,4.4596047
AT1G67650,0.47656536,0.10692861,4.4568553
AT1G17280,0.3211939,0.0720872,4.45563
AT5G27200,0.8293833,0.18618162,4.4547
AT1G61130,0.6751531,0.15164986,4.4520516
AT2G07672,0.8419957,0.18917815,4.450808
AT5G17150,0.7929167,0.17816833,4.4503794
AT5G50550,0.44747454,0.100616015,4.4473486
AT2G29940,0.49384603,0.11104976,4.4470696
AT5G38780,0.90191483,0.20300204,4.4428854
AT5G14870,0.64385223,0.14497675,4.441072
AT1G21890,0.9352801,0.21065956,4.43977
AT2G11270,1.29353,0.29160696,4.435868
AT5G48090,0.5910871,0.13333943,4.43295
AT1G70760,0.4779289,0.10781767,4.4327507
AT5G06080,0.6259481,0.14122352,4.432321
AT1G09410,0.57017124,0.128657,4.431715
AT2G34280,0.47918576,0.10814083,4.4311266
AT3G24982,1.0370277,0.23403983,4.430988
AT1G12480,0.5003802,0.11292808,4.4309635
AT1G27170,0.4478125,0.101069614,4.4307327
AT5G60110,0.48293617,0.10903311,4.4292617
AT5G37210,0.5171471,0.116784915,4.428201
AT4G13090,0.63112134,0.14257947,4.4264526
AT1G67090,0.30762663,0.069498345,4.4263873
AT5G07200,0.95168805,0.21505846,4.4252524
AT1G54560,0.6264991,0.14157507,4.4252076
AT1G28170,0.67379105,0.15240532,4.4210463
AT3G19550,1.0422527,0.23576315,4.420761
AT4G23720,0.6502706,0.14711234,4.420231
AT3G20880,0.52825004,0.11954804,4.418726
AT1G13200,0.7310462,0.16551197,4.4168777
AT2G17590,0.55794936,0.12636358,4.415428
AT3G01450,0.48771107,0.110463396,4.4151373
AT1G62400,0.576429,0.13057737,4.4144626
AT2G47750,0.60958815,0.13810712,4.413879
AT1G35614,0.37013295,0.083911866,4.410972
AT5G45320,0.6176589,0.1400284,4.410954
AT3G05330,0.4817314,0.109226085,4.410406
AT1G74810,0.73613924,0.16692196,4.41008
AT2G32750,0.64254445,0.14569941,4.4100685
AT5G23490,0.36466697,0.082712956,4.408825
AT1G35617,0.5705108,0.12952241,4.404726
AT1G05510,0.9776317,0.22196656,4.4044094
AT2G20250,0.51887155,0.11780943,4.4043293
AT1G12220,0.5139802,0.11670216,4.4042044
AT5G67050,0.696102,0.15808024,4.4034724
AT5G15380,0.6090436,0.13831142,4.403422
AT5G38540,0.6430596,0.14605851,4.402753
AT4G24600,0.81719035,0.18562455,4.4023824
AT4G38250,0.60440254,0.13732949,4.401112
AT1G48060,0.9186706,0.208939,4.396836
AT2G32830,0.71251005,0.16207919,4.396061
AT3G01140,0.63057894,0.14355032,4.3927374
AT3G26120,0.58412427,0.13307105,4.3895664
AT2G17600,0.58149296,0.13253926,4.387326
AT3G09330,0.8594911,0.19591002,4.387172
AT1G63910,0.7383687,0.16836798,4.3854456
AT2G07673,0.8573344,0.19549549,4.385443
AT5G37240,0.8279083,0.18885417,4.383849
AT3G55130,0.47715804,0.108895294,4.3818054
AT1G28430,0.56956714,0.13008288,4.378494
AT4G33620,0.4496122,0.10270473,4.377716
AT5G60440,0.7316807,0.16714329,4.3775654
AT5G07880,0.7632599,0.1743821,4.376939
AT5G28850,0.28318495,0.0647019,4.3767633
AT4G14060,0.6968281,0.15922788,4.376294
AT4G34210,1.008523,0.23048334,4.375687
AT1G26360,0.74195796,0.16981661,4.3691716
AT2G35736,0.54415184,0.12455875,4.3686357
AT1G44890,0.5057546,0.115813494,4.3669744
AT4G35210,0.56816876,0.13012536,4.3663177
AT5G37640,0.45978135,0.1053384,4.3648024
AT3G50980,0.836166,0.19157615,4.364666
AT5G59200,0.623151,0.14281167,4.3634453
AT1G68170,0.74014515,0.16968654,4.3618374
AT2G27650,0.64033484,0.14680728,4.3617373
AT5G47900,0.44472715,0.10197456,4.3611574
AT4G11100,0.367698,0.084328994,4.3602796
AT4G35690,0.81034476,0.18599813,4.3567357
AT3G28080,0.5316748,0.12204318,4.356448
AT1G03930,0.30581495,0.07023114,4.3544064
AT5G17180,0.6352233,0.1458972,4.35391
AT1G16360,0.77167284,0.17723754,4.35389
AT1G36240,0.5971862,0.13716158,4.353888
AT3G46480,0.85874456,0.19725692,4.3534317
AT1G75080,0.30716735,0.070583716,4.3518157
AT1G73610,0.7638579,0.1755321,4.3516703
AT1G09890,0.5966561,0.13713732,4.3507924
AT5G65610,0.7227488,0.1661826,4.349124
AT5G63180,0.49146038,0.11303153,4.3479934
AT5G45460,0.6768871,0.15578163,4.345102
AT3G04510,0.7624783,0.17548725,4.344921
AT2G24010,0.7216883,0.16610932,4.344658
AT3G26618,0.3106418,0.07151219,4.3438993
AT2G07749,0.7354051,0.16930719,4.3436136
AT5G64980,0.42940107,0.09893451,4.3402553
AT1G32270,0.6243445,0.14392547,4.3379707
AT1G68240,0.9219402,0.21254803,4.3375616
AT3G48050,0.2715743,0.062614225,4.337261
AT3G52540,0.5572719,0.12854868,4.3351035
AT2G26130,0.63554436,0.14661287,4.3348465
AT4G17910,0.40892756,0.094352975,4.334018
AT2G03210,0.7860486,0.18138671,4.333551
AT3G27480,0.71397203,0.16479518,4.332481
AT4G01910,0.628601,0.14517274,4.3300204
AT4G12280,1.1867422,0.27414006,4.328963
AT3G25620,0.50424784,0.116498604,4.328359
AT5G51210,0.87730294,0.20272452,4.327562
AT4G00130,0.8360436,0.1932242,4.3268056
AT2G28560,0.54127246,0.1251207,4.326002
AT1G69350,0.4509294,0.104247816,4.325552
AT4G14670,0.47415447,0.109632365,4.3249493
AT2G35733,1.1739376,0.271604,4.3222394
AT5G49640,0.91858923,0.21253996,4.32196
AT3G26920,0.46003443,0.10644931,4.3216286
AT3G52660,0.24091828,0.05576532,4.320216
AT1G33320,0.65751827,0.15220703,4.319894
AT1G03710,0.93641996,0.21683896,4.318504
AT1G47780,0.60206956,0.13941792,4.3184514
AT4G02140,0.79205817,0.1834606,4.31732
AT1G24010,0.75392824,0.17465729,4.3166146
AT4G09430,0.7515171,0.17412136,4.316053
AT5G46370,0.77623993,0.17987001,4.3155603
AT2G31250,0.635816,0.14733759,4.315368
AT1G60450,0.63745326,0.14775717,4.3141947
AT3G11950,0.4105359,0.09516203,4.3140726
AT5G38770,0.78204244,0.1812845,4.313895
AT2G17830,0.46017852,0.10669851,4.3128858
AT1G29910,0.532011,0.12336754,4.312406
AT5G60970,0.30071113,0.069756195,4.3108873
AT2G39240,0.7197383,0.16700584,4.309659
AT3G23840,0.55061024,0.12778097,4.3090153
AT5G66700,0.6649222,0.1543109,4.308977
AT3G51600,0.4412678,0.10243269,4.3078804
AT5G21120,0.59636235,0.13844495,4.307577
AT5G58260,0.3845214,0.08930729,4.3055987
AT5G54570,0.60018104,0.13942818,4.304589
AT2G05510,0.86856043,0.20178771,4.3043275
AT3G57720,0.46373236,0.10774485,4.303986
AT2G02060,0.8342121,0.19400029,4.300056
AT3G61520,0.39050275,0.09081856,4.299812
AT1G73300,0.7416568,0.17249791,4.2995114
AT3G53720,0.45725498,0.10637869,4.29837
AT1G16770,0.7895424,0.18370515,4.297878
AT3G07730,0.70743,0.1646234,4.2972627
AT2G16650,0.43978402,0.102368236,4.296098
AT5G11050,0.48981306,0.11401919,4.295882
AT2G04220,0.53062,0.12352944,4.2954936
AT5G03090,1.1761618,0.27385816,4.2947845
AT3G15840,0.40193376,0.09358924,4.2946577
AT5G45530,0.5893733,0.13724968,4.2941685
AT5G25470,0.7068452,0.16460618,4.2941594
AT4G04370,0.41389138,0.09639727,4.2936
AT1G71770,0.63080174,0.14699693,4.2912574
AT1G77960,0.7092921,0.16533695,4.289979
AT1G29230,0.63249516,0.14745626,4.2893744
AT1G63990,0.6388827,0.14896859,4.288707
AT1G03630,0.42545128,0.099266,4.2859716
AT1G75240,0.42536497,0.09924867,4.28585
AT1G74350,0.44374293,0.103555165,4.285087
AT4G16840,0.5839864,0.13629474,4.2847314
AT2G07240,0.48680815,0.11367317,4.282524
AT2G14800,0.57980776,0.13542195,4.28149
AT4G13260,0.53600705,0.12526153,4.279103
AT4G11720,0.6181502,0.14446254,4.2789645
AT5G67550,0.5532765,0.12931268,4.2785935
AT1G67290,0.6852469,0.16015813,4.278564
AT3G45870,0.56671846,0.13247763,4.2778425
AT3G18460,0.53207654,0.1244062,4.276929
AT3G15050,0.78176516,0.18279475,4.276737
AT1G69630,0.74037284,0.17319897,4.274695
AT4G38070,0.7237521,0.16934174,4.273914
AT1G19780,0.6494225,0.15199082,4.272774
AT4G26050,0.78750396,0.18431722,4.272547
AT1G14930,0.903581,0.21159102,4.2704124
AT4G25440,0.43804356,0.10258942,4.2698703
AT4G12140,0.74556786,0.17464808,4.2689724
AT1G33090,0.6306729,0.14790547,4.264026
AT5G51480,0.7474343,0.1753182,4.263301
AT4G25430,0.6533136,0.1532547,4.2629266
AT2G19500,0.7293717,0.17109884,4.2628675
AT1G21530,0.72321093,0.16971987,4.2612033
AT3G05650,0.6579075,0.15443356,4.2601323
AT5G38930,0.9574335,0.22476651,4.2596803
AT3G24540,0.59212565,0.13906842,4.2578006
AT3G61470,0.3340004,0.07849193,4.255219
AT2G40250,0.74568415,0.17531444,4.2534094
AT2G47810,0.53894037,0.12671655,4.2531166
AT5G23840,0.5624807,0.13227592,4.252328
AT1G26570,0.33768582,0.07945317,4.2501235
AT2G24340,0.49374774,0.11618908,4.2495193
AT2G16290,0.46001068,0.10825503,4.2493234
AT4G01760,0.5187356,0.1221539,4.246574
AT5G46810,0.58560586,0.1379215,4.2459354
AT2G13550,0.7473794,0.17604189,4.2454634
AT4G29550,0.6137534,0.14461267,4.2441187
AT5G08230,0.37388235,0.08809747,4.2439623
AT3G29635,0.5646208,0.13309066,4.242377
AT1G12770,0.31844118,0.075063705,4.2422786
AT2G02380,0.75271386,0.17745322,4.241759
AT3G03200,0.58988345,0.13917944,4.238294
AT1G51480,0.6663059,0.15723996,4.2375097
AT4G15710,0.8882974,0.20965852,4.236877
AT1G44835,0.26860413,0.06341627,4.2355704
AT1G48820,0.709605,0.16776115,4.2298527
AT1G10680,0.53815013,0.12725542,4.228897
AT5G22870,0.7102992,0.16798118,4.2284446
AT3G46730,0.71977323,0.17023008,4.228237
AT2G32540,0.5980048,0.14143516,4.2281194
AT1G30450,0.38958257,0.092142455,4.228046
AT2G22600,0.58176035,0.13764879,4.2264104
AT3G56630,0.30831328,0.07300087,4.2234187
AT2G30660,0.91772074,0.21730338,4.223223
AT1G65110,0.61220104,0.14498042,4.2226458
AT3G26960,0.709,0.16790438,4.222641
AT5G16460,0.68863744,0.16308995,4.2224393
AT4G33720,0.9290607,0.22004776,4.2220864
AT3G26930,0.6344187,0.15027295,4.2217755
AT3G51510,0.31023037,0.073483735,4.221755
AT4G21490,0.8588795,0.20345408,4.2214904
AT5G06500,0.67144775,0.15911463,4.219899
AT4G29200,0.9780375,0.2318717,4.2180114
AT4G01570,0.41901594,0.09935333,4.217432
AT2G15300,0.40904036,0.09699506,4.2171254
AT3G11380,0.4128637,0.09790528,4.2169704
AT2G31780,0.51436037,0.12197617,4.2168922
AT2G17210,0.5726851,0.13581216,4.2167435
AT3G44580,0.86276406,0.20468071,4.21517
AT3G58780,0.7503106,0.17802882,4.2145452
AT1G29180,0.63405114,0.15047976,4.2135305
AT1G07060,0.84133226,0.19968171,4.213366
AT3G22860,0.66417444,0.15769367,4.211801
AT3G31350,0.5561927,0.1320562,4.211787
AT3G52210,0.4107068,0.0975373,4.210766
AT1G21230,0.5845138,0.13881753,4.210662
AT2G24740,0.6218896,0.1477055,4.2103343
AT4G17710,0.60623497,0.14399087,4.2102313
AT3G20865,0.7839622,0.18621133,4.210067
AT1G23130,0.5203739,0.123620115,4.2094593
AT2G25980,0.38924506,0.092474386,4.20922
AT1G78750,0.6286759,0.1493654,4.208979
AT4G33810,0.5842951,0.13888334,4.2070923
AT1G15910,0.36406064,0.08653628,4.2070284
AT2G21770,0.52001286,0.123612195,4.2068086
AT2G04230,0.32572103,0.077488035,4.2035003
AT5G62800,0.8131381,0.1934431,4.2035
AT5G56650,0.3188108,0.07585814,4.202723
AT5G20935,0.46971506,0.11181927,4.2006626
AT1G09400,0.73819816,0.17581874,4.1986313
AT5G46140,0.75360936,0.17962903,4.195365
AT3G45450,0.58025044,0.13831885,4.19502
AT1G16410,0.7960386,0.18976666,4.1948285
AT5G28340,0.9305133,0.22182822,4.194747
AT3G12685,0.36443654,0.08692233,4.1926684
AT2G02540,0.58907807,0.14051595,4.19225
AT1G13400,0.6736697,0.1607028,4.192022
AT3G03620,0.9433403,0.2250494,4.191703
AT2G45310,0.59237844,0.1413463,4.190972
AT5G45690,0.9566631,0.22827463,4.1908426
AT3G53910,0.6904093,0.16477405,4.1900363
AT3G59010,0.6484641,0.15476936,4.189873
AT2G36710,0.6675783,0.15934275,4.189574
AT5G02030,0.35090083,0.083767064,4.189007
AT1G50750,0.9602626,0.22936669,4.1865826
AT5G02080,0.58919156,0.14073665,4.186482
AT4G21880,0.49405816,0.118023306,4.1861067
AT1G53940,0.54939866,0.13124827,4.1859493
AT4G14368,0.7694495,0.18387163,4.18471
AT1G77860,0.6536711,0.15634027,4.181079
AT2G20410,0.34215832,0.081842326,4.180701
AT1G62630,0.50786734,0.12150334,4.179863
AT3G19800,0.38759106,0.09279189,4.1769924
AT2G46950,0.6465819,0.15488511,4.17459
AT1G11370,0.82317835,0.19719556,4.174426
AT3G50160,0.58582157,0.1404099,4.1722236
AT4G21780,0.6873326,0.16476245,4.1716576
AT3G14320,0.765861,0.18358746,4.1716404
AT2G40010,0.7857374,0.1883744,4.171147
AT1G64710,0.52938056,0.12693974,4.170329
AT5G51900,0.51443756,0.123419486,4.1682034
AT5G38730,0.33434328,0.0802439,4.166588
AT1G26610,0.56566364,0.13580424,4.1652865
AT5G47460,0.46465284,0.11155954,4.165066
AT1G51190,0.42350766,0.10171154,4.1638107
AT2G05580,0.8761559,0.21042189,4.1638055
AT5G07480,0.6013418,0.1444562,4.1627965
AT2G38600,0.8219421,0.19749068,4.161928
AT3G43150,0.34090352,0.081920825,4.1613774
AT5G19580,0.5588654,0.1343082,4.1610665
AT3G07920,0.7622584,0.18322915,4.160137
AT1G07670,0.22473627,0.054028414,4.159593
AT1G51110,0.32853687,0.07898819,4.159316
AT3G12160,0.7137168,0.1716147,4.158832
AT3G11050,0.6703954,0.1612729,4.1569
AT4G39500,0.67886215,0.16331904,4.1566625
AT2G44070,0.9242915,0.22239414,4.156096
AT3G18090,0.40950558,0.0985532,4.1551723
AT5G41860,0.68353766,0.1645093,4.155009
AT3G26160,0.6134892,0.1476516,4.1549783
AT4G22370,0.8126083,0.19561264,4.1541705
AT3G28410,0.38492584,0.09266097,4.154131
AT2G32810,0.24111085,0.058060113,4.1527786
AT3G26040,0.7611897,0.18331495,4.15236
AT5G59270,0.5394319,0.12991905,4.1520615
AT2G21330,0.36951455,0.089007005,4.1515217
AT4G18810,0.32474774,0.078226954,4.1513534
AT4G15720,0.6153854,0.14824508,4.151135
AT4G01820,0.76089346,0.18333156,4.1503677
AT1G11570,0.6250477,0.1506412,4.1492476
AT5G49870,0.72533756,0.1748233,4.148975
AT2G30220,0.7114347,0.17152208,4.147773
AT1G06350,0.98559535,0.2378446,4.1438622
AT3G10840,0.364753,0.088029906,4.1435122
AT5G03570,0.3778257,0.09119473,4.143065
AT4G24430,0.64643717,0.15605642,4.1423297
AT2G32460,0.75504655,0.18227857,4.1422668
AT5G39100,0.81923413,0.19795437,4.1384997
AT2G38905,0.92926985,0.22458027,4.137807
AT2G19960,0.80618685,0.1948403,4.13768
AT1G04150,0.562673,0.1360181,4.13675
AT1G49510,0.26063004,0.06302677,4.135227
AT3G21210,0.56773704,0.13733077,4.134084
AT4G20990,0.8791406,0.21266633,4.1338964
AT4G39410,0.62932324,0.15229079,4.1323786
AT2G15420,0.44433558,0.107587665,4.129986
AT1G14950,0.829359,0.20087431,4.1287456
AT4G14480,0.52394986,0.126936,4.127669
AT4G19850,0.7074142,0.17147624,4.1254354
AT4G10590,0.28906485,0.07008232,4.1246467
AT4G15070,0.5338852,0.12945825,4.123995
AT3G47660,0.6411456,0.15548821,4.123435
AT2G05350,0.6614129,0.16041228,4.1232057
AT5G50300,0.40298086,0.097749464,4.1225886
AT3G53310,0.4776391,0.115874164,4.12205
AT1G33900,0.5533347,0.13423799,4.122042
AT5G50270,0.541762,0.13144207,4.1216784
AT3G30210,0.7013536,0.17018218,4.1211925
AT4G23496,0.69252324,0.16807842,4.1202383
AT1G45332,0.34888244,0.08469919,4.119076
AT1G50350,0.7224066,0.17538504,4.1189747
AT1G55180,0.490447,0.11910492,4.1177726
AT5G44930,0.3409735,0.08284814,4.1156445
AT3G55550,0.6584182,0.15997961,4.115638
AT4G38700,0.60227126,0.14633818,4.115612
AT3G52550,0.6856062,0.16666244,4.113741
AT4G36700,1.0143363,0.24659704,4.113335
AT3G57210,0.7228961,0.1757688,4.1127667
AT1G32060,0.33684847,0.08190409,4.112718
AT3G42060,0.316499,0.07697804,4.1115484
AT5G48790,0.32990015,0.0802397,4.1114326
AT4G22200,0.4330112,0.10532176,4.111317
AT1G19390,0.5651432,0.137494,4.1103115
AT1G32560,1.0072083,0.2451129,4.109161
AT1G67270,0.7517916,0.18299033,4.1083674
AT3G55710,0.57838064,0.1408153,4.1073704
AT2G29710,0.7007386,0.1706855,4.105437
AT3G60760,0.73170507,0.17822921,4.105416
AT5G62250,0.64337677,0.15677439,4.103838
AT5G23790,0.6499509,0.15839285,4.1034102
AT5G52340,0.6210982,0.15137133,4.1031427
AT1G43780,0.50575686,0.123286664,4.1022835
AT1G78815,0.5926157,0.14446247,4.102212
AT1G20080,0.70818573,0.17264977,4.101863
AT5G40210,0.6727229,0.16401084,4.1016974
AT2G29410,0.58762956,0.14326577,4.101674
AT4G15350,0.5596218,0.13644461,4.101457
AT2G19520,0.27018607,0.06587829,4.101291
AT1G06970,0.7257568,0.17695817,4.1012897
AT2G04480,0.5665362,0.13814811,4.1009326
AT2G34320,0.6872544,0.16761428,4.1002135
AT4G19750,0.75514126,0.184186,4.099884
AT1G64680,0.32158896,0.07844494,4.09955
AT4G27890,0.73195934,0.17858775,4.0985975
AT4G10520,0.5008565,0.12221834,4.098047
AT3G60580,0.5013137,0.12234415,4.0975695
AT5G42600,0.71619284,0.17479922,4.097231
AT1G30515,0.73614603,0.1797268,4.0959167
AT1G06020,0.775798,0.18942986,4.0954366
AT3G50890,0.61615825,0.15045574,4.0952787
AT2G23830,1.0327555,0.2521911,4.0951304
AT5G28490,0.6280528,0.15337859,4.094787
AT2G14760,0.6798403,0.16603851,4.0944734
AT3G29260,0.5386191,0.13158397,4.0933485
AT1G31840,0.465759,0.113792166,4.093067
AT1G55030,0.4808725,0.11748592,4.0930223
AT1G55730,0.36653024,0.089550294,4.0930095
AT1G03445,0.7048646,0.17229424,4.091051
AT5G52670,0.8352824,0.20423372,4.0898356
AT1G77090,0.3078607,0.07527733,4.0896864
AT1G05550,0.67789507,0.16577165,4.08933
AT5G58000,0.33396098,0.08166676,4.089313
AT1G19160,0.7060829,0.17269179,4.088688
AT5G41310,0.4773974,0.11676244,4.088621
AT1G64820,0.7393715,0.18092223,4.086681
AT5G38260,0.71964234,0.1761804,4.0846896
AT1G78160,0.43286383,0.10598179,4.0843225
AT1G34480,0.6667224,0.16325977,4.0838127
AT1G72270,0.59207714,0.14498703,4.0836554
AT1G23700,0.57637936,0.1411819,4.0825295
AT3G48010,0.7081388,0.17349663,4.0815706
AT4G39710,0.4136314,0.101346366,4.0813637
AT1G08270,0.6030656,0.14777775,4.0808954
AT2G40910,0.56854016,0.13933307,4.080439
AT3G52100,0.25732973,0.063074455,4.079777
AT2G20510,0.72654873,0.17809953,4.079453
AT1G65680,0.70880055,0.17385857,4.07688
AT5G66220,0.61635417,0.15126309,4.074716
AT1G67220,0.5523325,0.13560213,4.073184
AT1G22290,0.6910117,0.16972056,4.071467
AT3G19020,0.6394413,0.15706868,4.071093
AT1G32470,0.34874997,0.08568222,4.070272
AT3G48830,0.5419995,0.13317023,4.0699744
AT5G10660,0.7251819,0.17818424,4.069843
AT3G55930,0.71068364,0.17467253,4.0686626
AT1G34490,0.7287424,0.17928027,4.0648217
AT3G09310,0.44159383,0.10865664,4.0641217
AT3G05720,0.676998,0.16660161,4.063574
AT5G59100,0.55389357,0.13634491,4.0624437
AT4G02900,0.35120055,0.086482935,4.0609226
AT5G52680,0.7438541,0.183322,4.0576367
AT3G28150,0.6628604,0.16343652,4.0557666
AT3G44070,1.037707,0.25591797,4.054842
AT3G51490,0.5697774,0.1405184,4.054824
AT5G25180,0.7328972,0.18080477,4.053528
AT1G13230,0.7287838,0.17980435,4.053204
AT1G53060,0.5255141,0.12971833,4.051193
AT1G47500,0.31117052,0.076819845,4.0506525
AT2G39470,0.34465373,0.085090846,4.0504203
AT2G13900,0.48062262,0.118679605,4.049749
AT3G45540,0.56580716,0.1397635,4.048318
AT2G32860,0.56086916,0.13854648,4.048238
AT4G21940,0.49188834,0.12152388,4.047668
AT2G05270,0.8588268,0.21217822,4.047667
AT2G34370,0.5819054,0.14376338,4.047661
AT1G03790,0.8793091,0.217241,4.0476203
AT3G58770,0.5571079,0.13764802,4.0473366
AT1G63070,0.6765596,0.16718139,4.0468593
AT5G18880,0.48999536,0.121091604,4.046485
AT3G45530,0.53792846,0.13294,4.0464
AT3G09790,0.6427461,0.15886942,4.0457506
AT3G02125,0.70459193,0.17416194,4.0456133
AT2G30100,0.35173452,0.08695455,4.045038
AT5G35870,0.70167685,0.17349906,4.0442686
AT3G58000,0.7926433,0.1960467,4.043135
AT2G02490,0.55394477,0.1370097,4.043106
AT2G33790,0.5678946,0.1404806,4.0425124
AT2G42800,0.58716923,0.14525105,4.0424438
AT1G65190,0.7272721,0.17993097,4.04195
AT5G19870,0.6400929,0.15838185,4.0414534
AT1G34140,0.5212307,0.12897976,4.0411816
AT3G45720,0.5649597,0.13983142,4.040291
AT2G01610,0.89468896,0.22151425,4.0389676
AT1G62000,0.9699101,0.24017075,4.038419
AT2G42340,0.9249826,0.22906193,4.038133
AT1G47570,0.23335281,0.05780283,4.0370474
AT5G45090,0.77194417,0.19131725,4.03489
AT5G46940,0.64411694,0.15966873,4.034083
AT3G18500,0.3185081,0.078975156,4.0330157
AT5G56200,0.5506147,0.13655232,4.0322614
AT1G78840,0.6704841,0.16637264,4.030014
AT5G28530,0.23480985,0.058271512,4.0295815
AT5G41170,0.44024783,0.10932529,4.026953
AT4G21340,0.45693985,0.113483876,4.0264735
AT1G46840,0.34805283,0.08644355,4.0263596
AT3G48790,0.8926796,0.22180612,4.024594
AT3G25670,0.5726332,0.14228618,4.024517
AT2G31540,0.697445,0.17333412,4.023702
AT3G59580,0.40567362,0.100829594,4.0233583
AT1G50050,0.7862873,0.19544034,4.0231576
AT3G54050,0.35515222,0.08829199,4.022474
AT1G27480,0.42692244,0.106182195,4.020659
AT1G67520,0.5843197,0.14533544,4.0204897
AT5G20710,0.8256713,0.20536998,4.0204086
AT2G23180,0.50481373,0.12557684,4.0199585
AT4G31610,0.66976535,0.16664414,4.019135
AT1G65910,0.36599505,0.09108691,4.018086
AT1G27610,0.7341695,0.18275784,4.0171704
AT2G33010,0.4922351,0.12253542,4.0170836
AT1G22340,0.660311,0.16438372,4.0168877
AT2G43220,0.5225703,0.13010769,4.016444
AT1G77870,0.8458561,0.21067065,4.0150633
AT3G51410,0.6686524,0.16657184,4.014198
AT1G43040,0.69664973,0.17355345,4.014035
AT5G19500,0.42148265,0.10500255,4.014023
AT5G07940,0.3360856,0.0837748,4.011774
AT5G07040,0.5408003,0.134817,4.011365
AT2G07674,1.0535678,0.26286128,4.008075
AT3G20450,0.5800758,0.14474778,4.007493
AT5G10610,0.31580132,0.07881474,4.006881
AT5G54790,0.5771324,0.14404133,4.0067134
AT5G44440,0.86012876,0.21472119,4.005793
AT3G45820,0.7888251,0.19692571,4.0056987
AT5G04230,0.47102097,0.117594875,4.0054545
AT1G36920,0.89514154,0.22349963,4.005114
AT2G03030,0.4548053,0.1135563,4.0051084
AT5G55370,0.77489376,0.19349173,4.00479
AT3G61340,0.6005009,0.15002054,4.002791
AT4G31940,0.9224453,0.23047589,4.0023503
AT4G01780,0.73957604,0.1847973,4.002093
AT1G09930,0.7580633,0.18941788,4.002068
AT3G03910,0.75670534,0.18907985,4.002041
AT3G20590,0.6598115,0.1648856,4.0016317
AT4G33450,0.556879,0.13920337,4.00047
AT3G44770,0.66279155,0.16568707,4.000261
AT1G69020,0.26940545,0.06734985,4.000089
AT4G03500,0.623233,0.15584253,3.99912
AT4G34440,0.6217858,0.15549311,3.9987993
AT5G65050,0.2995349,0.07495521,3.9961846
AT2G31470,0.53880185,0.13486108,3.9952354
AT1G50190,0.8067922,0.20196858,3.9946418
AT4G15360,0.5637605,0.14115173,3.9940033
AT5G27220,0.59152395,0.14810887,3.9938452
AT2G37780,0.48320296,0.121000156,3.9934075
AT3G14130,0.4401683,0.11024338,3.9926956
AT1G74580,0.41529185,0.10403272,3.9919348
AT3G20760,0.5244196,0.13143653,3.9899073
AT1G14150,0.44639096,0.11189653,3.9893188
AT1G17600,0.6013067,0.15073115,3.989266
AT2G23590,0.7581637,0.19007812,3.988695
AT5G57520,0.84957606,0.21299729,3.9886706
AT1G74130,0.76485187,0.19176435,3.9884984
AT1G35750,0.46799424,0.11734525,3.988182
AT5G07180,0.4824111,0.12097899,3.9875607
AT4G24260,0.5862211,0.14701714,3.9874334
AT1G51640,0.6047788,0.1516816,3.9871597
AT3G55650,0.7246081,0.18174568,3.9869342
AT4G27980,0.6795625,0.17048346,3.9860904
AT3G05960,0.4534466,0.113780364,3.9852796
AT2G19120,0.3901258,0.0979336,3.9835744
AT2G18840,0.32379436,0.08129399,3.9830046
AT1G49790,0.69472986,0.17444506,3.9825134
AT2G45330,0.25034735,0.062864706,3.982319
AT4G16745,0.45886406,0.11528901,3.9801195
AT4G11610,0.44523197,0.11188077,3.9795215
AT3G53470,0.3448474,0.086664595,3.9791033
AT2G07678,1.1315534,0.28441426,3.9785397
AT4G27530,0.8449628,0.21239036,3.9783478
AT5G15310,0.4691265,0.11792426,3.9782016
AT5G46440,0.7946296,0.19980296,3.9770656
AT4G02320,0.7374714,0.18546964,3.9762375
AT1G53420,0.55264175,0.13901535,3.9754007
AT5G15780,0.6417973,0.16144817,3.9752526
AT1G18750,0.34876892,0.08774263,3.9749084
AT3G62760,0.611727,0.15391743,3.9743838
AT4G14980,0.75406027,0.18975906,3.973777
AT5G37160,0.41891235,0.10544098,3.9729555
AT4G10780,0.6448541,0.162311,3.9729536
AT4G13000,0.6400482,0.16115755,3.9715679
AT5G64990,0.5727746,0.14424632,3.9708085
AT1G18730,0.33656308,0.08477635,3.9700112
AT3G56700,0.57457006,0.14475395,3.9692872
AT1G58210,0.6037557,0.152195,3.9669874
AT5G36150,0.5324121,0.13424723,3.9659073
AT3G57600,0.39151248,0.09873669,3.9652176
AT3G43470,0.42366672,0.10685423,3.9649034
AT2G33160,0.7169407,0.1808413,3.9644742
AT3G14380,0.74544805,0.18804778,3.9641414
AT5G17260,0.58196807,0.14682806,3.9636023
AT3G59780,0.2628723,0.06632689,3.9632838
AT1G35420,0.322864,0.08146694,3.9631286
AT3G53290,0.32610223,0.08231321,3.9617238
AT2G36190,0.43910244,0.11084481,3.961416
AT3G56600,0.70168346,0.17714185,3.9611387
AT1G10800,0.6555998,0.16560519,3.9588115
AT5G52710,0.6802064,0.17184731,3.958202
AT2G29140,0.26034206,0.06582918,3.954812
AT1G62260,0.4075374,0.10305455,3.9545789
AT1G47620,0.50979996,0.12893432,3.9539502
AT3G56380,0.7747355,0.19595389,3.953662
AT5G28920,0.8729184,0.22082023,3.9530723
AT3G19310,0.7084859,0.17929272,3.9515593
AT4G28860,0.31622738,0.08003888,3.9509215
AT2G45780,1.7884264,0.4527028,3.9505532
AT1G47990,0.6405489,0.1621646,3.9499917
AT2G24320,0.70016074,0.17731741,3.9486291
AT5G53100,0.63360095,0.1604755,3.9482715
AT1G31550,0.6337637,0.16053112,3.9479175
AT5G55780,0.5507477,0.13950561,3.9478528
AT1G24735,0.5887137,0.14919889,3.9458313
AT3G25020,0.71804965,0.1819848,3.945657
AT1G20340,0.27471775,0.06962698,3.9455643
AT2G41450,0.65565807,0.1661947,3.9451196
AT5G60010,0.44181028,0.11199268,3.9449923
AT4G34830,0.3217628,0.08158398,3.9439456
AT2G45930,0.83184904,0.2109915,3.942571
AT3G51560,0.48842576,0.12390024,3.9420886
AT1G13610,0.6976194,0.17696773,3.942071
AT1G19630,0.75649846,0.19193722,3.9413846
AT1G11810,0.6852935,0.17389289,3.9408941
AT3G46340,0.49689913,0.12609078,3.9408042
AT5G26080,0.6665532,0.16914487,3.9407234
AT3G28155,0.9285396,0.23569754,3.9395385
AT5G66940,0.5913944,0.15012398,3.939373
AT3G53360,0.38363582,0.09739517,3.9389613
AT1G10710,0.74471015,0.18908821,3.938427
AT1G75830,1.179401,0.29946813,3.938319
AT2G11620,0.5518606,0.14013107,3.9381738
AT1G78490,0.48642537,0.12355413,3.9369411
AT4G10350,0.50864244,0.12920439,3.9367266
AT1G04940,0.6556734,0.16658935,3.9358659
AT1G18200,0.82600325,0.20991047,3.9350262
AT3G42850,0.64651746,0.16431531,3.9346144
AT2G30340,0.3641825,0.0925658,3.9343092
AT4G35290,0.38770288,0.09860769,3.931771
AT1G61270,0.76450825,0.19450982,3.930435
AT4G09600,1.0277503,0.26149088,3.9303484
AT1G68730,0.43857154,0.11164133,3.9283974
AT2G35310,0.65647376,0.16713944,3.9277008
AT1G47600,0.6464762,0.16461106,3.9272947
AT3G29110,0.56556356,0.14403751,3.9265013
AT3G21590,0.6133058,0.15632392,3.9233005
AT2G16230,0.48709866,0.12416275,3.923066
AT2G19400,0.35888097,0.09148595,3.9227984
AT4G26830,0.70603704,0.18000333,3.9223552
AT1G06290,0.29440054,0.07506328,3.922031
AT5G52370,0.31993514,0.08159191,3.9211621
AT3G61170,0.46228692,0.11790273,3.9209175
AT1G50270,0.31097862,0.079344854,3.9193292
AT3G29300,0.61383736,0.15662886,3.9190562
AT4G37230,0.81342727,0.20762746,3.9177246
AT4G27400,0.57565933,0.14693843,3.9176905
AT2G25320,0.33235288,0.084834345,3.9176686
AT3G10780,0.79249954,0.20231597,3.9171376
AT3G58070,0.66030586,0.16858885,3.9166636
AT2G34540,0.58244604,0.14871031,3.9166484
AT1G21930,0.39224166,0.1001567,3.9162793
AT1G33910,0.60373265,0.15417083,3.9159975
AT1G12860,0.30605525,0.078161694,3.9156678
AT2G31930,0.58686113,0.14995664,3.9135385
AT3G14950,0.7418313,0.18955694,3.9135008
AT2G01810,0.66222847,0.16925222,3.912672
AT1G30860,0.56282336,0.14386429,3.912182
AT3G10750,0.6977628,0.17840758,3.9110599
AT1G02250,0.7231665,0.18490446,3.911028
AT4G23280,0.76088876,0.19455689,3.91088
AT4G02780,0.6062043,0.15500642,3.910833
AT3G28500,0.82167464,0.2101068,3.910747
AT1G63550,0.5337784,0.13649653,3.9105637
AT1G03990,0.6420394,0.16418086,3.9105616
AT3G61120,0.5838455,0.14932153,3.9099884
AT3G49260,0.3581993,0.09161368,3.9098885
AT3G20840,0.37531677,0.09599381,3.9098015
AT1G44575,0.31242222,0.07990905,3.9097223
AT4G08940,0.34717616,0.08880622,3.9093673
AT2G04025,0.5538985,0.14171202,3.90862
AT1G15840,0.69980115,0.17906022,3.9081886
AT4G14190,0.25147754,0.064349756,3.9079792
AT3G16710,0.41843432,0.10708669,3.9074352
AT5G41370,0.27355567,0.070065685,3.904274
AT1G32375,0.6972767,0.17864129,3.9032223
AT4G00530,0.5953507,0.15253031,3.9031627
AT4G22080,0.6206273,0.15900734,3.9031358
AT1G57943,0.77399457,0.19832623,3.9026332
AT5G45200,0.41242015,0.10568253,3.9024436
AT1G48070,0.7296949,0.18715951,3.8987858
AT1G27740,0.4655492,0.11941487,3.898586
AT2G26820,0.75107205,0.19270708,3.89748
AT3G58210,0.57467556,0.14749074,3.8963497
AT3G12990,0.33500835,0.08598828,3.8959765
AT1G06310,0.5293259,0.13588683,3.895343
AT3G58980,0.53336316,0.1369238,3.8953278
AT1G64010,0.84845597,0.21781611,3.8952854
AT1G11250,0.5850955,0.15020876,3.8952155
AT2G05530,0.687326,0.17647716,3.894702
AT2G34020,0.4780816,0.12277724,3.8938942
AT2G20470,0.6587455,0.16919893,3.8933194
AT1G43020,0.45122498,0.11591337,3.8927774
AT5G28910,0.74832714,0.19225754,3.8923159
AT2G42860,0.596972,0.15340689,3.8914285
AT3G56820,0.38253233,0.09831063,3.8910575
AT5G47440,0.55457497,0.14253089,3.8909104
AT1G70660,0.62201655,0.1598676,3.8908226
AT1G65620,0.5059819,0.13006188,3.8903165
AT5G43120,0.7376239,0.18960801,3.8902566
AT2G07695,0.8451899,0.21727765,3.8899071
AT1G13680,0.6330233,0.16275388,3.889451
AT4G22390,0.6312955,0.16231969,3.8892105
AT5G66980,0.62025523,0.15951404,3.8884048
AT1G10330,0.37825397,0.09728772,3.8879926
AT1G28160,0.5359565,0.13786468,3.8875544
AT5G59305,0.8491301,0.21847722,3.8865838
AT5G65770,0.4105612,0.10565539,3.8858519
AT2G18530,0.5092455,0.13107546,3.885132
AT1G08810,0.48219338,0.12413369,3.884468
AT5G61850,0.6338012,0.16319102,3.8837993
AT2G03840,0.3739494,0.096285865,3.8837411
AT1G26590,0.5832383,0.15019196,3.8832853
AT1G71930,0.5232789,0.13480838,3.8816493
AT2G34880,0.5417269,0.13957325,3.8813086
AT3G46710,0.38755077,0.099853754,3.8811834
AT3G17650,0.3034028,0.07818844,3.8804045
AT4G09740,0.45831957,0.11811997,3.880119
AT1G55750,0.30337673,0.07819157,3.8799157
AT2G21110,0.52257544,0.1346874,3.879913
AT2G27240,0.6062526,0.15626536,3.8796349
AT1G78390,0.6276932,0.16179536,3.8795495
AT5G65550,0.73584145,0.1897411,3.8781338
AT5G57540,0.6151396,0.1586397,3.877589
AT2G37880,0.7384544,0.19047576,3.876894
AT2G32790,0.718792,0.1854406,3.8761306
AT4G37940,0.3750576,0.0967634,3.876027
AT1G64770,0.31130397,0.080319546,3.875818
AT1G09030,0.4899682,0.12644352,3.8749962
AT1G31950,0.38721532,0.09992862,3.874919
AT1G31790,0.43734145,0.11292929,3.8727014
AT5G56720,0.5502196,0.14207986,3.8726075
AT3G13680,0.6792873,0.17543402,3.8720384
AT1G01670,0.53704536,0.13871343,3.871617
AT1G62530,0.64775956,0.16733165,3.8711116
AT2G33100,0.66077703,0.17069499,3.8710976
AT1G05540,0.6333407,0.16361487,3.8709235
AT5G17540,0.6896005,0.17815965,3.8706882
AT3G03240,0.83243525,0.21511412,3.8697376
AT1G51460,0.5841456,0.15099323,3.8686872
AT1G33750,0.42441285,0.10971372,3.868366
AT2G44750,0.42411628,0.109661,3.8675213
AT4G11400,0.53845274,0.13924542,3.8669329
AT1G71280,0.88323396,0.22842228,3.8666713
AT1G13370,0.9342036,0.2416309,3.8662422
AT2G22060,0.5398052,0.13963465,3.8658392
AT3G05860,0.5978332,0.15466672,3.8652992
AT1G78870,0.24938561,0.06452442,3.8649797
AT5G59260,0.6110113,0.1581948,3.8623981
AT5G65410,0.43620816,0.11297709,3.8610318
AT3G45570,0.5181654,0.13420661,3.8609526
AT1G04380,0.75389415,0.19535957,3.8590076
AT4G10240,0.64014924,0.16590865,3.8584437
AT5G48350,0.71244395,0.18465012,3.858345
AT2G40050,0.6539508,0.16953231,3.857381
AT4G16380,0.2005346,0.05199072,3.857122
AT4G23520,0.5754022,0.14918572,3.856952
AT1G32570,0.7895085,0.20482789,3.854497
AT1G02260,0.2921416,0.075792655,3.8544838
AT2G16930,0.31168503,0.08086611,3.8543339
AT3G61040,0.42758164,0.11097762,3.8528633
AT3G54490,0.6154117,0.1597565,3.8521855
AT2G18470,0.7008256,0.1819496,3.8517563
AT5G26100,0.35487625,0.09213889,3.8515358
AT3G18900,0.7088873,0.1840739,3.8511014
AT2G43230,0.4986965,0.12950295,3.85085
AT2G33760,0.46300024,0.12023606,3.85076
AT3G10200,0.566214,0.14704886,3.8505158
AT4G20900,0.6076832,0.15782174,3.8504398
AT1G29860,0.6997187,0.18173611,3.8501906
AT1G74630,0.5102747,0.13253659,3.8500662
AT2G02630,0.48747805,0.12661788,3.8499932
AT5G55490,0.54224175,0.14085913,3.849532
AT1G69430,0.57947475,0.15057252,3.8484757
AT4G14730,0.60204196,0.15644434,3.8482819
AT4G01350,0.57597196,0.14968883,3.847795
AT4G15620,0.7182869,0.18667544,3.847784
AT1G50960,0.6558428,0.17047986,3.8470392
AT2G14080,0.43730256,0.11367436,3.846976
AT1G49110,0.486829,0.12655047,3.8469155
AT2G21450,0.6753797,0.1756453,3.8451333
AT1G02070,0.8376506,0.21785055,3.8450696
AT1G72960,0.6321037,0.16440727,3.8447425
AT4G18050,0.46557993,0.121132776,3.8435502
AT2G30790,0.588266,0.15307212,3.843064
AT2G16360,0.6868851,0.17875278,3.8426538
AT5G39220,0.6695478,0.17430806,3.8411748
AT2G46840,0.7274608,0.18945111,3.8398335
AT4G01240,0.446906,0.11639266,3.8396406
AT5G55840,0.24978715,0.06506496,3.8390422
AT1G62030,0.4341039,0.113090165,3.8385644
AT5G14400,0.6141862,0.16000676,3.8385015
AT4G39753,0.51338357,0.13378029,3.8375125
AT1G27160,0.63289195,0.16493605,3.8371956
AT4G01030,0.47384998,0.12348929,3.8371744
AT5G46770,0.7498762,0.19542879,3.8370812
AT4G09970,0.43439,0.11322425,3.8365452
AT3G50320,0.5022532,0.13094987,3.835461
AT3G46760,0.44160643,0.11513955,3.8354015
AT1G75300,0.7706885,0.20102838,3.8337295
AT2G22040,0.36034638,0.09400667,3.8331997
AT5G09970,0.5821564,0.1518997,3.8325052
AT1G30560,0.6076638,0.15855569,3.8324943
AT3G20475,0.4542024,0.11852796,3.8320274
AT5G56080,0.71077216,0.1854854,3.8319573
AT5G07550,0.9656268,0.25206575,3.8308527
AT4G28560,0.68707246,0.17940995,3.8296225
AT2G04020,0.5125258,0.13384432,3.829268
AT5G62840,0.36072853,0.094213925,3.8288236
AT2G15500,0.50544274,0.13201226,3.8287556
AT2G24130,0.54679567,0.1428724,3.8271606
AT1G58370,0.45969826,0.120128535,3.8267198
AT3G61090,0.78732646,0.20577732,3.8261087
AT3G30350,0.5134272,0.13422073,3.8252447
AT3G28390,0.39137453,0.10231727,3.8251069
AT3G25080,0.45796615,0.119765304,3.823863
AT4G09080,0.5902959,0.15438314,3.8235772
AT4G32950,0.8786009,0.22981797,3.8230293
AT2G34290,0.48724177,0.12746643,3.8225102
AT3G46400,0.5140903,0.13449413,3.8223991
AT5G59370,0.6477338,0.1694639,3.822252
AT5G18510,0.56189126,0.14701289,3.822054
AT5G66815,0.71144015,0.1861566,3.821729
AT3G13770,0.4936176,0.12920198,3.8205106
AT1G05920,0.4292234,0.112391025,3.8190181
AT4G27220,0.6828498,0.17880322,3.8190014
AT4G18375,0.353422,0.092557624,3.8183992
AT5G54630,0.34353766,0.089989424,3.8175335
AT3G49420,0.3674066,0.09624495,3.8174114
AT5G63580,0.7317548,0.19171959,3.8167968
AT2G26940,0.5826196,0.15265583,3.8165562
AT1G02430,0.7381345,0.19343293,3.8159711
AT4G30230,0.73172855,0.19178738,3.815311
AT1G19620,0.5808639,0.15227176,3.8146524
AT2G35300,0.9501033,0.24908344,3.8143973
AT1G50260,0.3267336,0.08569676,3.8126712
AT2G18010,0.916865,0.2404868,3.8125374
AT5G67230,0.31716463,0.08320353,3.8119128
AT5G20870,0.42289087,0.11094164,3.8118315
AT3G14390,0.2520212,0.06612176,3.811471
AT1G51270,0.7919784,0.20779268,3.811387
AT3G23950,0.4500187,0.11807364,3.811339
AT2G12480,0.6235359,0.16361758,3.810934
AT5G40060,0.36701426,0.09630979,3.8107677
AT3G20140,0.6735026,0.17678519,3.809723
AT1G71330,0.5977752,0.15691924,3.8094447
AT3G05950,0.80000746,0.2100146,3.8092942
AT1G02570,0.6836105,0.17957646,3.8067932
AT2G28650,0.47225937,0.12408595,3.805905
AT1G33870,0.5590339,0.14689074,3.8057797
AT1G22630,0.43054733,0.11314924,3.8051276
AT2G27940,0.5783831,0.15200172,3.8051083
AT3G48740,0.6282011,0.16516992,3.8033624
AT3G49170,0.4884058,0.12843393,3.8027782
AT4G00220,0.69746506,0.1834438,3.8020637
AT2G32740,0.69615614,0.18312316,3.8015733
AT5G19720,0.4516504,0.11881005,3.8014493
AT5G59170,0.8553512,0.22501637,3.801284
AT3G25820,0.8075384,0.21250476,3.8000953
AT1G67790,0.5832111,0.1535392,3.7984507
AT3G63140,0.3378934,0.088977695,3.7975063
AT5G13230,0.5522486,0.1454292,3.7973707
AT5G62320,0.6433713,0.16943313,3.7971985
AT1G52240,0.7756366,0.20433131,3.795975
AT4G38590,0.5602256,0.14758578,3.7959318
AT5G33340,0.4567258,0.12035867,3.794706
AT1G26700,0.40001392,0.10542146,3.7944257
AT1G49140,0.21704306,0.057200637,3.794416
AT2G22750,0.6085141,0.16037254,3.7943778
AT5G49140,0.4748816,0.12515754,3.7942705
AT4G19400,0.8394222,0.2213506,3.7922742
AT1G62690,0.7695947,0.2029627,3.7918036
AT1G33540,0.5102395,0.13459457,3.790936
AT3G09550,0.46980628,0.12394091,3.7905664
AT2G27120,0.58037496,0.15311262,3.79051
AT5G61070,0.57757866,0.15239671,3.7899678
AT4G21760,0.7322113,0.19322161,3.7894893
AT5G61320,0.5407774,0.14273009,3.788811
AT2G18550,0.8072516,0.21307069,3.7886558
AT1G20150,0.6536462,0.17253424,3.7885008
AT5G54050,0.55560505,0.1466987,3.7873888
AT1G52570,0.34607288,0.09137747,3.7872887
AT1G13060,0.16741343,0.044216003,3.7862623
AT2G03600,0.71167874,0.18802786,3.784964
AT5G42230,0.65423805,0.17287575,3.7844405
AT5G16530,0.71500534,0.18895547,3.7839882
AT3G01500,0.48768002,0.12890226,3.7833314
AT2G38570,0.2766186,0.07313603,3.7822475
AT5G46500,0.71984994,0.19032365,3.7822409
AT4G31480,0.23681663,0.06262883,3.7812715
AT5G03620,0.6650581,0.17589962,3.780895
AT1G62450,0.4993253,0.13206899,3.780791
AT3G53820,0.7373073,0.19504532,3.7801843
AT1G79780,0.6147474,0.16262478,3.780158
AT3G63370,0.54136443,0.14322548,3.779805
AT3G27473,0.66942734,0.17716382,3.7785778
AT5G01080,0.9206408,0.2436511,3.7785208
AT2G18260,0.5209299,0.1378686,3.7784514
AT2G18320,0.79814446,0.2112654,3.7779229
AT1G20680,0.9312739,0.24654527,3.7772934
AT5G39870,0.53546333,0.14180936,3.7759376
AT3G45060,1.0542196,0.27922463,3.775525
AT2G43450,0.66420925,0.17593256,3.7753625
AT5G05290,0.798845,0.21160862,3.775106
AT3G54310,0.644889,0.17089072,3.7736921
AT1G16430,0.44354585,0.117540024,3.7735727
AT2G42560,1.0184778,0.2699171,3.7732985
AT1G15960,0.4700447,0.12457165,3.7732878
AT1G20520,0.7895193,0.2092488,3.7731125
AT3G23060,0.5815547,0.15413982,3.7729034
AT4G25420,0.67669207,0.1793721,3.77256
AT1G19460,0.52987367,0.14046067,3.7723985
AT5G03060,0.6635875,0.17595221,3.7714074
AT4G26590,0.7057163,0.18713579,3.7711453
AT1G03410,0.49338645,0.13084415,3.7707946
AT3G24790,0.62096715,0.16469954,3.7703025
AT1G09610,0.65253496,0.17310825,3.7695193
AT1G04010,0.27225175,0.072228946,3.7692883
AT4G27850,0.618666,0.16414417,3.7690399
AT1G24020,0.7124314,0.18903337,3.7688124
AT5G66520,0.4234986,0.11237176,3.7687278
AT3G10560,0.6359337,0.16876441,3.768174
AT3G10570,0.50363153,0.13367854,3.7674818
AT4G36270,0.558589,0.14828546,3.7669837
AT1G66170,0.5628898,0.1494625,3.7660935
AT3G55780,0.6252185,0.16605765,3.7650688
AT1G01690,0.47451842,0.12604728,3.764606
AT5G38070,0.50536275,0.13426276,3.7639828
AT2G43270,0.583518,0.15503304,3.76383
AT5G20690,0.56559634,0.15027614,3.7637131
AT5G39420,0.60212094,0.1599915,3.7634554
AT1G23810,0.48329452,0.12844859,3.7625518
AT4G01920,0.5953733,0.1582538,3.7621417
AT1G75620,0.5229144,0.13901474,3.761575
AT4G24120,0.50868064,0.13524716,3.7611187
AT5G51500,0.45652702,0.12141178,3.760154
AT3G17720,0.75579756,0.20100477,3.7600973
AT3G10900,0.43462357,0.11560338,3.7596092
AT2G46300,0.69430655,0.18478732,3.7573276
AT2G02450,0.47550103,0.12655804,3.7571774
AT2G28830,0.39403552,0.10487839,3.7570703
AT1G07730,0.93191797,0.24805458,3.7569067
AT4G02190,0.5189752,0.13815376,3.7565038
AT2G19210,0.48115608,0.12812339,3.7554114
AT1G48800,0.67375153,0.17942959,3.754963
AT5G19770,0.21818823,0.0581088,3.7548218
AT1G13710,0.76510435,0.20379192,3.7543406
AT1G15190,0.6367143,0.16962251,3.753713
AT2G44990,0.5921197,0.15774561,3.7536361
AT3G49520,0.533769,0.14220801,3.753438
AT3G61840,0.572451,0.15253097,3.7530146
AT5G37940,0.94238544,0.25111333,3.7528293
AT2G27220,0.6536086,0.1741845,3.7523923
AT3G10490,0.30856147,0.08223217,3.7523203
AT3G03370,0.44833058,0.1195037,3.751604
AT4G37780,0.6421662,0.1711924,3.751137
AT1G10060,0.49752858,0.1326543,3.7505648
AT2G34230,0.6425294,0.17133336,3.750171
AT1G22590,0.42564592,0.11351894,3.7495584
AT1G14687,0.54335845,0.14491732,3.749437
AT5G04500,0.6364763,0.16975556,3.749369
AT4G22560,0.5085372,0.13567796,3.7481186
AT1G64900,0.48879254,0.1304129,3.7480376
AT3G17040,0.35236138,0.09401265,3.7480206
AT1G07485,0.77023035,0.20552619,3.7476017
AT5G63390,0.53159285,0.14188924,3.7465334
AT1G67623,0.6663783,0.17788604,3.7460964
AT4G10010,0.54966205,0.14677557,3.7449148
AT2G03520,0.624802,0.16684256,3.7448595
AT3G45670,0.4604191,0.12294971,3.7447755
AT1G24807,0.725577,0.19375868,3.7447455
AT5G64070,0.22452667,0.05996542,3.7442684
AT2G30540,0.8290869,0.22147161,3.7435355
AT1G59850,0.586608,0.15672117,3.7430036
AT3G53590,0.5965106,0.15937027,3.7429223
AT5G04610,0.46850273,0.12518634,3.7424426
AT4G25020,0.48286933,0.12902692,3.7423916
AT5G66400,0.90945655,0.2431427,3.740423
AT1G32610,0.31733394,0.0848504,3.7399223
AT1G20750,0.5198408,0.13901757,3.7393887
AT5G06920,0.44870326,0.12004518,3.7377863
AT2G02500,0.27790165,0.07436029,3.7372317
AT5G47380,0.36214435,0.09692701,3.736258
AT2G29000,0.4484439,0.12004771,3.735547
AT4G24250,0.4282403,0.11472345,3.732805
AT2G27470,0.2551468,0.0683658,3.7320821
AT4G22710,0.919065,0.24628513,3.7317111
AT4G25300,0.48317763,0.12948605,3.7315028
AT2G18880,0.4602683,0.123373106,3.7307017
AT3G49760,0.5298457,0.14202504,3.7306497
AT3G49820,0.62703675,0.16808188,3.7305431
AT2G39320,0.6616938,0.17741375,3.7296646
AT3G15490,0.37670153,0.101018645,3.7290294
AT3G02730,0.28888583,0.07748508,3.7282767
AT2G32640,0.31782314,0.08525604,3.7278662
AT1G65330,0.94487476,0.2535678,3.7263198
AT1G53600,0.5794086,0.1554913,3.726308
AT5G55340,0.6782351,0.18208201,3.7248878
AT2G33320,0.48775786,0.13095327,3.7246706
AT1G62600,0.35577735,0.09552006,3.724635
AT1G56270,0.5692074,0.15284023,3.7241983
AT1G57770,0.35327587,0.09487301,3.7236705
AT1G28650,0.74577,0.20028076,3.7236226
AT5G07690,0.5776111,0.15512358,3.7235541
AT2G07728,0.7932786,0.21308397,3.7228446
AT5G04000,0.63759,0.17129208,3.7222383
AT3G04660,0.64203095,0.17249767,3.7219684
AT2G40720,0.2907029,0.07811137,3.721646
AT3G09290,0.44223827,0.11886132,3.7206237
AT2G29130,0.5940751,0.15967754,3.720467
AT5G03270,0.8274111,0.22241409,3.7201378
AT5G65890,0.42120335,0.11324061,3.719543
AT2G16970,0.4140129,0.11134027,3.718447
AT5G56300,0.70311886,0.18911038,3.7180338
AT5G52350,0.4404344,0.11846066,3.71798
AT5G36140,0.64029807,0.1722414,3.7174454
AT3G12203,0.6745908,0.1814826,3.71711
AT3G02590,0.5803135,0.15612106,3.7170734
AT3G14630,0.6287115,0.16915464,3.7167852
AT2G27270,0.6560744,0.17651682,3.716781
AT5G48050,0.73298264,0.19720952,3.7167706
AT2G27030,0.28709388,0.077273294,3.7153049
AT3G60780,0.64861566,0.17458674,3.715148
AT1G35460,0.36786985,0.099070564,3.71321
AT3G61550,0.41390002,0.111483835,3.7126458
AT3G20730,0.48789877,0.1314162,3.7126222
AT3G23010,0.7012585,0.18890657,3.7121973
AT1G19830,0.7007243,0.18886201,3.7102447
AT1G67460,0.61784875,0.16654554,3.7097883
AT4G33930,0.91682667,0.24717492,3.7092218
AT2G46070,0.35163215,0.09481761,3.7085106
AT5G43610,0.40534732,0.10932839,3.7076123
AT4G18090,0.5690143,0.15348057,3.7074025
AT4G31850,0.25202444,0.06797968,3.7073493
AT2G25690,0.40608013,0.10953814,3.707203
AT4G27150,1.080848,0.2915814,3.7068484
AT1G69523,0.4718373,0.12729087,3.7067642
AT3G19920,0.89849055,0.24240448,3.7065754
AT2G01240,0.4634748,0.12505972,3.7060273
AT4G10260,0.7307244,0.19722459,3.7050366
AT1G73510,0.7507935,0.20267884,3.7043505
AT3G20480,0.32840446,0.088658355,3.7041566
AT1G33280,0.47572085,0.1284407,3.703817
AT2G38720,0.45343584,0.12249899,3.7015474
AT1G12900,0.3186391,0.08614552,3.6988466
AT3G20900,0.68285453,0.18466488,3.6978037
AT3G14710,0.68274397,0.18463783,3.6977465
AT3G30320,0.3822263,0.10336792,3.6977262
AT5G17430,0.3810725,0.10307524,3.697032
AT2G18720,0.7403253,0.20024952,3.6970136
AT1G11900,0.27823186,0.07527229,3.696338
AT4G23950,0.2351606,0.063619934,3.6963348
AT5G54095,0.7704675,0.20847028,3.6958144
AT4G24670,0.41496617,0.112282775,3.695724
AT5G18000,0.61378694,0.16609378,3.6954236
AT2G05720,0.46236712,0.12514527,3.6946428
AT5G55770,0.46208763,0.12507054,3.6946156
AT5G60720,0.44943213,0.12169323,3.6931562
AT1G43640,0.57023585,0.15440454,3.6931286
AT2G46915,0.3741385,0.10134999,3.6915493
AT2G14160,0.8786603,0.23803748,3.6912684
AT2G17420,0.19577917,0.05303907,3.6912248
AT1G70080,0.7275233,0.19709739,3.6911867
AT3G26280,0.4865278,0.13181716,3.6909287
AT1G33670,0.5852016,0.15856683,3.6905673
AT5G46950,0.9274238,0.25132853,3.6900856
AT3G44370,0.22220299,0.060247757,3.688153
AT1G56310,0.25372508,0.06880049,3.687838
AT5G48740,0.4766145,0.12924957,3.6875515
AT5G24240,0.8557274,0.23207062,3.6873574
AT1G02800,0.6481796,0.17578973,3.6872435
AT3G12230,0.9459246,0.25658086,3.686653
AT1G15320,0.6309285,0.17115864,3.6862204
AT3G45920,0.6578033,0.17846233,3.6859503
AT3G25905,0.606074,0.1644572,3.6852987
AT2G37900,0.7162724,0.19437596,3.6849842
AT3G05790,0.5939407,0.16119981,3.6844995
AT3G57130,0.5603117,0.15209639,3.6839244
AT5G06350,0.33983168,0.09225008,3.6838088
AT1G70980,0.25256142,0.06857577,3.6829538
AT1G17010,0.59943753,0.16276155,3.682918
AT3G13960,0.5609275,0.15232924,3.682336
AT1G62540,0.7730326,0.20993696,3.6822128
AT4G27030,0.6278136,0.1705046,3.6820915
AT1G66830,0.64740235,0.17583458,3.6818826
AT5G16340,0.77493626,0.21047392,3.6818633
AT3G01580,0.5690036,0.15454504,3.6817975
AT3G23610,0.31600472,0.08583427,3.681568
AT1G58410,0.5734506,0.15579744,3.6807446
AT2G02580,0.6662787,0.18104838,3.680114
AT3G16980,0.6667639,0.18118724,3.6799712
AT5G63060,0.29986283,0.08148888,3.6798005
AT3G24780,0.62177426,0.16897328,3.679719
AT1G15050,0.8132762,0.22106194,3.6789513
AT3G27440,0.6908997,0.1878589,3.6777587
AT3G07380,0.962698,0.26176965,3.677653
AT5G50170,0.27698344,0.07534202,3.676347
AT4G02420,0.5037832,0.13703567,3.6762924
AT3G17010,0.69661963,0.18949012,3.6762843
AT4G28700,0.5783869,0.157369,3.6753542
AT5G19840,0.20871395,0.056787983,3.6753182
AT4G03156,0.88893664,0.24194813,3.6740792
AT1G08170,0.7105986,0.19342877,3.6736963
AT4G04990,0.6215279,0.16920646,3.6731923
AT1G60380,0.47208047,0.12853503,3.6727762
AT5G25370,0.49548367,0.13491264,3.6726255
AT1G61290,0.7313002,0.19912496,3.6725688
AT4G33310,0.9628998,0.2622111,3.6722312
AT1G22880,0.5306461,0.14451212,3.671983
AT5G44830,0.45561194,0.12412399,3.6706192
AT1G66320,0.69436926,0.18917136,3.6705832
AT3G26820,0.80299824,0.21884613,3.6692364
AT3G14210,0.5963306,0.16263692,3.666637
AT4G15975,0.8587858,0.23439087,3.6639044
AT5G41540,0.5325958,0.14536451,3.663864
AT1G11920,0.58140486,0.15870117,3.6635194
AT2G20700,0.7310092,0.19954768,3.6633308
AT1G60280,0.2873122,0.07843347,3.6631324
AT2G35970,0.78287953,0.21375763,3.6624632
AT2G07732,1.0280732,0.28074566,3.661938
AT1G33880,0.57748073,0.15773419,3.6611004
AT5G46360,0.58293176,0.15922317,3.6610985
AT1G09440,0.39840326,0.10882434,3.6609752
AT3G24230,0.7165771,0.19576131,3.660463
AT1G18350,0.7181159,0.19621284,3.659882
AT3G49840,0.5364871,0.1465935,3.659692
AT2G33810,0.6746124,0.18439016,3.6586137
AT1G49010,0.40563306,0.110872716,3.658547
AT4G20290,0.55675054,0.1522124,3.657721
AT1G03140,0.25235748,0.06899351,3.6576986
AT1G04880,0.6528598,0.17854542,3.6565473
AT4G26020,0.73261976,0.20040914,3.65562
AT5G40020,0.6065665,0.16593042,3.655547
AT5G54370,0.5542432,0.15164997,3.654753
AT5G53870,0.85273594,0.23333542,3.6545496
AT3G24220,0.3475792,0.095110916,3.6544616
AT5G36110,0.57367134,0.15699533,3.654066
AT5G17960,0.536849,0.14693126,3.6537423
AT1G75630,0.19163704,0.052455343,3.653336
AT2G31210,0.68768096,0.18823442,3.6533217
AT1G18410,0.5371953,0.14707685,3.6524801
AT1G04090,0.54658186,0.14967482,3.6517954
AT1G11690,0.61238146,0.16772567,3.6510894
AT2G20540,0.4192858,0.114844434,3.650902
AT2G33260,0.6655298,0.1822937,3.6508653
AT1G50480,0.25075105,0.06869004,3.6504714
AT5G52100,0.36206546,0.09918782,3.6503015
AT1G23270,0.35474518,0.09720913,3.6492987
AT1G68320,0.6489204,0.17782673,3.649172
AT2G19890,0.66860855,0.18324114,3.6487901
AT1G74900,0.34152067,0.0936049,3.6485338
AT1G77390,0.4351411,0.11927254,3.648292
AT1G60060,0.49716815,0.1362802,3.6481316
AT1G70320,0.2420083,0.066339955,3.6480017
AT4G11310,0.98186755,0.2691592,3.6479063
AT3G62510,0.7935877,0.21766464,3.6459188
AT2G28605,0.32514256,0.089189276,3.645534
AT3G51895,0.46997398,0.12893373,3.6450813
AT4G19690,0.8561062,0.23489068,3.6447003
AT1G24420,0.5794914,0.15900238,3.644545
AT2G05620,0.3217899,0.088295706,3.6444566
AT5G50610,0.692798,0.19010973,3.6442006
AT1G66780,0.73424166,0.2014943,3.643982
AT1G22150,0.85302323,0.23413022,3.6433706
AT5G56700,0.67849493,0.18626258,3.6426795
AT4G32540,0.4681207,0.12851733,3.6424708
AT1G80320,0.6687525,0.1837034,3.6403923
AT3G61920,0.9822809,0.2698627,3.6399283
AT2G24000,0.5016297,0.13782655,3.6395721
AT5G06650,0.6583083,0.18095148,3.6380377
AT2G23440,0.614547,0.1689397,3.6376705
AT1G26870,0.43580446,0.119822085,3.637096
AT2G27390,0.58818436,0.16173236,3.6367755
AT3G22770,0.5743342,0.15798633,3.635341
AT5G02390,0.61297137,0.16864604,3.634662
AT3G15670,1.0187091,0.28036526,3.6335068
AT3G49510,0.64982563,0.1788474,3.633408
AT5G28030,0.59233314,0.16303487,3.633168
AT3G28310,1.1891903,0.32740453,3.6321743
AT1G19150,0.348919,0.09607432,3.631761
AT2G35740,0.5117841,0.14098719,3.6300037
AT4G13480,0.7374065,0.20314516,3.6299484
AT1G60460,0.48672122,0.13409838,3.6295826
AT5G63070,0.66310346,0.18270515,3.6293635
AT1G13890,0.52751493,0.14537935,3.6285408
AT3G50220,0.5277236,0.14545813,3.62801
AT2G45850,0.3109778,0.08572736,3.6275208
AT4G31040,0.29202563,0.08050538,3.627405
AT4G28500,0.46786135,0.1290134,3.626455
AT3G16380,0.5661894,0.15614688,3.626005
AT5G64490,0.56882674,0.15687531,3.6259797
AT4G10950,0.6824742,0.18823272,3.6256936
AT4G12840,0.26046044,0.07184259,3.6254318
AT4G35440,0.31413117,0.086668916,3.624496
AT3G16020,0.8202333,0.22632858,3.6240816
AT2G19320,0.76576304,0.21136239,3.622986
AT1G58330,0.4745882,0.13099647,3.6229079
AT4G20050,0.5574681,0.15388697,3.6225812
AT5G10130,0.40258846,0.11114508,3.6221886
AT5G66780,1.0544555,0.29111013,3.6221876
AT1G53690,0.8525733,0.23538534,3.622032
AT4G12350,0.68348294,0.18873122,3.6214616
AT1G62720,0.5275358,0.14569165,3.6209059
AT5G46100,0.38134247,0.10533344,3.620336
AT3G30730,0.865294,0.23905906,3.6195822
AT1G48150,0.6047444,0.16707765,3.6195407
AT2G30090,0.45879167,0.12675692,3.61946
AT2G38460,0.35701302,0.09864396,3.6192079
AT5G04390,0.69729877,0.192691,3.6187406
AT3G13540,0.48817155,0.1349131,3.6184142
AT3G15520,0.303412,0.08385631,3.6182365
AT2G02640,0.64076144,0.17715047,3.6170459
AT5G46240,0.44936594,0.12424889,3.6166594
AT1G08030,0.21495838,0.059436664,3.616595
AT4G20770,0.5468009,0.15122032,3.6159217
AT1G70670,0.43779698,0.121096306,3.6152792
AT5G12280,0.63154095,0.1746898,3.6152134
AT4G08400,0.7042248,0.19480701,3.614987
AT3G61480,0.29256597,0.0809321,3.6149554
AT3G13640,0.5509086,0.15240733,3.6147118
AT5G16640,0.3662096,0.10133365,3.613899
AT3G61400,0.6847524,0.18948305,3.6137922
AT2G35550,0.44709253,0.123736136,3.6132736
AT4G18650,0.88724124,0.24558009,3.6128385
AT3G51570,0.45299745,0.12541293,3.612047
AT3G62320,0.82151896,0.22747393,3.611486
AT5G55360,0.74181956,0.20542845,3.6110845
AT5G54770,0.24953687,0.06911781,3.610312
AT2G42440,0.4574794,0.12675889,3.6090512
AT2G03770,0.7632003,0.21151085,3.6083267
AT5G60880,0.530179,0.14694774,3.6079423
AT3G21720,0.75993574,0.21068405,3.606992
AT4G31710,0.474722,0.13161525,3.6068916
AT2G32620,0.47640404,0.13209511,3.6065223
AT1G80900,0.20612128,0.05716133,3.6059558
AT4G08190,0.6572873,0.18228088,3.6059034
AT3G48580,0.8529018,0.23653689,3.6057875
AT4G32170,0.430398,0.11941096,3.6043422
AT4G09350,0.44660735,0.123913944,3.6041732
AT3G20400,0.5799143,0.16090548,3.6040676
AT2G43600,0.58054465,0.16108592,3.6039438
AT1G65860,0.6630448,0.18408376,3.6018646
AT5G16240,0.33745036,0.09368874,3.6018238
AT1G65420,0.3152352,0.08754525,3.6008253
AT5G08600,0.52609795,0.14618151,3.598936
AT4G10440,0.49991792,0.138913,3.5987837
AT4G37400,0.39255202,0.10918231,3.5953808
AT1G15500,0.20132321,0.056000017,3.5950556
AT4G16640,0.5327317,0.14820379,3.5945885
AT2G39820,0.71484894,0.19887747,3.5944188
AT3G23325,0.4438925,0.1234957,3.5943964
AT2G23840,0.49227864,0.13695994,3.5943253
AT5G02680,0.36368993,0.10120751,3.593507
AT1G76720,0.4591394,0.1278535,3.5911365
AT1G03200,0.9845066,0.27428055,3.5894146
AT5G54330,0.48091078,0.13398302,3.589341
AT4G00770,0.5708156,0.1590367,3.5892067
AT1G10540,0.597179,0.1664199,3.5883868
AT2G03160,0.47577894,0.13261461,3.5876806
AT1G55600,0.49466428,0.1378828,3.5875702
AT1G54470,0.5883423,0.16403805,3.5866208
AT1G13590,0.4810501,0.13413164,3.5864024
AT3G06600,0.5121838,0.14282106,3.586192
AT3G57190,0.30757484,0.08577597,3.5857923
AT1G60130,0.5671916,0.15819371,3.5854242
AT1G80210,0.33127502,0.09240257,3.5851274
AT2G39510,0.82639617,0.23053925,3.5846221
AT2G27000,0.4293377,0.119772606,3.5846066
AT5G48750,0.49845585,0.13905753,3.5845294
AT2G26880,0.28681895,0.080029696,3.5839062
AT5G57570,0.5510139,0.15376057,3.5835836
AT3G05820,0.60621285,0.16917357,3.5833778
AT5G27230,0.4432053,0.123687126,3.5832772
AT5G52260,0.54899514,0.15321183,3.5832422
AT3G16540,0.55833554,0.1558411,3.5827231
AT5G59060,0.8007194,0.22350173,3.5826092
AT3G05160,0.47874054,0.13365853,3.5818179
AT1G61160,0.7081133,0.19772273,3.5813446
AT2G24220,0.32023424,0.089443855,3.580282
AT5G52690,0.68012434,0.19001049,3.5794039
AT4G28280,0.71662724,0.20022713,3.5790715
AT1G59730,0.71581435,0.20001645,3.578777
AT1G73700,0.6439643,0.17998064,3.577964
AT5G45240,0.6635195,0.1854841,3.577231
AT3G13400,0.8102942,0.22652468,3.5770679
AT2G34980,0.4264659,0.11922616,3.576949
AT4G28850,0.5955352,0.1664991,3.5768073
AT3G21055,0.32359242,0.09048873,3.576052
AT3G16160,0.689412,0.19282565,3.5753126
AT3G20850,0.6872328,0.19222656,3.5751185
AT1G61720,0.5829504,0.16306365,3.5749867
AT4G36105,0.66475236,0.1859565,3.5747733
AT5G25840,0.52211565,0.14609982,3.573691
AT3G61010,0.7178563,0.20088784,3.573418
AT1G55320,0.45773923,0.12810588,3.5731318
AT1G30380,0.27039525,0.075680524,3.5728507
AT5G02210,0.76051706,0.21286763,3.5727227
AT2G29060,0.4535437,0.12695445,3.572491
AT4G33610,0.8919603,0.24973649,3.5716057
AT1G03720,0.32416597,0.09080238,3.570016
AT5G45840,0.45714933,0.12805532,3.5699358
AT4G31070,0.5097351,0.14281969,3.569081
AT1G26600,0.4834951,0.13548088,3.5687325
AT1G27940,0.52977896,0.14845422,3.568635
AT5G61120,0.51320565,0.14383644,3.5679803
AT3G28630,0.5324333,0.14924614,3.567484
AT4G00870,0.71651375,0.20085809,3.5672634
AT5G40320,0.4126932,0.11569355,3.5671237
AT4G22030,0.8104941,0.22729619,3.565806
AT5G18090,0.6308481,0.17692706,3.5655828
AT2G13660,0.70230603,0.19697386,3.565478
AT3G26620,0.9360737,0.2626383,3.5641174
AT2G33230,0.64465344,0.18088719,3.563842
AT1G12700,0.33747867,0.094704986,3.5634727
AT1G30950,0.54322493,0.15249874,3.5621598
AT4G35725,0.5993931,0.16826786,3.5621364
AT4G35200,0.492651,0.13831532,3.561796
AT5G63470,0.3727701,0.1046816,3.5609894
AT3G06520,0.5047223,0.14174661,3.560736
AT4G35970,0.3781837,0.10621146,3.5606673
AT1G75720,0.5164001,0.14502983,3.5606472
AT1G21500,0.4028383,0.113139346,3.5605497
AT1G65230,0.31318465,0.08796363,3.5603876
AT5G23010,0.6380472,0.17920849,3.5603623
AT3G11180,0.6455802,0.18138227,3.559224
AT5G01320,0.8060607,0.22652406,3.5583887
AT5G14090,0.4822351,0.1355269,3.558224
AT2G06200,0.62510914,0.17568174,3.5581903
AT1G12620,0.33971122,0.095517516,3.5565329
AT5G38450,0.42697224,0.1200654,3.5561638
AT5G51470,0.6161192,0.17326473,3.555941
AT1G02420,0.38817856,0.10916635,3.5558443
AT4G08210,0.5177935,0.14564861,3.5550866
AT5G38320,0.7222992,0.2032013,3.5545993
AT4G23960,0.72823656,0.20488207,3.5544178
AT4G14040,0.35589615,0.10013762,3.55407
AT5G18475,0.28027916,0.078862235,3.554035
AT4G22680,0.65272135,0.1836697,3.5537777
AT1G08380,0.30223304,0.08508262,3.5522296
AT1G28610,0.5711977,0.16080378,3.5521407
AT3G04900,0.61316556,0.17262526,3.5520034
AT1G50290,0.83542484,0.2352131,3.5517783
AT4G10660,0.4591995,0.12929162,3.5516565
AT1G51670,0.6972583,0.19633214,3.5514216
AT1G69150,0.65115756,0.18339464,3.550581
AT4G19190,0.35604164,0.10028018,3.5504684
AT1G21860,0.53042173,0.14940494,3.5502284
AT3G15250,0.5089194,0.14336962,3.5497017
AT5G35380,0.58156466,0.16389711,3.5483518
AT1G12550,0.40704215,0.11473215,3.5477598
AT1G04600,0.5192325,0.14635676,3.5477176
AT1G34540,0.48388654,0.1364605,3.5459821
AT4G09420,0.69434124,0.19583617,3.5455205
AT2G35340,0.27588665,0.077815376,3.5454
AT1G26530,0.5664562,0.15979762,3.5448346
AT4G33280,0.7019128,0.19803372,3.5444105
AT1G13350,0.35242838,0.09945739,3.543511
AT3G53170,0.35919055,0.10140189,3.542247
AT3G24210,0.32941183,0.09300111,3.54202
AT1G62870,0.4242169,0.11976906,3.5419571
AT1G01450,0.58383757,0.1648548,3.5415258
AT3G26200,0.80006814,0.22593395,3.5411592
AT3G21470,0.49287006,0.13920298,3.540657
AT4G18740,0.3757993,0.10615636,3.5400543
AT1G05310,0.6115315,0.17277183,3.5395322
AT1G55710,0.47250164,0.13349502,3.5394697
AT1G58470,0.22972609,0.06493377,3.537852
AT4G24150,0.7577937,0.21420817,3.5376506
AT3G61250,0.50767004,0.14352465,3.5371625
AT4G03610,0.4860857,0.13742279,3.5371547
AT4G19890,0.2900965,0.0820331,3.5363345
AT1G62610,0.39781278,0.112497315,3.536198
AT3G14460,0.48518044,0.13721156,3.5360022
AT1G58807,0.75054973,0.21226576,3.535896
AT5G04630,0.6231172,0.176252,3.5353765
AT1G52530,0.44448143,0.12574534,3.534774
AT2G39620,0.478743,0.13546403,3.5340965
AT1G57570,0.44829142,0.12688614,3.5330207
AT5G64770,0.5102584,0.14449285,3.5313742
AT2G26420,0.4161581,0.11784988,3.531256
AT4G36600,0.8384562,0.23749289,3.5304475
AT2G19490,0.39875785,0.11295666,3.5301843
AT5G09950,0.47149295,0.13356958,3.529942
AT5G09990,0.6796988,0.19257094,3.529602
AT5G02350,0.48905492,0.13856132,3.5295193
AT2G35890,0.504098,0.14283921,3.5291288
AT5G41050,0.4606545,0.1306337,3.5263064
AT4G38970,0.2687293,0.07620706,3.5263042
AT1G14430,0.6462869,0.18328914,3.526051
AT2G39690,0.56872797,0.1613008,3.5258842
AT1G69320,0.5703852,0.16177213,3.5258555
AT2G41470,0.7283141,0.20656897,3.5257668
AT5G06790,0.5522121,0.15662435,3.5257103
AT2G34430,0.616136,0.17476434,3.5255246
AT1G07860,0.96001095,0.27236775,3.5246866
AT5G42765,0.2812921,0.07983827,3.523274
AT3G26300,0.30505747,0.086589865,3.5230155
AT4G32630,0.6336472,0.17988145,3.5225818
AT5G09700,0.7441086,0.2112403,3.522569
AT4G29560,0.2778894,0.07889666,3.5221946
AT1G05280,0.4188521,0.118922815,3.5220497
AT2G45250,0.23694712,0.06727838,3.5218906
AT1G70830,0.61473054,0.17458849,3.5210254
AT3G19090,0.5289458,0.15023768,3.5207262
AT1G58160,0.5901986,0.16763656,3.5207028
AT4G16050,0.51951236,0.1475753,3.5203202
AT3G59310,0.42724815,0.12137024,3.520205
AT3G15740,0.68221486,0.19380338,3.5201387
AT4G01340,0.64050114,0.18198897,3.51945
AT2G01870,0.42493546,0.120744,3.519309
AT2G38100,0.4906226,0.13942249,3.5189629
AT2G03750,0.4065666,0.115553446,3.5184288
AT4G35120,0.38180423,0.108517185,3.5183754
AT5G04660,0.57399267,0.16318142,3.517512
AT5G49240,0.32687387,0.09293235,3.5173311
AT5G14750,0.5102674,0.14508085,3.517124
AT2G40790,0.62400234,0.17751983,3.515113
AT4G08250,0.61777693,0.1757504,3.515081
AT1G19940,0.5185883,0.14755039,3.5146518
AT4G15370,0.5965115,0.16972516,3.5145726
AT1G59780,0.5500807,0.15656425,3.51345
AT3G05240,0.41255423,0.11747143,3.5119536
AT4G31520,0.49861458,0.14200614,3.511218
AT3G06640,0.66267633,0.18874231,3.511011
AT4G35520,0.44221145,0.12597021,3.5104442
AT2G32940,0.37004283,0.105422914,3.5100794
AT2G41340,0.54822063,0.15619284,3.5098958
AT4G20240,0.6821885,0.19441275,3.5089698
AT1G59530,0.6920977,0.19723953,3.5089197
AT3G62740,0.6938398,0.19774808,3.5087054
AT3G62820,0.5404218,0.15404406,3.5082283
AT1G67760,0.5725648,0.16320884,3.5081723
AT5G16790,0.40231514,0.114680514,3.5081384
AT5G61620,0.6029287,0.17188367,3.5077715
AT1G07340,0.40844283,0.11644399,3.5076332
AT4G34320,0.51514906,0.14689147,3.507004
AT3G11860,0.8853076,0.25248295,3.5064056
AT4G09110,0.5701327,0.16262516,3.505808
AT4G28380,0.41099256,0.11723549,3.5057006
AT4G31230,0.57916546,0.16523167,3.5051718
AT2G19770,0.51676035,0.14742897,3.5051475
AT5G45770,0.5546596,0.15824296,3.5051136
AT5G03795,0.61084527,0.17428224,3.5049195
AT3G62960,0.921867,0.2630743,3.5042076
AT5G60470,0.6570465,0.18750757,3.5041063
AT5G65580,0.7476606,0.21341705,3.503284
AT3G30340,0.6037714,0.172473,3.5006716
AT3G44970,0.74353915,0.2124186,3.5003483
AT3G45440,0.5091464,0.14546983,3.5000134
AT1G74150,0.41013533,0.11718681,3.499842
AT4G25990,0.45078424,0.12880233,3.4998138
AT1G63870,0.60319895,0.17237297,3.4993823
AT4G36190,0.35402992,0.10117023,3.4993486
AT5G03790,0.6073259,0.17356434,3.4991395
AT1G74200,0.36160803,0.10337778,3.4979277
AT3G29030,0.4970577,0.1421304,3.4971943
AT1G55640,0.5576975,0.15947393,3.4971073
AT5G63900,0.534795,0.15292922,3.4970095
AT1G49680,0.6647378,0.1900886,3.4969893
AT3G08750,0.58016056,0.16590351,3.4969754
AT2G02690,0.55801487,0.1595796,3.4967804
AT1G18510,0.47641903,0.13625267,3.4965844
AT4G09010,0.27995116,0.080065064,3.4965453
AT5G43390,0.5305314,0.15176332,3.4957812
AT3G09750,0.4805735,0.13751063,3.4948096
AT5G08460,0.631173,0.18064241,3.4940464
AT2G36660,0.5318925,0.15226674,3.4931622
AT3G16600,0.4492403,0.12861304,3.4929602
AT2G05070,0.55976725,0.16025718,3.4929307
AT5G15940,0.67542946,0.19342652,3.4919174
AT5G65800,0.59031385,0.16905282,3.4918897
AT3G29140,0.7748109,0.2219432,3.4910321
AT5G46690,0.47089505,0.13490301,3.490619
AT3G46150,0.6343747,0.18177333,3.4899213
AT1G49920,0.58183515,0.16674805,3.489307
AT1G10110,0.7227545,0.20714381,3.4891431
AT1G70910,0.7497147,0.21487203,3.4891214
AT3G56890,0.81222093,0.232795,3.4889963
AT1G26680,0.5620964,0.16113159,3.4884305
AT5G55930,0.5084011,0.14574635,3.488259
AT5G43770,0.86646384,0.2484598,3.48734
AT3G23110,0.8312391,0.23840626,3.4866495
AT1G22670,0.54765075,0.15707861,3.4864755
AT2G45120,0.5030106,0.14429754,3.485926
AT5G19490,0.5963616,0.17107955,3.4858727
AT2G07696,0.77761066,0.2230961,3.4855409
AT1G51805,0.37182763,0.10668316,3.485345
AT3G16175,0.6151318,0.1765387,3.4844015
AT4G32080,0.6140835,0.17623818,3.4843953
AT1G71250,0.7987367,0.22931395,3.4831576
AT5G14890,0.5154174,0.14799349,3.4827027
AT3G04050,0.6309112,0.18116318,3.482557
AT1G21510,0.6506864,0.1868494,3.4824107
AT5G28160,0.48403138,0.13900974,3.4819956
AT1G28550,0.61603165,0.17694138,3.4815576
AT3G08560,0.64298785,0.18468964,3.4814503
AT1G76770,0.6710264,0.1927716,3.4809399
AT3G28560,0.6855717,0.19695872,3.4807882
AT5G60500,0.46753132,0.13432531,3.4805896
AT1G78820,0.54543453,0.15670781,3.4805827
AT5G55020,0.57248026,0.16450684,3.479978
AT4G26520,0.35127187,0.10095783,3.4793916
AT4G16860,0.6247634,0.17956276,3.4793594
AT2G34920,0.33402,0.09600761,3.4790988
AT1G69560,0.5299064,0.15232892,3.478698
AT1G68760,0.4570997,0.13140059,3.478673
AT5G40330,0.5210761,0.14981264,3.4781847
AT5G55800,0.4997113,0.14368409,3.4778469
AT1G14760,0.5048522,0.14516966,3.4776697
AT2G21930,0.5406081,0.15548135,3.4769962
AT1G34570,0.46506044,0.13377665,3.4763944
AT5G51760,0.7654713,0.22023194,3.4757504
AT1G67210,0.2823048,0.08122744,3.4754853
AT3G22700,0.6881526,0.1980251,3.4750774
AT4G12830,0.41561258,0.11963654,3.47396
AT1G07470,0.26426986,0.07609716,3.472795
AT4G23130,0.759691,0.21876164,3.4726882
AT2G38330,0.17854649,0.05142108,3.4722424
AT2G07734,0.6905961,0.19892101,3.47171
AT5G44400,0.6854409,0.19755268,3.469661
AT1G59930,0.9064097,0.26130563,3.4687722
AT2G28990,0.4482014,0.12922426,3.4683995
AT3G26460,0.5608552,0.16170453,3.468395
AT3G28710,0.204425,0.058945958,3.4680066
AT1G64300,0.34947065,0.10080331,3.4668567
AT1G31430,0.4157344,0.119924344,3.4666388
AT3G44900,0.6115419,0.17645936,3.4656246
AT1G54280,0.5709509,0.16474889,3.4655824
AT4G00238,0.3241213,0.09352821,3.465492
AT3G20940,0.38920566,0.11231293,3.465368
AT1G10190,0.48979983,0.1413632,3.464832
AT4G29910,0.18205328,0.052545484,3.4646792
AT3G45430,0.55238897,0.15943788,3.4646027
AT2G02300,0.55088246,0.15900502,3.46456
AT3G28620,0.69350636,0.2002917,3.4624817
AT2G43310,0.4479613,0.12938808,3.4621525
AT4G18790,0.42696643,0.12333557,3.461827
AT1G60980,0.39322042,0.1136448,3.4600825
AT1G44120,0.6086751,0.17591774,3.4599981
AT3G48200,0.31784472,0.091864504,3.4599292
AT4G30120,0.52226585,0.15096073,3.4596136
AT4G18460,0.29842517,0.08627408,3.4590359
AT1G62360,0.5097838,0.14738217,3.4589243
AT4G26170,0.64179903,0.18555455,3.4588156
AT2G18640,0.5203462,0.1504526,3.458539
AT3G57700,0.655047,0.1894149,3.458265
AT4G13240,0.42441615,0.12275379,3.4574585
AT4G13880,0.5359996,0.15503056,3.4573798
AT1G52440,0.6394939,0.18497178,3.4572508
AT4G39010,0.47225744,0.1366014,3.4571927
AT1G76210,0.6756006,0.1954345,3.4569154
AT5G04360,0.25073975,0.07253777,3.4566782
AT1G77790,0.5929947,0.17157826,3.4561176
AT2G42610,0.5686345,0.16453661,3.4559753
AT1G35610,0.45159027,0.13068058,3.4556797
AT3G62160,0.42194727,0.12213195,3.4548473
AT2G18490,0.69010764,0.19975151,3.4548304
AT4G17700,0.43425742,0.12570582,3.4545524
AT3G55180,0.48309705,0.13984703,3.4544675
AT2G36980,0.39743125,0.115051754,3.454369
AT5G47470,0.66848594,0.19352773,3.4542124
AT1G51960,0.6819137,0.19745149,3.4535756
AT5G64590,0.6221125,0.180164,3.4530344
AT2G30820,0.47937357,0.13883658,3.4527898
AT1G74880,0.3243209,0.0939361,3.4525692
AT1G64020,0.7345575,0.2127601,3.4525151
AT3G44740,0.39498016,0.114417344,3.4521003
AT3G11750,0.45647588,0.13225697,3.4514313
AT5G39030,0.5417372,0.15699358,3.4506962
AT5G45650,0.5345811,0.15492415,3.4505987
AT3G08530,0.16854002,0.04884403,3.4505749
AT4G21903,0.6754845,0.19577298,3.4503455
AT5G07190,0.74387765,0.21561572,3.4500155
AT1G71420,0.38676322,0.112108655,3.4498959
AT1G59620,0.35998845,0.10434819,3.449877
AT5G48670,0.43452612,0.12598768,3.4489567
AT3G45290,0.5618308,0.16290624,3.4487982
AT1G09640,0.14942999,0.043328274,3.4487863
AT1G78220,0.4864489,0.14105245,3.448709
AT4G21310,0.42486826,0.123216815,3.4481351
AT4G01970,0.5937247,0.17219946,3.4478893
AT3G11745,0.4118785,0.1194817,3.4472098
AT1G51910,0.28732082,0.08337055,3.4463103
AT5G55950,0.4235392,0.12293639,3.4451895
AT2G19610,0.5912561,0.1716251,3.4450443
AT3G09800,0.3740814,0.1085983,3.444634
AT1G64910,0.4404375,0.12787291,3.4443374
AT2G42500,0.19292535,0.056025952,3.443499
AT4G31900,0.38574192,0.112026766,3.4433012
AT4G17600,0.26094064,0.075821795,3.4414988
AT5G05280,0.7217357,0.20974888,3.4409513
AT2G41850,0.83061653,0.24139842,3.4408529
AT2G34700,0.75090724,0.21826172,3.440398
AT3G13170,0.59571946,0.17315426,3.440397
AT5G63100,0.31796587,0.09243017,3.4400656
AT1G20490,0.4280765,0.124460936,3.4394445
AT2G07691,0.8889607,0.25849676,3.4389627
AT2G36030,0.6912265,0.2010126,3.438722
AT5G24500,0.18807335,0.0546972,3.4384449
AT1G18485,0.3109525,0.09043553,3.4383886
AT5G62110,0.47906038,0.13933302,3.4382396
AT5G57400,0.52528775,0.15279898,3.4377697
AT2G41280,0.7298252,0.21230821,3.4375737
AT5G35490,0.6506418,0.1892761,3.4375272
AT3G58060,0.75135905,0.21858153,3.4374313
AT2G33130,0.78717774,0.2290046,3.437388
AT1G07550,0.50213516,0.14608097,3.4373753
AT2G34360,0.69833183,0.20316255,3.4373057
AT3G19180,0.3935032,0.114481695,3.4372582
AT1G71490,0.42443854,0.12351178,3.4364214
AT2G23970,0.6960655,0.20257434,3.4360988
AT2G23630,0.4923817,0.14335631,3.4346702
AT1G09790,0.4475847,0.1303219,3.4344544
AT1G02580,0.6812773,0.19841929,3.4335232
AT3G16120,0.82876575,0.24144556,3.4325159
AT5G64890,0.75023586,0.21858035,3.4323113
AT5G12910,0.53898466,0.157039,3.4321704
AT5G25910,0.6284356,0.18310657,3.4320755
AT4G25010,0.7551336,0.22005247,3.431607
AT4G00690,0.5046663,0.14706555,3.4315736
AT3G26880,0.490304,0.14288309,3.4315042
AT5G01480,0.5977891,0.17421846,3.4312613
AT1G49100,0.4688678,0.13667211,3.430603
AT1G20130,0.83190864,0.24254733,3.4298813
AT3G20520,0.6025589,0.17569137,3.429644
AT2G25565,0.59508383,0.17353371,3.4292114
AT1G74820,0.46049002,0.13429186,3.4290237
AT5G49130,0.6330537,0.1846191,3.4289718
AT5G18710,0.62217903,0.18146928,3.4285638
AT5G60335,0.5788574,0.16884798,3.4282753
AT5G01860,0.49228474,0.14363599,3.4273074
AT5G40410,0.48698145,0.1420937,3.427185
AT4G02770,0.27278814,0.07962379,3.4259624
AT2G37810,0.675718,0.1973372,3.4241793
AT2G10930,0.62018377,0.18112293,3.4241037
AT1G70110,0.61255974,0.17891966,3.423658
AT3G18720,0.6560091,0.19167899,3.4224358
AT4G18490,0.44111103,0.1289368,3.4211411
AT1G50280,0.47345367,0.13841222,3.4206057
AT4G39110,0.59487796,0.17392287,3.4203548
AT1G71140,0.6073453,0.17759971,3.419742
AT5G01300,0.95716137,0.27991712,3.4194455
AT3G48420,0.2809796,0.0821736,3.419341
AT1G50180,0.48665708,0.14233848,3.4190123
AT3G30530,0.67017305,0.19604188,3.4185195
AT4G39530,0.33473134,0.09792356,3.4182918
AT1G03880,0.92262214,0.26994592,3.4178035
AT1G67990,0.63808054,0.18672258,3.4172647
AT1G65480,0.7908505,0.23147927,3.4165065
AT4G13570,0.62827224,0.18393204,3.4157844
AT1G09480,0.62657046,0.18346155,3.4152684
AT2G28270,0.6693602,0.1959944,3.4152005
AT3G23260,0.49423322,0.14473641,3.4147122
AT5G38820,0.5959965,0.17461313,3.4132395
AT2G02700,0.6777795,0.19861408,3.412545
AT4G35660,0.5213935,0.15279505,3.4123712
AT1G67740,0.23157872,0.06786725,3.4122305
AT3G55700,0.5958958,0.17464766,3.4119883
AT3G58200,0.42593312,0.12486214,3.411227
AT5G37980,0.6792163,0.19914006,3.4107466
AT1G63580,0.6878709,0.20176172,3.409323
AT3G21310,0.568322,0.16670582,3.4091308
AT2G42480,0.71061224,0.20848025,3.4085348
AT1G27410,0.2615107,0.07676092,3.4068205
AT2G46640,0.4755439,0.13961583,3.406088
AT2G17470,0.5340053,0.15681286,3.4053662
AT5G60520,0.40148985,0.11789923,3.4053643
AT3G13840,0.75443995,0.22155435,3.4052136
AT2G06570,0.47055027,0.13820899,3.4046283
AT4G22830,0.310722,0.09128117,3.4040096
AT1G16910,0.70550483,0.20727795,3.4036653
AT5G55330,0.5517323,0.16213778,3.4028606
AT5G38650,0.6237049,0.18329306,3.402774
AT5G22540,0.64719826,0.19019806,3.402759
AT1G32780,0.5209915,0.15313919,3.402078
AT1G44180,0.4834039,0.14209893,3.4018822
AT5G55740,0.32134733,0.094472565,3.401488
AT5G54400,0.543279,0.15972471,3.4013455
AT5G50240,0.44933635,0.13210699,3.401306
AT5G11360,0.729945,0.21463777,3.4008224
AT5G25990,0.63516176,0.18682213,3.3998206
AT2G33120,0.26875708,0.07905938,3.399433
AT4G09000,0.24751714,0.07281226,3.3993878
AT3G22690,0.3854744,0.11339643,3.399352
AT5G39210,0.35292667,0.10385814,3.3981605
AT3G01015,0.7591346,0.22345197,3.3973053
AT4G18900,0.63307405,0.18636018,3.3970454
AT5G66660,0.6753332,0.19880459,3.3969696
AT2G37610,0.68623745,0.2020502,3.396371
AT4G17810,0.3664645,0.10790588,3.3961492
AT2G29605,0.46313545,0.13641408,3.3950703
AT1G64260,0.54064083,0.1592878,3.394113
AT4G11440,0.2769436,0.08160804,3.3935819
AT5G17660,0.19461599,0.057359535,3.3929136
AT4G13860,0.76176715,0.22452644,3.3927724
AT4G19095,0.76884556,0.22662733,3.392554
AT5G10680,0.6964384,0.20529218,3.392425
AT1G60600,0.29648018,0.087399654,3.3922348
AT5G02720,0.78343636,0.23097599,3.3918517
AT4G28230,0.46543434,0.13725375,3.3910499
AT5G27630,0.31641674,0.09331025,3.3910177
AT5G45850,0.7261309,0.21417439,3.390372
AT5G44620,0.538586,0.15887156,3.3900716
AT5G57690,0.6234772,0.18393204,3.389715
AT5G25880,0.5639085,0.1663853,3.3891726
AT1G07700,0.25311002,0.0746835,3.3891017
AT4G30710,0.42375514,0.12503785,3.3890145
AT5G07570,0.7249205,0.21392006,3.3887446
AT1G75690,0.2972261,0.08771363,3.3885963
AT1G01700,0.54494065,0.1608453,3.3879797
AT5G48690,0.5303968,0.15656866,3.3876305
AT2G04066,0.7097165,0.20951833,3.3873718
AT2G28700,0.5042236,0.14888164,3.3867407
AT2G45150,0.2072671,0.061202157,3.3865974
AT1G70500,0.51819193,0.15301311,3.3865848
AT2G35950,0.702523,0.20748909,3.3858309
AT5G39820,0.48611307,0.14361383,3.3848622
AT3G17520,1.1079719,0.32740915,3.3840592
AT3G55330,0.27996874,0.0827338,3.38397
AT1G48500,0.53883874,0.1592388,3.3838406
AT4G24010,0.6343812,0.18749641,3.3834307
AT4G11900,0.4895418,0.14469972,3.383156
AT2G21530,0.3057217,0.09036825,3.3830652
AT1G03540,0.5032526,0.14875664,3.3830595
AT1G54040,0.8016491,0.23704799,3.3818007
AT4G08700,0.41011375,0.121271364,3.3817854
AT1G68200,0.5535929,0.16370586,3.3816314
AT1G29200,0.47728384,0.14119367,3.3803482
AT2G07725,0.8516945,0.2519896,3.3798797
AT2G44195,0.7092372,0.20984489,3.3798163
AT5G56860,0.4255419,0.12590748,3.379798
AT5G35770,0.4764233,0.14100444,3.3787818
AT5G59130,0.5157065,0.1526331,3.3787327
AT2G43900,0.2760375,0.08170856,3.378318
AT2G30630,0.5811104,0.17201732,3.3782084
AT3G24560,0.21167094,0.062662825,3.3779345
AT1G23540,0.5389756,0.15956385,3.3778048
AT5G18350,0.6194244,0.18341072,3.3772528
AT1G55990,0.95941156,0.28410634,3.3769453
AT2G17080,0.4685182,0.13878386,3.3758836
AT4G04740,0.3403413,0.10083457,3.375244
AT4G18260,0.45521858,0.13487542,3.3751037
AT4G12620,0.42573637,0.12615497,3.374709
AT3G55800,0.25316674,0.07502716,3.374334
AT3G50940,0.60019666,0.17787896,3.3741856
AT2G21850,0.41081354,0.12182772,3.3720856
AT1G02590,0.7214228,0.21400674,3.3710282
AT1G55380,0.59499556,0.17653607,3.3703907
AT4G17480,0.6263984,0.18589848,3.3695722
AT5G63820,0.5988029,0.17775708,3.3686583
AT5G52720,1.002451,0.29758805,3.368586
AT3G11000,0.53286004,0.15818745,3.3685353
AT4G22510,0.9534797,0.2830664,3.368396
AT5G61290,0.66409945,0.1971712,3.368136
AT5G48940,0.38248014,0.1135679,3.367854
AT1G28230,0.56072164,0.16649728,3.3677523
AT5G47130,0.6867911,0.20394021,3.36761
AT2G05520,0.40422243,0.120033495,3.36758
AT4G24950,0.60594326,0.1799422,3.3674324
AT2G02340,0.6718127,0.19952029,3.3671396
AT4G20450,0.5719942,0.16988005,3.367047
AT3G15280,0.7426059,0.22058266,3.366565
AT1G72860,0.45821637,0.13611156,3.3664763
AT3G52160,0.59560025,0.1769345,3.3662186
AT5G63750,0.56061476,0.16654643,3.3661165
AT2G44590,0.61322373,0.18218765,3.3658905
AT3G19710,0.5618203,0.16692898,3.3656247
AT3G20680,0.32779837,0.097407654,3.3652215
AT1G75890,0.70295864,0.20889376,3.3651488
AT4G04900,0.82696444,0.24579845,3.3644004
AT2G24470,0.6024258,0.17906891,3.364212
AT5G66670,0.6006353,0.17853744,3.3641975
AT3G04690,0.4770689,0.14181592,3.3640008
AT5G42580,0.44934902,0.133581,3.363869
AT4G00890,0.6557011,0.19492744,3.3638213
AT5G03840,0.7170313,0.21316722,3.3637033
AT3G60650,0.79159737,0.23541795,3.362519
AT1G52700,0.58266973,0.17329967,3.3622088
AT4G31320,0.40449047,0.12033254,3.3614388
AT3G07670,0.19777453,0.05884157,3.3611355
AT1G62490,0.6658637,0.19810928,3.3610926
AT5G43230,0.4415676,0.13137904,3.3610198
AT5G37620,0.43671477,0.12995455,3.360519
AT3G24360,0.43632743,0.12985101,3.3602154
AT3G27510,0.55518657,0.16524045,3.3598704
AT2G45260,0.2793538,0.08315646,3.3593755
AT1G34310,0.35193217,0.1047624,3.3593364
AT5G11410,0.6962928,0.20730804,3.358735
AT5G57200,0.4835613,0.1439748,3.358652
AT1G56680,0.46853662,0.13950253,3.3586242
AT3G59440,0.64449227,0.19193849,3.357806
AT5G57500,0.58186275,0.17330915,3.3573687
AT2G02660,0.34813085,0.10370681,3.3568754
AT4G10150,0.76887,0.22906515,3.3565557
AT4G18290,0.34781623,0.103653066,3.3555806
AT1G53080,0.8167629,0.24340583,3.35556
AT1G76190,0.72513133,0.21611233,3.3553443
AT5G26330,0.46269095,0.13792041,3.3547676
AT1G33940,0.41070956,0.1224428,3.3542972
AT5G02180,0.5639644,0.16817062,3.3535252
AT5G12870,0.54538864,0.16263811,3.3533874
AT2G07721,0.8719463,0.26003864,3.353141
AT1G23730,0.7469285,0.22277945,3.3527708
AT5G41650,0.51330984,0.15310518,3.3526611
AT3G13140,0.63121575,0.18827681,3.352594
AT3G43970,0.68469423,0.20423539,3.3524756
AT1G01150,0.7441141,0.22202195,3.3515337
AT5G52490,0.37735495,0.11261165,3.3509402
AT2G33720,0.5427656,0.16199173,3.3505757
AT3G23340,0.33312982,0.099455945,3.3495212
AT1G11520,0.4347868,0.1298068,3.3494914
AT3G32040,0.47634926,0.14221625,3.349471
AT3G04960,0.5464908,0.16318272,3.34895
AT3G45840,0.38460952,0.11485476,3.3486595
AT1G17700,0.6251657,0.18669395,3.3486123
AT4G10510,0.43158948,0.12888692,3.34859
AT2G30130,0.47308448,0.14130591,3.3479452
AT3G20540,0.38454542,0.1148629,3.3478644
AT1G67635,0.56245,0.16801262,3.3476648
AT4G31400,0.33062714,0.0987717,3.347387
AT1G05530,0.55966663,0.16720665,3.347155
AT1G05577,0.5139665,0.15355724,3.3470676
AT4G01930,0.56220233,0.16797541,3.346932
AT2G41690,0.58292335,0.1741746,3.3467755
AT2G35150,0.430978,0.12878354,3.3465297
AT5G50950,0.57943755,0.17319928,3.345496
AT1G52070,0.529791,0.15839097,3.3448305
AT1G17150,0.330891,0.09892722,3.3447921
AT3G25880,0.7554813,0.22587486,3.3446894
AT3G18660,0.49551988,0.14815894,3.3445153
AT3G21570,0.488169,0.14597738,3.3441412
AT4G14850,0.24879128,0.074402615,3.3438509
AT5G22860,0.6539955,0.19558626,3.3437698
AT1G32540,0.37500805,0.11215992,3.3435118
AT3G53040,0.7983444,0.23877539,3.3434951
AT4G11470,0.72111607,0.21567757,3.3434908
AT2G23570,0.47839978,0.14309515,3.343228
AT4G39180,0.4342276,0.12991005,3.3425245
AT1G09180,0.6787095,0.20308706,3.341963
AT1G10010,0.50148445,0.15008785,3.3412726
AT5G49320,0.46788007,0.140046,3.3409023
AT3G61380,0.30999357,0.092788026,3.3408787
AT1G30740,0.6407309,0.19178894,3.3408124
AT1G65570,0.6023778,0.18035707,3.3399174
AT5G04220,0.39397883,0.1180057,3.3386421
AT4G13210,0.54900444,0.16446921,3.3380375
AT3G11870,0.46760887,0.14009613,3.3377712
AT1G45545,0.4683306,0.14031774,3.3376431
AT1G56510,0.57815987,0.17333394,3.3355258
AT1G57670,0.5694238,0.17077391,3.334372
AT1G37150,0.5337008,0.16006163,3.3343456
AT4G16400,0.4011031,0.12029476,3.3343356
AT3G10870,0.46409443,0.13920166,3.3339717
AT2G19150,0.44985756,0.13493621,3.333853
AT2G02290,0.4837721,0.14512895,3.3333945
AT3G05840,0.22260118,0.066779874,3.3333569
AT3G07490,0.6467034,0.19402926,3.33302
AT1G66570,1.0226799,0.30689463,3.3323488
AT2G07722,0.86170995,0.2586607,3.3314297
AT4G04730,0.4878783,0.14646412,3.3310425
AT1G62980,0.5055071,0.15175828,3.3310015
AT5G61090,0.5205188,0.15627593,3.3307672
AT4G04640,0.26494375,0.07955421,3.3303547
AT5G25980,0.678615,0.20378493,3.3300545
AT3G61880,0.6014059,0.18061261,3.329811
AT4G04220,0.56034327,0.16829118,3.3296053
AT5G65070,0.68880075,0.20687461,3.3295565
AT3G08500,0.588713,0.176828,3.329297
AT1G71690,0.65170646,0.19576916,3.3289533
AT3G47110,0.4270942,0.12831175,3.328566
AT5G47110,0.25516656,0.076665215,3.3283222
AT5G52970,0.2716327,0.08162295,3.3278959
AT3G55290,0.58914644,0.17703828,3.327791
AT5G46270,0.3301379,0.099206395,3.3277884
AT4G04450,0.66744393,0.20064676,3.3264623
AT3G46800,0.4610084,0.13865833,3.3247793
AT5G60140,0.5979045,0.17983814,3.324681
AT5G40645,0.7796796,0.23453724,3.3243315
AT2G45610,0.6036608,0.18158883,3.3243277
AT3G10600,0.6351824,0.19107589,3.3242412
AT1G14490,0.5842024,0.17578836,3.323328
AT1G24030,0.45477775,0.13685612,3.323035
AT5G47670,0.66874486,0.20126317,3.3227382
AT4G09960,0.5655865,0.17023031,3.3224778
AT3G26540,0.33438778,0.100656815,3.3220577
AT5G53820,0.88035715,0.2650098,3.3219798
AT1G50680,0.49074194,0.14776686,3.3210552
AT4G20160,0.48328927,0.14555052,3.3204224
AT4G13190,0.6444632,0.19413087,3.3197355
AT4G02650,0.7236572,0.21798997,3.319681
AT3G19690,0.73645806,0.22197308,3.3177807
AT4G24170,0.5940191,0.17904478,3.3177123
AT1G31814,0.19724843,0.059475943,3.3164399
AT4G13450,0.63050985,0.19030364,3.3131778
AT3G61310,0.29718262,0.08970062,3.3130496
AT2G33240,0.43610847,0.13165346,3.3125482
AT4G31615,0.62260014,0.18797036,3.3122249
AT4G25590,0.3723803,0.1124532,3.3114243
AT5G50160,0.41013038,0.12385478,3.3113809
AT5G17320,0.41590995,0.12561075,3.311101
AT5G38750,0.7609178,0.22981235,3.3110392
AT4G36770,0.60851574,0.1837884,3.310958
AT3G20190,0.6333423,0.19135885,3.3097098
AT2G33460,0.5543689,0.16752307,3.309209
AT3G58350,0.44874823,0.13564558,3.3082402
AT5G13270,0.26121065,0.078970365,3.3077044
AT4G19980,0.41657022,0.1259584,3.3072045
AT2G27380,0.7811645,0.23622538,3.306861
AT4G28680,0.47805867,0.14456768,3.3068151
AT3G16670,0.70019567,0.21178317,3.306191
AT5G61040,0.22080182,0.06679321,3.305752
AT4G19680,0.4864227,0.14715143,3.3055925
AT2G46440,0.7399626,0.22385186,3.3055902
AT1G30100,0.68316346,0.20667973,3.3054204
AT2G45600,0.41522777,0.12565044,3.3046262
AT3G30720,1.1003245,0.33298197,3.3044567
AT2G17180,0.4723231,0.1429458,3.3042107
AT1G10460,0.48815832,0.14777166,3.3034635
AT3G59190,0.5529216,0.16745779,3.3018563
AT1G31240,0.46969262,0.14225109,3.3018558
AT5G19800,0.5917782,0.17923816,3.3016305
AT4G18990,0.6883132,0.20850779,3.3011386
AT3G28420,0.5646999,0.17107993,3.3007953
AT3G49690,0.40236473,0.121910326,3.3004973
AT3G57140,0.38214082,0.11580714,3.2998035
AT5G06820,0.5674151,0.17196481,3.2996
AT5G23000,0.57591116,0.17455097,3.2993865
AT2G39290,0.16094165,0.048785415,3.2989697
AT5G04180,0.70493424,0.2137003,3.2987049
AT5G16100,0.38004386,0.115231924,3.2980778
AT3G19530,0.5562928,0.16867928,3.2979314
AT2G07706,0.8507613,0.25797105,3.2978945
AT4G00020,0.47376308,0.14365984,3.297811
AT2G37620,0.29218978,0.08861129,3.2974327
AT3G50310,0.6910472,0.20961681,3.2967162
AT5G24510,0.7344988,0.2228046,3.2966049
AT4G01470,0.47536287,0.14420384,3.2964642
AT5G37890,0.22879876,0.069413796,3.2961566
AT3G44240,0.4559915,0.13835585,3.2957873
AT5G20810,0.48557323,0.14735398,3.2952838
AT5G27110,0.3813654,0.115744315,3.294895
AT2G38110,0.44066098,0.13374704,3.294734
AT3G59130,0.42194977,0.12806976,3.2946866
AT3G30370,0.41262957,0.12524572,3.29456
AT1G06650,0.22225727,0.06748251,3.2935534
AT4G28740,0.31125242,0.09451283,3.293229
AT5G25960,0.4584168,0.13920346,3.2931418
AT1G54970,0.56546503,0.1717629,3.2921252
AT1G54940,0.4500522,0.13672613,3.2916324
AT5G55620,0.5179571,0.15738003,3.2911232
AT4G22730,0.4311164,0.13100536,3.29083
AT1G55050,0.4491625,0.13649318,3.290732
AT3G18670,0.49269179,0.1497509,3.2900753
AT1G80080,0.47723198,0.14505829,3.2899323
AT5G28510,0.6587482,0.20023277,3.2899117
AT2G23000,0.6766293,0.20568174,3.2896905
AT3G21000,0.5377642,0.16347532,3.289574
AT2G43930,0.7020601,0.21346177,3.2889264
AT1G58380,0.21664701,0.06587868,3.288575
AT3G60790,0.40889052,0.12435733,3.288029
AT5G58630,0.6222437,0.1892581,3.2878046
AT3G16250,0.44313425,0.13478367,3.287744
AT2G44920,0.2800653,0.08518803,3.287613
AT1G07180,0.59727585,0.18169028,3.2873294
AT5G13360,0.35926577,0.10928845,3.2873168
AT2G22000,0.4440651,0.1351022,3.2868824
AT4G28660,0.28185338,0.085752346,3.2868297
AT4G36230,0.68354744,0.2079723,3.2867231
AT2G41370,0.3213185,0.09780365,3.2853425
AT2G25600,0.55121684,0.16778967,3.2851653
AT2G46480,0.55908996,0.17020202,3.2848606
AT4G32810,0.7024249,0.21386759,3.2843912
AT1G61760,0.54961944,0.16734864,3.2842777
AT4G39650,0.5645215,0.17194487,3.2831538
AT3G49830,0.5294067,0.16128254,3.2824798
AT3G45110,0.4977152,0.15162838,3.2824671
AT4G00730,0.21590275,0.06577702,3.2823427
AT5G14670,0.42025492,0.12806548,3.2815623
AT3G53690,0.39111745,0.11919479,3.2813299
AT1G15330,0.7098049,0.21639886,3.2800765
AT5G04970,0.43247834,0.13187903,3.279356
AT1G07660,0.33194497,0.1012509,3.2784395
AT4G26560,0.56553817,0.17252265,3.2780514
AT2G47540,0.43263632,0.1319862,3.2778902
AT5G48390,0.50911444,0.15531985,3.277845
AT1G31720,0.5445945,0.16620384,3.276666
AT1G29020,0.44798028,0.13673769,3.2762015
AT2G40960,0.38669428,0.118054144,3.275567
AT1G17200,0.2703895,0.08255202,3.2753828
AT2G38690,0.575213,0.17565428,3.274688
AT1G07850,0.64773166,0.19784091,3.2740023
AT4G17785,0.52291304,0.15974085,3.2735083
AT4G01500,0.50925136,0.15557969,3.2732506
AT4G35650,0.4282212,0.1308268,3.2731912
AT5G49620,0.5391061,0.16472375,3.2727885
AT5G18180,0.43846264,0.13397536,3.2727108
AT5G44140,0.6693112,0.20456089,3.271941
AT1G66940,0.44782892,0.13688335,3.2716095
AT3G06870,0.6030825,0.1843439,3.2715073
AT1G12100,0.76633245,0.23424703,3.2714713
AT4G18960,0.5754722,0.17592697,3.2710853
AT4G10560,0.5091998,0.15567413,3.2709336
AT5G04070,0.20537387,0.06279519,3.2705345
AT2G23470,0.3017145,0.092258796,3.2703059
AT1G11915,0.49544278,0.15149957,3.2702584
AT5G07560,0.7958509,0.24340737,3.269625
AT1G24210,0.4061989,0.12424741,3.2692742
AT5G05490,0.6522137,0.1995016,3.269215
AT3G46650,0.83811665,0.2564194,3.2685385
AT2G44930,0.4646657,0.1421742,3.268284
AT2G26910,0.19725803,0.06035862,3.2680995
AT4G11780,0.5646476,0.17279734,3.2676868
AT5G24900,0.38629156,0.118236184,3.2671177
AT1G77520,0.65823674,0.20153369,3.2661374
AT1G08670,0.3941975,0.12070622,3.2657592
AT2G27860,0.16445605,0.050384764,3.264003
AT2G32350,0.5180635,0.15873769,3.263645
AT5G23270,0.61599594,0.18878889,3.262882
AT2G03480,0.37177524,0.1139554,3.2624624
AT1G16705,0.71989626,0.22068693,3.26207
AT4G25350,0.50132513,0.15368792,3.261968
AT2G03020,0.8817367,0.27039933,3.2608685
AT1G35625,0.758495,0.23264638,3.260291
AT4G02160,0.65533537,0.2010722,3.259204
AT2G28050,0.42426836,0.13018055,3.259076
AT5G10090,0.6043004,0.1854227,3.2590418
AT5G57260,0.7071685,0.2169907,3.2589808
AT2G18970,0.6624911,0.20329428,3.2587786
AT3G01660,0.42814112,0.1313826,3.258735
AT1G70720,0.64881635,0.19913577,3.2581606
AT1G68460,0.61123836,0.1876191,3.2578683
AT4G37560,0.4004969,0.12293222,3.2578676
AT1G21810,0.44342104,0.13612878,3.257364
AT5G22460,0.8041932,0.24694248,3.256601
AT1G53750,0.24687544,0.075814866,3.2562928
AT5G56160,0.33882484,0.10407001,3.2557392
AT2G32610,0.5017343,0.15410918,3.2557065
AT5G11320,0.5799559,0.17819391,3.2546332
AT2G33350,0.578873,0.17787401,3.2543986
AT2G12190,0.63037246,0.19373406,3.2538028
AT1G76230,0.6325835,0.19441728,3.2537408
AT1G31800,0.19421397,0.059695963,3.2533848
AT3G13970,0.52257574,0.16062617,3.2533658
AT1G30470,0.26660556,0.081950516,3.2532501
AT3G05480,0.37178108,0.11430737,3.252468
AT2G17770,0.54989624,0.16912352,3.2514472
AT5G40680,0.5564701,0.17116441,3.251085
AT4G31970,1.116516,0.34343293,3.2510452
AT1G14690,0.31207678,0.09599756,3.2508821
AT1G01660,0.56534064,0.17391309,3.2507074
AT5G23220,0.50138795,0.15425111,3.2504654
AT1G78995,0.45453647,0.13986844,3.2497425
AT2G17940,0.5888412,0.18121034,3.2494898
AT2G18560,0.52473944,0.16150899,3.2489793
AT5G12240,0.3578035,0.11013149,3.2488754
AT5G15290,0.58103985,0.17892382,3.2474146
AT4G13330,0.32107612,0.09887343,3.2473447
AT4G19985,0.22806363,0.07023089,3.2473404
AT4G11340,0.56868565,0.17512923,3.2472339
AT5G54620,0.6223371,0.1916782,3.2467806
AT3G45490,0.52779,0.16262926,3.2453568
AT1G33720,0.5323293,0.16403367,3.245244
AT4G04690,0.43613192,0.13441567,3.2446506
AT4G37970,0.5288347,0.16298787,3.2446258
AT3G27290,0.3798961,0.11708475,3.2446249
AT2G35390,0.29472804,0.09084135,3.2444258
AT3G23910,0.39885765,0.12297728,3.243344
AT1G42970,0.23779781,0.07332773,3.242945
AT5G13730,0.38296694,0.11809654,3.2428293
AT1G19010,0.19570708,0.060351267,3.2427993
AT1G61680,0.50197464,0.15480296,3.242668
AT2G37090,0.48538688,0.14968926,3.2426298
AT2G02400,0.2556868,0.07886629,3.2420287
AT2G22950,0.4100967,0.12649672,3.241955
AT3G08660,0.5083319,0.15682344,3.2414277
AT4G00920,0.5754282,0.17753714,3.2411704
AT4G38870,0.52458405,0.16196454,3.2388818
AT3G03430,0.8130239,0.25117767,3.2368479
AT3G12890,0.65027016,0.20090057,3.2367759
AT4G09690,0.55389184,0.1711707,3.235903
AT4G25000,0.7310509,0.22598448,3.2349603
AT5G01190,0.6340253,0.19601333,3.2346027
AT5G55350,0.46854985,0.14486593,3.2343686
AT1G10920,0.34211117,0.10582185,3.232897
AT1G63520,0.42916963,0.13275774,3.2327273
AT5G52860,0.5497615,0.17008284,3.2323158
AT1G31290,0.5352945,0.16564496,3.231577
AT4G33390,0.56052697,0.17346458,3.2313623
AT1G06930,0.37117058,0.114888065,3.2307146
AT1G52060,0.5336994,0.16520198,3.230587
AT5G15340,0.50703055,0.15695839,3.2303498
AT3G02020,0.6769896,0.20959419,3.2300017
AT1G60830,0.90903157,0.28148052,3.2294652
AT2G20970,0.5026199,0.15564366,3.2292988
AT1G80730,0.5664146,0.17541218,3.2290492
AT5G06640,0.5222811,0.16175264,3.2288873
AT5G62380,0.5310102,0.16446324,3.228747
AT5G64720,0.602886,0.18679287,3.2275643
AT3G59120,0.4188682,0.12978958,3.2272866
AT1G73280,0.40950656,0.12689742,3.2270672
AT1G64430,0.21001032,0.06508453,3.2267313
AT4G24890,0.6826259,0.21160282,3.225977
AT5G37050,0.7400771,0.22941653,3.2259097
AT2G19410,0.48695847,0.15097722,3.2253768
AT2G38490,0.57744175,0.17904864,3.225055
AT2G07140,0.66192627,0.20525391,3.224914
AT3G21960,0.457183,0.14177781,3.224644
AT1G66980,0.35604128,0.11042612,3.2242486
AT5G24550,0.46637425,0.14464818,3.224197
AT5G48100,0.5289537,0.16406822,3.223986
AT1G68480,0.4661515,0.14459066,3.223939
AT1G66860,0.7594448,0.23556857,3.2238798
AT5G62140,0.4594053,0.14250441,3.2237968
AT2G45040,0.510636,0.15840553,3.2235992
AT5G09360,0.44161117,0.1370007,3.2234225
AT5G50990,0.2954399,0.091654144,3.2234209
AT3G56300,0.4239914,0.13153586,3.2233899
AT1G48870,0.38170993,0.118428916,3.223114
AT1G77340,0.59178776,0.18362962,3.2227247
AT1G11560,0.5481997,0.17012121,3.2224064
AT3G05930,0.656743,0.20380878,3.2223485
AT5G49610,0.2206626,0.06848003,3.2222908
AT1G80880,0.35926408,0.111508965,3.2218401
AT4G10800,0.30057427,0.09330553,3.221398
AT2G05840,0.22001591,0.06830526,3.221068
AT3G60940,0.70142907,0.21778332,3.2207656
AT5G07330,0.8757467,0.2719088,3.220737
AT5G09730,0.62429065,0.19385704,3.2203658
AT1G02950,0.4486197,0.1393433,3.2195277
AT5G39940,0.20322025,0.06312618,3.2192702
AT2G27880,0.5155267,0.16015558,3.2189116
AT1G61550,0.50185007,0.15591113,3.218821
AT1G61480,0.5171681,0.16069213,3.2183783
AT5G62340,0.41792974,0.12985767,3.2183673
AT2G46570,0.41740254,0.12969531,3.2183313
AT1G03020,0.8749947,0.27197182,3.2172256
AT1G54790,0.49652144,0.15436569,3.216527
AT5G43860,0.4936056,0.15346335,3.2164395
AT5G22600,0.40553677,0.12609527,3.2161138
AT3G28380,0.5147371,0.16005959,3.215909
AT5G18560,0.40899602,0.12719092,3.2156067
AT4G18350,0.6179857,0.19220293,3.2152772
AT1G31000,0.34976512,0.10880004,3.2147515
AT3G50430,0.17949095,0.055840936,3.214325
AT1G10360,0.37461814,0.116552554,3.2141562
AT2G34850,0.60855365,0.18935126,3.2138872
AT5G11570,0.5409702,0.16833155,3.2137182
AT1G53880,0.39470494,0.1228196,3.2136965
AT5G15630,0.38290885,0.11915573,3.213516
AT2G31070,0.33474797,0.10417169,3.2134252
AT3G50050,0.23674294,0.07369661,3.212399
AT3G05310,0.43177596,0.13441752,3.2121997
AT5G19170,0.4598426,0.14318505,3.2115262
AT4G27190,0.43806514,0.13641559,3.211254
AT5G10970,0.5579689,0.1737875,3.2106385
AT5G63660,0.5015103,0.15621583,3.2103677
AT3G28770,0.61458474,0.1914378,3.2103624
AT3G08810,0.6527672,0.20335573,3.2099767
AT4G03480,0.5698412,0.17753474,3.2097445
AT1G53160,0.5909848,0.1841296,3.209613
AT5G05740,0.22031559,0.06865109,3.2092073
AT1G11730,0.44479987,0.13862102,3.2087474
AT4G34650,0.54835826,0.17096281,3.2074707
AT1G77405,0.43830654,0.13665274,3.2074475
AT5G60260,0.9033493,0.28166753,3.2071474
AT1G60740,0.7648875,0.23852845,3.206693
AT3G19040,0.47712272,0.14881669,3.20611
AT4G02700,0.5308958,0.16560999,3.2056992
AT4G14280,0.54941475,0.17142612,3.204965
AT4G29050,0.50672525,0.15811819,3.2047243
AT3G24130,0.4690224,0.14643563,3.202925
AT4G10310,0.65468085,0.20440154,3.2029152
AT5G14100,0.21212709,0.06623289,3.2027452
AT1G04670,0.50786525,0.1585882,3.2024148
AT5G20940,0.5935888,0.18542174,3.2012901
AT3G49770,0.42709598,0.1334276,3.2009563
AT5G65090,0.46861693,0.14641106,3.2006931
AT2G25160,0.427393,0.13354665,3.200327
AT2G20260,0.24089631,0.07527408,3.2002556
AT4G21326,0.38119537,0.11914172,3.1995118
AT3G01620,0.6653628,0.2079674,3.1993606
AT5G12270,0.593042,0.185375,3.1991475
AT1G69240,0.42366356,0.13244674,3.1987462
AT1G43330,0.45261922,0.14151075,3.198479
AT2G20620,0.5821686,0.18203926,3.1980383
AT1G55370,0.36673155,0.11468438,3.197746
AT3G06020,0.6672983,0.2087218,3.1970704
AT5G60290,0.6676011,0.20883289,3.1968195
AT1G51900,0.37084717,0.11603973,3.1958635
AT5G59250,0.20526782,0.06423631,3.1955101
AT1G48670,0.39849252,0.124717504,3.1951609
AT3G25510,0.57324207,0.17943303,3.1947408
AT1G78320,0.5164758,0.16167119,3.1946058
AT2G33000,0.5211438,0.16313642,3.1945271
AT3G04410,0.9029957,0.28270134,3.1941683
AT1G72130,0.3659119,0.114556566,3.194159
AT5G51540,0.3498468,0.109539635,3.1937919
AT3G61870,0.26744682,0.08375044,3.1933777
AT3G15820,0.25612915,0.08021445,3.1930547
AT5G59190,0.5496332,0.17213549,3.1930263
AT5G47170,0.6264725,0.19621132,3.1928453
AT5G17740,0.38845018,0.121677905,3.192446
AT4G20210,0.42137155,0.13203114,3.1914554
AT5G66350,0.39468175,0.12368176,3.191107
AT1G54450,0.293708,0.092063256,3.1902845
AT4G33020,0.5975907,0.18736947,3.1893704
AT1G29600,0.7121805,0.22330512,3.1892705
AT2G26740,0.76867324,0.24104007,3.188985
AT3G10680,0.49706426,0.15587999,3.1887622
AT4G13420,0.6915063,0.21687841,3.1884513
AT4G10200,0.5481487,0.17192832,3.1882396
AT1G19260,0.43106526,0.13522208,3.1878316
AT1G43600,0.5356143,0.16802199,3.1877627
AT1G34440,0.68814963,0.21591502,3.1871316
AT1G67590,0.25381982,0.0796436,3.1869454
AT5G38360,0.25071856,0.078680634,3.1865344
AT5G37450,0.5999684,0.18830183,3.1862054
AT4G08160,0.47909737,0.1503725,3.18607
AT3G11010,0.8129726,0.25523645,3.1851745
AT4G28750,0.26954383,0.08463805,3.1846645
AT1G68940,0.3896278,0.12234871,3.184568
AT5G22410,0.5376455,0.16894604,3.1823502
AT5G52000,0.5979894,0.18791838,3.1821759
AT1G61710,0.64981365,0.20426527,3.181224
AT3G05370,0.3579613,0.11253982,3.180752
AT1G64370,0.36101764,0.11350721,3.18057
AT4G11690,0.41494316,0.13046227,3.18056
AT5G18220,0.5497283,0.17287567,3.1799052
AT5G08090,0.43198806,0.13585451,3.179784
AT1G79100,0.69866645,0.21972735,3.179697
AT1G33890,0.5486374,0.17256203,3.179363
AT4G36000,0.5976727,0.1880403,3.1784284
AT2G36560,0.40544286,0.12756583,3.1783025
AT1G28040,0.6187946,0.19474594,3.1774452
AT1G80660,0.5376073,0.16921419,3.1770816
AT4G17860,0.71516854,0.2251149,3.1769042
AT4G21590,0.5021581,0.15808655,3.1764755
AT2G21780,0.6374428,0.20068553,3.1763265
AT1G31200,0.5676262,0.17871721,3.1761134
AT3G45390,0.44437557,0.13992345,3.1758473
AT5G47850,0.68893784,0.21697184,3.1752405
AT4G13770,0.5298672,0.16690373,3.1746871
AT1G36340,0.52082676,0.1641259,3.1733365
AT4G11480,0.5570037,0.17558502,3.1722732
AT2G24270,0.26001894,0.08197491,3.171933
AT3G53840,0.47249886,0.1489814,3.1715288
AT4G12860,0.46877006,0.14781018,3.1714325
AT1G12600,0.5327525,0.16798696,3.1713917
AT1G43790,0.59477144,0.18755259,3.1712248
AT4G33110,0.3498425,0.110324696,3.171026
AT2G04860,0.43819308,0.1381921,3.1708977
AT1G64690,0.32599592,0.10280886,3.170893
AT3G53550,0.4469341,0.14095269,3.170809
AT3G54890,0.25869137,0.08161843,3.1695213
AT2G16960,0.4474221,0.1411696,3.1693938
AT2G35260,0.31574017,0.09962751,3.1692064
AT3G46780,0.3205518,0.101155885,3.1688893
AT1G11450,0.650357,0.2053296,3.1673806
AT4G23300,0.3386955,0.10694142,3.1671124
AT5G40380,0.42051163,0.13278553,3.166848
AT3G58020,0.4528933,0.14303666,3.1662738
AT5G58280,0.51953495,0.16408518,3.1662512
AT2G42980,0.53032875,0.16754815,3.1652317
AT2G48090,0.4227339,0.13358863,3.164445
AT2G28755,0.83966404,0.26539955,3.1637735
AT5G52110,0.18761703,0.05932094,3.1627448
AT5G11990,0.5680467,0.17964914,3.161978
AT3G27500,0.56150585,0.17758542,3.1618912
AT5G38460,0.22888541,0.07239605,3.161573
AT1G79800,0.5631527,0.17812453,3.161567
AT4G20310,0.21250801,0.06721893,3.1614306
AT5G27570,0.5557176,0.17581454,3.1608167
AT1G65080,0.25400534,0.08036241,3.160748
AT1G76530,0.6969544,0.2205236,3.1604526
AT1G09370,0.58275324,0.1844092,3.160109
AT1G77010,0.39914978,0.12633468,3.1594627
AT1G67400,0.5019496,0.1589079,3.158745
AT1G09380,0.60581017,0.1918155,3.158296
AT3G63095,0.6839036,0.21656698,3.1579309
AT1G48220,0.51317114,0.16251457,3.157693
AT5G46670,0.6370412,0.20175344,3.1575232
AT5G20000,0.23602884,0.07475272,3.1574612
AT2G40980,0.17461649,0.05530615,3.15727
AT5G56330,0.20744722,0.06571195,3.156917
AT1G66110,0.5279811,0.16725256,3.156789
AT4G15340,0.44776228,0.14184287,3.1567483
AT5G56510,0.6036287,0.191234,3.1564925
AT1G06680,0.22419445,0.07103739,3.156006
AT2G19990,0.69415665,0.2199704,3.1556818
AT2G07692,0.8710996,0.2760717,3.1553383
AT5G10440,0.3959085,0.1254788,3.155182
AT5G18970,0.22932144,0.072710544,3.153895
AT3G26780,0.2863014,0.09078799,3.153516
AT4G34890,0.27575243,0.0874602,3.1528902
AT3G01630,0.5810252,0.18428558,3.1528518
AT4G05210,0.47739854,0.15145126,3.1521592
AT1G69720,0.54606223,0.17324613,3.1519444
AT5G39680,0.4300185,0.13643461,3.1518283
AT2G20875,0.4333047,0.13747913,3.151785
AT2G04090,0.50723934,0.16094883,3.1515563
AT2G18810,0.4897376,0.1554088,3.151286
AT5G59650,0.38055104,0.12086994,3.148434
AT1G06320,0.5478,0.17401129,3.1480713
AT5G58390,0.50516576,0.16048343,3.1477747
AT2G39850,0.41917834,0.1331897,3.1472278
AT1G51440,0.5296863,0.16830662,3.1471503
AT2G47400,0.20413588,0.064879954,3.1463625
AT5G09660,0.25692564,0.08168416,3.1453543
AT1G50250,0.21059622,0.06696386,3.1449232
AT2G21960,0.21242602,0.067546114,3.1449034
AT1G50950,0.2917257,0.09277652,3.144391
AT3G45070,0.5822816,0.18518922,3.1442518
AT2G42850,0.43750104,0.13914385,3.1442351
AT3G08700,0.7126301,0.2266805,3.1437643
AT3G24630,0.37119052,0.11809444,3.1431665
AT5G17450,0.57777643,0.18384023,3.142818
AT1G60970,0.73220056,0.23299313,3.142584
AT4G12530,0.6910628,0.21990795,3.1425092
AT4G15290,0.50440305,0.1605144,3.142416
AT2G07120,0.45028085,0.14331737,3.1418438
AT1G51410,0.50954676,0.1622304,3.140883
AT5G02120,0.36455423,0.11607118,3.1407814
AT5G04730,0.5531749,0.17612769,3.1407604
AT4G23200,0.54921556,0.17489257,3.140302
AT4G25960,0.26351583,0.08392221,3.1400008
AT1G52220,0.29713774,0.094635166,3.1398234
AT1G64920,0.35882482,0.114290036,3.1395981
AT2G17890,0.47242007,0.150479,3.1394415
AT1G18550,0.46467933,0.14803502,3.138982
AT1G21460,0.4938055,0.15732029,3.1388543
AT3G20180,0.7581325,0.24157296,3.1383166
AT5G25530,0.6208939,0.19785047,3.1381977
AT1G67870,0.33018884,0.10522184,3.1380255
AT2G35380,0.5139143,0.16379538,3.137538
AT4G36510,0.82382643,0.2626306,3.1368256
AT5G37180,0.36493406,0.116412885,3.134825
AT4G21380,0.6581281,0.20996438,3.1344748
AT3G52910,0.39767882,0.1268815,3.1342535
AT5G01150,0.47260377,0.15079236,3.1341357
AT1G43980,0.46746778,0.1491593,3.1340168
AT2G29220,0.6214339,0.19829679,3.1338575
AT4G13820,0.5294804,0.16897036,3.1335695
AT3G55820,0.3340626,0.10663098,3.1328847
AT4G21440,0.7246236,0.23132089,3.1325471
AT1G55430,0.44858775,0.14321561,3.1322541
AT4G21480,0.43095762,0.13759367,3.1321032
AT5G15300,0.3908992,0.12482058,3.1316886
AT2G35990,0.47042048,0.15021618,3.131623
AT1G60350,0.43738672,0.13968079,3.1313303
AT4G29240,0.3234764,0.10331198,3.1310637
AT4G21130,0.35543954,0.11355901,3.1299984
AT4G36740,0.54667354,0.17469616,3.1292815
AT1G73780,0.562473,0.17974967,3.1292017
AT4G26380,0.456174,0.14589112,3.126811
AT2G05180,0.5947443,0.19023195,3.1264164
AT3G63360,0.73312324,0.23449501,3.1263914
AT1G63710,0.5962735,0.19072668,3.1263242
AT3G52270,0.6720346,0.21498503,3.1259599
AT3G61220,0.50605094,0.16188708,3.1259499
AT1G49940,0.6218668,0.19896448,3.1255167
AT1G72030,0.3943464,0.12617631,3.1253595
AT5G43080,0.32578412,0.104254864,3.1248815
AT1G47280,0.6079967,0.19456656,3.1248775
AT1G20120,0.58218205,0.18630618,3.124867
AT5G01060,0.53685117,0.1718221,3.124459
AT5G47940,0.18732186,0.059958305,3.1242013
AT2G38830,0.60165036,0.19260359,3.1237752
AT4G27700,0.26988438,0.08641484,3.1231253
AT5G55750,0.6460355,0.20688659,3.122655
AT1G30140,0.5683069,0.18199494,3.122652
AT5G40040,0.6914476,0.22143596,3.1225622
AT3G21550,0.5447475,0.17454068,3.1210341
AT5G35960,0.5379969,0.17244893,3.1197457
AT4G01630,0.5382825,0.17258467,3.1189473
AT3G11110,0.6172653,0.19791315,3.118869
AT1G78450,0.8039267,0.25778002,3.118654
AT3G25060,0.5249408,0.16835274,3.1181004
AT5G47360,0.27142918,0.08705786,3.117802
AT1G05490,0.46916676,0.1505167,3.1170409
AT5G14340,0.4095659,0.1314138,3.1166122
AT3G57770,0.4223908,0.13553731,3.1164167
AT4G18980,0.78175396,0.25086546,3.1162279
AT2G36180,0.5485962,0.17604786,3.1161761
AT4G16620,0.57130533,0.18333721,3.1161447
AT2G02520,0.37118074,0.11911613,3.1161249
AT1G21320,0.6709557,0.21541107,3.1147687
AT3G49630,0.5830537,0.18720186,3.114572
AT5G26200,0.6817994,0.21903777,3.1127024
AT3G02270,0.4501916,0.14464529,3.1123831
AT3G50010,0.5226065,0.16792247,3.112189
AT2G22070,0.41133898,0.13217251,3.1121368
AT5G22480,0.31438053,0.101038024,3.111507
AT5G24990,0.48388648,0.15556379,3.110534
AT4G00190,0.42315498,0.1360731,3.109762
AT2G02620,0.47858226,0.15390563,3.1095822
AT3G16140,0.26788044,0.08615515,3.1092794
AT4G16950,0.33787575,0.10866883,3.109224
AT1G07290,0.32071373,0.103150755,3.1091745
AT5G41900,0.5995509,0.19283542,3.1091325
AT3G60180,0.39980072,0.1286151,3.108505
AT2G19330,0.57994485,0.18662816,3.1074882
AT4G37160,0.5326331,0.17140536,3.1074471
AT3G58390,0.4019474,0.12935151,3.1074038
AT5G45910,0.39217925,0.12621294,3.1072822
AT1G68780,0.30573207,0.098405935,3.1068456
AT3G46350,0.43109053,0.13877228,3.1064596
AT3G30160,0.34477532,0.11099406,3.1062498
AT2G31100,0.58742845,0.18911564,3.1061862
AT2G13570,0.5983176,0.19262584,3.1061127
AT4G19520,0.44673356,0.14385685,3.1054032
AT5G53240,0.5238038,0.16868031,3.1053045
AT1G17990,0.72417885,0.23322311,3.1050901
AT3G48080,0.74917996,0.2413189,3.1045225
AT4G37980,0.37405226,0.12049796,3.1042206
AT4G27550,0.50231963,0.16183317,3.1039348
AT4G25540,0.3326474,0.107173845,3.1038113
AT5G65130,0.6748247,0.21743798,3.103527
AT3G06120,0.5120532,0.16506155,3.1021953
AT5G55080,0.34430087,0.11101222,3.1014678
AT5G07640,0.59383464,0.19148056,3.1012788
AT4G35590,0.5109344,0.16475217,3.10123
AT5G06720,0.6719167,0.21669489,3.10075
AT5G13600,0.5032581,0.16230679,3.1006594
AT4G17695,0.4693831,0.15138274,3.1006377
AT5G49750,0.36338145,0.11720943,3.1002748
AT3G61950,0.4809258,0.15513057,3.1001353
AT5G60770,0.48538518,0.15657352,3.1000462
AT5G03390,0.55168927,0.1780018,3.0993462
AT4G26920,0.24980554,0.08059991,3.0993273
AT3G20200,0.40144518,0.1295857,3.0979123
AT4G20370,0.652742,0.210769,3.0969543
AT5G44770,0.41303435,0.13337255,3.0968466
AT5G44390,0.58955777,0.19040713,3.0963006
AT1G14185,0.6430724,0.20769605,3.0962186
AT2G03530,0.44734728,0.14450242,3.0957768
AT2G37720,0.5927359,0.19147931,3.0955608
AT1G61320,0.7109838,0.22968428,3.095483
AT1G07270,0.47194606,0.15249324,3.094865
AT3G03800,0.62141716,0.20079863,3.0947278
AT1G62290,0.53863925,0.17406288,3.0945094
AT1G03320,0.6129518,0.19810784,3.0940309
AT1G69730,0.362305,0.117099084,3.0940034
AT3G28470,0.6108781,0.19744028,3.0939891
AT3G59790,0.5405934,0.17473292,3.0938265
AT3G52740,0.5353691,0.1730457,3.0938017
AT4G22050,0.593407,0.19181423,3.0936544
AT2G32410,0.17651494,0.057063002,3.0933337
AT2G45430,0.24380368,0.07885871,3.0916517
AT1G74550,0.46008974,0.14882195,3.0915446
AT2G26620,0.5120064,0.16562244,3.0914068
AT2G07714,0.98350686,0.31815988,3.0912347
AT2G34530,0.5051332,0.16341272,3.0911496
AT1G70450,0.5063198,0.16381913,3.0907242
AT5G44920,0.3628205,0.11741352,3.0901082
AT3G62380,0.5173673,0.1674402,3.0898628
AT2G26930,0.14609884,0.047287703,3.089573
AT1G13920,0.32550803,0.10537951,3.0889118
AT3G25990,0.47227377,0.15289846,3.0888062
AT4G21300,0.36761972,0.11901944,3.0887365
AT2G04039,0.34248045,0.11096087,3.0864973
AT3G26490,0.34582022,0.1120655,3.0858755
AT4G22060,0.42012408,0.13615608,3.085606
AT3G14850,0.47720027,0.15466246,3.0854301
AT1G30825,0.1702844,0.055190764,3.085378
AT1G56520,0.3255954,0.105549276,3.0847714
AT3G61940,0.469452,0.15219222,3.0845988
AT2G03130,0.8491871,0.27530596,3.0845213
AT4G12310,0.4749408,0.15397736,3.0844843
AT4G27480,0.3795023,0.12303606,3.08448
AT2G19550,0.5903858,0.19142286,3.0841966
AT1G62350,0.45801947,0.1485066,3.084169
AT4G17990,0.39049894,0.12662795,3.0838284
AT5G02990,0.3618812,0.11735005,3.0837753
AT4G13610,0.25647664,0.0831794,3.083415
AT1G77700,0.40153053,0.13022804,3.0832875
AT1G65340,0.39931962,0.12954247,3.082538
AT1G12260,0.42566776,0.13809834,3.0823522
AT3G50150,0.4269803,0.13854215,3.081952
AT1G75290,0.5347356,0.17351311,3.0818164
AT3G17600,0.5399144,0.17519636,3.081767
AT4G28170,0.5226367,0.1695902,3.081762
AT3G18880,0.46042535,0.14944066,3.0809908
AT1G11320,0.24996002,0.08113386,3.0808346
AT1G61410,0.5877505,0.19077922,3.0807886
AT3G54340,0.67934984,0.22052646,3.080582
AT3G57920,0.50449944,0.16377717,3.0804012
AT1G07460,0.603889,0.19613366,3.0789664
AT3G54270,0.31954667,0.103791974,3.078722
AT1G23520,0.5849528,0.18999904,3.0787141
AT4G10640,0.39151204,0.12718222,3.0783548
AT5G61360,0.39158854,0.12722602,3.077896
AT5G62170,0.32825682,0.10670935,3.0761764
AT4G37470,0.35017952,0.1138421,3.0760105
AT3G04320,0.6284114,0.20434938,3.075181
AT2G27180,0.5302545,0.1724309,3.0751705
AT1G13150,0.45769253,0.14883617,3.0751429
AT5G25340,0.5948707,0.19348043,3.0745778
AT4G22340,0.2071491,0.06737843,3.0744123
AT5G09640,0.66282344,0.21561377,3.0741236
AT1G28560,0.2621858,0.08529057,3.0740302
AT5G43590,0.5259553,0.17113157,3.0733972
AT4G18080,0.45438254,0.14792316,3.0717468
AT4G19010,0.1837701,0.05982746,3.0716674
AT1G75250,0.76150775,0.24791996,3.0715868
AT4G15490,0.54597265,0.17775661,3.0714617
AT4G12510,0.5954934,0.1939145,3.0709066
AT3G14450,0.45321405,0.14758484,3.0708709
AT5G50750,0.62548864,0.20372893,3.0702002
AT1G11040,0.512979,0.16708775,3.070117
AT4G03620,0.47694626,0.15535295,3.0700815
AT1G17920,0.31829962,0.1037131,3.0690393
AT2G29120,0.5025994,0.16377471,3.068846
AT2G38890,0.65285134,0.21274656,3.0686808
AT2G24980,0.5687057,0.18533589,3.0685132
AT4G19380,0.49912,0.16265924,3.0685003
AT4G30970,0.5027048,0.16389139,3.0673041
AT4G31760,0.62407154,0.20345987,3.067295
AT3G54870,0.38490552,0.12549554,3.067085
AT2G01500,0.32730207,0.106729,3.0666645
AT2G28580,0.4838669,0.15778327,3.066655
AT2G29250,0.51489556,0.16791451,3.0664146
AT4G35820,0.35057375,0.11433048,3.066319
AT2G17260,0.30838746,0.10058073,3.066069
AT3G01510,0.27752358,0.090522505,3.0657961
AT1G74050,0.17191148,0.05608599,3.0651407
AT2G34580,0.6350457,0.20719868,3.0649116
AT4G24450,0.40276158,0.13141264,3.0648615
AT3G05920,0.36092985,0.11777381,3.064602
AT3G24240,0.26294947,0.085805625,3.064478
AT3G01440,0.42790547,0.13963965,3.064355
AT1G47980,0.78897125,0.25755176,3.0633502
AT1G34580,0.48051724,0.15686044,3.063342
AT1G23450,0.52262336,0.17062142,3.063058
AT5G24980,0.46740127,0.15263708,3.0621736
AT5G46660,0.60371506,0.19715373,3.0621536
AT4G07400,0.35982102,0.117515184,3.0619106
AT4G13810,0.46128848,0.15065908,3.061803
AT3G18870,0.36818054,0.12027562,3.06114
AT5G65080,0.77228093,0.25231266,3.0608094
AT4G32370,0.43786877,0.14306927,3.0605366
AT5G66380,0.17566277,0.05740039,3.0603056
AT3G52940,0.21294475,0.06961818,3.0587516
AT5G01930,0.32831514,0.10734467,3.0585134
AT1G55660,0.50698024,0.165769,3.0583534
AT3G59340,0.5856434,0.19153018,3.057708
AT5G45950,0.5813473,0.19016127,3.0571275
AT4G19570,0.5894477,0.19281866,3.0570052
AT3G58090,0.23325324,0.076304816,3.056861
AT1G67865,0.49977946,0.16351326,3.056507
AT1G22380,0.59642696,0.1951977,3.0555017
AT5G07760,0.6387408,0.2090626,3.0552607
AT2G41210,0.30648008,0.10031253,3.055252
AT5G39720,0.6064201,0.19851701,3.0547512
AT5G11870,0.41476825,0.13578297,3.0546408
AT3G50200,0.59277946,0.1940986,3.0540116
AT1G08860,0.7107275,0.23274311,3.0536993
AT5G25640,0.49603748,0.16245686,3.0533488
AT3G22210,0.41193855,0.13492005,3.0532045
AT5G41680,0.4995412,0.16363584,3.0527613
AT4G39590,0.5035435,0.1649792,3.0521631
AT3G07030,0.1861827,0.06100348,3.0520005
AT5G40880,0.3289372,0.10780457,3.0512362
AT2G45420,0.5583097,0.18298166,3.0511782
AT3G01300,0.27274483,0.08939102,3.0511432
AT1G32850,0.5268044,0.17268339,3.050695
AT1G76620,0.43592158,0.14291835,3.050144
AT4G15300,0.54913694,0.18004492,3.0499995
AT1G03620,0.5101606,0.16728087,3.0497246
AT3G08870,0.64284074,0.21081656,3.0492895
AT4G18470,0.36512974,0.119780496,3.0483236
AT3G13900,0.52350324,0.17175463,3.0479715
AT1G61950,0.44749838,0.14683378,3.0476525
AT2G39640,0.34997818,0.1148526,3.047194
AT3G22000,0.4579705,0.15030299,3.0469816
AT1G52050,0.50514877,0.1658103,3.046546
AT2G32780,0.40531397,0.13312626,3.0445828
AT5G03250,0.3675225,0.12071923,3.0444403
AT2G32310,0.39190617,0.12873271,3.04434
AT2G20520,0.5491118,0.18042511,3.043433
AT3G45910,0.31669998,0.104065634,3.0432713
AT1G20230,0.28273728,0.09293763,3.0422258
AT3G03660,0.5422607,0.17825122,3.0421147
AT2G44000,0.52000743,0.17095996,3.041691
AT1G76870,0.35122615,0.11549564,3.0410337
AT3G56540,0.45429567,0.14939679,3.040866
AT2G47040,0.7155856,0.23533115,3.04076
AT5G39090,0.4660484,0.15328541,3.040396
AT2G43480,0.39953554,0.13144615,3.0395374
AT5G42955,0.4866791,0.16015029,3.0388896
AT5G57810,0.66090626,0.21750301,3.0386071
AT2G46340,0.2837068,0.09336789,3.0385907
AT5G67020,0.46084738,0.15167624,3.038362
AT5G55650,0.46972153,0.15461132,3.0380795
AT5G67060,0.61128277,0.20125212,3.0373976
AT3G09960,0.489483,0.1611534,3.0373726
AT2G04380,0.6256752,0.20600511,3.0371826
AT1G54780,0.25080064,0.082589366,3.0367181
AT5G09780,0.49345204,0.16252115,3.0362325
AT3G61810,0.5519419,0.18178928,3.0361626
AT3G14030,0.34775493,0.11453979,3.0361056
AT5G59610,0.20071836,0.06611541,3.0358782
AT5G60280,0.55143064,0.18164235,3.035804
AT4G19840,0.26774898,0.08821718,3.0351114
AT4G36870,0.2718063,0.08958581,3.0340326
AT3G43980,0.389463,0.12838489,3.0335577
AT4G10820,0.37017363,0.12204829,3.0330095
AT2G29380,0.72291476,0.23845752,3.0316288
AT2G15080,0.58957446,0.19447982,3.0315454
AT5G11930,0.747905,0.24672043,3.0313864
AT4G13320,0.5400901,0.17816606,3.0313857
AT4G17750,0.23305994,0.07689408,3.0309215
AT2G05430,0.43350616,0.14303686,3.0307302
AT1G23840,0.6251658,0.20628287,3.030624
AT4G00960,0.71945643,0.2373976,3.0305967
AT2G13610,0.3370096,0.111217745,3.0301783
AT3G27650,0.4567251,0.15073398,3.0300074
AT2G37070,0.47082898,0.15538917,3.0299983
AT5G04210,0.69922036,0.23079918,3.0295615
AT1G74990,0.42737162,0.14107947,3.0292966
AT1G50720,0.5582975,0.18430313,3.029235
AT1G76100,0.3505001,0.11572148,3.0288248
AT4G05180,0.28881276,0.09536321,3.0285552
AT2G23800,0.4353218,0.1437764,3.0277693
AT4G29450,0.5337023,0.17627671,3.0276392
AT1G79580,0.36070615,0.119143225,3.0275002
AT5G52780,0.39521593,0.13056475,3.0269723
AT4G27250,0.49935302,0.16497312,3.0268748
AT1G52640,0.34828156,0.1151027,3.025833
AT1G73160,0.3717584,0.122869045,3.0256472
AT1G80100,0.49812636,0.1646441,3.025473
AT4G29180,0.45344865,0.14991358,3.0247333
AT1G76220,0.6087498,0.20127238,3.024507
AT1G76430,0.46041077,0.15222897,3.024462
AT4G31110,0.4687765,0.15501666,3.024039
AT1G50730,0.3370384,0.11145678,3.0239377
AT2G20150,0.67575586,0.22350582,3.0234373
AT4G00600,0.48564705,0.16062964,3.0233958
AT2G07713,0.7608899,0.25169846,3.0230215
AT4G34850,0.6373855,0.21087612,3.0225587
AT2G34315,0.6362804,0.21052662,3.0223274
AT3G44020,0.33662462,0.11138559,3.0221558
AT4G08640,0.35221475,0.11656401,3.0216422
AT5G38100,0.5849413,0.1935848,3.0216281
AT1G43760,0.28381953,0.09394109,3.0212498
AT1G12040,0.48152417,0.15939961,3.0208614
AT1G30780,0.4393755,0.1454533,3.020732
AT4G37340,0.3115242,0.10313741,3.020477
AT5G16850,0.45652658,0.15115826,3.020189
AT1G78950,0.38941255,0.1289439,3.0200148
AT5G26930,0.53119016,0.17592363,3.019436
AT5G14650,0.5651454,0.18717611,3.019324
AT3G56260,0.5780266,0.19147147,3.018865
AT1G79640,0.26440802,0.08758781,3.0187762
AT4G21640,0.43970424,0.14567652,3.0183601
AT1G03840,0.36969525,0.122484736,3.0182962
AT2G14060,0.68370295,0.2265421,3.0179949
AT2G05760,0.22653674,0.07510075,3.0164375
AT3G58540,0.5573848,0.18479556,3.0162237
AT1G71910,0.48298228,0.16017817,3.0152812
AT1G80740,0.49255195,0.16337271,3.014897
AT1G71760,0.52671415,0.17471011,3.0147889
AT2G44745,0.54646486,0.1812705,3.0146375
AT5G60350,0.5612779,0.18619168,3.0145166
AT4G37445,0.44702363,0.1482958,3.0144048
AT5G38520,0.287213,0.095296845,3.0138772
AT3G60270,0.6098914,0.20236486,3.0138204
AT4G15240,0.15647195,0.051918514,3.013798
AT3G50440,0.47105026,0.15630393,3.0136812
AT4G12550,0.63186294,0.20967434,3.013544
AT1G26500,0.40089834,0.1330543,3.0130427
AT2G42200,0.417404,0.13854109,3.0128531
AT2G17860,0.59061044,0.19604358,3.0126486
AT2G38620,0.51201946,0.1699807,3.0122209
AT4G15730,0.22084221,0.07331626,3.0121856
AT3G59830,0.5735681,0.19042327,3.0120692
AT2G42220,0.30110124,0.099976346,3.0117245
AT5G63630,0.19652903,0.06525916,3.011516
AT2G23550,0.5328612,0.17695145,3.0113409
AT1G03890,0.6381681,0.21199521,3.0102947
AT3G09520,0.6105456,0.20284511,3.00991
AT1G31400,0.4769977,0.15850236,3.0094042
AT3G60280,0.5188733,0.17242147,3.0093307
AT5G67460,0.3302318,0.10974881,3.0089781
AT3G44430,0.6201825,0.20614977,3.0084074
AT1G66470,0.32332557,0.10747431,3.0083985
AT5G66610,0.3550208,0.11801372,3.0083008
AT4G09950,0.4552591,0.15134546,3.0080788
AT4G11730,0.37879053,0.12594298,3.0076349
AT1G22490,0.48104188,0.1599408,3.0076244
AT5G35390,0.47851956,0.15913115,3.0070763
AT1G51340,0.41655317,0.13855088,3.0064993
AT1G05330,0.7561334,0.2515155,3.0063093
AT1G06520,0.5806526,0.19319989,3.0054498
AT4G25560,0.5258287,0.17500553,3.0046403
AT3G14070,0.31413674,0.10457146,3.0040388
AT4G10370,0.42038748,0.13996021,3.0036209
AT1G74420,0.44501314,0.14816111,3.0035756
AT2G43840,0.3709435,0.12350777,3.003402
AT3G24490,0.21901049,0.072923005,3.0033112
AT1G45616,0.6187977,0.2060671,3.0028942
AT2G18450,0.45930436,0.15295535,3.0028653
AT4G25330,0.66700256,0.22213767,3.0026536
AT2G44160,0.21327113,0.07102856,3.0026104
AT1G57560,0.56158996,0.18705708,3.0022383
AT1G54350,0.15810393,0.052667167,3.001944
AT1G61450,0.65125644,0.21695188,3.0018473
AT4G00080,0.34939688,0.11639838,3.001733
AT3G26125,0.54282176,0.18086062,3.001326
AT2G22530,0.16852476,0.056150418,3.0013084
AT5G53030,0.4029594,0.13426195,3.0012922
AT3G13020,0.41266766,0.13751592,3.0008717
AT4G39480,0.47658184,0.15888439,2.9995508
AT5G23480,0.59823394,0.19945039,2.999412
AT3G50270,0.39466432,0.13161197,2.9986959
AT5G58360,0.65267044,0.21767807,2.9983287
AT1G21270,0.5387511,0.17968826,2.9982543
AT4G36830,0.4517523,0.15069517,2.9977884
AT2G22290,0.5816211,0.19403417,2.9975188
AT1G06140,0.41484538,0.13839656,2.9975119
AT4G36450,0.5190722,0.1731782,2.9973295
AT5G38800,0.53947127,0.18001865,2.9967518
AT4G14820,0.31199637,0.10411824,2.996558
AT1G06740,0.77142215,0.25744465,2.9964583
AT5G06430,0.23977542,0.08002151,2.9963868
AT4G23990,0.48870125,0.16311897,2.9959803
AT5G19560,0.45967236,0.15343535,2.9958696
AT3G02150,0.44886452,0.149834,2.995745
AT5G19220,0.24617593,0.08217768,2.995654
AT4G39120,0.2022039,0.06750251,2.9955015
AT3G02910,0.7082647,0.23644498,2.9954734
AT4G30140,0.77081835,0.25735414,2.9951658
AT2G36590,0.64357877,0.2148791,2.9950738
AT2G14285,0.74612725,0.2491227,2.995019
AT2G44570,0.46634623,0.15570961,2.9949737
AT2G44580,0.52275085,0.17455947,2.994686
AT1G49700,0.73508805,0.24547064,2.9946065
AT2G22510,0.63530815,0.21215953,2.994483
AT5G43110,0.21469282,0.07169919,2.9943547
AT2G03310,0.4625583,0.15450798,2.9937499
AT1G63450,0.40847698,0.13648403,2.9928553
AT5G43890,0.59694326,0.19949888,2.9922135
AT3G02500,0.6224891,0.20804188,2.9921334
AT5G20980,0.18499973,0.061831776,2.9919844
AT2G23945,0.5345634,0.17869644,2.9914608
AT2G01590,0.3374186,0.112795636,2.991415
AT2G21190,0.2494243,0.083386086,2.9911978
AT3G49380,0.4748546,0.15877834,2.990676
AT1G52580,0.5507014,0.18414915,2.990518
AT4G19820,0.62151355,0.20787115,2.9898977
AT3G62050,0.4039753,0.13511644,2.9898305
AT2G14580,0.6329926,0.21172157,2.9897406
AT3G60620,0.16454226,0.055036332,2.9897017
AT2G36210,0.5237548,0.1752038,2.9894028
AT5G44760,0.37601253,0.12580177,2.9889283
AT2G34100,0.45707583,0.15293425,2.9887078
AT2G40020,0.32479423,0.10867641,2.9886358
AT4G01750,0.60478896,0.20236297,2.9886343
AT5G16540,0.23413746,0.07835277,2.9882472
AT1G34470,0.12193068,0.040825244,2.9866483
AT3G20070,0.1649768,0.055247784,2.9861248
AT2G10560,0.45296943,0.151748,2.9850106
AT3G52310,0.6309491,0.21137942,2.9849122
AT4G00416,0.5996476,0.20090394,2.9847476
AT2G47670,0.56631255,0.18975347,2.9844644
AT5G05350,0.3685978,0.12355384,2.9832969
AT4G00970,0.5965071,0.19995253,2.9832432
AT5G19810,0.64974284,0.21780613,2.9831245
AT3G14250,0.36866137,0.123601824,2.982653
AT3G63170,0.17513932,0.058733676,2.9819229
AT5G24160,0.6116442,0.20520768,2.9806106
AT1G51260,0.44329885,0.14878899,2.9793792
AT5G35900,0.3945797,0.13244647,2.9791634
AT1G04540,0.5882998,0.19749898,2.9787483
AT5G23030,0.53803444,0.18064846,2.9783504
AT4G22100,0.37707102,0.1266066,2.9782884
AT3G27950,0.54747075,0.18383193,2.9781046
AT1G15580,0.7650936,0.25692642,2.9778707
AT2G46360,0.5591454,0.18779266,2.977461
AT2G02310,0.5633361,0.1892514,2.9766545
AT3G26010,0.38169122,0.12825452,2.9760447
AT5G45000,0.5224139,0.17555495,2.9757855
AT1G18870,0.6321828,0.21244533,2.975743
AT5G15900,0.46900803,0.15761265,2.9757001
AT3G10710,0.44495657,0.14954284,2.9754453
AT3G61910,0.38984075,0.1310194,2.9754426
AT1G33930,0.52476436,0.17640306,2.9748027
AT5G01360,0.40286058,0.13543421,2.9745848
AT1G16020,0.15907104,0.05349499,2.9735684
AT3G16930,0.43187103,0.14528626,2.972552
AT5G07380,0.51595944,0.17358512,2.972371
AT1G29960,0.5154763,0.17344803,2.9719348
AT4G15280,0.66352874,0.22328404,2.97168
AT2G17950,0.42468908,0.14291431,2.9716341
AT1G18560,0.22176902,0.07463182,2.9715073
AT5G41460,0.41123995,0.13841045,2.9711623
AT2G47010,0.44339603,0.14923543,2.9711175
AT5G05260,0.40069985,0.13486966,2.971015
AT4G27790,0.68004894,0.22890663,2.9708571
AT2G48150,0.6607516,0.22241601,2.970791
AT2G40180,0.5887321,0.19818525,2.970615
AT3G50110,0.193618,0.065190986,2.9700115
AT2G15280,0.2360645,0.07949029,2.9697273
AT1G76910,0.4886201,0.16454935,2.9694438
AT1G49150,0.7481877,0.251965,2.9694114
AT5G52975,0.4236372,0.1426915,2.9689028
AT5G66710,0.5089465,0.17142586,2.9689012
AT2G18590,0.4883808,0.16453359,2.9682739
AT5G15790,0.24609837,0.082937494,2.967275
AT2G17070,0.41802073,0.14088137,2.967182
AT3G29780,0.45389664,0.15297726,2.9670854
AT1G78530,0.47959456,0.16166268,2.9666371
AT1G53450,0.22223929,0.07492573,2.9661274
AT3G13420,0.35447708,0.119512945,2.966014
AT2G38590,0.4473298,0.15082957,2.965796
AT1G48690,0.43241185,0.14580694,2.9656463
AT1G64160,0.8694433,0.29317757,2.965586
AT3G14510,0.38372996,0.12941375,2.96514
AT3G46180,0.18857926,0.06360178,2.9649994
AT1G61390,0.47544006,0.16038233,2.9644165
AT1G12150,0.55836135,0.18836813,2.9642026
AT1G53930,0.4858966,0.16393338,2.9639878
AT2G34555,0.49687696,0.16765866,2.963622
AT5G21150,0.55800164,0.1883009,2.9633508
AT4G39380,0.2836703,0.095732346,2.9631603
AT2G35700,0.5560007,0.18764436,2.9630556
AT3G11390,0.49176577,0.16596602,2.9630506
AT5G24570,0.66585934,0.22473428,2.9628737
AT5G06480,0.4303705,0.1452574,2.9628127
AT1G58300,0.7090112,0.23930879,2.962746
AT5G16490,0.46178603,0.15587014,2.962633
AT3G11640,0.5612199,0.1894512,2.9623451
AT5G56850,0.3909289,0.13200724,2.9614198
AT1G50870,0.4085868,0.13797997,2.9612033
AT2G03380,0.41628715,0.14060016,2.9607868
AT4G02740,0.42952144,0.1450779,2.960626
AT5G59600,0.3429566,0.11588827,2.9593728
AT3G06220,0.5770314,0.19500637,2.9590383
AT1G72220,0.39329475,0.13293141,2.958629
AT5G05900,0.42334548,0.14311452,2.9580886
AT5G59760,0.60634965,0.20500389,2.9577467
AT5G38310,0.5255195,0.17768072,2.9576616
AT5G41380,0.5716564,0.19328018,2.9576564
AT2G34080,0.5887746,0.19910471,2.9571102
AT5G64450,0.6435428,0.21765529,2.9567065
AT5G01075,0.54506934,0.18435557,2.9566195
AT1G18100,0.43318057,0.14653565,2.9561443
AT3G06280,0.37468025,0.12675627,2.9559107
AT3G57370,0.49820268,0.16854604,2.9558847
AT3G61390,0.6539328,0.22124027,2.9557583
AT3G14700,0.62003183,0.20977834,2.955652
AT1G31580,0.75383383,0.25510135,2.9550366
AT5G45810,0.49632952,0.16797821,2.9547253
AT1G71070,0.17127907,0.0579707,2.9545796
AT5G52560,0.16025834,0.05424399,2.9543974
AT3G20530,0.46373305,0.15697445,2.954194
AT3G48940,0.49585363,0.16784893,2.954166
AT2G23050,0.43295375,0.14661738,2.9529493
AT5G57670,0.46084535,0.15606858,2.9528384
AT4G39000,0.5149887,0.17446306,2.9518492
AT2G32650,0.43443286,0.14719488,2.9514127
AT3G32180,0.29630873,0.10041791,2.9507556
AT1G18180,0.34876436,0.11819569,2.9507365
AT2G07702,0.8836228,0.2994945,2.9503808
AT5G54690,0.35247344,0.11947025,2.9503028
AT2G37000,0.6870815,0.2329205,2.9498541
AT2G31480,0.4043453,0.13708527,2.9495893
AT5G35050,0.46134183,0.15641783,2.9494193
AT1G66970,0.3653958,0.12389187,2.9493122
AT1G26290,0.73576367,0.24948283,2.9491553
AT1G26520,0.17873536,0.06061276,2.948807
AT5G41250,0.26614562,0.090270914,2.9482985
AT3G26170,0.55752224,0.18911377,2.9480784
AT5G39130,0.6933782,0.2352759,2.9470854
AT4G04260,0.66204864,0.22467932,2.9466379
AT5G65230,0.4550312,0.1544502,2.946135
AT5G19360,0.5584688,0.18956162,2.9461067
AT1G71380,0.52583236,0.17848921,2.9460175
AT4G33260,0.4336559,0.14720753,2.945881
AT1G23350,0.6949215,0.23592195,2.9455566
AT5G62850,0.4852587,0.16474506,2.9455125
AT3G45130,0.68931544,0.23407108,2.944898
AT4G08380,0.4241135,0.1440258,2.9447048
AT2G32660,0.6075794,0.20634891,2.9444273
AT2G22800,0.3369102,0.11442485,2.9443793
AT4G00030,0.2613907,0.088776164,2.9443789
AT1G37140,0.5422185,0.18418261,2.9439178
AT3G05600,0.43968415,0.14936568,2.9436758
AT5G05430,0.6978704,0.23714513,2.9427986
AT1G01840,0.4221894,0.14348361,2.9424224
AT2G21140,0.61518234,0.20908405,2.9422727
AT5G23680,0.27706084,0.09417016,2.9421296
AT1G23210,0.5286855,0.17969944,2.942054
AT2G32050,0.6671898,0.22678174,2.9419906
AT1G24090,0.58765906,0.1997729,2.9416354
AT5G24150,0.5835644,0.19846562,2.94038
AT4G04880,0.1822078,0.06196754,2.9403741
AT5G62230,0.38795045,0.13194238,2.940302
AT5G54090,0.20573923,0.06998105,2.9399273
AT3G18890,0.2245991,0.07641897,2.9390485
AT1G13540,0.6108983,0.20791137,2.938263
AT4G27660,0.42440718,0.14445397,2.9380095
AT4G02810,0.5320796,0.18111551,2.937791
AT4G13840,0.27107826,0.09228225,2.9374905
AT1G23510,0.5956217,0.20277521,2.9373496
AT3G02440,0.29634428,0.10090036,2.936999
AT2G41810,0.70570916,0.24028517,2.936965
AT1G14470,0.5104279,0.17381373,2.9366372
AT5G36960,0.5805537,0.19770496,2.936465
AT3G20160,0.48632643,0.16562794,2.936258
AT4G28410,0.33508506,0.11413755,2.9358
AT4G33330,0.4175941,0.14224592,2.935719
AT1G56160,0.61145145,0.20828934,2.9355867
AT1G28690,0.4328105,0.14744799,2.935343
AT4G12270,0.4817337,0.16412118,2.9352314
AT3G11460,0.36562556,0.124577105,2.9349337
AT3G46520,0.60235643,0.20525889,2.9346178
AT5G43500,0.23105583,0.07874322,2.9342947
AT2G41590,0.5149917,0.17551346,2.9342003
AT2G14290,0.7138984,0.24330862,2.9341269
AT5G07450,0.52051103,0.17740396,2.934044
AT5G20370,0.64608634,0.22024474,2.9334927
AT5G59340,0.6555105,0.22347587,2.9332492
AT5G47000,0.7164708,0.24426425,2.933179
AT1G17630,0.33803093,0.11524886,2.933052
AT1G62150,0.29580802,0.10085478,2.9330094
AT4G13600,0.4725417,0.16111988,2.9328575
AT4G31960,0.59904903,0.20426594,2.9326916
AT1G66840,0.40201473,0.13710198,2.9322312
AT5G43740,0.41199285,0.1405234,2.9318447
AT2G27370,0.3396168,0.11586613,2.9311135
AT1G70920,0.5059327,0.17260863,2.931097
AT1G05610,0.5640448,0.19246452,2.9306426
AT5G27360,0.3666624,0.12517701,2.929151
AT2G29260,0.38904867,0.13282679,2.928992
AT1G62280,0.51590943,0.17615405,2.92874
AT5G51490,0.37332433,0.12748052,2.928481
AT2G02120,0.5922901,0.20225589,2.9284194
AT1G26540,0.4200966,0.14347306,2.928052
AT4G13670,0.2003698,0.068434544,2.9279041
AT1G52830,0.7027983,0.24004036,2.9278338
AT4G00680,0.5969292,0.2039248,2.9272022
AT3G21600,0.29117554,0.09947737,2.9270527
AT1G78500,0.5019051,0.171473,2.9270208
AT3G06460,0.49082243,0.16769168,2.9269335
AT2G21820,0.7462508,0.25500193,2.9264517
AT1G44050,0.3614147,0.12350748,2.9262574
AT1G52630,0.17432518,0.059592806,2.9252717
AT1G30220,0.60097736,0.20570147,2.9215996
AT5G62160,0.4166666,0.14261618,2.921594
AT5G53840,0.36595514,0.12527363,2.921246
AT4G14450,0.82748085,0.28329015,2.920966
AT1G59725,0.47899932,0.16400401,2.9206557
AT3G43920,0.20719711,0.07094838,2.9203923
AT1G55670,0.2965219,0.10153719,2.920328
AT2G16450,0.57957685,0.19846533,2.9202924
AT2G31590,0.6139608,0.21024136,2.9202662
AT1G73290,0.51055926,0.1748506,2.919974
AT1G52510,0.2287304,0.07833551,2.919881
AT5G27390,0.34325826,0.11756034,2.9198472
AT2G44040,0.3170492,0.108593486,2.9195967
AT5G66500,0.3752123,0.12855408,2.9187117
AT2G22990,0.40009916,0.13708258,2.9186723
AT1G69526,0.3689815,0.12643833,2.918272
AT1G09310,0.36218277,0.12414864,2.9173317
AT3G06360,0.5650348,0.1937031,2.9170146
AT5G61900,0.7082687,0.24280956,2.916972
AT3G47295,0.44658208,0.15310651,2.9168062
AT2G23110,0.81492126,0.27944422,2.9162216
AT4G04890,0.28988668,0.099408254,2.9161227
AT4G15755,0.4474599,0.15344788,2.916038
AT2G04270,0.21658115,0.07427513,2.9159307
AT1G64670,0.3423674,0.11741504,2.9158733
AT3G18970,0.23413047,0.08032049,2.914953
AT3G15240,0.34759024,0.11925308,2.9147274
AT3G02950,0.18209071,0.06247275,2.9147217
AT2G20110,0.3115183,0.10688191,2.9146025
AT5G13720,0.22449912,0.077039845,2.914065
AT4G09490,0.3800911,0.13045242,2.9136374
AT1G61440,0.5479791,0.1881116,2.913053
AT4G36250,0.23997307,0.082411855,2.9118752
AT5G57530,0.53376865,0.18332924,2.9115303
AT5G24940,0.5167587,0.17750439,2.9112442
AT2G46770,0.4429745,0.1521754,2.9109466
AT1G73000,0.5179547,0.17793626,2.9109
AT2G15310,0.34939432,0.120035715,2.9107528
AT1G60790,0.4453725,0.15302536,2.9104486
AT2G16210,0.38804993,0.13333422,2.9103549
AT3G12720,0.47927693,0.1646905,2.9101672
AT1G18280,0.54496086,0.187308,2.909437
AT3G18960,0.5318632,0.18280764,2.9094143
AT4G26800,0.3960106,0.13611583,2.9093645
AT1G67855,0.8141826,0.27989477,2.908888
AT2G39250,0.44360054,0.152507,2.908722
AT3G09680,0.7296153,0.250849,2.9085834
AT5G10320,0.22380699,0.07695641,2.9082303
AT5G06520,0.5824977,0.20029439,2.9082077
AT4G13345,0.2678456,0.0921202,2.907566
AT2G23400,0.5994586,0.20620887,2.9070454
AT1G71740,0.4885459,0.168076,2.906696
AT3G21080,0.86616254,0.29799324,2.9066515
AT1G34670,0.44070092,0.15162224,2.9065716
AT4G14530,0.65779495,0.22636153,2.9059484
AT1G18830,0.73363894,0.25252512,2.9052117
AT1G66020,0.42164308,0.14514557,2.9049666
AT5G04200,0.45722264,0.15741669,2.904537
AT4G24930,0.2352256,0.08099081,2.9043489
AT5G07800,0.37167647,0.12798923,2.9039664
AT5G53740,0.7031355,0.24218237,2.9033303
AT3G48425,0.20135526,0.06935449,2.9032762
AT5G62310,0.42491588,0.14636129,2.9031982
AT1G62560,0.5408247,0.18630786,2.9028547
AT3G12540,0.37548876,0.12935384,2.9028032
AT3G52080,0.39819512,0.13718213,2.9026744
AT2G25150,0.6048862,0.20839003,2.9026635
AT3G02230,0.23253171,0.080111176,2.9026124
AT3G63050,0.5720906,0.19710495,2.902467
AT2G21250,0.22228113,0.07658863,2.902273
AT5G03550,0.53257614,0.18351792,2.9020388
AT4G18750,0.3372985,0.11624565,2.901601
AT1G73150,0.18326223,0.063162684,2.9014316
AT3G17070,0.42470387,0.1463788,2.9014025
AT4G38530,0.33916008,0.11689954,2.901295
AT1G60030,0.34050795,0.11738864,2.900689
AT1G55580,0.4020489,0.13861096,2.9005558
AT4G12800,0.22848731,0.07877703,2.9004304
AT4G21865,0.38201216,0.13171189,2.9003618
AT5G24860,0.76953757,0.26534587,2.9001303
AT1G17480,0.32900894,0.11345074,2.9000156
AT2G45660,0.45165813,0.1557658,2.8995972
AT4G04930,0.59773165,0.20618747,2.8989716
AT5G42680,0.44553742,0.15368967,2.8989415
AT5G61750,0.55265677,0.19065383,2.8987443
AT5G02650,0.38899055,0.13419704,2.8986518
AT1G77150,0.60370135,0.20827009,2.8986464
AT1G03600,0.24983042,0.08619578,2.8984063
AT5G44990,0.7429908,0.25637683,2.898042
AT2G32690,0.3823647,0.13194855,2.8978314
AT1G73370,0.30755234,0.106136866,2.8976955
AT5G13670,0.43580595,0.1504123,2.8974085
AT4G16250,0.18628542,0.06429881,2.8971827
AT1G61630,0.3886898,0.13417242,2.8969421
AT4G17020,0.15028694,0.051880904,2.8967674
AT5G28010,0.6298553,0.2174437,2.8966358
AT5G48000,0.48880455,0.16875158,2.8965921
AT1G52230,0.3078848,0.10629392,2.896542
AT3G24310,0.5072339,0.17518866,2.8953578
AT3G55040,0.18949765,0.065450005,2.8953035
AT4G23780,0.5247375,0.1812502,2.8950999
AT1G49830,0.5020635,0.1734416,2.894712
AT1G18940,0.38638267,0.13347965,2.8946931
AT4G24350,0.6287627,0.21727626,2.8938398
AT2G24840,0.33232838,0.114861004,2.8933089
AT1G25250,0.4282371,0.14801472,2.893206
AT5G65820,0.35377097,0.12228399,2.8930275
AT3G22250,0.5041137,0.17427789,2.8925853
AT3G06710,0.5071485,0.1753797,2.8917172
AT1G60300,0.44432238,0.15366647,2.8914723
AT4G38390,0.4832419,0.16718102,2.8905306
AT2G42720,0.45779037,0.1583887,2.8902967
AT5G59860,0.63004273,0.21799098,2.8902237
AT2G18060,0.47690916,0.16502178,2.889977
AT1G65630,0.39997184,0.13840908,2.88978
AT5G13930,0.6052607,0.2094519,2.889736
AT3G12220,0.70396364,0.24361797,2.889621
AT1G54160,0.4425281,0.15316828,2.8891625
AT3G05730,0.5091868,0.1762495,2.8890111
AT4G27820,0.364334,0.12612313,2.8887162
AT3G19320,0.511838,0.17719215,2.8886042
AT5G20240,0.6277306,0.21732487,2.8884432
AT1G31920,0.32336864,0.1119734,2.8879058
AT1G79040,0.21769527,0.07538666,2.8877158
AT1G66360,0.573244,0.19852221,2.8875556
AT1G16640,0.49801046,0.17252535,2.8865929
AT1G54850,0.16505736,0.057185035,2.8863728
AT1G67670,0.57026464,0.19757426,2.8863304
AT5G45210,0.34697995,0.120220944,2.8861854
AT1G77310,0.2242403,0.07770123,2.8859296
AT3G12840,0.5459467,0.1891877,2.8857408
AT5G52850,0.2960666,0.10261733,2.8851519
AT4G16770,0.26995835,0.09356974,2.8851027
AT5G46040,0.49892753,0.17293893,2.8849924
AT3G14225,0.5044224,0.17485583,2.8847902
AT4G37930,0.18586239,0.06443012,2.8847127
AT2G19900,0.6479456,0.2246763,2.883907
AT2G03780,0.19707443,0.06834635,2.8834665
AT3G24510,0.55830157,0.19366217,2.882863
AT5G21100,0.37072968,0.12861075,2.8825712
AT1G31310,0.4856187,0.16847934,2.8823633
AT5G43980,0.4223906,0.14655846,2.882062
AT4G24030,0.69197124,0.2401043,2.8819609
AT1G62760,0.7150882,0.24812645,2.8819506
AT5G21130,0.4445835,0.15428329,2.881605
AT3G22090,0.707629,0.24559434,2.8812919
AT5G14860,0.5208744,0.1807806,2.8812513
AT1G66720,0.4784575,0.1661006,2.8805282
AT1G08070,0.37446722,0.13000152,2.8804832
AT1G17310,0.5597023,0.1943292,2.8801756
AT2G28960,0.34521282,0.11986359,2.880047
AT1G34000,0.24400774,0.084726945,2.8799305
AT5G37630,0.22233151,0.0772007,2.8799152
AT1G68150,0.36554244,0.12693179,2.8798335
AT1G50910,0.24711339,0.085809276,2.879798
AT5G42590,0.39337668,0.13660237,2.8797204
AT1G16290,0.43969867,0.15269068,2.879669
AT3G46750,0.45150837,0.15683015,2.878964
AT2G32500,0.22618829,0.07857565,2.8786051
AT2G27280,0.6253275,0.2172363,2.8785589
AT4G27070,0.26739827,0.09289761,2.8784192
AT4G02970,0.82400423,0.2863847,2.8772635
AT3G12960,0.8042711,0.27953577,2.877167
AT5G07160,0.30121964,0.10470378,2.8768744
AT5G03130,0.6002384,0.2086568,2.8766775
AT4G17360,0.2547185,0.08854856,2.8765965
AT1G55390,0.4914301,0.17084359,2.876491
AT1G50060,0.54203814,0.18844302,2.876403
AT2G02590,0.23704462,0.0824277,2.875788
AT3G20420,0.32131353,0.11173863,2.8755813
AT5G06730,0.58100307,0.20205733,2.8754365
AT5G54530,0.41822585,0.14545724,2.8752491
AT1G55480,0.22187312,0.07717507,2.874932
AT3G27870,0.295806,0.10289265,2.874899
AT5G26790,0.5473177,0.19038187,2.8748412
AT3G21340,0.39560837,0.13761494,2.8747485
AT2G40510,0.16471244,0.057297114,2.874707
AT5G24316,0.62472665,0.2173235,2.874639
AT5G23890,0.14886115,0.0517895,2.8743496
AT2G18780,0.295147,0.10269558,2.8739989
AT3G46500,0.4443303,0.15463452,2.8734221
AT4G00320,0.47725555,0.16615643,2.8723266
AT5G13320,0.89896864,0.31303495,2.8717835
AT1G60630,0.31611454,0.110096745,2.8712432
AT5G47810,0.22245133,0.07748257,2.870985
AT3G04800,0.5371696,0.18711887,2.8707395
AT1G07130,0.3861522,0.13454351,2.8700914
AT2G03720,0.53521204,0.18648198,2.8700466
AT5G61520,0.33350334,0.11620243,2.8700202
AT5G66110,0.58473575,0.2037535,2.8698192
AT5G04140,0.2784738,0.097045965,2.869504
AT1G43080,0.38602722,0.1345461,2.869107
AT5G46350,0.5729754,0.19971254,2.8690004
AT3G06160,0.52704316,0.1837152,2.8688052
AT2G20710,0.31421155,0.10953292,2.8686492
AT5G57420,0.52005035,0.18131834,2.8681617
AT3G43840,0.71543163,0.24946037,2.8679168
AT3G02940,0.45478266,0.15859176,2.8676307
AT1G14345,0.29555294,0.10307761,2.8672853
AT1G62130,0.24908291,0.08689086,2.8666177
AT5G22680,0.5408783,0.18868262,2.8666036
AT2G21610,0.47136,0.16443339,2.8665707
AT4G24860,0.42712817,0.14900924,2.866454
AT4G30570,0.36137712,0.12608327,2.8661778
AT5G50970,0.20504896,0.07154444,2.8660362
AT3G23510,0.6628783,0.23133399,2.8654597
AT3G55790,0.70064735,0.24451493,2.8654583
AT1G07390,0.4438245,0.15489963,2.8652391
AT1G16760,0.34606656,0.12078214,2.865213
AT1G02940,0.63446224,0.22143954,2.8651712
AT5G02690,0.55718577,0.19447726,2.8650432
AT3G26932,0.35084847,0.122465044,2.8648865
AT5G02000,0.54757506,0.19116162,2.8644612
AT4G37950,0.44095045,0.15394577,2.864323
AT5G51930,0.43270102,0.151091,2.8638437
AT1G09240,0.58586884,0.20460115,2.8634677
AT3G19330,0.34034336,0.11886363,2.8633094
AT5G64700,0.45911354,0.16034783,2.8632348
AT5G60250,0.6093405,0.21286733,2.8625362
AT2G40470,0.46591192,0.1627762,2.862285
AT2G39540,0.46739966,0.16332375,2.8617983
AT1G01750,0.5393226,0.18846254,2.8616965
AT1G80960,0.35976732,0.125719,2.861678
AT2G02010,0.72577316,0.2536791,2.860989
AT5G58680,0.6366054,0.22252506,2.8608253
AT1G05690,0.3527346,0.12332122,2.860291
AT1G09720,0.37417603,0.13083608,2.8598838
AT2G20530,0.15401354,0.053854607,2.859802
AT5G58782,0.3822756,0.13368398,2.8595467
AT3G09130,0.33216295,0.11616506,2.8594048
AT5G19210,0.2091452,0.07314846,2.8591878
AT1G49490,0.50137025,0.17538719,2.8586478
AT3G04540,0.46745685,0.16353387,2.858471
AT1G03980,0.45087904,0.1577445,2.8582866
AT3G53680,0.32060602,0.112175874,2.8580656
AT5G08565,0.3665836,0.1282773,2.8577428
AT4G26180,0.22388,0.07834397,2.857654
AT2G28440,0.4489274,0.15710235,2.857547
AT2G39730,0.21144716,0.07401645,2.8567586
AT3G58990,0.5558202,0.19457297,2.8566155
AT2G17430,0.43239674,0.15136854,2.8565822
AT5G19790,0.5278414,0.18483344,2.8557677
AT4G28650,0.30582324,0.10709103,2.8557312
AT1G78170,0.4663875,0.16332863,2.8555157
AT2G07727,0.67120606,0.23509833,2.8550012
AT2G44880,0.45784423,0.16037591,2.854819
AT3G61210,0.4385377,0.1536275,2.8545518
AT5G38140,0.3967151,0.13898708,2.8543305
AT5G44820,0.5217646,0.18286064,2.8533452
AT3G62750,0.35826957,0.12556873,2.8531747
AT3G10180,0.38747314,0.13582781,2.8526788
AT4G04760,0.58733326,0.20591298,2.8523371
AT4G12440,0.5585802,0.19585954,2.8519428
AT5G44270,0.49156958,0.17236461,2.8519168
AT5G05500,0.4808675,0.16865931,2.8511171
AT1G35560,0.3785764,0.1328492,2.8496697
AT2G43180,0.28040934,0.09840124,2.8496523
AT2G34610,0.5153648,0.1808581,2.849553
AT1G67000,0.6332327,0.22231449,2.8483644
AT1G59550,0.4353653,0.15284975,2.8483217
AT4G15460,0.5564284,0.19540621,2.8475468
AT2G24990,0.25470588,0.08947937,2.8465316
AT3G21920,0.46897975,0.16477984,2.8460987
AT3G48810,0.24622846,0.08652209,2.8458447
AT5G18160,0.29364815,0.10319549,2.845552
AT3G01080,0.687382,0.24158609,2.8452878
AT1G47840,0.2963928,0.104188606,2.8447714
AT1G58120,0.6160614,0.21656138,2.8447425
AT1G02230,0.8544565,0.30038187,2.8445675
AT1G16940,0.2082622,0.07323708,2.8436716
AT4G23070,0.5457278,0.19191042,2.843659
AT3G54770,0.3722177,0.1308944,2.8436487
AT1G49430,0.3187229,0.11208237,2.8436487
AT4G05350,0.47905266,0.16848111,2.843361
AT3G49480,0.5701906,0.20053929,2.843286
AT5G61420,0.50965387,0.17924991,2.8432584
AT2G45890,0.43106544,0.15163004,2.842876
AT3G46170,0.4608881,0.16213849,2.842558
AT5G56620,0.49441907,0.17393585,2.8425367
AT3G44440,0.69297385,0.24380739,2.8423002
AT4G16610,0.42470804,0.14943317,2.8421268
AT2G19340,0.29852003,0.1050441,2.841854
AT1G18340,0.19288863,0.06787473,2.8418324
AT1G28340,0.12003459,0.04223937,2.8417695
AT5G08490,0.39400595,0.13865563,2.841615
AT4G27110,0.36645356,0.12898591,2.8410351
AT3G29080,0.35440153,0.12479099,2.8399608
AT1G67860,0.4414029,0.15544502,2.8396075
AT1G52040,0.72383565,0.25492576,2.839398
AT5G05150,0.46264938,0.16294326,2.8393278
AT1G67960,0.14735374,0.051907033,2.8388004
AT2G01960,0.45150468,0.15904914,2.8387744
AT5G51810,0.56324214,0.19841057,2.8387706
AT4G19940,0.35830247,0.12625381,2.8379533
AT4G22490,0.60021496,0.21150905,2.8377743
AT4G28940,0.39679468,0.13983999,2.8374903
AT5G10620,0.29913735,0.105437465,2.8371067
AT4G24140,0.44151193,0.15563422,2.8368561
AT5G46680,0.25083783,0.08843089,2.8365407
AT2G01580,0.40515935,0.14284235,2.8364089
AT1G17250,0.5378055,0.18961565,2.8362925
AT3G14730,0.2750318,0.09698217,2.8359003
AT5G61280,0.49887735,0.1759185,2.8358433
AT2G46990,0.5851971,0.20636104,2.8357923
AT5G57920,0.4976257,0.17548434,2.8357267
AT3G28840,0.58439386,0.20608695,2.8356664
AT2G03880,0.43484184,0.15335514,2.8355217
AT1G62085,0.29435042,0.10381039,2.8354616
AT2G07719,0.62059915,0.21887441,2.835412
AT1G14640,0.3916758,0.13814588,2.835233
AT3G62640,0.54573184,0.19249175,2.8350918
AT2G13950,0.31671745,0.11171439,2.8350637
AT4G24580,0.40178332,0.14176789,2.8340921
AT3G21950,0.5332165,0.18815102,2.833981
AT2G31340,0.20296797,0.0716305,2.833541
AT1G57750,0.5868662,0.20712133,2.8334415
AT5G05630,0.35157982,0.12411807,2.8326237
AT5G24410,0.3465915,0.122372225,2.8322725
AT5G21030,0.53773385,0.18986511,2.8321886
AT1G22710,0.22445557,0.07925241,2.8321607
AT5G42500,0.46721566,0.16499586,2.8316808
AT1G18040,0.20450926,0.07223075,2.8313322
AT2G25820,0.66870844,0.23618834,2.8312507
AT1G14660,0.20419689,0.07213892,2.830606
AT2G33420,0.51721835,0.1827863,2.829634
AT4G12360,0.5728259,0.20244111,2.8295925
AT1G23530,0.2459421,0.086919256,2.8295465
AT1G03495,0.9657044,0.34129477,2.8295317
AT2G23100,0.5478975,0.19367017,2.8290236
AT5G42400,0.15257911,0.053940985,2.82863
AT2G33020,0.6448692,0.22808984,2.8272595
AT5G02140,0.5703302,0.20174846,2.826937
AT3G45030,0.2284088,0.08079889,2.8268802
AT2G03110,0.5887357,0.20827039,2.8267853
AT4G22980,0.48725986,0.1723927,2.8264527
AT5G04530,0.4701607,0.16637567,2.825898
AT2G07715,0.5570111,0.19712515,2.8256724
AT4G10420,0.371061,0.13132326,2.825554
AT3G10150,0.5293331,0.187397,2.8246613
AT4G21280,0.25205922,0.08925318,2.8240921
AT5G66020,0.54066324,0.1915014,2.823286
AT2G22630,0.39414555,0.139615,2.8230886
AT5G41730,0.491294,0.1740273,2.8230855
AT3G18260,0.45079708,0.15968822,2.8229825
AT3G02790,0.49915344,0.17684425,2.8225594
AT1G14270,0.18062688,0.0640137,2.8216908
AT3G46810,0.35303107,0.12512046,2.8215292
AT2G16400,0.15670247,0.055539325,2.8214684
AT2G25360,0.33971366,0.12040501,2.8214245
AT5G06630,0.51100314,0.18111703,2.8213973
AT5G56110,0.43673748,0.15479873,2.8213243
AT5G16080,0.60201716,0.2133936,2.8211584
AT3G54570,0.39867446,0.14132658,2.8209443
AT3G52780,0.59818006,0.21205525,2.8208687
AT3G04450,0.2886232,0.102321915,2.820737
AT1G33811,0.358446,0.12710074,2.820172
AT4G15820,0.26631746,0.09445277,2.8195832
AT2G29320,0.39778998,0.14108679,2.81947
AT1G60470,0.6567358,0.23293513,2.8193932
AT3G03290,0.49254552,0.17474325,2.818681
AT2G29100,0.52231157,0.18535115,2.8179567
AT2G14960,0.5220016,0.18525822,2.8176973
AT3G04220,0.51156604,0.18159105,2.8171322
AT2G45650,0.53523123,0.19002567,2.8166256
AT3G55080,0.15297343,0.054319102,2.8161988
AT1G28220,0.43806294,0.15555352,2.8161554
AT1G64130,0.44258198,0.15717056,2.815934
AT3G16390,0.5081771,0.18048872,2.8155613
AT4G27540,0.16967207,0.06026986,2.8152056
AT1G63600,0.4647367,0.16509435,2.8149762
AT1G65990,0.28957447,0.102870785,2.8149338
AT5G60530,0.43782076,0.15555732,2.81453
AT3G09270,0.6864105,0.24389118,2.8144128
AT4G13235,0.43202433,0.15354335,2.813696
AT3G18200,0.49684653,0.17658988,2.8135614
AT3G24340,0.40566075,0.14419428,2.8132927
AT5G15140,0.620872,0.22078334,2.8121324
AT1G49570,0.49724352,0.17682904,2.8120012
AT3G56230,0.4331028,0.15404885,2.8114638
AT3G48600,0.34231624,0.121760584,2.8113878
AT3G26940,0.36681542,0.13048679,2.8111305
AT1G34640,0.38861337,0.13826315,2.810679
AT3G25655,0.54871625,0.19523294,2.810572
AT2G36970,0.61768603,0.21981478,2.8100295
AT2G07705,0.7380347,0.26264676,2.8099897
AT3G23870,0.42805302,0.15233508,2.8099437
AT1G35890,0.376593,0.13402417,2.8098884
AT1G18990,0.676916,0.2409748,2.8090737
AT3G09380,0.37665454,0.13409522,2.8088584
AT3G44860,0.8991246,0.3201035,2.808856
AT1G48000,0.53794336,0.19151877,2.808828
AT1G78580,0.21211177,0.075517245,2.8087857
AT2G40670,0.6178176,0.21998307,2.8084776
AT5G61430,0.41918424,0.1492606,2.808405
AT4G11640,0.2140089,0.076204374,2.8083541
AT2G16740,0.3349167,0.119272225,2.8080025
AT2G43880,0.45392412,0.16166969,2.8077254
AT3G56650,0.2254689,0.08030368,2.807703
AT3G01960,0.7399832,0.26356658,2.807576
AT4G11550,0.46042803,0.16400412,2.8074172
AT2G20380,0.36317125,0.12938164,2.8069763
AT2G41510,0.4521587,0.16108657,2.8069293
AT3G26380,0.20244917,0.0721272,2.806835
AT3G60120,0.8264452,0.29447642,2.8064904
AT4G20060,0.17982838,0.06408069,2.80628
AT2G47920,0.42045835,0.14983308,2.806178
AT4G19100,0.26824492,0.09562885,2.8050625
AT1G75880,0.4828073,0.17213225,2.8048623
AT3G47220,0.5247838,0.18711047,2.8046734
AT3G03540,0.53118044,0.1894487,2.8038218
AT5G46115,0.63557196,0.22669546,2.8036375
AT1G50090,0.5375513,0.1917814,2.8029373
AT3G26850,0.21263495,0.07586418,2.802837
AT1G75470,0.49771944,0.17760114,2.8024561
AT3G26110,0.5718779,0.20406616,2.802414
AT1G75490,0.58855116,0.2100363,2.8021402
AT3G01900,0.42701718,0.15241952,2.801591
AT1G54820,0.4145592,0.14797714,2.801508
AT4G11920,0.26689908,0.09527123,2.8014655
AT1G04650,0.30589753,0.109198876,2.8012881
AT4G26150,0.6095375,0.21762061,2.8009179
AT4G14590,0.27422425,0.09791377,2.8006706
AT5G04050,0.20553662,0.07338914,2.8006403
AT5G01280,0.41833878,0.14940664,2.800001
AT4G10470,0.20393957,0.07284179,2.79976
AT3G15900,0.2285473,0.081640154,2.799447
AT5G03420,0.198255,0.07082276,2.7993116
AT3G11170,0.2852523,0.10190593,2.7991726
AT3G01990,0.45199746,0.1614806,2.7990818
AT2G28170,0.28850037,0.10308327,2.7987118
AT4G33470,0.2271927,0.08118521,2.7984493
AT3G11350,0.36921793,0.13196097,2.7979324
AT2G46280,0.19063866,0.06814034,2.7977352
AT2G26540,0.18196899,0.065043695,2.797642
AT5G40940,0.486055,0.17373975,2.7976036
AT2G07738,0.6101564,0.21815936,2.7968378
AT1G02670,0.44939974,0.16069348,2.7966268
AT3G13782,0.3995628,0.14287749,2.796541
AT5G15725,0.5028597,0.1798615,2.795816
AT5G60940,0.13453904,0.048126224,2.7955446
AT2G18480,0.6352184,0.22723614,2.7954109
AT5G35190,0.60227084,0.21546504,2.7952135
AT2G03550,0.309342,0.11068931,2.794687
AT2G34620,0.47546265,0.17022897,2.7930768
AT1G34780,0.17342974,0.06209494,2.7929764
AT3G57680,0.38900396,0.13927987,2.792966
AT1G57760,0.3554656,0.12729953,2.7923555
AT1G18140,0.4059456,0.14537936,2.792319
AT4G12890,0.5891642,0.21099871,2.7922642
AT3G25050,0.37446478,0.13411164,2.7921867
AT2G29880,0.31133845,0.11151029,2.7920153
AT3G02850,0.509863,0.18262163,2.791909
AT3G10120,0.6369372,0.22813876,2.791885
AT1G28640,0.5310874,0.1902344,2.7917526
AT2G19650,0.45794758,0.16403955,2.7916899
AT5G57450,0.40759337,0.14602381,2.79128
AT4G34690,0.51128125,0.18318035,2.7911358
AT5G54190,0.7840306,0.2809216,2.790923
AT5G08000,0.47433957,0.16997506,2.790642
AT3G09930,0.41262674,0.147889,2.7901108
AT1G11340,0.36357912,0.13032064,2.789881
AT1G32550,0.19158795,0.06867769,2.7896676
AT4G25750,0.5441986,0.19511782,2.7890766
AT4G07740,0.34118003,0.12233672,2.78886
AT4G35370,0.47759336,0.17125146,2.7888422
AT4G25050,0.25749162,0.092344575,2.7883782
AT2G46860,0.45664996,0.16379131,2.7879984
AT3G22880,0.36469573,0.13080978,2.7879848
AT1G57700,0.1586685,0.05691579,2.787776
AT1G66030,0.46724004,0.1676355,2.7872376
AT5G27860,0.3112255,0.11166565,2.7871192
AT1G51430,0.5730684,0.20566879,2.786365
AT2G27140,0.3483596,0.12503578,2.7860792
AT1G63210,0.44863454,0.16102725,2.786078
AT4G14540,0.33632252,0.12072022,2.7859664
AT4G01180,0.5667082,0.20349227,2.7849126
AT5G42660,0.1742662,0.06258177,2.7846158
AT2G45900,0.5276874,0.18952242,2.7843003
AT1G48580,0.36708635,0.13185082,2.7841032
AT5G60030,0.32012704,0.11499044,2.7839446
AT2G23410,0.48966718,0.17589723,2.7838252
AT2G19700,0.44899794,0.16134405,2.78286
AT1G24540,0.40755722,0.14646247,2.7826731
AT1G35250,0.46003875,0.16532443,2.782642
AT3G15030,0.29724652,0.10682952,2.7824378
AT5G27020,0.5748179,0.2066719,2.7813063
AT3G57100,0.5275591,0.18968923,2.7811756
AT1G63400,0.31020594,0.11156803,2.7804193
AT3G47790,0.551857,0.19851698,2.779898
AT1G13290,0.3362991,0.12099825,2.7793715
AT1G44090,0.52761954,0.18984239,2.7792501
AT3G15890,0.19359387,0.06965692,2.7792478
AT1G07880,0.408684,0.14705117,2.7791955
AT5G55680,0.61235285,0.22034061,2.7791193
AT5G15760,0.26696005,0.09606635,2.778913
AT1G30795,0.38304946,0.1378487,2.7787669
AT2G47460,0.49115187,0.1767726,2.7784388
AT3G59570,0.27173132,0.09781553,2.7779975
AT2G42370,0.40497842,0.14579567,2.7777119
AT2G36790,0.6869508,0.24733023,2.7774637
AT1G55290,0.5695376,0.20507908,2.7771606
AT1G11290,0.26504427,0.09544906,2.7768137
AT5G46890,0.6161808,0.22190534,2.776773
AT1G47770,0.36322355,0.13083439,2.7762084
AT5G43200,0.51484716,0.18546523,2.7759764
AT5G02730,0.4268657,0.1537818,2.7757878
AT5G48060,0.3224515,0.116171844,2.7756422
AT1G49250,0.48506445,0.17477952,2.775293
AT1G70400,0.49469253,0.17827167,2.7749362
AT2G43660,0.6573653,0.23691034,2.7747428
AT5G38290,0.20747168,0.07477473,2.774623
AT5G17200,0.38757238,0.13969192,2.7744794
AT2G17140,0.27787778,0.10016214,2.7742794
AT4G31680,0.44499815,0.16040227,2.7742631
AT4G36910,0.2685825,0.09683645,2.773568
AT3G04820,0.20309101,0.07323699,2.7730658
AT5G07020,0.16920285,0.061032668,2.772332
AT3G52610,0.13288255,0.04793218,2.7723029
AT5G42450,0.35692695,0.12875849,2.772065
AT4G15100,0.6276266,0.22641464,2.772023
AT2G18340,0.64863324,0.23402955,2.771587
AT3G32400,0.43330213,0.15633745,2.7715821
AT3G54120,0.30944863,0.11165238,2.771536
AT1G04500,0.6070804,0.21907993,2.7710452
AT2G42430,0.33441204,0.12068305,2.770994
AT4G20470,0.6843341,0.24697207,2.7708967
AT2G35820,0.42196175,0.15230049,2.7705867
AT2G34940,0.42809364,0.15452819,2.7703269
AT1G24260,0.6564919,0.23701367,2.769848
AT1G05200,0.26773128,0.09666591,2.7696555
AT1G49975,0.33312306,0.12031506,2.768756
AT4G17380,0.44298437,0.16000293,2.7686014
AT5G65320,0.5539681,0.20008954,2.7686007
AT1G27820,0.5569517,0.20116839,2.7685845
AT3G46980,0.1887224,0.06816609,2.7685668
AT1G72540,0.6045175,0.21835522,2.7685049
AT1G16440,0.50521886,0.18249653,2.768375
AT4G18510,0.3885604,0.14037566,2.768004
AT1G60390,0.24477097,0.08843341,2.7678561
AT5G05420,0.68777734,0.24849986,2.7677171
AT5G01490,0.41577742,0.15024342,2.7673583
AT2G36610,0.5444311,0.19673517,2.7673295
AT1G62780,0.26661396,0.096345134,2.7672799
AT5G15100,0.5009714,0.18104728,2.7670746
AT2G02440,0.30000332,0.108432695,2.7667236
AT3G62500,0.40054062,0.14478515,2.766448
AT4G26820,0.44658905,0.16145267,2.7660677
AT4G26950,0.72126335,0.2607983,2.7655983
AT4G11140,0.4981694,0.1801385,2.7654796
AT3G06390,0.39144495,0.14155796,2.7652624
AT4G23260,0.5064549,0.18316135,2.765075
AT5G16920,0.59190375,0.21408355,2.7648256
AT2G46760,0.47069293,0.17024583,2.7647836
AT4G13630,0.24599409,0.0889809,2.7645717
AT3G59290,0.16839139,0.06091707,2.7642722
AT1G70820,0.4300077,0.15557623,2.7639675
AT2G43860,0.3696127,0.13373788,2.7637095
AT5G59810,0.3817792,0.13818567,2.7627985
AT5G03640,0.44180366,0.1599308,2.7624674
AT5G15170,0.17958058,0.06501612,2.7620928
AT1G52520,0.1560408,0.056496162,2.7619712
AT4G27510,0.38830712,0.14059484,2.761887
AT1G76185,0.23811932,0.08624396,2.7609968
AT3G08000,0.34470832,0.12486657,2.7606132
AT2G39230,0.34509516,0.1250155,2.7604187
AT3G46900,0.6141525,0.22248808,2.7603836
AT1G30010,0.2220264,0.08044914,2.7598352
AT1G23720,0.40535086,0.14689267,2.7595034
AT5G07930,0.36084813,0.13080518,2.7586682
AT5G02070,0.4761509,0.17261161,2.75851
AT1G09170,0.4318713,0.15656145,2.7584777
AT1G05900,0.23043743,0.08353978,2.7584155
AT1G60930,0.25229007,0.09148179,2.7578173
AT1G07025,0.4623084,0.16763873,2.7577658
AT3G16650,0.28521442,0.10342254,2.7577586
AT2G34990,0.55836356,0.20249128,2.7574694
AT4G17660,0.70450217,0.2555115,2.757223
AT1G10980,0.59014255,0.21405669,2.756945
AT1G31490,0.477479,0.17319521,2.7568831
AT3G12470,0.51702094,0.18760894,2.7558436
AT5G35550,0.46819896,0.16989622,2.7557936
AT2G45870,0.2875538,0.10435523,2.755528
AT5G56000,0.29439166,0.10685159,2.755145
AT3G19700,0.45408684,0.16489907,2.7537258
AT1G65790,0.6852511,0.24886476,2.7535079
AT2G23250,0.32847032,0.119296305,2.7533987
AT1G75090,0.34626865,0.12577555,2.753068
AT5G55250,0.45715612,0.16606526,2.75287
AT2G43730,0.4081047,0.14829578,2.751964
AT1G11120,0.53388685,0.19410108,2.7505608
AT2G24960,0.22282389,0.08101159,2.7505183
AT5G58910,0.45134616,0.16410582,2.750336
AT1G02190,0.595747,0.21666834,2.7495801
AT5G13770,0.3267713,0.11884851,2.7494771
AT1G11710,0.2969506,0.108009286,2.7493062
AT5G38020,0.56224465,0.20454013,2.748823
AT1G62930,0.2564769,0.093307585,2.748725
AT1G55630,0.17418584,0.063373744,2.7485487
AT5G61300,0.21278812,0.077428915,2.7481737
AT1G28590,0.52352744,0.19056182,2.747284
AT2G24820,0.21581112,0.07855927,2.7471118
AT3G26230,0.56507695,0.20570992,2.74696
AT1G64070,0.34249318,0.12468579,2.74685
AT3G58010,0.14765923,0.05375749,2.7467651
AT2G28970,0.42448306,0.15454672,2.7466323
AT2G34350,0.47595662,0.17329572,2.7464993
AT4G21210,0.20280027,0.07383995,2.7464843
AT1G24620,0.43543372,0.15854374,2.7464578
AT2G17050,0.42995673,0.1565727,2.7460515
AT5G07280,0.37696657,0.13728029,2.7459626
AT5G54148,0.55301875,0.20143846,2.7453482
AT2G36580,0.23503183,0.08561258,2.7452953
AT5G23060,0.27674448,0.10081191,2.7451563
AT3G02670,0.65913194,0.24010992,2.7451258
AT1G53660,0.4432293,0.16146429,2.7450604
AT1G30750,0.47459695,0.17290817,2.7447917
AT4G29030,0.59086967,0.21527073,2.7447746
AT5G51520,0.44660166,0.16271317,2.7447171
AT1G21950,0.31724247,0.1156025,2.7442524
AT1G56320,0.38926968,0.14185078,2.744219
AT5G39900,0.19179435,0.06989066,2.7442052
AT1G33475,0.4040285,0.14723183,2.7441652
AT5G08305,0.31051707,0.11315753,2.744113
AT3G23020,0.3157738,0.11510633,2.7433224
AT3G43930,0.4833947,0.17621483,2.7432122
AT1G03100,0.25049952,0.09131627,2.7432077
AT3G43160,0.45467767,0.1657539,2.7430885
AT1G64590,0.42307293,0.15427065,2.7424068
AT1G74390,0.18911557,0.068966396,2.7421405
AT1G65500,0.8449626,0.30814666,2.7420795
AT5G64060,0.5181343,0.18901712,2.7412028
AT1G49530,0.38552734,0.14067027,2.7406452
AT1G68980,0.15987758,0.058348946,2.7400246
AT1G27720,0.40709448,0.14857496,2.7399936
AT2G04570,0.42992213,0.15691184,2.7398958
AT4G25220,0.51768804,0.18895933,2.7396793
AT5G10900,0.2104642,0.07682399,2.7395632
AT1G04180,0.58675295,0.2141827,2.7394972
AT1G28660,0.5079419,0.18543029,2.7392604
AT2G25470,0.5800133,0.21176198,2.7389867
AT4G02170,0.7950375,0.29027462,2.738915
AT3G15800,0.41727856,0.15235838,2.738796
AT1G09540,0.4079415,0.14895447,2.738699
AT1G11880,0.24231707,0.08851349,2.7376282
AT3G03670,0.70488757,0.2575285,2.7371244
AT4G05200,0.35712323,0.13048477,2.7368953
AT2G05370,0.49499682,0.18092805,2.7358763
AT5G42330,0.4335791,0.15848997,2.7356875
AT1G54070,0.66521215,0.24317117,2.7355714
AT2G46380,0.25802207,0.09432429,2.7354784
AT2G45800,0.5661795,0.20697942,2.7354383
AT3G50690,0.17294377,0.06322973,2.7351649
AT1G63250,0.37895358,0.13855919,2.7349577
AT4G18920,0.6090741,0.22270429,2.7349005
AT3G23160,0.22053048,0.08063692,2.7348573
AT3G16680,0.49292523,0.18027519,2.734293
AT3G52820,0.54598206,0.19970235,2.733979
AT5G53210,0.43577394,0.15940093,2.7338228
AT1G67840,0.14690429,0.05373754,2.7337363
AT1G52100,0.7292784,0.26680943,2.7333305
AT1G07560,0.3634416,0.13299134,2.732821
AT4G15740,0.3352047,0.1226623,2.732744
AT5G17230,0.1991114,0.07286493,2.7326093
AT5G23770,0.32900396,0.120418176,2.7321784
AT5G67430,0.43098125,0.1577487,2.7320745
AT5G05920,0.14118122,0.051694863,2.7310486
AT1G72870,0.39807773,0.14576176,2.731016
AT4G12110,0.22776933,0.08340766,2.7307959
AT5G46450,0.24454933,0.08955506,2.7307146
AT5G45790,0.29746613,0.1089383,2.7305925
AT4G21750,0.24881987,0.09113504,2.7302325
AT3G17280,0.40212935,0.14729059,2.7301767
AT4G27435,0.26662284,0.09766015,2.7301087
AT1G79250,0.45378038,0.16621642,2.7300572
AT5G21050,0.45693257,0.16737333,2.73002
AT3G06260,0.47010708,0.17220268,2.7299635
AT2G21220,0.54334164,0.19904312,2.7297683
AT1G78440,0.7123599,0.26096642,2.7296996
AT5G49270,0.38578033,0.14132835,2.7296739
AT1G04110,0.46890667,0.17178793,2.7295668
AT1G20530,0.4192121,0.1536192,2.728904
AT5G03020,0.5063061,0.18554989,2.728679
AT5G53010,0.18823628,0.06898886,2.7285023
AT3G22570,0.43413448,0.15913126,2.7281532
AT1G25460,0.5271904,0.19325419,2.7279634
AT3G26790,0.5498103,0.201564,2.7277205
AT3G44960,0.5489354,0.20129512,2.7270176
AT1G02530,0.63825387,0.23410882,2.7263126
AT3G01550,0.495456,0.18178566,2.7254953
AT3G51820,0.19768533,0.072535634,2.7253544
AT5G49310,0.4354633,0.15979792,2.7250872
AT1G29430,0.5857542,0.2149731,2.724779
AT4G11210,0.6453087,0.23685423,2.724497
AT3G12170,0.420453,0.15433635,2.7242641
AT3G27730,0.5025777,0.18449134,2.724126
AT5G15480,0.43672892,0.16036041,2.7234209
AT5G09500,0.55772597,0.20483741,2.7227738
AT1G68290,0.6643454,0.2440048,2.7226732
AT1G18860,0.45554364,0.16732302,2.72254
AT5G36280,0.61659133,0.22647795,2.7225225
AT2G02250,0.5266721,0.19348484,2.7220328
AT2G29110,0.57966197,0.21295363,2.7220101
AT2G32290,0.51715666,0.19003339,2.7213986
AT2G26870,0.3009362,0.11059576,2.7210462
AT1G29490,0.6678642,0.24545416,2.7209322
AT1G08100,0.32958677,0.121137835,2.7207582
AT4G12700,0.20187023,0.0742008,2.7205935
AT2G25240,0.46423677,0.17066361,2.7201858
AT1G54700,0.5190792,0.19085756,2.7197201
AT2G01200,0.7744246,0.28478503,2.7193305
AT5G17360,0.29330945,0.107867114,2.719174
AT1G04330,0.57796896,0.212556,2.7191372
AT4G07940,0.67603755,0.24862915,2.7190597
AT5G42290,0.67325246,0.24762256,2.7188654
AT1G59560,0.17234139,0.063387886,2.7188377
AT1G66540,0.5478946,0.20152111,2.7187948
AT1G20260,0.17742102,0.06526455,2.7184894
AT3G61450,0.5262824,0.19360189,2.7183743
AT4G38840,0.3889003,0.14306685,2.7183115
AT4G15480,0.64955586,0.23896757,2.7181756
AT5G11470,0.26920074,0.09904966,2.717836
AT4G01380,0.7122783,0.26208952,2.717691
AT5G65570,0.24398416,0.08978168,2.7175272
AT3G24900,0.63797885,0.2348005,2.7171102
AT3G50610,0.6578476,0.24211526,2.7170842
AT3G56830,0.18231441,0.06710101,2.717014
AT4G26040,0.38452423,0.14154263,2.716667
AT3G59630,0.15269853,0.056220043,2.7160864
AT1G53980,0.6623382,0.24387987,2.7158377
AT1G64405,0.53266674,0.19613835,2.7157702
AT5G41000,0.19640514,0.07232748,2.715498
AT5G23660,0.6792826,0.25016764,2.7153096
AT1G45474,0.21328874,0.07856111,2.71494
AT5G11940,0.40536457,0.14931278,2.7148683
AT3G55320,0.13716328,0.050524577,2.7147827
AT5G49390,0.3508692,0.12925842,2.7144783
AT5G02910,0.18672697,0.06878929,2.714477
AT1G63610,0.1398017,0.05150532,2.7143152
AT5G66740,0.6217924,0.22911315,2.7139094
AT3G12060,0.5276036,0.19441947,2.7137384
AT3G13280,0.5038723,0.1856904,2.7135072
AT1G79910,0.46553472,0.17156932,2.7133913
AT2G40740,0.6410351,0.2362555,2.7133126
AT2G03360,0.48319402,0.17808987,2.713203
AT5G20010,0.1608593,0.059293587,2.7129288
AT4G02540,0.55617094,0.20511286,2.711536
AT3G25130,0.41170552,0.15183707,2.7114952
AT1G10620,0.36307836,0.13393617,2.710831
AT4G36070,0.47596332,0.17559947,2.7105052
AT5G65510,0.5038139,0.18589751,2.71017
AT1G15900,0.5850448,0.21588649,2.7099648
AT1G09090,0.358113,0.13215427,2.7098098
AT1G12070,0.5909508,0.21807972,2.7097924
AT3G45160,0.57723105,0.2130233,2.7097082
AT4G02670,0.4755701,0.17550766,2.7096827
AT5G02570,0.6139388,0.22657663,2.7096298
AT5G50260,0.5905896,0.21795985,2.7096255
AT1G16160,0.3758417,0.13870965,2.7095568
AT2G37010,0.2140209,0.0789918,2.7094061
AT4G14790,0.17945512,0.06624402,2.7090006
AT5G12060,0.4868219,0.17971948,2.7087874
AT3G62090,0.45709258,0.16877455,2.7083027
AT2G02680,0.39351812,0.14531471,2.7080402
AT1G33770,0.56891435,0.21009298,2.707917
AT1G05020,0.4931249,0.18211782,2.7077243
AT5G60130,0.5388548,0.19901207,2.7076485
AT1G55130,0.1702467,0.06288331,2.7073429
AT3G11040,0.22825429,0.08431049,2.7073057
AT1G50120,0.12866496,0.047529276,2.7070668
AT5G08480,0.5825238,0.21520333,2.706853
AT2G37140,0.47593737,0.17582862,2.706825
AT1G13760,0.3504347,0.12947316,2.70662
AT5G03810,0.46243474,0.17085737,2.706554
AT1G79900,0.53563195,0.19792487,2.7062385
AT5G37300,0.70981175,0.26230425,2.7060628
AT5G20740,0.47794864,0.17663994,2.7057786
AT5G54720,0.76322514,0.2820849,2.7056575
AT2G45690,0.16246986,0.060055103,2.705346
AT5G46200,0.4155489,0.1536052,2.7053046
AT3G22800,0.35182524,0.13010086,2.7042496
AT1G73400,0.21851853,0.08080697,2.7042036
AT2G01520,0.4317043,0.15965608,2.703964
AT3G48640,0.85899633,0.31774852,2.7033842
AT4G31740,0.4261527,0.1576793,2.7026544
AT1G53970,0.6015448,0.2225893,2.7024872
AT3G25160,0.39908245,0.14767897,2.7023644
AT1G56260,0.24072121,0.089088984,2.702031
AT5G11780,0.2788069,0.10320535,2.7014768
AT3G10880,0.41939658,0.1552511,2.701408
AT5G58150,0.25801128,0.09552971,2.7008483
AT4G15500,0.2952563,0.10934367,2.7002594
AT5G04120,0.63178086,0.2340249,2.6996307
AT3G20570,0.27772608,0.10290643,2.6988213
AT3G59070,0.5092623,0.18871295,2.698608
AT2G04420,0.53668565,0.19888574,2.698462
AT3G49710,0.27681988,0.10260094,2.6980247
AT3G08490,0.5144585,0.19071206,2.6975663
AT1G31330,0.25989234,0.096346684,2.6974704
AT1G68090,0.42256218,0.15666635,2.6972106
AT1G03560,0.19181666,0.07111791,2.6971636
AT1G22430,0.272509,0.101036206,2.697142
AT5G17830,0.48222947,0.17880398,2.6969726
AT1G16780,0.21417709,0.079416126,2.6968963
AT1G68470,0.36947715,0.13701542,2.6966097
AT3G25420,0.30735686,0.113982774,2.69652
AT4G16690,0.5483035,0.20335336,2.6963089
AT2G46850,0.35884738,0.1330965,2.696144
AT3G25570,0.34598616,0.12834437,2.6957638
AT1G51840,0.54781216,0.20322208,2.695633
AT5G59900,0.22501664,0.08347835,2.6955087
AT5G39370,0.47213933,0.17515817,2.6955025
AT3G05150,0.5055516,0.18755497,2.6954846
AT4G18970,0.37237987,0.13815148,2.6954458
AT1G58430,0.5833496,0.21644975,2.6950808
AT5G19520,0.31825295,0.11809438,2.6949034
AT5G40860,0.45184886,0.16767038,2.6948636
AT4G20100,0.23482238,0.08713933,2.6947918
AT4G07820,0.5908286,0.21926033,2.694644
AT2G26390,0.4933663,0.1830962,2.694574
AT1G72640,0.22546864,0.083678305,2.6944692
AT2G36100,0.3427473,0.12720896,2.694364
AT5G58080,0.5301833,0.19681826,2.6937706
AT1G71160,0.4339021,0.16110548,2.6932793
AT4G21230,0.3233898,0.12008182,2.6930785
AT4G03600,0.43122908,0.1601266,2.6930506
AT5G06540,0.40567264,0.15065296,2.6927621
AT4G13230,0.46317557,0.17201492,2.6926475
AT4G24530,0.19097583,0.070926875,2.6925733
AT1G75010,0.15407504,0.057227872,2.6923072
AT1G29670,0.32633495,0.12121211,2.6922634
AT3G21500,0.7582526,0.28164288,2.6922483
AT1G24520,0.60035056,0.22300965,2.6920383
AT3G07040,0.31581464,0.11732356,2.691826
AT1G61920,0.5269324,0.19576603,2.6916435
AT4G16850,0.14694683,0.054597046,2.691479
AT2G21880,0.38847142,0.14433812,2.6913984
AT3G02110,0.2626902,0.09760595,2.6913335
AT1G53640,0.45183927,0.1679023,2.6910841
AT3G19500,0.42483914,0.1578744,2.690994
AT3G11550,0.4087838,0.15192229,2.6907425
AT4G10340,0.23021102,0.08555705,2.6907308
AT5G52320,0.56534624,0.210109,2.6907282
AT1G26560,0.39486507,0.14681916,2.6894653
AT4G19530,0.40031072,0.1488447,2.689452
AT5G02190,0.51037246,0.18977208,2.6893966
AT4G10410,0.43039867,0.16006075,2.6889706
AT5G53880,0.48701894,0.18114512,2.6885567
AT5G28550,0.25935912,0.09650575,2.6874988
AT5G44500,0.26626328,0.09909132,2.6870492
AT3G15395,0.42586648,0.15850726,2.6867316
AT5G57620,0.30179188,0.11232876,2.6866837
AT4G35420,0.3897476,0.14508295,2.6863773
AT1G51880,0.39216042,0.14598863,2.6862392
AT3G10620,0.11880919,0.04422925,2.6862125
AT5G64600,0.13849515,0.05155862,2.686168
AT3G25855,0.61966085,0.23070721,2.6859186
AT5G20450,0.29567993,0.11008886,2.6858294
AT5G07310,0.6814176,0.25378197,2.6850512
AT5G35540,0.26136112,0.09735088,2.684733
AT5G45590,0.1864236,0.06944233,2.6845813
AT3G19070,0.3346534,0.12467917,2.6841164
AT4G04350,0.17721508,0.06603658,2.6835892
AT1G26310,0.39219418,0.14616585,2.6832132
AT2G18420,0.54652697,0.20372075,2.682726
AT1G66450,0.35932645,0.13394885,2.6825645
AT5G55900,0.18690294,0.06968712,2.6820295
AT1G26820,0.47616485,0.17754224,2.6819804
AT2G02350,0.3381365,0.12607951,2.68193
AT1G63930,0.49313435,0.18387783,2.6818585
AT5G09930,0.6951227,0.25920323,2.6817672
AT1G64000,0.46599662,0.173767,2.6817324
AT2G20500,0.46083775,0.17184384,2.6817238
AT1G49630,0.19525367,0.072810285,2.6816769
AT4G00955,0.45182955,0.16850407,2.681416
AT1G12330,0.27833402,0.10380358,2.6813526
AT5G37990,0.54909205,0.20478679,2.6812863
AT4G33000,0.24816635,0.09255788,2.6812017
AT1G55950,0.55169284,0.20576338,2.6812
AT2G42770,0.18008067,0.06717661,2.6807046
AT1G29720,0.3899252,0.14546266,2.6805859
AT5G56970,0.44558147,0.16623338,2.680457
AT3G02980,0.35877624,0.13386942,2.6800458
AT5G15010,0.25299776,0.094409056,2.6798036
AT3G28140,0.25869966,0.09654563,2.6795583
AT4G03410,0.21416646,0.07992971,2.6794348
AT1G53870,0.6932567,0.25875488,2.6792023
AT1G36280,0.35993904,0.13440621,2.6779938
AT3G02970,0.49286452,0.18406218,2.6777065
AT4G13390,0.55362177,0.20677185,2.677452
AT3G50580,0.3401997,0.12708057,2.6770391
AT3G19610,0.25675288,0.09590966,2.6770282
AT5G63720,0.31924567,0.11926128,2.6768591
AT1G68795,0.43922558,0.16413721,2.6759655
AT3G27920,0.46263832,0.1728958,2.6758213
AT3G47740,0.46051016,0.17210262,2.6757882
AT1G05750,0.24140562,0.09023527,2.6752908
AT2G04680,0.35561946,0.13293834,2.6750705
AT3G05660,0.58999854,0.22055607,2.67505
AT3G45650,0.50490284,0.18875296,2.6749396
AT1G60270,0.47966203,0.17932543,2.674813
AT1G01250,0.62451166,0.23349011,2.6746812
AT1G74400,0.36985937,0.13828349,2.6746457
AT3G60720,0.29960725,0.11203478,2.674234
AT1G65180,0.3701362,0.13843095,2.6737962
AT3G16750,0.4850744,0.18143453,2.6735504
AT1G48730,0.3823579,0.1430187,2.6734817
AT3G56620,0.43524125,0.16286963,2.6723287
AT3G50570,0.51257676,0.19181226,2.6722834
AT3G51360,0.37776464,0.14138432,2.6718988
AT5G15710,0.14366093,0.053770516,2.6717412
AT5G47635,0.42525437,0.15916973,2.6717036
AT1G66460,0.5311408,0.19881517,2.6715305
AT5G55980,0.4996847,0.1870644,2.6711905
AT1G71810,0.17185424,0.064338274,2.671104
AT5G37290,0.21290533,0.079710506,2.670982
AT1G71890,0.54475874,0.20396002,2.6709092
AT3G06910,0.18728462,0.07012131,2.6708655
AT5G64690,0.4463593,0.16712745,2.6707718
AT2G27010,0.39723694,0.14874077,2.670666
AT4G01895,0.7484055,0.28026143,2.6703837
AT4G38180,0.1708486,0.063982725,2.6702297
AT5G48950,0.35260734,0.13205396,2.670176
AT2G34180,0.50310135,0.18842012,2.670104
AT2G33030,0.4039877,0.1513188,2.6697783
AT1G75460,0.3658244,0.13705327,2.669213
AT5G07060,0.576891,0.21619073,2.6684353
AT3G03690,0.19537659,0.073224716,2.6681778
AT5G25920,0.582343,0.21825564,2.668169
AT2G03460,0.53096306,0.19903733,2.6676555
AT5G43730,0.35388947,0.13266337,2.6675746
AT5G01070,0.5931063,0.22234073,2.6675558
AT5G61350,0.50640154,0.18985812,2.6672628
AT1G72120,0.4443977,0.16662008,2.6671314
AT4G15380,0.37517092,0.14068201,2.6668007
AT1G22760,0.46034807,0.17264394,2.666459
AT1G19230,0.33211467,0.12455848,2.666335
AT2G35670,0.37904388,0.14218247,2.6658971
AT1G36950,0.54722214,0.2053657,2.6646225
AT5G43840,0.76091564,0.28556344,2.6646116
AT2G30890,0.3776477,0.1417324,2.664512
AT1G29680,0.70659053,0.2652134,2.664234
AT3G12900,0.8023174,0.30115283,2.6641536
AT1G72420,0.21913187,0.08227775,2.6633184
AT1G42560,0.6135557,0.23037545,2.663286
AT3G53450,0.48714843,0.18291688,2.6632228
AT3G66656,0.39638677,0.14885975,2.66282
AT3G52810,0.3540897,0.13298541,2.6626203
AT5G11590,0.5630042,0.21145993,2.6624625
AT3G55110,0.3965065,0.14893591,2.6622622
AT1G51240,0.48321497,0.18152513,2.6619728
AT1G36020,0.45536616,0.17109406,2.661496
AT4G36660,0.1522073,0.05720951,2.660524
AT1G09470,0.4719287,0.17740954,2.6601086
AT5G43380,0.35773507,0.1345088,2.659566
AT2G39880,0.28498885,0.1071575,2.6595323
AT5G65140,0.41662204,0.15665588,2.6594725
AT2G46530,0.2872846,0.10803931,2.6590745
AT3G28920,0.24020532,0.09033516,2.6590455
AT1G13970,0.30501604,0.11471933,2.6588023
AT5G62165,0.5593944,0.21040367,2.658672
AT1G11190,0.46686527,0.17562403,2.658322
AT2G22180,0.46169847,0.17368293,2.6582832
AT3G16620,0.3589854,0.1350497,2.6581721
AT5G04370,0.586185,0.22052476,2.6581366
AT3G45690,0.33647966,0.1265848,2.6581361
AT1G05990,0.53192943,0.20012742,2.6579535
AT3G21870,0.43720865,0.16449434,2.6578946
AT1G59940,0.37716416,0.14192018,2.6575792
AT1G24070,0.5801949,0.2183236,2.6574993
AT5G42030,0.26265126,0.09883907,2.6573627
AT5G39110,0.76745486,0.28885618,2.6568754
AT3G53160,0.50120944,0.18866245,2.6566463
AT2G38910,0.23633541,0.088965826,2.6564739
AT5G48070,0.52600735,0.19801667,2.656379
AT2G42990,0.5771595,0.21728604,2.65622
AT2G21900,0.82210386,0.3095279,2.6559927
AT4G30825,0.16752428,0.06309676,2.6550374
AT5G46390,0.16979024,0.06395382,2.654888
AT3G49650,0.18798302,0.07080742,2.6548488
AT2G21370,0.20606795,0.07763665,2.6542609
AT1G66800,0.42023388,0.15836704,2.6535435
AT1G34020,0.13147314,0.049556654,2.652986
AT3G28460,0.16419534,0.061892416,2.652915
AT3G55630,0.40825322,0.15389168,2.6528606
AT4G26470,0.2992783,0.11283482,2.6523573
AT4G23030,0.53193605,0.20056492,2.6521888
AT3G57780,0.28554007,0.10766788,2.652045
AT1G79860,0.42783785,0.16133292,2.651894
AT3G49130,0.65150774,0.24569434,2.6517
AT1G53325,0.313947,0.11839706,2.6516452
AT5G14990,0.39861667,0.1503374,2.6514802
AT3G60310,0.16613306,0.06265975,2.651352
AT1G35730,0.6414054,0.24193507,2.6511467
AT1G59840,0.18979888,0.071592495,2.6511
AT1G15820,0.2299747,0.08674866,2.651046
AT5G58460,0.33006158,0.1245169,2.650737
AT1G73310,0.2567373,0.09687149,2.6502874
AT2G30270,0.19790712,0.0746758,2.6502173
AT2G34820,0.27401018,0.10339758,2.6500638
AT1G72610,0.4655772,0.17569286,2.6499493
AT4G26260,0.92045444,0.34736276,2.6498363
AT1G14410,0.16903725,0.0638041,2.6493163
AT3G29190,0.4909982,0.18535358,2.6489813
AT3G04420,0.52325326,0.19753069,2.6489718
AT1G72460,0.3025597,0.11422235,2.648866
AT1G73040,0.6826097,0.2577754,2.6480792
AT5G23800,0.33235124,0.12553117,2.6475592
AT2G26500,0.23003267,0.08688838,2.64745
AT1G17610,0.47768024,0.1804367,2.647356
AT1G34510,0.4696371,0.17740132,2.6473143
AT5G54880,0.18541187,0.07003899,2.6472661
AT2G36440,0.6308769,0.2383233,2.6471472
AT1G28460,0.31112832,0.11753708,2.647065
AT5G37970,0.56549495,0.21363634,2.6469977
AT5G01660,0.35647982,0.13467862,2.6468923
AT4G14170,0.34872723,0.13177347,2.6464143
AT5G18860,0.3257835,0.12310681,2.6463482
AT1G76800,0.5527085,0.20889059,2.6459234
AT5G46540,0.41696373,0.15759696,2.6457596
AT4G31630,0.33990118,0.12847395,2.6456814
AT5G24000,0.23161012,0.08755328,2.645362
AT3G49950,0.4887537,0.18475953,2.6453502
AT1G25360,0.31554317,0.11931286,2.64467
AT5G54180,0.19162339,0.072463125,2.6444259
AT5G25130,0.59318936,0.224324,2.6443417
AT5G62120,0.3229986,0.12215186,2.644238
AT5G50740,0.3442043,0.13018507,2.6439612
AT1G14520,0.6495315,0.24572562,2.64332
AT3G46720,0.3774257,0.14278829,2.6432536
AT2G39430,0.336294,0.12722854,2.6432273
AT5G22300,0.5919917,0.22399174,2.6429174
AT2G20616,0.46762437,0.17695051,2.6426842
AT3G06560,0.4004432,0.15153651,2.6425524
AT4G26890,0.44304475,0.16767305,2.6423132
AT3G61740,0.17096522,0.064706504,2.6421642
AT5G54030,0.44156533,0.1671401,2.6418872
AT1G07010,0.3129338,0.118452474,2.641851
AT3G61360,0.23305443,0.08822529,2.6415827
AT1G14940,0.49146163,0.18605451,2.6414924
AT5G24313,0.46262482,0.17514253,2.641419
AT5G01510,0.20654984,0.07820121,2.641261
AT2G12940,0.2614449,0.098985724,2.6412382
AT3G06950,0.16616328,0.06291212,2.6411963
AT1G69180,0.36229947,0.13721491,2.6403794
AT2G28460,0.30925795,0.11712804,2.6403408
AT4G19990,0.22741556,0.08613121,2.6403384
AT1G16480,0.27959496,0.10589722,2.6402483
AT3G60920,0.5162411,0.19557138,2.6396554
AT3G17730,0.45556402,0.17261536,2.6391857
AT2G04790,0.43983722,0.16665992,2.6391299
AT3G01730,0.5265216,0.1995064,2.6391213
AT5G58750,0.3474185,0.13164273,2.639101
AT3G48510,0.5872611,0.22253829,2.6389213
AT4G24040,0.44192216,0.16746537,2.6388865
AT3G18400,0.42888588,0.16255298,2.6384373
AT4G11960,0.2305843,0.08739668,2.638364
AT3G45680,0.54940444,0.20823859,2.638341
AT3G45700,0.39812225,0.15091021,2.6381397
AT3G16520,0.30385077,0.11518685,2.6378944
AT5G11170,0.19720723,0.07476029,2.6378605
AT1G11530,0.4186466,0.15871128,2.637787
AT2G28590,0.21516187,0.08158236,2.6373575
AT2G24460,0.2368933,0.0898314,2.6370878
AT3G04370,0.4214915,0.15984358,2.6368995
AT1G48640,0.43262,0.1640688,2.6368203
AT1G68450,0.41767836,0.15841268,2.636647
AT2G20080,0.35929948,0.13628133,2.6364539
AT1G73220,0.714007,0.27083275,2.6363394
AT4G27160,0.8166448,0.30978006,2.6362083
AT5G48830,0.15566152,0.059058838,2.635702
AT4G19260,0.4408916,0.16728309,2.6356015
AT3G60400,0.18492122,0.07016744,2.6354277
AT3G17130,0.70071465,0.2659245,2.6350133
AT1G04610,0.37313947,0.14161736,2.6348424
AT1G74070,0.3161348,0.11999118,2.6346502
AT1G04660,0.72725224,0.27608776,2.6341343
AT4G10670,0.26372582,0.100124285,2.6339843
AT1G21400,0.552008,0.2095789,2.6338909
AT2G46960,0.31960058,0.1213417,2.633889
AT5G24210,0.5647266,0.21442057,2.633733
AT1G69970,0.44345027,0.16838403,2.6335647
AT5G17580,0.3195437,0.12134306,2.6333904
AT2G27790,0.26756582,0.10161989,2.633006
AT5G43640,0.6025403,0.22884522,2.6329598
AT1G13790,0.37022868,0.14062254,2.632783
AT1G06260,0.509952,0.19373187,2.6322565
AT5G14740,0.36634168,0.13918181,2.6321087
AT4G18840,0.27788755,0.105608664,2.6312947
AT1G45110,0.2772092,0.105359316,2.6310837
AT5G02370,0.32810456,0.12470522,2.631041
AT1G77730,0.5439987,0.20677604,2.6308594
AT3G56550,0.38801256,0.14751305,2.6303606
AT5G49120,0.5542586,0.21071632,2.6303542
AT3G25950,0.46859848,0.17815162,2.630335
AT4G08450,0.34534436,0.13129354,2.6303225
AT4G28350,0.4435897,0.16864847,2.630262
AT4G15660,0.8041385,0.30573788,2.6301565
AT3G47950,0.31056863,0.118088745,2.6299593
AT4G13990,0.31411368,0.11949519,2.628672
AT1G55915,0.20767263,0.07900417,2.6286285
AT1G68160,0.13295037,0.05058345,2.6283367
AT5G40180,0.8256904,0.31417817,2.628096
AT3G49020,0.32655257,0.12426716,2.6278267
AT4G15810,0.2988948,0.11375776,2.6274672
AT3G03570,0.14673465,0.055851907,2.627209
AT5G03860,0.54285073,0.20667191,2.6266303
AT5G05660,0.13837731,0.0526836,2.6265721
AT5G25380,0.40671325,0.15485334,2.6264412
AT1G11800,0.18980026,0.07226556,2.6264274
AT1G16150,0.49767026,0.18948695,2.626409
AT3G48480,0.41526026,0.15811662,2.6262908
AT1G30990,0.48457053,0.18452282,2.6260736
AT5G42840,0.4720855,0.17978819,2.6257868
AT3G19430,0.5411676,0.20611988,2.6254992
AT2G23060,0.53379357,0.20332322,2.6253448
AT4G03280,0.2126622,0.08100375,2.6253376
AT1G44160,0.39456642,0.15029241,2.6253247
AT3G05390,0.4056917,0.15455924,2.6248295
AT3G16440,0.4693157,0.17880681,2.624708
AT5G06510,0.5471957,0.2085147,2.6242545
AT1G05030,0.16759813,0.06387386,2.623892
AT1G47920,0.5646708,0.21521044,2.6238074
AT5G03010,0.5552507,0.21162039,2.623805
AT2G42150,0.5154287,0.19644646,2.6237617
AT1G43560,0.19699563,0.075092465,2.623374
AT3G51190,0.48017022,0.18304269,2.6232688
AT4G35710,0.32500914,0.12390224,2.6231093
AT5G53920,0.2622562,0.099988244,2.6228702
AT1G72850,0.37693906,0.14372605,2.6226215
AT5G56250,0.20744246,0.079106644,2.6223137
AT5G67180,0.42470413,0.1619639,2.6222146
AT1G72760,0.50538975,0.19274305,2.6220906
AT5G51270,0.43218952,0.16483177,2.6220036
AT2G23040,0.6484866,0.24733943,2.6218488
AT3G15200,0.4029234,0.15368171,2.6218042
AT4G01110,0.41833198,0.15957089,2.6216056
AT5G01180,0.57695764,0.22011319,2.621186
AT3G29630,0.35621104,0.13590874,2.6209574
AT1G48230,0.1019455,0.038899045,2.6207705
AT1G78030,0.5593903,0.21348456,2.6202846
AT5G56920,0.35492414,0.13545734,2.620191
AT4G29980,0.59846795,0.22842756,2.6199462
AT1G13100,0.33810964,0.1290555,2.6198776
AT3G02660,0.13865095,0.05293015,2.6195076
AT3G11440,0.20446613,0.078057386,2.6194332
AT4G01890,0.512141,0.19551714,2.6194172
AT2G19720,0.2229966,0.08513797,2.6192377
AT2G31500,0.48609808,0.1855892,2.6192153
AT2G35690,0.18566212,0.07088605,2.6191626
AT1G69790,0.3583797,0.13683987,2.618971
AT4G14070,0.1555906,0.05941837,2.61856
AT1G05760,0.4111781,0.15703085,2.618454
AT1G75930,0.34964415,0.13354129,2.6182473
AT1G61840,0.4296501,0.16412647,2.6177986
AT5G22555,0.6149465,0.23491172,2.6177766
AT4G24090,0.1703118,0.065063536,2.6176224
AT5G23970,0.41051412,0.15683556,2.617481
AT1G15470,0.11992885,0.045822076,2.6172717
AT2G03630,0.4697853,0.17952552,2.616816
AT3G59870,0.14848824,0.05675321,2.6163843
AT1G11600,0.43404043,0.16591822,2.61599
AT4G11020,0.5961601,0.22791041,2.6157649
AT1G78990,0.48561215,0.18567128,2.6154401
AT4G39970,0.2209031,0.08446564,2.6153011
AT5G20140,0.20078263,0.0767875,2.6147823
AT2G03410,0.58398855,0.22340693,2.6140125
AT2G41170,0.49027976,0.18756334,2.6139421
AT4G24510,0.3833145,0.14667113,2.613428
AT3G17220,0.46005362,0.17604265,2.6133075
AT3G04360,0.5676388,0.21721892,2.6132104
AT5G59510,0.56306654,0.21547887,2.6130939
AT2G19380,0.23556453,0.09016016,2.6127338
AT2G44690,0.36570477,0.13998365,2.6124816
AT1G10250,0.41913265,0.16046815,2.6119366
AT3G61720,0.20068009,0.07683318,2.6118934
AT1G12560,0.44490328,0.17033951,2.6118617
AT2G43280,0.18207228,0.06972208,2.6114004
AT2G36920,0.4804814,0.18403374,2.610833
AT2G45100,0.17915861,0.068624616,2.6107044
AT2G24400,0.39176303,0.15008128,2.610339
AT2G17920,0.4019527,0.1540102,2.6099093
AT3G50820,0.25134578,0.09630627,2.6098588
AT3G61410,0.42749274,0.16381083,2.609673
AT3G45960,0.54317665,0.20814128,2.6096535
AT1G03920,0.37881252,0.14518479,2.6091747
AT1G66130,0.31244153,0.11975236,2.6090634
AT1G06170,0.6115151,0.23450331,2.6077032
AT5G04960,0.42818016,0.16421786,2.6073906
AT2G40240,0.26182818,0.100430824,2.60705
AT3G05190,0.35594192,0.13653561,2.6069527
AT2G24140,0.42703083,0.16384453,2.606317
AT3G06320,0.43075895,0.16528384,2.6061769
AT3G52720,0.5029876,0.1930165,2.6059306
AT1G68930,0.35473502,0.13612859,2.6058815
AT2G41300,0.3098864,0.118927896,2.605666
AT4G14716,0.24518521,0.09410063,2.6055636
AT4G26530,0.427502,0.16408786,2.6053236
AT1G11050,0.3120071,0.11975955,2.6052792
AT2G16850,0.31857786,0.12232261,2.6044068
AT2G04500,0.39285588,0.15084392,2.6043863
AT1G58070,0.34639674,0.13300774,2.604335
AT5G12420,0.49759045,0.19107766,2.6041265
AT2G20770,0.225078,0.08643569,2.6039937
AT4G08480,0.20263757,0.07782912,2.6036212
AT5G45930,0.2292446,0.08805824,2.6033292
AT1G17850,0.19943896,0.0766098,2.6033084
AT5G52330,0.45605636,0.17521513,2.6028364
AT2G07760,0.32079345,0.12324985,2.6027896
AT4G17505,0.27975512,0.107506014,2.6022274
AT1G53920,0.40559205,0.15586667,2.6021729
AT3G02050,0.1587878,0.061036162,2.601536
AT5G63700,0.2572417,0.098889716,2.6012986
AT2G43010,0.3994257,0.15356481,2.6010232
AT4G27390,0.17267442,0.06638877,2.6009579
AT3G60470,0.7241826,0.2784392,2.6008644
AT5G51420,0.49246314,0.18936066,2.6006622
AT4G37750,0.33389392,0.12839776,2.600465
AT1G66690,0.78759694,0.3028839,2.6003263
AT5G38790,0.3970782,0.15270567,2.6002843
AT2G39160,0.38782644,0.14916407,2.599999
AT1G67980,0.74750465,0.28753144,2.599732
AT5G27490,0.19647206,0.075574495,2.5997136
AT5G19890,0.65600884,0.25235996,2.5994966
AT3G08770,0.5845994,0.22489405,2.5994434
AT4G31470,0.40346107,0.15521091,2.5994372
AT5G27810,0.5745731,0.22104494,2.5993495
AT3G24150,0.16435517,0.06323595,2.5990777
AT5G51080,0.21793495,0.08385941,2.5988133
AT4G11050,0.4246211,0.16340771,2.5985374
AT1G69190,0.26978377,0.10382742,2.5983863
AT1G12940,0.64087427,0.24664442,2.5983732
AT1G63080,0.24535418,0.09443334,2.5981731
AT2G21280,0.16947767,0.0652307,2.5981271
AT2G33540,0.17286651,0.06653875,2.5979822
AT5G67400,0.4660961,0.1794402,2.5975008
AT4G37050,0.5138537,0.19786806,2.596951
AT1G73680,0.24228227,0.09330181,2.5967584
AT2G25680,0.4323615,0.166514,2.5965474
AT1G35516,0.43771097,0.16861024,2.5959926
AT3G24110,0.37143862,0.14308853,2.5958655
AT2G27170,0.18546052,0.07144919,2.5956976
AT3G24820,0.1978852,0.0762379,2.5956273
AT1G73270,0.36048323,0.13888994,2.5954595
AT2G40435,0.5613882,0.2163025,2.5953846
AT5G41550,0.4718403,0.18181238,2.5952044
AT3G06630,0.4701629,0.18117997,2.5950046
AT5G44870,0.24425808,0.09413431,2.5947826
AT3G17180,0.5837734,0.22500242,2.5945203
AT2G03050,0.21894085,0.08441597,2.5935948
AT2G04070,0.93180555,0.3592967,2.5934153
AT5G50790,0.60378534,0.23283067,2.5932379
AT1G54650,0.1638669,0.06319337,2.5931025
AT3G22420,0.27178505,0.1048332,2.5925474
AT4G28160,0.48044512,0.1853333,2.59233
AT1G47610,0.4481909,0.17290148,2.5921748
AT5G59940,0.3067472,0.11833744,2.5921397
AT5G58400,0.48403484,0.18675746,2.591783
AT3G09280,0.5264205,0.20314921,2.5912993
AT2G21040,0.4802891,0.1853638,2.5910618
AT5G35170,0.16600215,0.064086646,2.5902765
AT1G22900,0.5730518,0.22124301,2.5901463
AT5G60490,0.4218672,0.16289344,2.5898352
AT4G10070,0.15770073,0.060895745,2.5896835
AT2G01760,0.36805657,0.14215934,2.5890422
AT3G54240,0.40513122,0.15648124,2.589008
AT5G17860,0.54721594,0.21137385,2.5888534
AT2G17680,0.54055095,0.20881529,2.5886557
AT3G23760,0.2808558,0.10851144,2.5882597
AT5G62420,0.5435646,0.21006544,2.5875964
AT2G20240,0.17965683,0.069433965,2.5874486
AT1G47890,0.5573939,0.21543123,2.58734
AT1G62440,0.59730804,0.23086333,2.5872796
AT1G74890,0.6483621,0.25062117,2.5870204
AT4G39770,0.5229978,0.20216475,2.5869877
AT3G13660,0.5695949,0.2201877,2.5868607
AT3G06490,0.5341415,0.20649105,2.5867534
AT2G37700,0.42720625,0.16516034,2.5866148
AT1G18310,0.41658348,0.16108634,2.586088
AT4G08620,0.39246166,0.15179051,2.5855477
AT1G69880,0.8842989,0.3420308,2.5854366
AT5G09570,0.8205377,0.31742227,2.5850036
AT4G33950,0.23698801,0.091680385,2.5849366
AT1G20830,0.16838212,0.0651435,2.5847874
AT1G06580,0.266286,0.10302409,2.5846963
AT3G10590,0.6224848,0.24084653,2.5845702
AT3G47430,0.34575546,0.13378523,2.5844064
AT5G64380,0.23031662,0.08912847,2.584097
AT1G69930,0.7442245,0.2880292,2.5838509
AT4G15160,0.38785163,0.15010826,2.5838125
AT1G03700,0.44219047,0.1711739,2.5832818
AT1G64940,0.60696566,0.23500642,2.5827618
AT4G12970,0.443153,0.17160606,2.582385
AT4G37850,0.44072083,0.17066559,2.5823646
AT5G10180,0.37592477,0.14560217,2.5818622
AT2G26480,0.4174773,0.16172217,2.5814474
AT5G22580,0.51554865,0.19973116,2.5812128
AT4G23600,0.5194391,0.20125525,2.5809963
AT1G56560,0.10994806,0.042601075,2.5808747
AT2G31180,0.4508835,0.17471083,2.5807414
AT3G12180,0.16095993,0.062380113,2.580308
AT2G23990,0.35022923,0.13574335,2.5800836
AT4G04460,0.40737838,0.15790468,2.5799003
AT2G02750,0.35731852,0.13850261,2.579868
AT4G32710,0.19603081,0.07598778,2.5797675
AT1G49960,0.37717417,0.1462243,2.5794215
AT5G57250,0.1907071,0.07394198,2.5791447
AT5G23170,0.2950655,0.1144046,2.57914
AT5G06200,0.4683584,0.18160288,2.579025
AT1G18130,0.36789873,0.1426692,2.5786834
AT5G06400,0.32608634,0.12646294,2.578513
AT3G53770,0.45159787,0.17514528,2.5784185
AT2G19050,0.43047675,0.1669811,2.5779967
AT1G10300,0.46276873,0.17953324,2.5776212
AT1G53700,0.44918466,0.17427643,2.5774262
AT3G45880,0.29354456,0.1139328,2.5764709
AT5G43750,0.23843648,0.092553094,2.5762126
AT2G39830,0.21802977,0.084655665,2.5754893
AT1G73570,0.24160002,0.09380993,2.5754204
AT3G50410,0.38821965,0.15076283,2.5750353
AT4G11950,0.4596175,0.17849292,2.5749898
AT3G15570,0.29417598,0.11424642,2.574925
AT4G23210,0.55456364,0.21537334,2.5748944
AT3G50640,0.4116207,0.15987538,2.5746346
AT1G66730,0.18003874,0.06993562,2.5743494
AT3G15605,0.4150893,0.16124086,2.574343
AT1G49910,0.3464702,0.13459721,2.574126
AT5G14980,0.6379572,0.2478452,2.5740147
AT2G19060,0.40563378,0.1576067,2.5737085
AT5G23810,0.4573478,0.17772122,2.5734
AT5G12990,0.6566596,0.25517225,2.5733974
AT5G53670,0.29288584,0.11381785,2.5732856
AT1G66440,0.30519444,0.1186046,2.573209
AT4G26790,0.45681345,0.17752738,2.5731997
AT5G67310,0.6076512,0.2361488,2.5731704
AT3G07420,0.19634987,0.07630841,2.5731091
AT2G44460,0.893836,0.34739667,2.5729551
AT4G10000,0.19087574,0.07418937,2.5728176
AT2G23960,0.4631626,0.18005249,2.5723753
AT2G32630,0.377038,0.14657207,2.5723724
AT5G24660,0.66705453,0.25932327,2.5722895
AT1G10417,0.45084417,0.17531203,2.571667
AT1G36640,0.6262154,0.24351005,2.5716202
AT4G27580,0.6727079,0.26165384,2.5709844
AT5G48800,0.2627703,0.10221485,2.570764
AT5G58010,0.39778715,0.15475719,2.570395
AT3G19140,0.31788638,0.123678744,2.5702586
AT4G14380,0.42977902,0.167245,2.5697567
AT1G22460,0.34278482,0.13339393,2.5697181
AT3G05540,0.4073129,0.15852968,2.5693161
AT2G28690,0.4636384,0.18047112,2.5690446
AT2G23540,0.43663874,0.16997038,2.5689106
AT4G18770,0.4035133,0.15711816,2.5682154
AT3G51070,0.40837333,0.15904754,2.5676177
AT4G32360,0.16772878,0.06532573,2.5675757
AT3G13820,0.4476648,0.17436546,2.5673935
AT1G16070,0.33769926,0.13153853,2.5673027
AT5G59845,0.6295641,0.24524118,2.5671222
AT1G17300,0.5088939,0.19823869,2.5670764
AT5G07500,0.6200649,0.24154785,2.5670478
AT2G36870,0.4320984,0.16835897,2.56653
AT2G40500,0.44804966,0.17457813,2.5664706
AT3G51540,0.42615813,0.1660586,2.5663116
AT5G08390,0.15808845,0.061608464,2.5660179
AT5G17970,0.44567963,0.17370869,2.5656724
AT2G25440,0.6585911,0.25675583,2.5650482
AT3G44840,0.45314205,0.17666648,2.5649574
AT2G44250,0.5380247,0.20976916,2.5648417
AT1G66220,0.21517736,0.08389651,2.5647948
AT2G35600,0.32678545,0.12741828,2.5646665
AT1G52660,0.4104286,0.1600407,2.564526
AT2G37680,0.3302973,0.12882586,2.563905
AT5G59990,0.52449054,0.20456715,2.5639038
AT3G53960,0.3808722,0.14855874,2.5637815
AT5G06490,0.5077151,0.19803877,2.5637155
AT1G70130,0.5984603,0.23346241,2.5634117
AT2G35160,0.24373636,0.095086195,2.56332
AT5G17670,0.2043599,0.07973143,2.5631032
AT3G19650,0.15042989,0.0586932,2.5629861
AT5G58330,0.19122703,0.07461188,2.5629566
AT2G44110,0.35459933,0.13839026,2.562314
AT2G21430,0.4280756,0.16706625,2.5623105
AT2G37270,0.18981926,0.07408858,2.562058
AT3G45140,0.4424173,0.17269811,2.5617955
AT2G17270,0.24042344,0.0938527,2.5617104
AT1G04840,0.3938233,0.15374453,2.5615432
AT2G38420,0.17316224,0.067601115,2.561529
AT4G20090,0.24963333,0.09746237,2.56133
AT3G26320,0.43045726,0.16806017,2.5613282
AT4G27560,0.56778437,0.22168055,2.5612726
AT2G40160,0.31586686,0.123336375,2.5610194
AT1G05740,0.49073088,0.19170043,2.5598838
AT1G04800,0.47522312,0.18565246,2.5597456
AT5G61400,0.32196388,0.12578045,2.5597289
AT4G39840,0.8021535,0.3133763,2.5597134
AT5G51850,0.46940336,0.18342614,2.5590863
AT3G04030,0.4463735,0.1744413,2.5588748
AT2G38920,0.49946833,0.19520132,2.5587342
AT4G22620,0.6900626,0.26971328,2.5585043
AT4G10060,0.29772016,0.11636851,2.5584254
AT5G26250,0.5096996,0.19925801,2.5579877
AT4G35540,0.1813109,0.07088075,2.5579708
AT1G12190,0.3110573,0.121619575,2.557625
AT1G34065,0.18924223,0.07400549,2.5571375
AT1G65850,0.38220727,0.14948247,2.55687
AT2G47650,0.20286708,0.079361826,2.5562296
AT1G10880,0.64938915,0.25406945,2.5559514
AT5G58830,0.38237077,0.14962661,2.5554996
AT1G13420,0.47412053,0.1855319,2.5554662
AT2G28710,0.47281292,0.18502411,2.5554123
AT5G44150,0.14953893,0.058529317,2.5549402
AT2G41980,0.15529989,0.060791418,2.5546346
AT1G74600,0.22856554,0.0894753,2.5545099
AT1G03170,0.61901754,0.24234504,2.5542817
AT1G63110,0.13414769,0.052520137,2.5542138
AT5G50890,0.2439382,0.095508896,2.5540886
AT5G42370,0.21441859,0.083951235,2.5540848
AT1G13130,0.5471399,0.214235,2.5539238
AT2G30770,0.89035165,0.3486567,2.5536628
AT2G37320,0.2936946,0.11503775,2.5530279
AT3G46580,0.21682331,0.084935464,2.5528004
AT3G42725,0.53424835,0.20928966,2.5526743
AT5G02980,0.3716499,0.14560086,2.5525253
AT2G40260,0.27253538,0.10678913,2.552089
AT1G53790,0.2725597,0.10682324,2.5515018
AT5G03260,0.49159205,0.19267036,2.5514667
AT3G56500,0.5757906,0.22567557,2.5514085
AT5G03680,0.38193482,0.14972797,2.550858
AT2G41080,0.20970194,0.08222704,2.5502794
AT1G16530,0.5968761,0.23409542,2.5497127
AT1G27140,0.38010553,0.14908278,2.549627
AT4G32860,0.32831883,0.1287794,2.5494668
AT3G60530,0.23210394,0.09106252,2.5488412
AT2G38080,0.37249583,0.1461495,2.548731
AT5G59360,0.41721952,0.16370952,2.548535
AT1G49860,0.6116478,0.23999985,2.548534
AT5G61940,0.3510765,0.13775823,2.5484974
AT1G09600,0.4014818,0.15754455,2.5483696
AT3G21800,0.49042562,0.1924754,2.547991
AT2G20990,0.12839632,0.050392423,2.5479286
AT2G35075,0.4441174,0.17433192,2.547539
AT1G74650,0.5110298,0.20060459,2.547448
AT1G11350,0.30055255,0.11798585,2.5473607
AT1G69570,0.47806978,0.18767275,2.5473583
AT5G48300,0.16210662,0.06363778,2.5473328
AT4G13070,0.21300021,0.083622895,2.5471516
AT2G26330,0.27188432,0.10675404,2.5468292
AT3G20460,0.4258113,0.16719382,2.5468123
AT5G26310,0.30181667,0.11850778,2.5468087
AT3G20740,0.13147539,0.05162804,2.5465884
AT1G19040,0.5187419,0.20377302,2.5456848
AT5G48410,0.41203126,0.16191396,2.5447543
AT4G35335,0.13721795,0.053923283,2.544688
AT1G56710,0.6249867,0.24560764,2.5446548
AT2G28260,0.26946124,0.10589319,2.5446513
AT5G52300,0.77098006,0.30303323,2.5442097
AT1G47370,0.46821675,0.18403322,2.5441968
AT1G65670,0.48720592,0.19150926,2.544033
AT3G50480,0.82433265,0.32410997,2.5433733
AT1G80610,0.28937674,0.11378297,2.5432339
AT1G75920,0.50855255,0.20004243,2.5422232
AT5G56490,0.43587288,0.17148107,2.5418131
AT5G43530,0.4519839,0.17785314,2.541332
AT1G29530,0.23502316,0.0924972,2.5408676
AT1G63170,0.12345751,0.04859198,2.5406966
AT5G53080,0.18857783,0.07422627,2.5405805
AT1G17540,0.5416578,0.21320747,2.5405197
AT3G12070,0.245518,0.09664481,2.5404155
AT2G29300,0.51972914,0.20459467,2.5402865
AT4G28370,0.15188168,0.059797697,2.5399249
AT1G07330,0.5673611,0.2233939,2.539734
AT2G03260,0.34445295,0.13562784,2.539692
AT1G71960,0.25840616,0.10175326,2.5395367
AT1G07795,0.45673925,0.17985667,2.539462
AT2G35270,0.2604201,0.102576025,2.5388007
AT2G32760,0.112153485,0.04417942,2.5385904
AT1G05770,0.5193947,0.20461841,2.5383575
AT5G07050,0.40759948,0.16059268,2.5380948
AT3G15353,0.19124223,0.0753491,2.5380824
AT1G60230,0.13610521,0.05362742,2.5379775
AT2G25780,0.6350335,0.2502199,2.5379014
AT4G26200,0.6190997,0.2439968,2.5373268
AT2G38210,0.5255427,0.20714381,2.5370908
AT3G04210,0.5280636,0.20816883,2.536708
AT1G52620,0.21516609,0.084822506,2.5366626
AT5G27270,0.16678227,0.06575383,2.5364645
AT5G15581,0.5224811,0.20600517,2.536252
AT1G74170,0.1993731,0.07862208,2.5358407
AT2G02770,0.5040234,0.1987667,2.5357535
AT2G03830,0.44896317,0.17705476,2.5357304
AT2G38320,0.36710265,0.14479111,2.5353947
AT1G70270,0.79353905,0.31299645,2.5352974
AT5G46295,0.8014852,0.31613585,2.5352557
AT3G55850,0.19565775,0.07718195,2.5350192
AT5G28220,0.14967528,0.059045676,2.5349061
AT1G60530,0.47322774,0.18668604,2.5348854
AT1G14390,0.37945476,0.14970456,2.5346904
AT3G44690,0.27556205,0.10872244,2.534546
AT5G44680,0.42095092,0.16608603,2.5345352
AT5G64830,0.16932133,0.066812016,2.5342944
AT4G30830,0.5388984,0.21265699,2.53412
AT3G28890,0.59031165,0.23294722,2.5341003
AT2G36650,0.49050328,0.1935725,2.533951
AT3G47600,0.29707408,0.117238365,2.5339322
AT5G13910,0.36678764,0.14475735,2.53381
AT1G76630,0.17768303,0.070125185,2.5337973
AT1G12030,0.80138415,0.31629094,2.533693
AT5G48200,0.35905442,0.14171246,2.5336826
AT5G45310,0.5731413,0.22623767,2.533359
AT4G05620,0.2816897,0.11119629,2.533265
AT2G16005,0.5939244,0.23446374,2.5331182
AT5G54140,0.23161362,0.09144469,2.5328271
AT3G03780,0.26750255,0.10561718,2.5327559
AT4G09130,0.49306026,0.19467494,2.532736
AT5G37040,0.1884633,0.074412346,2.5326884
AT3G47450,0.1916069,0.07565502,2.5326393
AT1G65240,0.51632214,0.20389082,2.532346
AT2G01410,0.20442197,0.08072736,2.5322511
AT4G25950,0.5149779,0.20338194,2.5320725
AT5G36190,0.2737701,0.108125865,2.5319574
AT3G57960,0.427144,0.1687026,2.5319345
AT2G01900,0.46523583,0.18375823,2.5317822
AT3G46110,0.4407904,0.17410879,2.5316951
AT1G22960,0.22086535,0.087249465,2.5314233
AT4G00980,0.22149636,0.08750448,2.5312572
AT5G08270,0.18585822,0.0734256,2.5312452
AT4G25120,0.19265401,0.076131955,2.5305274
AT1G43000,0.6135365,0.24254124,2.529617
AT4G20080,0.29518977,0.116695546,2.5295718
AT2G46250,0.27374536,0.10822614,2.5293827
AT4G23590,0.43168843,0.17067306,2.5293295
AT2G29090,0.5542638,0.21913533,2.5293217
AT2G48080,0.37085116,0.14662583,2.5292346
AT2G07776,0.70541924,0.27892295,2.5290828
AT2G07701,0.70114416,0.27725026,2.5289216
AT1G79400,0.50606674,0.20013478,2.5286293
AT2G02930,0.7048226,0.2787594,2.5284264
AT2G39790,0.32217884,0.12745287,2.527827
AT4G22640,0.52854747,0.20909895,2.5277383
AT5G14410,0.3405108,0.13471691,2.527602
AT1G75600,0.64318156,0.2545025,2.5272112
AT1G69170,0.20857617,0.08254716,2.5267515
AT5G16430,0.37539542,0.14858656,2.5264425
AT1G08390,0.2748104,0.10877428,2.526428
AT5G26010,0.45222047,0.17900445,2.5263083
AT5G62330,0.4972118,0.19681765,2.526256
AT3G54930,0.24525937,0.09709849,2.5258822
AT3G04570,0.24638022,0.09756426,2.5253122
AT1G19025,0.24796012,0.098196864,2.5251327
AT3G26550,0.35442856,0.1403802,2.5247757
AT3G17980,0.62361646,0.24702388,2.5245187
AT2G15630,0.3121373,0.12364952,2.5243711
AT2G19980,0.6316269,0.2502325,2.5241604
AT5G18870,0.3582594,0.14193974,2.5240242
AT3G49960,0.5022147,0.19897577,2.5239992
AT1G74770,0.33575088,0.13303515,2.5237753
AT5G61865,0.33435857,0.13248381,2.523769
AT1G76570,0.28125194,0.11145545,2.523447
AT1G32520,0.30357137,0.12030871,2.52327
AT4G21200,0.640032,0.25368458,2.522944
AT1G34350,0.17132495,0.067922585,2.522356
AT5G45830,0.54663247,0.21672162,2.522279
AT4G34510,0.543309,0.21544859,2.521757
AT1G27370,0.18328394,0.07272643,2.520183
AT4G37170,0.26726943,0.10607194,2.5196996
AT5G25860,0.19006813,0.07543342,2.5196805
AT5G41320,0.4491541,0.17827792,2.5194037
AT1G14800,0.34931743,0.13865653,2.5193
AT5G66300,0.32650036,0.12962545,2.5187979
AT4G21550,0.23871957,0.09477599,2.5187767
AT1G12880,0.33787397,0.13415429,2.5185473
AT3G07850,0.6106617,0.242488,2.518317
AT2G14860,0.27566463,0.10947919,2.5179636
AT4G16460,0.5015829,0.19921707,2.5177708
AT5G28650,0.38619235,0.15340139,2.517528
AT3G17690,0.5186578,0.20607899,2.516791
AT1G56540,0.4274396,0.16987397,2.5162158
AT3G06830,0.5382279,0.21390766,2.5161693
AT1G73690,0.3949076,0.1569535,2.51608
AT2G14095,0.4672855,0.18575327,2.5156245
AT1G29870,0.3233541,0.12855226,2.515351
AT2G13960,0.560783,0.22296798,2.515083
AT3G04180,0.5475508,0.21771343,2.5150068
AT2G10940,0.41626075,0.16551706,2.5149112
AT5G44520,0.17474198,0.069486216,2.5147717
AT2G31035,0.5115892,0.2034366,2.5147352
AT2G02850,0.51805425,0.20600781,2.514731
AT5G39560,0.23893696,0.09503701,2.514146
AT2G42660,0.34378082,0.13674545,2.5140197
AT2G33980,0.2558222,0.101762995,2.513902
AT4G16410,0.3174122,0.1263054,2.513053
AT4G37800,0.5344452,0.21274456,2.512145
AT2G17972,0.31952298,0.12719704,2.5120313
AT2G04390,0.1205098,0.047976125,2.5118697
AT4G04850,0.20148103,0.08021473,2.5117707
AT4G03380,0.62444055,0.24867351,2.5110857
AT4G10090,0.14317994,0.057021577,2.5109777
AT1G28080,0.35214224,0.14024967,2.5108237
AT2G47240,0.33829194,0.13475987,2.5103312
AT1G35183,0.68356,0.27231196,2.5102093
AT5G13400,0.31440794,0.12525465,2.5101497
AT1G20690,0.5754792,0.22926114,2.510147
AT2G30840,0.39457804,0.15720148,2.5100145
AT5G50930,0.33869466,0.13494368,2.5098963
AT1G66930,0.58586526,0.23343927,2.5097115
AT1G25330,0.35894585,0.1430253,2.5096667
AT1G02460,0.5239033,0.20877214,2.5094502
AT1G74530,0.14660299,0.05842504,2.5092487
AT4G20940,0.3579648,0.14265841,2.509244
AT1G69610,0.34421983,0.13718753,2.5091188
AT1G79680,0.59478855,0.23706235,2.508996
AT3G28550,0.38507783,0.15348564,2.508885
AT5G20820,0.4475081,0.17836967,2.5088797
AT3G12910,0.73064286,0.2912656,2.5085106
AT5G20640,0.42437968,0.16917962,2.508456
AT3G25260,0.5294729,0.21108909,2.508291
AT3G47070,0.21575746,0.08602542,2.5080662
AT5G67570,0.28945678,0.11541249,2.5080194
AT5G05340,0.99329585,0.39606026,2.5079412
AT5G50140,0.38904426,0.15518531,2.5069654
AT3G57970,0.4860568,0.19389386,2.5068188
AT1G20180,0.5726528,0.228444,2.5067534
AT1G07680,0.48045322,0.1916782,2.5065615
AT3G44950,0.4977041,0.19859792,2.506089
AT2G02740,0.2987016,0.11919103,2.5060744
AT4G11980,0.17213823,0.0686948,2.5058405
AT3G13130,0.69829696,0.2786727,2.5057962
AT5G57790,0.3742476,0.1493588,2.5056949
AT1G50320,0.15067695,0.060135916,2.5056062
AT2G17030,0.17219585,0.06872667,2.5055168
AT1G26970,0.4020815,0.16047995,2.5054934
AT4G33925,0.37306282,0.14891532,2.5052009
AT4G37070,0.46325037,0.18498689,2.5042334
AT1G37000,0.45455196,0.18154524,2.5037942
AT1G08080,0.5477774,0.21877904,2.5037928
AT1G31600,0.21648371,0.08647421,2.503448
AT1G50300,0.107762575,0.04304632,2.503409
AT4G34400,0.49800354,0.19894427,2.5032313
AT2G26380,0.56660944,0.22643319,2.5023248
AT2G18800,0.37702975,0.15067625,2.5022504
AT3G20690,0.33554116,0.13410367,2.5021024
AT1G64450,0.28737563,0.11486074,2.501948
AT3G01840,0.5412653,0.21638834,2.5013607
AT5G42070,0.2601469,0.10400834,2.5012116
AT1G20730,0.46251845,0.18492232,2.5011497
AT1G48930,0.4047653,0.1618492,2.500879
AT3G16890,0.26800507,0.10717093,2.5007253
AT3G24810,0.24392276,0.09755683,2.5003142
AT2G31450,0.14022714,0.056090344,2.5000224
AT3G44620,0.14590985,0.05837498,2.4995267
AT3G48920,0.5259432,0.21042784,2.4993992
AT1G10310,0.124668695,0.049891785,2.4987814
AT5G27050,0.3575728,0.14311032,2.4985812
AT1G58270,0.66434664,0.26592073,2.4982882
AT1G22610,0.29710057,0.118923575,2.4982479
AT2G33620,0.15544932,0.062229566,2.4979973
AT3G45410,0.32647544,0.13071157,2.497678
AT1G61430,0.3172098,0.12700233,2.497669
AT3G10010,0.24700245,0.09891036,2.497235
AT1G53990,0.52726495,0.21115649,2.4970338
AT3G12190,0.45537242,0.18238795,2.4967241
AT5G49070,0.35504547,0.14221877,2.4964738
AT4G39720,0.38519475,0.15430073,2.4963894
AT1G52680,0.5533048,0.22166452,2.496136
AT3G52510,0.46446744,0.1860835,2.496016
AT5G43160,0.369617,0.14815716,2.4947627
AT4G30520,0.1704243,0.06831413,2.494715
AT5G50820,0.39936936,0.16009107,2.4946382
AT1G32960,0.6130421,0.24577649,2.4943073
AT5G45960,0.5142219,0.20616701,2.4942005
AT1G73640,0.3091011,0.12393274,2.4941034
AT2G39120,0.26818335,0.10753198,2.4939868
AT1G50580,0.3103862,0.124460034,2.4938624
AT1G79370,0.2626094,0.105302624,2.493854
AT3G02240,0.6162405,0.24711075,2.4937825
AT3G25580,0.16546209,0.06635432,2.4936142
AT3G09080,0.4235986,0.16990165,2.4931984
AT2G24350,0.30982476,0.124291725,2.4927223
AT1G33120,0.17924128,0.07190805,2.4926453
AT4G26290,0.61185825,0.24548584,2.4924378
AT4G23510,0.29944545,0.12018007,2.4916396
AT1G02620,0.5796577,0.23265322,2.4915092
AT3G53090,0.12093769,0.048546467,2.4911733
AT1G18090,0.21779197,0.08742955,2.4910564
AT2G46740,0.34846535,0.13989101,2.490977
AT3G47840,0.34122363,0.13698639,2.4909306
AT5G57030,0.21715312,0.08717969,2.4908679
AT5G11270,0.15198164,0.061017565,2.4907846
AT1G71870,0.3298904,0.13245843,2.49052
AT1G26240,0.67563975,0.27129334,2.49044
AT1G18530,0.47221014,0.1896259,2.4902194
AT2G16910,0.48960063,0.19660963,2.4902167
AT1G22480,0.6081398,0.24423665,2.4899611
AT3G04760,0.21216775,0.08521095,2.4899116
AT3G19850,0.36166862,0.14525738,2.4898465
AT4G09840,0.4501853,0.18080913,2.4898372
AT2G16520,0.22830741,0.09169764,2.4897847
AT1G78270,0.3727419,0.1497187,2.4896147
AT3G01700,0.65750486,0.26410022,2.4896035
AT2G47820,0.18274945,0.073414735,2.4892745
AT3G28600,0.6309091,0.25346938,2.489094
AT2G40690,0.15349215,0.061676975,2.4886456
AT1G69750,0.330752,0.13290752,2.4885871
AT1G14750,0.375608,0.1509349,2.4885428
AT3G23240,0.52985907,0.21293938,2.4883091
AT5G20420,0.43338007,0.17417185,2.4882324
AT3G04950,0.2646767,0.106378585,2.4880636
AT3G24850,0.30480048,0.12251572,2.4878478
AT5G40440,0.15255763,0.061328046,2.4875667
AT5G01690,0.3544525,0.14250024,2.4873815
AT5G48290,0.35344413,0.14211886,2.4869614
AT3G26130,0.43231678,0.17383656,2.4869149
AT4G03330,0.5236868,0.21059339,2.48672
AT4G15955,0.18357497,0.0738268,2.4865627
AT5G51160,0.3364013,0.13529734,2.4863849
AT3G45460,0.2582051,0.10384997,2.486328
AT4G14490,0.33825827,0.13604854,2.4863055
AT1G74730,0.19510028,0.0784715,2.4862564
AT5G49350,0.41414607,0.16657984,2.4861712
AT2G15260,0.2553157,0.10270231,2.485978
AT1G61590,0.25801635,0.10379679,2.4857833
AT1G52940,0.5051193,0.2032412,2.4853194
AT2G37670,0.32107857,0.12922148,2.4847147
AT3G17380,0.34923533,0.14056832,2.4844525
AT4G36490,0.53723174,0.21625735,2.484224
AT3G57430,0.23514214,0.094657324,2.4841409
AT1G09820,0.17923862,0.0721567,2.4840188
AT1G67690,0.1564195,0.062983565,2.483497
AT3G25930,0.35753897,0.14398707,2.4831321
AT5G35510,0.64170843,0.25843346,2.4830701
AT3G50250,0.4913627,0.19789033,2.4830048
AT5G47950,0.32400247,0.13049863,2.4828033
AT1G14220,0.3860499,0.1555509,2.4818234
AT2G12290,0.48946205,0.19722754,2.4817123
AT4G25980,0.4820273,0.19425014,2.481477
AT5G09630,0.22506526,0.090700895,2.4814005
AT3G03680,0.21307352,0.08586996,2.481351
AT5G23780,0.4380927,0.17656519,2.4811952
AT2G24560,0.7253024,0.2923478,2.4809573
AT3G57360,0.27491292,0.11082875,2.4805198
AT3G29290,0.17206189,0.06936964,2.480363
AT5G39830,0.1397762,0.056355838,2.480243
AT5G15770,0.4941797,0.1992625,2.4800434
AT1G56570,0.3055848,0.12322405,2.4799118
AT4G05080,0.25092024,0.10118609,2.4797897
AT2G29170,0.7113466,0.28689584,2.4794595
AT5G39350,0.27926064,0.112633385,2.479377
AT1G19890,0.34247494,0.13814019,2.4791837
AT3G22050,0.27892956,0.112509534,2.4791636
AT5G66000,0.1961737,0.07913473,2.4789834
AT5G66130,0.20998608,0.08471019,2.478876
AT2G20570,0.27950755,0.112769365,2.4785767
AT3G43540,0.18199386,0.073430404,2.4784534
AT5G06330,0.38689822,0.15610822,2.4783974
AT2G32470,0.49028364,0.19782585,2.4783597
AT1G04760,0.36369056,0.1467475,2.4783423
AT2G03320,0.5616236,0.22664762,2.4779592
AT4G01440,0.33983064,0.13714845,2.4778304
AT4G28010,0.21593422,0.08715753,2.4775162
AT3G43700,0.13123725,0.052982748,2.4769804
AT1G75030,0.47721216,0.19271189,2.4762983
AT4G29770,0.6860088,0.27704287,2.476183
AT4G26930,0.4352537,0.17580134,2.475827
AT3G47540,0.36264104,0.14648359,2.4756427
AT4G18780,0.34031507,0.13747223,2.4755185
AT1G71450,0.5343818,0.21586822,2.4754999
AT1G12570,0.5205317,0.21028247,2.4753926
AT2G01990,0.34298384,0.13857056,2.4751563
AT3G25970,0.3061972,0.12372024,2.4749157
AT4G15250,0.38639113,0.15612575,2.474871
AT1G60750,0.53934234,0.21794127,2.474714
AT3G24670,0.17709917,0.07156387,2.4747007
AT4G27590,0.5691962,0.23003769,2.4743605
AT4G15400,0.32393754,0.13094702,2.4738057
AT1G75770,0.33416924,0.1350894,2.4736893
AT2G44630,0.2595974,0.10494639,2.473619
AT1G55240,0.41116068,0.16622284,2.4735508
AT5G07620,0.388887,0.15724345,2.4731522
AT3G05080,0.45590356,0.18438463,2.472568
AT1G17950,0.4282717,0.1732224,2.4723806
AT4G28780,0.36580646,0.14797378,2.472103
AT1G18490,0.11816374,0.047802232,2.4719288
AT4G20030,0.24436086,0.09886342,2.4717011
AT4G07960,0.41357744,0.16732943,2.4716358
AT3G43790,0.27159408,0.10988567,2.4716058
AT3G23630,0.4847727,0.19614102,2.4715517
AT3G17160,0.17170231,0.06947326,2.4714875
AT3G02810,0.48617265,0.19671908,2.4714055
AT1G06830,0.6776353,0.27428767,2.470528
AT4G14650,0.3869406,0.15664043,2.470247
AT2G07708,0.56457937,0.22858578,2.4698794
AT2G02020,0.37586397,0.15217921,2.469877
AT2G31940,0.51806736,0.20976037,2.4698055
AT2G03040,0.5413784,0.21921077,2.4696703
AT1G50760,0.528863,0.21416834,2.46938
AT1G47240,0.12161808,0.049250644,2.4693696
AT1G14960,0.4060585,0.16447055,2.4688823
AT1G20020,0.24392822,0.09880458,2.4687946
AT5G43140,0.18574718,0.07523823,2.468787
AT3G10520,0.37282172,0.15105852,2.4680612
AT5G02410,0.25832114,0.104691796,2.4674437
AT1G75590,0.49462065,0.20046872,2.4673207
AT3G51960,0.32523695,0.13184917,2.4667346
AT4G18820,0.12389474,0.05024434,2.4658444
AT3G04310,0.26004928,0.10546415,2.4657598
AT4G38410,0.50294214,0.20399992,2.4654033
AT1G11070,0.6189781,0.25106847,2.4653757
AT1G66520,0.22899665,0.092907466,2.4647818
AT1G70430,0.3397626,0.13784696,2.4647808
AT1G68080,0.1644942,0.066746056,2.464478
AT5G55670,0.11123919,0.04513808,2.4644194
AT2G14670,0.22608407,0.09174421,2.464287
AT5G24600,0.5358294,0.21747366,2.4638817
AT2G14210,0.5828551,0.23658049,2.463665
AT5G35790,0.26731807,0.10850454,2.4636576
AT1G64400,0.39138606,0.1588751,2.4634826
AT2G26410,0.4497195,0.18258694,2.4630427
AT2G33870,0.22105394,0.089765854,2.4625614
AT1G34110,0.20174648,0.08192598,2.4625456
AT5G48175,0.5126261,0.20818502,2.4623582
AT1G73066,0.4894215,0.19877917,2.4621365
AT3G19470,0.21591187,0.08769689,2.462024
AT2G27090,0.15819478,0.06425542,2.4619677
AT3G10960,0.21251607,0.086326554,2.461769
AT2G15130,0.6683646,0.27152237,2.4615452
AT1G10520,0.33313143,0.13535418,2.461183
AT1G31750,0.5701581,0.2316685,2.4610946
AT3G23800,0.399882,0.16248576,2.4610276
AT5G49000,0.16257107,0.066077314,2.4603157
AT3G49360,0.19225375,0.07814265,2.4602919
AT4G38000,0.48533058,0.19728747,2.460017
AT3G51290,0.41363317,0.16816062,2.4597504
AT2G31870,0.1964633,0.07987642,2.4595904
AT2G46420,0.28911486,0.11755499,2.459401
AT1G33610,0.5270216,0.21429679,2.4593067
AT2G26960,0.29260415,0.11898283,2.459213
AT1G74430,0.4502952,0.18310617,2.4592025
AT4G33170,0.27570632,0.112115934,2.459118
AT2G47560,0.5047483,0.20526613,2.4589944
AT3G48720,0.3257586,0.13248305,2.4588697
AT5G22830,0.14258727,0.057990704,2.4587948
AT5G51250,0.33398622,0.1358792,2.457964
AT3G05470,0.37053946,0.1507657,2.457717
AT2G28160,0.36858633,0.14999937,2.4572523
AT2G24970,0.35417312,0.14414491,2.4570627
AT1G20500,0.42644313,0.17356099,2.4570215
AT5G07410,0.5898432,0.24008612,2.4567983
AT1G67450,0.30907345,0.12580392,2.4567869
AT1G47340,0.21680076,0.08825134,2.4566286
AT4G34840,0.14389557,0.058576275,2.45655
AT1G48390,0.38977984,0.15867467,2.4564714
AT2G05380,0.4789891,0.195,2.4563541
AT5G59930,0.25994822,0.10583311,2.4562087
AT3G18100,0.20215188,0.082308955,2.456013
AT3G27070,0.47152454,0.19199198,2.4559593
AT4G18610,0.33544725,0.13659279,2.4558194
AT4G26770,0.40559772,0.16517206,2.4556072
AT2G41720,0.16895753,0.0688051,2.4555957
AT3G26270,0.36590916,0.14904577,2.4550118
AT4G19045,0.20473379,0.08341243,2.4544756
AT3G05040,0.17307895,0.0705185,2.4543762
AT5G09480,0.39835683,0.1623333,2.4539437
AT3G07900,0.30144113,0.12284128,2.4539073
AT5G25290,0.41026843,0.16721784,2.4534967
AT2G31085,0.5015021,0.20441851,2.4533105
AT5G59020,0.21120957,0.08609303,2.4532712
AT4G18425,0.46548277,0.18975192,2.4531121
AT1G16420,0.59425133,0.24228202,2.4527256
AT2G30695,0.20679322,0.08431861,2.4525216
AT5G02360,0.42691112,0.17409265,2.4522061
AT1G22090,0.37641677,0.15350291,2.4521797
AT3G10160,0.11405194,0.046517596,2.4518015
AT5G11210,0.53554463,0.21844357,2.4516382
AT3G12770,0.38919672,0.15875052,2.4516246
AT1G01190,0.554633,0.22624283,2.4514942
AT3G09060,0.3134919,0.12788594,2.4513397
AT2G06520,0.19788665,0.08073158,2.4511676
AT3G05140,0.46631777,0.19026335,2.4509068
AT5G41280,0.49999487,0.20401677,2.4507535
AT3G03840,0.560354,0.2286869,2.4503107
AT3G29060,0.3762561,0.1535678,2.4500973
AT2G33270,0.4118016,0.1681011,2.4497256
AT5G04490,0.26254606,0.107180834,2.4495616
AT5G55570,0.514985,0.21023707,2.4495442
AT2G47190,0.5162268,0.21077552,2.449178
AT1G13250,0.25704238,0.104954936,2.4490736
AT5G49050,0.40691385,0.16615143,2.4490538
AT3G27200,0.44352672,0.18110244,2.4490376
AT3G23700,0.16962968,0.06926806,2.448887
AT5G42280,0.32119554,0.13116822,2.4487298
AT1G68370,0.10256062,0.041884396,2.4486587
AT4G03140,0.37593547,0.15352847,2.4486365
AT4G10955,0.31735587,0.12960994,2.4485455
AT5G27730,0.20758846,0.084783025,2.448467
AT4G38420,0.47032696,0.19211115,2.4482021
AT5G40560,0.23763558,0.097069666,2.448093
AT2G36630,0.38226673,0.15616041,2.4479103
AT1G07440,0.3204138,0.13089494,2.4478695
AT2G26520,0.47856197,0.19552155,2.4476173
AT5G50360,0.7693832,0.31435823,2.4474726
AT5G41070,0.38448873,0.15710458,2.4473424
AT3G49870,0.23913176,0.09771172,2.447319
AT2G21630,0.19023265,0.07773589,2.447166
AT2G02820,0.2723752,0.11130727,2.4470565
AT5G47530,0.36855274,0.150624,2.446839
AT1G13800,0.34187642,0.13973504,2.4466045
AT5G02470,0.16412751,0.0670964,2.4461446
AT4G00360,0.27998814,0.11449094,2.4455047
AT5G40510,0.26656896,0.10901477,2.4452553
AT1G25570,0.15096277,0.06173901,2.445176
AT1G42550,0.26942953,0.11021284,2.4446292
AT1G49180,0.25459197,0.10416221,2.4441874
AT2G21510,0.56309295,0.23039262,2.444058
AT5G50800,0.67776597,0.27732494,2.4439416
AT4G28580,0.25985432,0.10632822,2.4438884
AT3G61300,0.40538543,0.16588584,2.4437613
AT5G18570,0.19892906,0.08141376,2.4434326
AT4G22650,0.3511216,0.14370762,2.4433053
AT4G17245,0.422803,0.17306836,2.4429824
AT2G38185,0.20708679,0.0847717,2.442876
AT1G10810,0.3944103,0.1614747,2.4425514
AT5G16810,0.19933397,0.08161416,2.4423943
AT5G56450,0.16008829,0.0655562,2.4420004
AT3G55580,0.6143958,0.2515979,2.4419749
AT1G73110,0.22860137,0.09361583,2.441909
AT1G62410,0.3291632,0.1348347,2.4412346
AT4G37730,0.26915437,0.110262625,2.4410298
AT3G48550,0.40323347,0.16520914,2.4407454
AT5G39550,0.32419258,0.13283515,2.440563
AT1G15640,0.41006324,0.16803093,2.440403
AT2G40815,0.14938278,0.061219446,2.4401193
AT5G59660,0.41156322,0.16866596,2.440108
AT1G65880,0.46197492,0.18933582,2.4399762
AT5G55010,0.61124986,0.2505483,2.4396489
AT4G27585,0.23400521,0.095932275,2.439275
AT5G40550,0.19751926,0.08097917,2.4391365
AT1G24600,0.6161301,0.252609,2.4390662
AT5G19260,0.4220022,0.1730249,2.438968
AT4G36470,0.3325456,0.13635066,2.4388995
AT5G24230,0.41185078,0.16887143,2.438842
AT5G17530,0.105003044,0.04305474,2.4388258
AT2G39910,0.17391156,0.071314424,2.4386587
AT1G73410,0.4109084,0.16853371,2.4381375
AT1G52290,0.41938332,0.17202945,2.4378574
AT1G08320,0.29586104,0.121380895,2.4374595
AT5G50520,0.4002305,0.16420494,2.437384
AT3G50140,0.5358229,0.21984985,2.437222
AT5G13430,0.13256386,0.054391965,2.437195
AT5G25500,0.23739098,0.09741587,2.4368818
AT2G30940,0.401795,0.16489756,2.4366338
AT3G59030,0.37248743,0.15286998,2.4366286
AT1G55940,0.4370221,0.1793561,2.4366167
AT3G54800,0.4631398,0.1900765,2.4365966
AT1G71940,0.17938626,0.07362393,2.4365208
AT3G50190,0.39709678,0.16299093,2.436312
AT4G19185,0.14095372,0.05785789,2.4362051
AT1G54890,0.5199231,0.21342807,2.4360576
AT1G68890,0.23679745,0.09720756,2.4359982
AT2G07777,0.6823237,0.28013164,2.4357252
AT3G20280,0.19159569,0.07868605,2.4349382
AT1G77200,0.50157624,0.20600228,2.434809
AT5G04790,0.57933396,0.23794895,2.4346983
AT1G52990,0.64386195,0.26446098,2.43462
AT5G42630,0.368886,0.15151925,2.4345815
AT3G12730,0.2540186,0.10435062,2.4342797
AT5G27800,0.18825147,0.077337235,2.434163
AT3G42800,0.47320876,0.19440883,2.4340906
AT3G20620,0.15122941,0.062130634,2.434055
AT3G60010,0.57730734,0.23718078,2.434039
AT5G01015,0.5966847,0.24514617,2.4339955
AT3G31430,0.21172528,0.08699418,2.4337866
AT2G29310,0.40346548,0.16578327,2.4336922
AT3G62890,0.24097702,0.09901977,2.433625
AT1G68230,0.41678232,0.1712613,2.4336047
AT1G10560,0.36451268,0.1497961,2.433392
AT1G04700,0.2817356,0.11578754,2.4332116
AT5G59120,0.31343442,0.12884188,2.4327059
AT1G33080,0.24045867,0.098848104,2.4326077
AT5G66230,0.38278952,0.15736826,2.432444
AT1G55200,0.3457777,0.14215815,2.432345
AT2G21910,0.54794914,0.225289,2.4322052
AT5G05390,0.5495208,0.22600468,2.4314575
AT5G49190,0.40523583,0.16667606,2.4312778
AT5G64780,0.35974717,0.14798369,2.430992
AT1G54330,0.4691847,0.19300966,2.430887
AT1G18810,0.37558812,0.1545194,2.4306858
AT1G68700,0.5052748,0.20788278,2.4305754
AT1G24575,0.56297666,0.23162872,2.4305131
AT3G26290,0.5331986,0.21938616,2.430411
AT3G54580,0.43856326,0.18045473,2.4303226
AT5G28190,0.20218095,0.08319554,2.4301896
AT3G51750,0.59686613,0.24561316,2.4301064
AT5G44630,0.41940185,0.1726382,2.4293687
AT5G66280,0.29118085,0.119866036,2.4292188
AT5G37420,0.5166159,0.21269679,2.4288843
AT1G06710,0.20829934,0.08576074,2.4288423
AT3G14410,0.14647935,0.060314454,2.428594
AT1G36230,0.24483907,0.10082062,2.428462
AT3G48440,0.18141183,0.074704595,2.428389
AT5G35400,0.17335215,0.071398,2.4279692
AT1G06340,0.53337485,0.21969408,2.4278069
AT4G27290,0.42724884,0.17598765,2.4277203
AT4G40020,0.49244598,0.20284523,2.427693
AT5G57980,0.4981228,0.20518859,2.427634
AT4G36060,0.41708046,0.17180875,2.4275854
AT1G05210,0.33091977,0.13631672,2.42758
AT1G75050,0.48052076,0.19794537,2.427542
AT3G09660,0.21173571,0.087224126,2.42749
AT2G04440,0.48011333,0.19779405,2.4273393
AT1G77655,0.36986843,0.15239453,2.427045
AT2G17520,0.1892299,0.07796723,2.427044
AT3G16360,0.714011,0.2942039,2.4269257
AT5G05870,0.1916387,0.07896607,2.4268482
AT3G15390,0.19802612,0.08159873,2.4268284
AT2G47780,0.7440523,0.30662844,2.42656
AT5G63870,0.11706963,0.048246726,2.4264777
AT4G28590,0.23992787,0.09888112,2.4264274
AT1G71290,0.37737373,0.15557607,2.425654
AT1G26780,0.39207,0.16167103,2.4251096
AT5G16570,0.4566325,0.18829754,2.4250581
AT1G01180,0.44773245,0.18463378,2.4249756
AT5G36260,0.4001723,0.165048,2.424581
AT2G42240,0.14099808,0.058157437,2.42442
AT4G04190,0.2915519,0.12025913,2.4243639
AT1G29520,0.20011766,0.08254961,2.4242108
AT5G45300,0.1351525,0.05575559,2.4240167
AT2G29470,0.7207091,0.2973267,2.4239635
AT5G15280,0.17258951,0.07120591,2.4238086
AT4G11000,0.638322,0.26335517,2.4238067
AT5G53680,0.6127154,0.2527931,2.423782
AT4G32430,0.26003397,0.10728723,2.4237177
AT3G29310,0.12949803,0.053430732,2.4236615
AT4G39960,0.16461912,0.06793872,2.4230525
AT1G03400,0.34185925,0.14108963,2.4229932
AT3G26710,0.16846229,0.06952668,2.4229875
AT3G10470,0.45951757,0.18965381,2.422928
AT5G55590,0.4217964,0.17409874,2.4227421
AT4G30430,0.6273304,0.25895768,2.4225209
AT1G11410,0.26097062,0.10772785,2.422499
AT1G33840,0.71665496,0.2958527,2.422337
AT5G38610,0.34177497,0.14110324,2.4221623
AT1G49030,0.5342132,0.22057585,2.4219022
AT1G64320,0.45359042,0.18729445,2.4218037
AT1G12160,0.28776944,0.11882695,2.4217522
AT1G07745,0.23270886,0.09609901,2.421553
AT2G19280,0.17486739,0.072227366,2.4210682
AT1G50930,0.3934196,0.16250645,2.4209473
AT3G09730,0.24814695,0.102500364,2.420937
AT1G30230,0.13438638,0.055531144,2.4200177
AT5G48010,0.5326669,0.22011298,2.4199703
AT4G22600,0.3582632,0.148051,2.4198632
AT4G15440,0.54321355,0.224504,2.4196162
AT5G02940,0.28465876,0.11765128,2.4195125
AT1G27880,0.22736602,0.09399027,2.4190376
AT1G15990,0.40547007,0.16762102,2.418969
AT1G27640,0.53405297,0.22081035,2.4186046
AT3G55150,0.40036654,0.1655612,2.4182386
AT1G07520,0.36311683,0.15020439,2.4174845
AT3G09240,0.4174538,0.17272265,2.4169023
AT4G00350,0.57211626,0.2367354,2.4166906
AT1G15720,0.26931208,0.111441515,2.4166224
AT1G50575,0.16757223,0.06935438,2.4161735
AT2G05900,0.23228781,0.096140094,2.4161386
AT1G64800,0.3966662,0.16417676,2.416092
AT3G10240,0.3345196,0.13845977,2.4160054
AT3G04990,0.27072632,0.11206426,2.4158132
AT1G68110,0.43469077,0.17996618,2.4154024
AT3G12820,0.5501057,0.22779842,2.414879
AT2G14100,0.34181646,0.1415799,2.4143004
AT4G30420,0.29147592,0.12073749,2.4141293
AT5G24820,0.5712675,0.23664172,2.4140606
AT1G31180,0.20296621,0.08409478,2.413541
AT4G24970,0.2375585,0.09844481,2.4131134
AT3G44550,0.4793375,0.1986563,2.4128983
AT2G29350,0.8274148,0.34292254,2.412833
AT1G09680,0.28879166,0.11969818,2.4126651
AT5G64905,0.6793793,0.28159544,2.4126077
AT3G16660,0.43797857,0.18156295,2.4122682
AT1G50400,0.48899677,0.20271358,2.4122546
AT3G50550,0.24978003,0.10354786,2.4122179
AT3G15355,0.12943655,0.053668227,2.4117906
AT5G38980,0.40821183,0.16926394,2.4116879
AT3G48350,0.4197385,0.17404543,2.4116604
AT3G51970,0.39848486,0.1652425,2.4115155
AT4G14695,0.5195141,0.21544911,2.4113076
AT2G30690,0.41501182,0.1721137,2.4112651
AT4G00650,0.26082796,0.10817745,2.4111118
AT5G12100,0.18259226,0.07573195,2.4110332
AT3G13760,0.3725672,0.15452702,2.4110162
AT1G79430,0.15437113,0.06402749,2.4110131
AT1G70070,0.1584758,0.06574142,2.4105926
AT5G23830,0.44118774,0.18302566,2.410524
AT4G18180,0.24844651,0.10307053,2.4104514
AT5G54270,0.3156942,0.13097598,2.4103212
AT4G13580,0.39059561,0.16206516,2.4101143
AT1G51100,0.24030223,0.099716865,2.4098454
AT2G42010,0.13823557,0.05736509,2.4097502
AT4G26390,0.46814835,0.19429518,2.4094696
AT3G53510,0.2990041,0.124111526,2.4091566
AT2G40810,0.14058562,0.05837699,2.4082363
AT1G15170,0.21108837,0.08765412,2.4081967
AT5G03200,0.38582087,0.16022351,2.4080162
AT3G21400,0.17638516,0.07325377,2.4078643
AT5G14150,0.30029356,0.12473349,2.4074812
AT1G26410,0.7595943,0.315555,2.4071693
AT5G17520,0.22741619,0.094497755,2.4065776
AT5G38030,0.35993114,0.14957368,2.40638
AT2G47050,0.60931295,0.2532381,2.4060872
AT5G24320,0.14261463,0.05927979,2.405788
AT3G07330,0.11217705,0.04662945,2.405712
AT2G29600,0.33597896,0.13966389,2.4056249
AT1G05400,0.37051627,0.15403736,2.4053662
AT1G01380,0.47146648,0.19603921,2.40496
AT3G54590,0.42434394,0.17645499,2.404828
AT1G48510,0.2670836,0.111067005,2.4047067
AT5G39790,0.26166165,0.108815044,2.4046457
AT1G51390,0.18770981,0.078076296,2.404184
AT3G49400,0.26516613,0.1102946,2.4041622
AT1G22050,0.18775828,0.07810579,2.4038968
AT1G13140,0.37461168,0.15584363,2.4037662
AT1G04290,0.24640867,0.10251142,2.403719
AT5G56730,0.12481351,0.051936142,2.4032106
AT2G44090,0.097499065,0.04057282,2.403063
AT5G22910,0.3072424,0.12785482,2.4030564
AT1G26730,0.3740935,0.15568043,2.4029574
AT2G18180,0.5362952,0.22318172,2.4029527
AT3G30460,0.6008785,0.25007963,2.4027486
AT4G15230,0.28498277,0.11861006,2.402686
AT2G01510,0.32907066,0.13696627,2.402567
AT5G61990,0.17461587,0.07268226,2.4024549
AT1G14260,0.3378523,0.14065976,2.4019113
AT2G27550,0.36951396,0.15387298,2.4014218
AT2G05810,0.2655416,0.110581554,2.401319
AT3G50540,0.5130608,0.21377425,2.400012
AT5G52890,0.25176486,0.10490186,2.4000037
AT4G19580,0.33065477,0.13777491,2.3999634
AT5G46320,0.30531552,0.1272211,2.3998811
AT5G43790,0.18968646,0.07904056,2.3998623
AT1G67640,0.40503937,0.16878565,2.3997262
AT1G29510,0.5256521,0.21905091,2.39968
AT5G49260,0.29766408,0.12404461,2.3996532
AT2G16920,0.114325844,0.047643438,2.3996131
AT1G79220,0.20911664,0.08714966,2.3995116
AT3G45810,0.24308965,0.10130816,2.3995068
AT5G13350,0.24430381,0.1018213,2.3993387
AT2G25220,0.264755,0.11034672,2.399301
AT5G19470,0.8309367,0.3463363,2.399219
AT1G61520,0.17522869,0.073036395,2.3991966
AT1G23010,0.34703818,0.14466068,2.3989804
AT3G04270,0.33935317,0.14146169,2.398905
AT3G13190,0.21484227,0.089571945,2.398544
AT1G51520,0.34798014,0.14508832,2.398402
AT2G20170,0.3601169,0.15016297,2.3981736
AT5G58610,0.5025436,0.20956203,2.398066
AT5G47800,0.2643508,0.11023666,2.3980298
AT1G51450,0.13610415,0.05675821,2.3979638
AT5G33370,0.53943515,0.22496,2.3979156
AT5G26900,0.42861226,0.17875174,2.3978074
AT1G25240,0.4701394,0.19607566,2.3977447
AT1G18970,0.48237538,0.20118117,2.397716
AT5G54950,0.6739993,0.281233,2.3965867
AT5G16980,0.75850016,0.31654328,2.3961973
AT4G30320,0.4337309,0.18101087,2.3961592
AT1G61080,0.39608294,0.16530235,2.3961117
AT4G13890,0.57023585,0.2379992,2.3959568
AT2G25230,0.3239417,0.13522203,2.395628
AT2G27520,0.37337536,0.15587091,2.3954136
AT3G23270,0.29658455,0.1238228,2.3952336
AT4G25760,0.4406679,0.18398117,2.3951793
AT5G18070,0.1383721,0.05777255,2.3951178
AT4G30000,0.16022338,0.06690237,2.3948832
AT4G36620,0.39055178,0.16307996,2.394848
AT3G25810,0.33122283,0.13831666,2.3946702
AT1G50990,0.20455354,0.085427105,2.3944805
AT3G46830,0.09723779,0.0406127,2.3942697
AT5G63760,0.22770727,0.09510771,2.394204
AT4G01900,0.19888163,0.08308158,2.393811
AT5G49780,0.37825722,0.1580199,2.3937314
AT3G61760,0.31003463,0.12952177,2.393687
AT5G45480,0.35519385,0.14842325,2.3931143
AT5G02630,0.22750075,0.09506656,2.3930678
AT5G07630,0.18483299,0.07725298,2.3925676
AT3G45750,0.14915676,0.062343236,2.3925087
AT4G38830,0.41905186,0.17516157,2.392373
AT3G08800,0.21040669,0.08795015,2.3923402
AT3G52155,0.16924351,0.07075117,2.3920949
AT1G15830,0.45515838,0.19028297,2.3920078
AT5G06410,0.1891026,0.079057984,2.391948
AT1G06870,0.2399815,0.10034228,2.3916287
AT3G63060,0.51597303,0.21575157,2.3915143
AT1G52260,0.19809441,0.08283287,2.391495
AT4G10850,0.567257,0.23720236,2.3914473
AT1G21970,0.3128511,0.13082471,2.3913758
AT3G60840,0.26719522,0.11173879,2.3912485
AT1G33340,0.35200492,0.14720571,2.3912446
AT3G17630,0.24099238,0.10079887,2.390824
AT5G18760,0.16760485,0.07010428,2.390793
AT2G28670,0.26027888,0.10886844,2.390765
AT2G32390,0.28237697,0.118113376,2.390728
AT2G47310,0.19544224,0.08176114,2.390405
AT5G44330,0.286508,0.1198599,2.3903573
AT5G59590,0.44904798,0.1878947,2.3898914
AT1G12370,0.3747923,0.1568277,2.3898346
AT2G25580,0.14062664,0.058845863,2.389745
AT5G63220,0.14368409,0.060125813,2.3897233
AT5G49890,0.15377846,0.06435111,2.3896782
AT4G09820,0.56782174,0.23762478,2.3895729
AT5G45600,0.17286716,0.07235473,2.3891618
AT4G26280,0.27677846,0.11586623,2.3887758
AT3G59270,0.53294367,0.22312467,2.3885465
AT2G34210,0.58173424,0.24356115,2.3884523
AT3G62280,0.36816576,0.1541547,2.3882873
AT1G69470,0.50091875,0.20977241,2.3879151
AT5G28470,0.37353924,0.15643507,2.3878226
AT3G58550,0.5342739,0.2237847,2.387446
AT4G31600,0.19350389,0.081059225,2.3871913
AT3G22150,0.2214608,0.09278438,2.3868325
AT3G08980,0.23289588,0.09757794,2.3867676
AT2G19560,0.13231485,0.05543949,2.386653
AT3G59370,0.3564636,0.1493595,2.3866148
AT5G17700,0.503301,0.21088652,2.3865962
AT3G18120,0.30202764,0.12655386,2.3865538
AT4G19460,0.39317268,0.16474764,2.3865147
AT1G26330,0.3032453,0.12706617,2.3865147
AT5G63020,0.3435416,0.14395508,2.3864496
AT3G49880,0.14183632,0.059445553,2.3859866
AT2G20800,0.7423155,0.3111386,2.3858032
AT1G68185,0.1317202,0.05521644,2.3855245
AT3G44730,0.26375765,0.11057787,2.385266
AT3G51680,0.4590951,0.19249725,2.3849435
AT1G65490,0.60461766,0.25353172,2.3847811
AT1G35530,0.27477872,0.115224995,2.3847144
AT4G14970,0.29824555,0.12507434,2.384546
AT5G44160,0.23729025,0.09952206,2.3842978
AT5G11060,0.32199407,0.13504805,2.3842924
AT1G22980,0.38706428,0.1623427,2.3842418
AT1G11160,0.27720806,0.116282605,2.3839166
AT5G49250,0.34814426,0.14604454,2.3838222
AT1G11420,0.27439693,0.11511837,2.3836067
AT1G19650,0.2277469,0.09554815,2.3835824
AT5G43550,0.3425141,0.14369722,2.3835816
AT1G30660,0.5293582,0.22209136,2.3835154
AT1G43010,0.4485095,0.18817645,2.3834517
AT1G22885,0.33670235,0.14126737,2.38344
AT5G07130,0.321486,0.13490777,2.3830056
AT1G23560,0.37009364,0.15530957,2.3829415
AT3G44250,0.24273957,0.10187918,2.3826218
AT3G16320,0.2388878,0.100272775,2.3823793
AT2G32340,0.3125786,0.13120715,2.3823285
AT1G23050,0.59116614,0.2481647,2.3821523
AT3G26350,0.39924324,0.1676253,2.38176
AT1G56670,0.33329287,0.13994357,2.381623
AT5G43520,0.43754154,0.18373014,2.3814356
AT3G14580,0.38424596,0.16136241,2.3812604
AT3G09860,0.26037923,0.10938449,2.3804033
AT5G17780,0.5102841,0.21444325,2.3795764
AT2G17730,0.22653,0.09520031,2.379509
AT1G27070,0.14293881,0.060071263,2.3794868
AT1G64930,0.38320318,0.16105793,2.3792875
AT3G14520,0.3376311,0.14191987,2.3790262
AT4G16080,0.38959473,0.16376467,2.3789911
AT1G14550,0.68333375,0.28730607,2.3784175
AT2G28880,0.16031587,0.06740904,2.3782547
AT4G38860,0.5219494,0.21946938,2.3782332
AT5G37550,0.46407658,0.19521223,2.3772924
AT2G15780,0.7156309,0.30113637,2.3764346
AT2G44660,0.2538599,0.10684061,2.3760617
AT2G39410,0.40670663,0.17119735,2.3756592
AT1G80950,0.12805766,0.053909224,2.3754308
AT2G34440,0.52839684,0.22245878,2.3752573
AT1G01210,0.34339938,0.14460862,2.374681
AT1G26210,0.47232342,0.19890475,2.374621
AT4G04790,0.251221,0.105797574,2.374544
AT1G80340,0.5398863,0.2273657,2.3745282
AT1G73560,0.38644868,0.16276926,2.3742115
AT4G28330,0.36724162,0.15469736,2.3739357
AT5G24750,0.21066159,0.0887399,2.3739216
AT3G20580,0.45711362,0.19256668,2.3737938
AT3G57690,0.49400347,0.20812614,2.373577
AT4G39040,0.14328915,0.060368687,2.373567
AT5G46400,0.15877867,0.06689677,2.3734877
AT1G34360,0.13579431,0.05721376,2.373455
AT4G32000,0.24615143,0.1037111,2.3734336
AT1G18170,0.18087468,0.07620931,2.3733933
AT5G45970,0.4587402,0.19329567,2.3732562
AT4G35130,0.26282883,0.11076091,2.3729384
AT3G59710,0.5313613,0.22394195,2.3727634
AT1G47300,0.24059482,0.101403944,2.3726375
AT4G38010,0.30157992,0.12711178,2.3725567
AT2G43235,0.14167634,0.059716072,2.3724988
AT1G76500,0.22843072,0.09629079,2.3723006
AT2G18020,0.1288599,0.05432018,2.3722286
AT3G07450,0.54655516,0.23044918,2.3716948
AT3G49850,0.13172399,0.055542022,2.371609
AT4G23420,0.3603823,0.15196918,2.3714168
AT5G01870,0.43994263,0.18553355,2.3712292
AT3G16450,0.5094429,0.21488023,2.3708227
AT1G72910,0.6136124,0.25882596,2.370753
AT3G29280,0.21893372,0.09236642,2.3702738
AT1G01980,0.47626436,0.20094055,2.3701754
AT4G15330,0.34332758,0.14485648,2.370122
AT3G62000,0.17581365,0.07418006,2.3700929
AT4G19440,0.21221966,0.0895431,2.370028
AT2G43580,0.6680747,0.28188932,2.3699894
AT1G17330,0.20737861,0.08750369,2.3699412
AT4G36590,0.52979255,0.22355501,2.369853
AT1G54110,0.1732733,0.07311655,2.369823
AT3G01410,0.26255018,0.11080195,2.3695445
AT2G18350,0.26332834,0.11113506,2.3694444
AT3G15860,0.4179904,0.17641653,2.3693378
AT4G16515,0.503273,0.21245088,2.368891
AT4G05030,0.7364712,0.31090343,2.3688102
AT5G35930,0.12580584,0.05311055,2.3687537
AT5G05840,0.53590614,0.22625285,2.3686159
AT3G21520,0.61247015,0.25860694,2.3683438
AT4G05170,0.48496872,0.20477526,2.3682973
AT2G15680,0.3321061,0.14024371,2.368064
AT4G36110,0.6814265,0.28776678,2.367982
AT2G25810,0.37121332,0.15677106,2.3678687
AT5G66570,0.17211147,0.07269126,2.3677049
AT1G74540,0.39515045,0.16691281,2.3674061
AT5G25830,0.26917127,0.113708295,2.3672085
AT1G56350,0.13899893,0.05872183,2.3670738
AT1G27920,0.40668237,0.17182495,2.366841
AT3G49660,0.23916735,0.101052605,2.3667607
AT5G53220,0.21729213,0.091823794,2.366403
AT3G21180,0.35647246,0.15064175,2.3663588
AT2G16880,0.14947814,0.063173,2.366171
AT5G16310,0.1664476,0.07034523,2.366153
AT3G47170,0.26878428,0.11359571,2.366148
AT1G24330,0.29066962,0.1228485,2.3660817
AT1G34410,0.23519364,0.09940481,2.3660185
AT4G30090,0.41493037,0.17538607,2.3658113
AT1G15520,0.6636909,0.28062394,2.3650546
AT2G31790,0.26704237,0.112912446,2.365039
AT3G24280,0.41551784,0.17569418,2.365006
AT1G21340,0.48118216,0.20347586,2.364812
AT2G30080,0.25653562,0.10848039,2.364811
AT1G17710,0.8512261,0.36001655,2.3644083
AT5G54410,0.29943466,0.12664314,2.3643968
AT1G21540,0.4471708,0.18913914,2.3642423
AT5G27440,0.41740465,0.17655939,2.3641033
AT5G47160,0.4021589,0.17011191,2.364084
AT5G63040,0.14860341,0.06286036,2.3640237
AT2G01320,0.18408515,0.07787038,2.3639944
AT4G15630,0.37837714,0.16007142,2.3638017
AT1G09000,0.20314111,0.08594359,2.3636563
AT5G14020,0.34923118,0.14779067,2.363012
AT2G37560,0.29630458,0.12539953,2.362884
AT5G44470,0.25841415,0.109383844,2.3624525
AT1G79770,0.4115323,0.17421383,2.362225
AT3G56740,0.1151036,0.048727598,2.3621845
AT2G17170,0.2794829,0.118344165,2.361611
AT1G78940,0.3325738,0.14084877,2.3612118
AT5G19920,0.19325031,0.08184776,2.3610945
AT5G60610,0.42666474,0.18072228,2.360886
AT3G50230,0.4150066,0.17578578,2.3608654
AT3G28020,0.17905739,0.07584564,2.3608131
AT1G48980,0.39793253,0.16857366,2.3605852
AT4G28530,0.39047325,0.16547802,2.359668
AT5G59300,0.16960451,0.071877174,2.3596432
AT2G42920,0.1937218,0.08210157,2.359538
AT4G29740,0.581094,0.24629837,2.3593092
AT4G02270,0.4799226,0.20341933,2.359277
AT3G07520,0.25408894,0.10769941,2.3592415
AT3G60560,0.24121471,0.10228602,2.3582373
AT5G17570,0.16568458,0.07026617,2.3579564
AT1G78980,0.21658735,0.09185897,2.3578246
AT4G16030,0.4052261,0.17188041,2.3576047
AT1G61610,0.5405217,0.22930403,2.357227
AT3G11150,0.5042957,0.21396016,2.3569608
AT4G02090,0.3437883,0.14586127,2.3569536
AT2G32440,0.13772891,0.05844484,2.3565621
AT5G54780,0.20532097,0.08712858,2.3565283
AT5G10500,0.27875808,0.11829866,2.3563924
AT5G54700,0.5575338,0.23666303,2.3558128
AT1G30870,0.37984613,0.16124213,2.3557496
AT2G34740,0.390117,0.16560568,2.3556979
AT4G27340,0.18031634,0.076548,2.355598
AT5G16160,0.37316853,0.15842919,2.3554277
AT5G45440,0.46681964,0.19820492,2.3552372
AT1G66280,0.44522178,0.18903531,2.3552306
AT4G17220,0.3734022,0.15854517,2.3551786
AT5G20040,0.14093274,0.05984305,2.355039
AT3G09050,0.22949198,0.09746153,2.3546927
AT5G15890,0.3567551,0.15152493,2.3544316
AT1G43770,0.1832242,0.07782516,2.3543053
AT1G69280,0.21308517,0.090523385,2.3539238
AT5G07700,0.46513236,0.19761115,2.3537757
AT4G34920,0.373158,0.15857571,2.353185
AT5G61340,0.2830259,0.12031494,2.352375
AT5G52220,0.41639927,0.17703508,2.352072
AT1G52870,0.24462834,0.10402332,2.3516681
AT5G52230,0.16262448,0.06915375,2.3516362
AT2G16250,0.21360998,0.090846434,2.3513303
AT1G18440,0.14007662,0.059576865,2.351191
AT5G53320,0.33301994,0.1416416,2.3511448
AT5G53430,0.13099188,0.055719346,2.3509223
AT5G18430,0.36279157,0.1543202,2.3509011
AT3G44880,0.21865256,0.09302717,2.350416
AT1G53270,0.3516054,0.14960812,2.3501756
AT1G04490,0.4583766,0.19506577,2.3498564
AT1G15460,0.3569185,0.15189052,2.3498404
AT5G65790,0.23445912,0.099788494,2.3495605
AT5G58500,0.37496954,0.1595933,2.3495317
AT5G45900,0.111648865,0.047521107,2.349458
AT2G05755,0.13702974,0.058324877,2.3494213
AT4G25830,0.34947357,0.1487574,2.3492851
AT1G02720,0.17052647,0.0725882,2.3492312
AT5G06740,0.32530418,0.13848223,2.349068
AT3G58040,0.08906619,0.03792053,2.3487585
AT5G17170,0.32547203,0.13857214,2.348755
AT5G46620,0.1424334,0.060643796,2.3486884
AT1G14030,0.19093814,0.08129566,2.348688
AT1G64760,0.40146804,0.170935,2.3486588
AT1G33030,0.58204603,0.247829,2.348579
AT4G17740,0.1601771,0.06820269,2.3485448
AT4G20760,0.2013233,0.08572695,2.3484247
AT1G63960,0.6364359,0.2710308,2.348205
AT4G34360,0.27723128,0.11806273,2.348169
AT4G25410,0.43858087,0.18677849,2.3481336
AT3G27840,0.23008399,0.09798856,2.3480697
AT3G60290,0.4593778,0.19566321,2.3477983
AT5G49730,0.45155022,0.19235986,2.347424
AT5G07720,0.34169984,0.14558059,2.3471522
AT5G24070,0.43849176,0.18683434,2.3469548
AT1G75160,0.41725767,0.17780259,2.3467467
AT5G10800,0.27944666,0.11908745,2.3465667
AT3G08040,0.38641548,0.16467775,2.3464944
AT1G53090,0.23091096,0.098407485,2.3464775
AT4G01880,0.13903344,0.05925233,2.3464632
AT5G59330,0.68606573,0.29239538,2.346363
AT2G30750,0.79804087,0.34011838,2.346362
AT5G64970,0.13610974,0.05801125,2.3462641
AT1G51920,0.79384595,0.3383598,2.3461592
AT3G07600,0.45311284,0.19314331,2.3459928
AT2G43390,0.47753376,0.20360464,2.345397
AT5G51890,0.4266184,0.18191138,2.3451989
AT1G61500,0.281455,0.12001637,2.3451383
AT5G19940,0.18425408,0.07857395,2.3449764
AT5G27580,0.38707635,0.16506755,2.3449569
AT3G50990,0.41638136,0.17756733,2.3449206
AT2G15340,0.5913445,0.25220993,2.344652
AT2G35370,0.20834233,0.088868454,2.34439
AT1G60680,0.34003296,0.14504622,2.3443074
AT4G36160,0.30424628,0.12978093,2.3443062
AT2G33290,0.15394373,0.06566971,2.344212
AT1G49220,0.6848068,0.2921607,2.343939
AT3G15110,0.21580602,0.09207771,2.3437378
AT1G76730,0.17854764,0.076188244,2.343506
AT1G52770,0.48428017,0.20665853,2.3433833
AT5G47250,0.27949658,0.11932511,2.3423114
AT4G32730,0.14616829,0.062427394,2.3414123
AT3G49190,0.41299865,0.17640258,2.3412278
AT3G55500,0.6002203,0.25637904,2.3411443
AT2G04560,0.2715271,0.11599427,2.3408666
AT2G45940,0.58940077,0.25179267,2.340818
AT1G27380,0.48864374,0.20876744,2.3406126
AT2G22410,0.2626877,0.11223057,2.3406074
AT4G15150,0.6570682,0.2808139,2.3398707
AT2G29330,0.35914195,0.15349458,2.3397694
AT1G65950,0.20185126,0.086283684,2.3393908
AT3G22540,0.49245942,0.21051504,2.3393073
AT2G24780,0.5088007,0.21751289,2.3391747
AT3G22920,0.36870858,0.15763181,2.339049
AT3G55880,0.35305324,0.1509707,2.3385546
AT2G39220,0.30657598,0.13109918,2.3385038
AT5G44900,0.364563,0.15590638,2.3383453
AT2G30240,0.30115372,0.12879083,2.3383162
AT5G15240,0.3999782,0.17106222,2.3382027
AT4G25600,0.20404486,0.08726785,2.3381445
AT1G64355,0.19574921,0.08372304,2.3380566
AT5G54230,0.38745698,0.1657182,2.338047
AT4G30560,0.21229985,0.0908096,2.3378568
AT2G24450,0.38867593,0.16627589,2.337536
AT1G05040,0.44686493,0.19118479,2.3373454
AT1G78370,0.35314316,0.15109968,2.3371532
AT5G01560,0.33960134,0.14532648,2.3368163
AT1G55540,0.11386254,0.04872801,2.3366952
AT5G24100,0.30706444,0.13141076,2.3366764
AT4G27170,0.6694125,0.2865641,2.3359957
AT1G56150,0.5509421,0.2358627,2.3358593
AT1G64180,0.19215658,0.08226917,2.3357058
AT2G20430,0.25417885,0.1088264,2.335636
AT1G14420,0.523255,0.22406521,2.3352797
AT5G02150,0.24664597,0.10562476,2.335115
AT3G10450,0.4408427,0.18880114,2.3349576
AT2G34200,0.26699358,0.11435052,2.3348696
AT2G42410,0.2867624,0.12282476,2.3347278
AT1G77210,0.33425185,0.14317864,2.334509
AT2G13810,0.82408017,0.35306227,2.334093
AT1G19980,0.20716192,0.08875875,2.3339884
AT5G52480,0.3030051,0.12982742,2.3339064
AT1G06730,0.13286442,0.056934837,2.333622
AT1G68600,0.43306813,0.18557984,2.3335946
AT1G19440,0.20215853,0.08663123,2.3335524
AT5G37730,0.34999418,0.14998369,2.333548
AT5G11540,0.34669775,0.14857495,2.333487
AT2G48140,0.3623824,0.15532017,2.3331316
AT5G62760,0.15565094,0.066720486,2.3328805
AT4G35620,0.31976295,0.13707906,2.3326898
AT4G01550,0.23972939,0.1027769,2.332522
AT5G09300,0.3223081,0.13819587,2.3322554
AT5G40160,0.1634104,0.07007031,2.3320916
AT4G15890,0.18886751,0.08100168,2.331649
AT5G18600,0.34603634,0.14841974,2.331471
AT3G46370,0.6551264,0.28100917,2.3313346
AT4G22610,0.39288864,0.16853195,2.331241
AT2G43000,0.64728665,0.27767417,2.3311014
AT1G35880,0.42131713,0.1807563,2.330857
AT4G02485,0.23314397,0.10002646,2.330823
AT2G13620,0.19543333,0.08385787,2.3305304
AT4G11490,0.20990178,0.09008143,2.3301334
AT2G27610,0.34783834,0.14928216,2.3300729
AT3G53340,0.13899471,0.05965518,2.3299685
AT5G28310,0.47091296,0.20214704,2.3295565
AT3G59930,0.8434082,0.36204687,2.3295553
AT2G32270,0.37166747,0.15956381,2.3292716
AT2G17000,0.25657526,0.11015322,2.3292577
AT5G03120,0.48587948,0.2086377,2.328819
AT5G18190,0.11168675,0.04796012,2.3287416
AT5G60020,0.40224904,0.17278036,2.3280945
AT2G44260,0.41441116,0.17801932,2.3278997
AT1G71692,0.3484413,0.14968857,2.3277748
AT1G03960,0.16605951,0.0713536,2.3272755
AT4G38560,0.5491253,0.23596399,2.3271573
AT2G18120,0.4903247,0.21072051,2.3268957
AT5G50560,0.51889324,0.22305226,2.3263302
AT1G15360,0.3917238,0.16839628,2.3262022
AT3G20040,0.1904213,0.08186034,2.3261726
AT3G66652,0.245074,0.10536289,2.325999
AT3G44230,0.272848,0.11730933,2.3258848
AT2G32415,0.19769716,0.08500024,2.3258421
AT2G09840,0.3367867,0.14480402,2.3258102
AT5G42310,0.16607644,0.07140603,2.3258038
AT1G69660,0.46685833,0.20073363,2.3257601
AT5G53890,0.1559942,0.06707383,2.3257086
AT1G74780,0.18507051,0.07957798,2.3256495
AT2G27920,0.33191824,0.14273445,2.3254247
AT5G22390,0.49312887,0.21208267,2.3251727
AT4G18550,0.4146926,0.17836143,2.3250127
AT2G35030,0.23963319,0.10307667,2.3248053
AT5G15060,0.3597067,0.15473388,2.3246794
AT1G72350,0.36796096,0.15830074,2.3244421
AT2G04032,0.4029762,0.17337759,2.324269
AT1G19510,0.52127755,0.22427745,2.3242528
AT2G34910,0.34527194,0.1485525,2.3242416
AT5G63740,0.37673038,0.16209683,2.324107
AT1G79890,0.28389934,0.12215759,2.3240416
AT3G48700,0.4823441,0.20757258,2.323737
AT2G35610,0.124526694,0.053599384,2.3232853
AT5G49290,0.32228142,0.13872124,2.3232303
AT4G33970,0.52661985,0.22670393,2.3229408
AT1G11000,0.32967257,0.14193784,2.3226545
AT2G17020,0.123666115,0.0532452,2.3225772
AT2G43250,0.18302229,0.07880477,2.322477
AT4G04980,0.3462369,0.1490838,2.3224313
AT1G05450,0.5535876,0.23837063,2.3223817
AT1G30135,0.8012556,0.3450547,2.3221118
AT1G61670,0.13966505,0.060150083,2.3219423
AT2G05910,0.38412195,0.16543132,2.3219419
AT3G55090,0.48987636,0.21100028,2.3216858
AT1G58420,0.4747981,0.2045978,2.3206413
AT5G06240,0.17174779,0.07401109,2.320568
AT4G13195,0.39935508,0.17209587,2.3205383
AT5G07530,0.36227986,0.15612586,2.3204346
AT1G60810,0.2765869,0.11919653,2.3204272
AT4G25800,0.24065866,0.10373828,2.3198633
AT1G04350,0.2639148,0.1138362,2.318373
AT3G43720,0.24530853,0.10582374,2.318086
AT2G43670,0.36624864,0.15803158,2.317566
AT1G10890,0.2928631,0.12638746,2.3171844
AT1G26090,0.22605592,0.09757551,2.3167279
AT3G14330,0.20660278,0.08918113,2.3166645
AT5G55810,0.1652216,0.07133503,2.3161352
AT2G27160,0.35561475,0.15355724,2.3158448
AT5G09310,0.13135976,0.05672395,2.315772
AT3G20110,0.42931575,0.18542331,2.3153276
AT1G21060,0.30947813,0.13368408,2.3149958
AT2G14050,0.2301806,0.09944969,2.3145432
AT1G68540,0.21287516,0.09197832,2.3144057
AT3G24506,0.119876795,0.051801078,2.3141751
AT1G61400,0.3148314,0.1360457,2.314159
AT4G28110,0.47487333,0.20521589,2.3140182
AT1G13580,0.17298193,0.07475519,2.3139787
AT1G51080,0.33163306,0.14332314,2.3138833
AT4G20740,0.20088689,0.08682241,2.3137674
AT3G06970,0.45964763,0.19868352,2.313466
AT4G14510,0.14868297,0.06426965,2.313424
AT5G17040,0.61027366,0.26381722,2.313244
AT5G38670,0.22233132,0.09612727,2.3128848
AT5G45180,0.465711,0.20136017,2.3128257
AT3G10980,0.26746917,0.11564634,2.31282
AT4G14780,0.38928452,0.16832384,2.3127115
AT3G48120,0.18285988,0.07906882,2.3126674
AT2G34830,0.3478505,0.15042832,2.3124
AT1G01560,0.5623784,0.24321443,2.312274
AT1G63150,0.24997346,0.10811751,2.3120532
AT1G70880,0.45642903,0.19742498,2.311911
AT1G69380,0.1617112,0.069948316,2.3118668
AT4G14640,0.4607077,0.19929832,2.3116484
AT3G52570,0.12776871,0.055271797,2.3116434
AT1G60995,0.087134995,0.03770409,2.3110216
AT4G25700,0.29057604,0.12573637,2.3109941
AT1G07980,0.123877965,0.053631455,2.3098001
AT1G78200,0.12817717,0.055512052,2.3089967
AT3G57510,0.49951002,0.21633947,2.3089175
AT5G45610,0.17400715,0.075371206,2.3086686
AT4G01050,0.19359139,0.083857894,2.3085647
AT3G25805,0.17745343,0.07687232,2.3084176
AT2G02980,0.28874788,0.12509517,2.3082254
AT2G03280,0.20023458,0.08675597,2.3080206
AT1G17560,0.2516572,0.10905098,2.307702
AT5G40360,0.31723234,0.13747315,2.3075945
AT4G34580,0.44838175,0.19432512,2.307379
AT4G30110,0.38637522,0.16745202,2.3073785
AT2G25830,0.16181496,0.07014849,2.3067486
AT3G03080,0.30108017,0.13053012,2.306595
AT5G46590,0.47939113,0.20783865,2.306554
AT1G69920,0.6185766,0.2682044,2.3063626
AT5G61260,0.3418904,0.14826201,2.3059876
AT1G34170,0.20044017,0.086926065,2.3058693
AT5G51990,0.6189416,0.2684545,2.3055737
AT1G22275,0.36837125,0.15977426,2.305573
AT1G72570,0.4164433,0.18064089,2.3053653
AT3G24715,0.23378289,0.10141348,2.3052444
AT1G68590,0.23163953,0.10048655,2.3051794
AT5G13990,0.34743923,0.15073027,2.3050394
AT1G01200,0.44333836,0.1923363,2.3050163
AT4G01270,0.40455386,0.17551486,2.3049548
AT1G05360,0.14768028,0.06407304,2.3048737
AT2G16430,0.22576244,0.09795523,2.3047512
AT1G65870,0.6093767,0.26440337,2.3047237
AT4G15690,0.7071974,0.30685022,2.3046992
AT3G16370,0.36094156,0.15662512,2.3044932
AT5G17680,0.2995324,0.129978,2.304485
AT3G23330,0.20579949,0.089307815,2.3043838
AT5G10310,0.4267047,0.185173,2.3043568
AT1G49210,0.62951785,0.27318963,2.3043256
AT3G16730,0.19312274,0.08381162,2.3042476
AT2G35070,0.7567891,0.3284994,2.303776
AT1G19950,0.18097222,0.07855693,2.3037076
AT5G19880,0.65708977,0.28523725,2.3036604
AT5G09995,0.20222135,0.0877835,2.303637
AT5G38510,0.24485183,0.10629804,2.3034463
AT4G31930,0.19190745,0.083317965,2.303314
AT5G08250,0.44786143,0.1944802,2.3028638
AT4G00910,0.44415933,0.19288963,2.3026602
AT2G26160,0.33126265,0.1438671,2.3025599
AT5G02520,0.2581329,0.112115845,2.3023765
AT2G07190,0.18289351,0.07944149,2.3022416
AT1G78480,0.3505943,0.15230875,2.3018656
AT4G17960,0.15932173,0.069217734,2.3017468
AT5G06770,0.14503291,0.063018896,2.3014193
AT5G57190,0.41056913,0.17840323,2.3013546
AT5G03310,0.55118436,0.23950784,2.3013206
AT5G64190,0.60803807,0.26424912,2.3010032
AT5G63540,0.34528828,0.15007512,2.3007693
AT4G35150,0.50076246,0.21766706,2.3005888
AT1G27240,0.27455053,0.11934428,2.3004916
AT1G20310,0.62258315,0.27063555,2.3004487
AT3G29760,0.19209734,0.08350668,2.3003826
AT2G46660,0.4350085,0.18910289,2.3003798
AT5G01550,0.4537933,0.19727977,2.3002524
AT5G52790,0.38179702,0.16598241,2.3002255
AT1G19060,0.30063418,0.13070013,2.3001826
AT1G11540,0.351977,0.15302818,2.3000793
AT5G47990,0.49091431,0.21345896,2.2998064
AT3G29690,0.46295458,0.20130786,2.299734
AT1G29660,0.42674083,0.18556431,2.2996922
AT1G31190,0.13531996,0.05884555,2.2995782
AT4G31950,0.56232035,0.24454778,2.2994292
AT1G06090,0.54963607,0.23905323,2.2992203
AT3G15360,0.14071149,0.061205514,2.2989998
AT4G02300,0.31470093,0.13688749,2.2989748
AT4G30590,0.2468269,0.107367575,2.298896
AT5G46730,0.3942225,0.17149815,2.298698
AT1G32970,0.48266315,0.20997815,2.298635
AT4G00040,0.27314737,0.11885884,2.298082
AT3G51030,0.2897255,0.12609471,2.2976813
AT5G66150,0.5141282,0.22377007,2.2975736
AT1G67540,0.3712366,0.1615889,2.2974136
AT5G15130,0.33857468,0.1473798,2.2972934
AT5G03600,0.2602254,0.11327763,2.2972353
AT1G44970,0.40639368,0.17691085,2.2971663
AT2G32680,0.63900644,0.2782266,2.2967122
AT5G42110,0.40338382,0.17563924,2.296661
AT5G39260,0.33713543,0.14680476,2.296488
AT1G16310,0.3336492,0.1453023,2.2962415
AT5G20580,0.16017197,0.0697564,2.2961612
AT1G63120,0.17922199,0.07805627,2.2960613
AT2G31760,0.19672501,0.085684806,2.2959146
AT5G65500,0.39562625,0.17234537,2.295543
AT2G29750,0.31320632,0.13646182,2.2951934
AT5G26230,0.33956265,0.14803107,2.2938604
AT5G27210,0.20900902,0.09112046,2.293766
AT4G37760,0.2954913,0.12884852,2.293323
AT5G63850,0.33854595,0.14762563,2.2932734
AT2G23160,0.23345824,0.10180649,2.2931566
AT5G47600,0.5783868,0.25223318,2.2930639
AT4G25090,0.31924662,0.13923891,2.2927973
AT3G18630,0.2732081,0.11916144,2.2927558
AT4G12740,0.31001517,0.13524307,2.2922812
AT2G35100,0.17788467,0.077611186,2.2919977
AT3G02210,0.27039024,0.117976494,2.2918992
AT5G19610,0.21277547,0.09284702,2.2916777
AT3G21580,0.19079025,0.08326067,2.2914808
AT5G24280,0.32750434,0.14293727,2.291245
AT3G01530,0.426215,0.18603134,2.2910922
AT3G28230,0.34323463,0.14981349,2.2910793
AT5G46740,0.18105578,0.079034306,2.2908504
AT5G07780,0.41705117,0.18205953,2.2907405
AT1G21140,0.3936169,0.17183441,2.2906756
AT1G35550,0.20021227,0.08740838,2.2905385
AT2G13630,0.24650288,0.10762438,2.2903998
AT5G50120,0.3460109,0.15108442,2.290182
AT3G18300,0.30289173,0.13225709,2.2901735
AT4G02180,0.34910452,0.1524659,2.2897217
AT1G12010,0.5152607,0.2250878,2.289154
AT5G38700,0.5412777,0.23646973,2.2889936
AT4G00840,0.1724373,0.07533324,2.2889934
AT3G18360,0.4770173,0.20839716,2.2889817
AT4G16600,0.3331516,0.14555357,2.288859
AT1G12400,0.29664335,0.12960629,2.2888033
AT5G23320,0.30865765,0.1348864,2.2882783
AT4G22700,0.23587072,0.10308175,2.2881908
AT3G23450,0.3616742,0.15806195,2.2881796
AT2G42140,0.4502025,0.1967639,2.2880337
AT4G03270,0.39051265,0.17068513,2.2879124
AT4G18430,0.42780402,0.1870257,2.2874076
AT5G43880,0.1623152,0.070982896,2.2866802
AT1G28327,0.37490237,0.16398554,2.2861915
AT5G17800,0.3548271,0.15521643,2.286015
AT4G29090,0.2502301,0.10946236,2.2859921
AT2G37800,0.42058945,0.18400204,2.2857866
AT2G46130,0.50120354,0.21927498,2.2857304
AT4G28140,0.6416035,0.28071132,2.2856348
AT2G44470,0.3342454,0.1462377,2.2856307
AT5G61050,0.38376638,0.16790774,2.2855785
AT4G00880,0.4375772,0.19145802,2.2854993
AT5G12130,0.16896634,0.07393198,2.2854295
AT1G77600,0.13939148,0.060991418,2.2854273
AT5G58784,0.42387527,0.18547635,2.2853332
AT1G01860,0.20537502,0.08987679,2.2850726
AT5G59070,0.4592131,0.20096223,2.2850716
AT5G19410,0.3756349,0.16441423,2.2846859
AT1G21210,0.3890812,0.17030011,2.2846794
AT3G45050,0.20389177,0.08925468,2.2843816
AT1G62320,0.37090534,0.16237903,2.2841947
AT2G21550,0.31138474,0.1363584,2.2835755
AT1G78180,0.1951436,0.08545968,2.283458
AT5G20550,0.24301514,0.106436834,2.2831864
AT3G03830,0.5646701,0.24732783,2.2830832
AT4G24700,0.43261257,0.18948732,2.2830684
AT5G08050,0.27354422,0.11981523,2.2830503
AT1G69480,0.5196571,0.22763354,2.2828667
AT2G41890,0.1682153,0.07369404,2.282617
AT3G51760,0.34975767,0.15328538,2.2817416
AT1G57650,0.4930365,0.21608455,2.2816832
AT1G70460,0.38397402,0.16828987,2.2816226
AT5G59410,0.17005649,0.0745348,2.2815714
AT1G03130,0.2804367,0.122915424,2.2815418
AT3G14020,0.24635056,0.107976355,2.281523
AT2G46580,0.1479379,0.06484762,2.2813156
AT1G05600,0.1567474,0.06871076,2.281264
AT4G30540,0.43906268,0.19248702,2.2809987
AT3G03580,0.22347727,0.097976096,2.2809365
AT5G44130,0.49401885,0.2165909,2.2808845
AT5G40230,0.32737705,0.14353149,2.2808726
AT5G62960,0.25538385,0.11197108,2.2808018
AT3G26650,0.18138365,0.079530045,2.2806933
AT1G15510,0.24216294,0.10618161,2.2806485
AT4G38880,0.3189841,0.1398825,2.2803714
AT1G01630,0.17040953,0.07473773,2.2801003
AT4G29250,0.37416756,0.16410524,2.2800462
AT3G09405,0.42187774,0.18505397,2.2797549
AT1G07190,0.44847277,0.19672768,2.2796626
AT2G42130,0.13983813,0.061346248,2.279489
AT3G02610,0.48829758,0.21421865,2.2794354
AT1G17790,0.1460345,0.06407863,2.2789888
AT4G18300,0.15481833,0.06793383,2.2789576
AT3G10060,0.19958429,0.08758071,2.278861
AT3G09430,0.4337529,0.19034769,2.27874
AT2G22850,0.35116974,0.1541236,2.278494
AT2G42120,0.13923037,0.061114755,2.278179
AT2G43610,0.29448688,0.12926584,2.278149
AT5G40470,0.1598918,0.070200086,2.277658
AT1G05700,0.4606588,0.20227705,2.2773654
AT1G13040,0.34960645,0.15351357,2.277365
AT1G49900,0.4570075,0.20068501,2.2772377
AT2G20030,0.3922714,0.17227986,2.2769427
AT2G24860,0.1932216,0.084864646,2.2768207
AT1G63050,0.18462402,0.08109613,2.2766068
AT4G21190,0.1947622,0.08555135,2.276553
AT1G05880,0.64609843,0.2838063,2.2765472
AT5G14130,0.33627585,0.14772405,2.2763784
AT1G78780,0.42962956,0.188744,2.2762554
AT4G17760,0.34791708,0.15286708,2.275945
AT1G03270,0.2496117,0.10967994,2.275819
AT5G12980,0.1602814,0.07043037,2.2757425
AT2G48070,0.17812528,0.07828021,2.2754827
AT3G28760,0.1980598,0.08707736,2.2745268
AT5G19040,0.32288036,0.14195731,2.274489
AT2G38780,0.18304488,0.080478564,2.2744548
AT2G13790,0.32720035,0.14389694,2.2738519
AT4G13130,0.296235,0.13029684,2.273539
AT3G09220,0.42183316,0.18554118,2.2735283
AT1G68765,0.6308922,0.2774971,2.273509
AT1G64110,0.4661594,0.20504273,2.2734742
AT4G22070,0.42711785,0.18789993,2.2731133
AT3G28980,0.44922763,0.19763806,2.2729812
AT3G15150,0.18265209,0.080358535,2.2729642
AT2G18650,0.3572328,0.15718383,2.272707
AT1G62170,0.3887872,0.17106803,2.272705
AT3G24480,0.21528077,0.09473946,2.272345
AT5G40010,0.51043063,0.22464128,2.272203
AT2G40130,0.41153312,0.18112138,2.2721398
AT1G32250,0.32569882,0.14335574,2.271962
AT2G13360,0.2456518,0.108138986,2.27163
AT1G21170,0.17475474,0.076935045,2.271458
AT5G09490,0.3386655,0.1491129,2.2712016
AT2G02130,0.18729639,0.082478516,2.2708504
AT4G02530,0.17968263,0.07912757,2.2707965
AT3G29160,0.09321627,0.04105716,2.2704017
AT4G38340,0.5426639,0.23901996,2.2703705
AT5G22900,0.2576016,0.113465406,2.2703094
AT1G63950,0.5279341,0.2325447,2.2702475
AT1G72190,0.15509172,0.06831732,2.2701669
AT2G24440,0.22257678,0.09807247,2.2695131
AT1G08340,0.31812435,0.14017896,2.2694156
AT2G48110,0.15430416,0.06799619,2.2693057
AT2G30390,0.12690008,0.05592263,2.2692075
AT4G11460,0.57339907,0.2527285,2.2688344
AT1G06040,0.22586544,0.0995587,2.2686658
AT3G21680,0.46034583,0.20293884,2.2683966
AT5G45880,0.5251977,0.23158911,2.2677994
AT2G24430,0.3650039,0.16096443,2.2676058
AT5G51860,0.40598762,0.17904328,2.2675388
AT5G11080,0.38447905,0.16958298,2.2672029
AT4G39370,0.12732977,0.05616293,2.2671492
AT5G20310,0.2527248,0.11148039,2.2669885
AT4G25270,0.2452661,0.108215325,2.2664635
AT5G44550,0.42029,0.1854563,2.266248
AT5G20510,0.19297418,0.08515471,2.2661595
AT5G39230,0.41003105,0.18096487,2.2658045
AT5G15180,0.44302073,0.19552666,2.2657816
AT5G25120,0.37127617,0.16387627,2.2655883
AT4G27880,0.0999949,0.04413703,2.2655551
AT2G40200,0.4880212,0.21541755,2.2654662
AT4G13985,0.29692474,0.13108584,2.2651165
AT1G06030,0.635463,0.28058702,2.2647626
AT5G48840,0.14910646,0.06583789,2.2647512
AT5G59710,0.116719574,0.051543236,2.264498
AT2G03420,0.37770587,0.16682756,2.2640495
AT1G69120,0.486894,0.21506864,2.2639005
AT4G24340,0.58762574,0.2595791,2.2637637
AT1G74490,0.38484728,0.17000376,2.2637572
AT4G14605,0.14436316,0.0637719,2.2637422
AT3G09160,0.50714236,0.22404355,2.2635882
AT2G17033,0.15376903,0.06793608,2.2634368
AT2G27340,0.15165254,0.06700583,2.2632737
AT5G15150,0.33521196,0.14815803,2.2625296
AT1G79160,0.2857092,0.12629783,2.2621858
AT2G46630,0.27272993,0.120565176,2.2620952
AT1G48780,0.32213673,0.14245716,2.2612882
AT5G06680,0.14686462,0.06495929,2.2608716
AT3G62680,0.47206134,0.20881145,2.260706
AT5G53980,0.48874617,0.2161981,2.2606401
AT3G59470,0.13209566,0.058433976,2.2605965
AT1G70170,0.3399699,0.15039016,2.2605858
AT3G59530,0.27628207,0.12223619,2.2602313
AT3G28610,0.44297585,0.19600525,2.26002
AT1G08960,0.1351396,0.05979711,2.2599683
AT3G08010,0.15800683,0.06991673,2.2599285
AT3G28280,0.20521039,0.090806805,2.2598567
AT3G21750,0.26154032,0.11575903,2.2593513
AT1G50970,0.26053116,0.1153197,2.2592075
AT3G47040,0.30214152,0.13373837,2.2591982
AT2G18830,0.32195958,0.14251505,2.2591267
AT1G10830,0.15099548,0.066839226,2.2590845
AT1G74280,0.3228743,0.14292733,2.25901
AT1G79180,0.36093688,0.15978433,2.2589002
AT5G05040,0.6482043,0.2869714,2.258777
AT2G35585,0.39438432,0.17460898,2.2586713
AT1G55260,0.3465546,0.1534404,2.2585614
AT4G26440,0.27350444,0.12110202,2.258463
AT4G40090,0.46131486,0.20426296,2.258436
AT3G16920,0.30862933,0.13668174,2.2580142
AT2G36270,0.45184734,0.20015384,2.2575002
AT2G46670,0.8853372,0.392178,2.257488
AT4G37630,0.18010555,0.07978981,2.2572498
AT4G35880,0.21377479,0.09471972,2.2569194
AT1G53860,0.39668804,0.17578408,2.2566776
AT4G32105,0.2510409,0.111253574,2.2564747
AT1G28010,0.33773893,0.14968841,2.2562795
AT3G58690,0.15699907,0.06959216,2.2559874
AT3G13730,0.29181227,0.12936312,2.2557607
AT1G51000,0.4644992,0.2060161,2.2546742
AT2G17060,0.37780872,0.16757691,2.254539
AT3G17150,0.45738733,0.20293646,2.253845
AT5G16720,0.21348868,0.09473222,2.2536016
AT1G20700,0.32516646,0.1443097,2.2532542
AT2G32930,0.25508627,0.11321743,2.2530653
AT1G58340,0.3548278,0.1575012,2.2528574
AT1G57830,0.28663805,0.12723403,2.252841
AT1G64290,0.42118368,0.18700784,2.2522244
AT1G29630,0.2802402,0.12443807,2.2520454
AT5G55790,0.34382114,0.15267216,2.2520223
AT3G63040,0.5542302,0.2461351,2.2517316
AT5G51310,0.41218576,0.18305928,2.2516518
AT5G40990,0.6845077,0.30402943,2.2514522
AT5G41150,0.12550713,0.05574653,2.2513888
AT3G07960,0.28472885,0.1264823,2.2511358
AT4G26090,0.35859042,0.15929396,2.2511234
AT1G18050,0.38148096,0.16947643,2.250938
AT1G59890,0.12840335,0.057044778,2.2509217
AT4G33230,0.357023,0.15862752,2.2507
AT3G05740,0.29879427,0.13275795,2.2506692
AT2G22540,0.1981652,0.088050716,2.25058
AT2G16380,0.30400473,0.13509361,2.2503262
AT5G62690,0.119417734,0.05306855,2.250254
AT3G25740,0.22083339,0.09813759,2.2502425
AT5G08750,0.13732369,0.06102627,2.2502384
AT5G23570,0.2483571,0.11037634,2.2500935
AT3G45330,0.39993525,0.17775288,2.2499506
AT3G29670,0.49066395,0.2180924,2.2497983
AT5G65710,0.16537488,0.07351005,2.2496905
AT1G62920,0.29685736,0.13197923,2.249273
AT2G02950,0.42782485,0.19024467,2.2488136
AT3G32200,0.34066483,0.15149002,2.2487607
AT5G04270,0.18924095,0.08415394,2.248747
AT5G11030,0.11271964,0.05013729,2.2482193
AT4G00860,0.15321717,0.068151824,2.248174
AT4G03290,0.52771115,0.23473191,2.248144
AT5G19700,0.54621375,0.242972,2.2480521
AT3G07930,0.1550348,0.068967514,2.247939
AT3G56080,0.38920096,0.17313835,2.2479186
AT4G14440,0.26801205,0.11923735,2.2477188
AT3G21620,0.4219807,0.18777354,2.2472851
AT3G49920,0.27503508,0.122388065,2.2472377
AT5G58840,0.60818416,0.27067575,2.2469103
AT4G25580,0.65418077,0.29118475,2.2466176
AT5G47350,0.39721072,0.17682774,2.2463143
AT2G39370,0.33151478,0.1476073,2.2459238
AT2G35460,0.25155228,0.11200782,2.2458456
AT1G13830,0.3552088,0.15816842,2.245763
AT1G54840,0.37023044,0.16487649,2.2455015
AT4G24900,0.15231456,0.06783496,2.2453694
AT5G35940,0.43014237,0.19157653,2.245277
AT5G48400,0.43152723,0.19223239,2.2448204
AT1G26960,0.2918888,0.1300313,2.2447577
AT2G20310,0.1328954,0.059202764,2.2447493
AT4G03230,0.25109556,0.111860156,2.2447274
AT4G38050,0.2382701,0.106149405,2.2446673
AT2G03980,0.35862663,0.1597735,2.2445939
AT1G26880,0.1775976,0.07917043,2.2432313
AT2G30370,0.39652586,0.1768507,2.24215
AT5G67450,0.48429692,0.21604207,2.2416785
AT4G35030,0.2566535,0.114494026,2.241632
AT2G34840,0.36987045,0.1650072,2.2415411
AT1G26380,0.7747398,0.34566352,2.241312
AT1G30840,0.35410723,0.1580003,2.2411804
AT3G59730,0.4174201,0.1862602,2.2410588
AT3G56010,0.17016026,0.0759296,2.2410266
AT4G34090,0.17657904,0.078800745,2.2408295
AT2G48120,0.15026961,0.06706344,2.240708
AT5G10260,0.34995818,0.15619163,2.240569
AT1G26150,0.23352902,0.10424719,2.2401466
AT1G34040,0.43717542,0.19516237,2.2400599
AT3G21740,0.12079977,0.05392775,2.2400296
AT1G57780,0.37189388,0.16605467,2.2395868
AT4G09100,0.44695872,0.19957554,2.2395463
AT5G47920,0.37883687,0.16916162,2.2394965
AT1G27680,0.17820035,0.079571635,2.2394958
AT5G42760,0.5591968,0.24970877,2.2393959
AT4G09880,0.41707915,0.18624781,2.2393773
AT1G61420,0.34114403,0.15235838,2.239089
AT3G47010,0.29184762,0.13035488,2.2388697
AT5G05070,0.327022,0.1460723,2.2387679
AT1G33500,0.4923272,0.21992393,2.2386248
AT3G15130,0.3003182,0.13416125,2.2384868
AT1G71530,0.39316854,0.17566875,2.2381244
AT4G00850,0.21848169,0.09762739,2.2379138
AT5G47150,0.46048602,0.2057666,2.2379043
AT3G27180,0.15498717,0.069257475,2.2378402
AT5G09240,0.22246993,0.09941587,2.2377706
AT1G01170,0.2637804,0.117877245,2.2377548
AT1G14580,0.2810423,0.12561269,2.2373717
AT2G26360,0.23042043,0.10300144,2.23706
AT2G45130,0.7321356,0.32727623,2.237057
AT1G31260,0.26160374,0.116987295,2.2361722
AT3G29770,0.19473591,0.0870848,2.236164
AT2G24390,0.23277569,0.1040997,2.236084
AT5G14510,0.3223121,0.1441465,2.2360034
AT2G34460,0.18581319,0.08310073,2.2359993
AT2G40100,0.36875698,0.16492537,2.2359018
AT1G73350,0.14402556,0.06441692,2.2358341
AT5G37530,0.20713942,0.092646755,2.2357976
AT4G29800,0.36046207,0.16123687,2.2356055
AT4G21170,0.22875884,0.102327816,2.2355487
AT4G15510,0.1564153,0.069981046,2.2351093
AT5G58570,0.48555532,0.21733165,2.2341673
AT4G35010,0.542066,0.24262926,2.2341325
AT5G36220,0.43999773,0.19696352,2.2339046
AT2G43690,0.24290627,0.10875831,2.2334502
AT4G04490,0.592584,0.26536655,2.2330773
AT4G02750,0.27661836,0.123875566,2.233034
AT2G45080,0.48906055,0.2190208,2.232941
AT2G16020,0.59462637,0.26634255,2.2325623
AT1G67180,0.34875137,0.15621848,2.2324588
AT2G24530,0.13659209,0.061194886,2.232083
AT1G68130,0.17395112,0.07793715,2.2319407
AT4G31330,0.5188891,0.23251921,2.2315967
AT2G45050,0.3015352,0.1351243,2.2315392
AT5G18930,0.3084552,0.13823827,2.23133
AT3G07970,0.44210452,0.19815022,2.2311583
AT3G44910,0.21267068,0.0953351,2.2307699
AT3G55160,0.2008445,0.09003648,2.2307012
AT3G21670,0.45733362,0.20502557,2.2306173
AT5G01730,0.2880955,0.12917107,2.2303405
AT1G19660,0.35520634,0.15928078,2.230064
AT3G61930,0.58742017,0.2634408,2.2297995
AT4G27300,0.35504678,0.15924165,2.22961
AT1G58390,0.42384508,0.19011052,2.2294667
AT2G31530,0.120514974,0.054056767,2.2294147
AT1G05370,0.3695721,0.16578285,2.2292538
AT5G49410,0.27711633,0.12431462,2.229153
AT5G23690,0.17258446,0.07742702,2.2289948
AT2G23620,0.4116698,0.18469493,2.2289174
AT2G38300,0.32724223,0.14681952,2.228874
AT1G10480,0.39425176,0.17689934,2.2286782
AT1G77910,0.352046,0.15797095,2.2285488
AT5G65880,0.24418564,0.109579995,2.2283778
AT2G47220,0.23267147,0.10441304,2.2283754
AT3G10460,0.32950068,0.14786878,2.2283313
AT2G07200,0.29249775,0.13126425,2.228312
AT5G67160,0.27663657,0.124159895,2.228067
AT4G00050,0.43872172,0.19692492,2.2278626
AT5G60900,0.5933316,0.26632446,2.2278523
AT2G32765,0.33087277,0.1485221,2.2277677
AT3G53220,0.36813122,0.16526163,2.227566
AT1G14530,0.16262777,0.07300762,2.227545
AT1G06440,0.3141974,0.1410517,2.2275333
AT5G08640,0.5959029,0.26754966,2.227261
AT1G10522,0.2689869,0.1207841,2.227006
AT1G21430,0.2945982,0.13228911,2.2269268
AT3G55940,0.41891235,0.18814792,2.2265053
AT2G39260,0.105189584,0.047246613,2.2263937
AT1G33220,0.25908372,0.116374865,2.2262857
AT2G42950,0.16431825,0.07381337,2.226131
AT1G01760,0.27371076,0.12296343,2.2259524
AT4G25920,0.38930595,0.17491324,2.2257087
AT1G17800,0.20048574,0.09007865,2.2256742
AT2G38150,0.3462782,0.15558617,2.2256358
AT5G16715,0.13342357,0.05996031,2.2251978
AT2G40570,0.15129724,0.06799545,2.2251081
AT2G38500,0.36088866,0.16219132,2.2250798
AT1G72950,0.4253552,0.19116753,2.2250388
AT5G37490,0.5476042,0.24612632,2.2248907
AT2G41830,0.18716234,0.08412486,2.2248158
AT5G49060,0.12641184,0.056832194,2.2242994
AT1G51830,0.44278964,0.19908783,2.2240918
AT5G24110,0.67950726,0.305597,2.2235403
AT1G44830,0.5962272,0.26817104,2.2233095
AT5G35690,0.35067162,0.15775329,2.2229114
AT2G16630,0.44961292,0.20228249,2.222698
AT3G47480,0.83681035,0.376518,2.2224975
AT4G13060,0.26741052,0.12032757,2.2223544
AT3G05430,0.21779229,0.09801107,2.222119
AT5G57090,0.22208595,0.09995334,2.2218962
AT4G25150,0.26884717,0.12100211,2.2218385
AT2G45700,0.12463243,0.05609947,2.2216325
AT3G57180,0.22182304,0.09985114,2.221537
AT5G58970,0.1259402,0.056694496,2.2213829
AT3G57160,0.34959456,0.15738128,2.221322
AT4G09850,0.38354656,0.17266789,2.221296
AT2G03500,0.20852658,0.09388694,2.221039
AT2G40990,0.3090712,0.13915654,2.2210324
AT5G07740,0.16387409,0.07378376,2.2210045
AT2G34110,0.22301285,0.10041134,2.2209926
AT4G11890,0.5693276,0.25635633,2.2208447
AT5G65650,0.15436515,0.069518246,2.220498
AT5G46330,0.35737875,0.16096528,2.2202225
AT4G37580,0.3018653,0.13597052,2.220079
AT5G27980,0.48091626,0.21664211,2.2198648
AT3G47400,0.32676324,0.1472031,2.219812
AT5G23920,0.2677892,0.12064106,2.2197185
AT2G28030,0.27653712,0.124583244,2.2196975
AT1G19930,0.21406084,0.096442536,2.2195687
AT2G15440,0.29841828,0.13446552,2.2192922
AT2G26120,0.4460222,0.20098083,2.2192276
AT2G41950,0.24165145,0.10890215,2.2189777
AT2G30960,0.20493671,0.09236378,2.2187994
AT1G50890,0.18350258,0.082710676,2.218608
AT2G18980,0.30668756,0.13828297,2.2178257
AT4G37380,0.21454582,0.09674619,2.217615
AT5G01670,0.30857626,0.13914905,2.2175949
AT4G10880,0.30186647,0.1361459,2.2172275
AT2G21200,0.47787687,0.21552944,2.217223
AT1G24320,0.31398526,0.14162475,2.2170222
AT1G32950,0.43103772,0.19442454,2.2169921
AT5G03400,0.32022762,0.14445458,2.2168047
AT2G21045,0.2884587,0.13014317,2.216472
AT1G63730,0.26060733,0.11761111,2.2158391
AT5G66390,0.34124798,0.1540103,2.2157476
AT3G54520,0.5879664,0.26538652,2.2155097
AT5G34870,0.16767196,0.07570687,2.2147522
AT5G39760,0.30751535,0.13885622,2.2146313
AT5G42620,0.14115483,0.06373878,2.214583
AT5G66430,0.34630314,0.1563747,2.2145724
AT1G79030,0.12501678,0.056452766,2.2145371
AT4G28670,0.29472432,0.1331085,2.214166
AT2G37160,0.10261523,0.046349894,2.2139254
AT1G73830,0.4487565,0.2026984,2.2139122
AT2G01460,0.2154584,0.09732586,2.2137835
AT3G16010,0.1456539,0.06579604,2.2137182
AT5G16220,0.19347128,0.087400004,2.21363
AT5G65830,0.17596853,0.07949337,2.213625
AT5G10880,0.38965178,0.17604701,2.213339
AT1G68190,0.38570833,0.17429164,2.213005
AT1G56690,0.30004096,0.13558398,2.2129526
AT5G10190,0.15430003,0.0697259,2.2129512
AT1G19715,0.20628418,0.09321735,2.2129374
AT3G07510,0.18776238,0.08485331,2.2127879
AT2G30120,0.15299486,0.069153406,2.2123978
AT1G14020,0.11078305,0.0500752,2.2123332
AT1G71340,0.24218066,0.10947011,2.2122993
AT3G01670,0.2733174,0.12354601,2.212272
AT2G37440,0.31704208,0.14331737,2.2121677
AT3G27400,0.46413657,0.20981257,2.2121484
AT1G50610,0.3848644,0.1739818,2.2120955
AT2G29560,0.11887987,0.053743735,2.2119758
AT1G12740,0.35461152,0.16033325,2.2117152
AT2G37580,0.3805281,0.17205563,2.211657
AT1G70750,0.19693373,0.08904502,2.2116196
AT3G20220,0.3706468,0.16760959,2.2113698
AT3G21760,0.4538411,0.20523939,2.2112765
AT5G22750,0.20697276,0.09360516,2.2111254
AT1G13050,0.22777924,0.10302939,2.2108178
AT3G01175,0.5652823,0.25569856,2.210737
AT3G52700,0.45491952,0.20578036,2.210704
AT4G39740,0.23197581,0.104936026,2.2106402
AT3G03260,0.5060213,0.22892192,2.2104535
AT5G18660,0.2790756,0.1262567,2.2103822
AT5G57240,0.41874522,0.18944585,2.2103686
AT1G76470,0.6675675,0.30202797,2.2102838
AT1G23740,0.24098888,0.109034166,2.2102141
AT1G73100,0.12740688,0.057648655,2.2100577
AT3G18450,0.47683287,0.21575716,2.2100441
AT1G53260,0.44568276,0.20168115,2.2098384
AT4G05000,0.10690687,0.04838009,2.209728
AT5G62940,0.25320315,0.11460135,2.2094254
AT1G06100,0.5478909,0.24798666,2.2093563
AT4G03070,0.32833892,0.1486151,2.209324
AT2G36020,0.5456369,0.24697158,2.2093103
AT3G12690,0.15171833,0.06867431,2.209244
AT1G23550,0.36403927,0.16480015,2.208974
AT1G07450,0.41461238,0.18771124,2.2087774
AT1G63280,0.4749535,0.21503273,2.2087498
AT4G36880,0.48272166,0.21855262,2.2087204
AT2G03180,0.3134539,0.1419231,2.2086177
AT3G56730,0.34182754,0.15477544,2.2085385
AT1G69810,0.30325067,0.13730994,2.2085118
AT3G62080,0.13931777,0.063082725,2.208493
AT1G06690,0.17973948,0.08139259,2.2083025
AT5G49770,0.3682947,0.16678306,2.2082257
AT1G30710,0.4085208,0.18500954,2.2081065
AT5G27560,0.13658056,0.061872475,2.2074523
AT1G76250,0.2667706,0.120871,2.2070687
AT3G42630,0.109124824,0.049449652,2.206786
AT2G28100,0.22433418,0.10166125,2.2066832
AT4G25610,0.16507703,0.074809015,2.206646
AT4G29020,0.44069988,0.19975016,2.2062554
AT3G24640,0.53297204,0.24157733,2.206217
AT1G13630,0.27667034,0.12540755,2.2061696
AT1G16220,0.25185215,0.11417007,2.2059383
AT1G23980,0.21790424,0.098789714,2.205738
AT3G02390,0.52073175,0.23608206,2.2057233
AT3G50350,0.24798687,0.11242902,2.2057192
AT5G03880,0.16765036,0.07601397,2.2055202
AT2G39980,0.39577812,0.17952552,2.2045784
AT1G48095,0.23306023,0.105731815,2.2042582
AT4G33730,0.37678605,0.17094648,2.2041168
AT1G02390,0.46352226,0.21031365,2.2039568
AT3G55720,0.428958,0.19466066,2.2036192
AT5G39710,0.18569317,0.084272265,2.2034907
AT1G19520,0.19505996,0.08854238,2.2030122
AT1G47813,0.5063483,0.22985375,2.202915
AT3G25010,0.59892017,0.271918,2.2025764
AT5G43690,0.41366553,0.18781203,2.2025506
AT3G11980,0.3759726,0.17070624,2.2024536
AT4G11370,0.43460238,0.19733351,2.2023747
AT3G60060,0.39643222,0.18001454,2.2022233
AT5G15840,0.44767118,0.20336048,2.2013674
AT2G30900,0.4257278,0.19339275,2.2013636
AT5G53490,0.20346442,0.092432,2.2012334
AT3G22450,0.32675162,0.14845878,2.2009583
AT4G31805,0.40777588,0.1852732,2.2009435
AT2G07687,0.73271793,0.33292308,2.2008624
AT1G26760,0.3008596,0.13671976,2.2005565
AT4G33370,0.46926677,0.21327963,2.2002416
AT4G24980,0.30638832,0.13926847,2.1999831
AT3G12955,0.5400808,0.24550931,2.1998382
AT5G13170,0.8165941,0.37121424,2.199792
AT1G13090,0.2333628,0.10608904,2.199688
AT4G18250,0.6191111,0.28145728,2.199663
AT3G58800,0.15748546,0.071602084,2.1994534
AT1G03950,0.22480825,0.10221242,2.199422
AT3G46430,0.15419015,0.070110895,2.199232
AT5G29070,0.1926983,0.087621406,2.1992147
AT5G62830,0.33298418,0.15142009,2.1990752
AT1G57906,0.3029288,0.13777758,2.1986797
AT5G01790,0.48834887,0.2221119,2.1986613
AT3G10360,0.135853,0.06179822,2.1983316
AT5G59680,0.5650534,0.25705975,2.1981404
AT1G31270,0.4493667,0.2044344,2.1980972
AT4G10300,0.18211924,0.0828561,2.1980183
AT2G17310,0.21272396,0.096792676,2.1977277
AT5G23180,0.32626802,0.14847867,2.1974063
AT1G07160,0.5852189,0.26633272,2.1973226
AT2G04620,0.16973162,0.077252366,2.1971056
AT2G02610,0.30598146,0.13927896,2.1968963
AT5G41685,0.28330097,0.12898438,2.1963973
AT5G22030,0.12913577,0.058795985,2.1963363
AT1G61460,0.3462579,0.1576696,2.1960979
AT5G19730,0.36848983,0.16782114,2.1957293
AT5G02670,0.25730643,0.117191665,2.1956034
AT1G17640,0.21358784,0.09728703,2.1954398
AT4G35950,0.1387976,0.06322101,2.1954346
AT4G32260,0.117590316,0.05356396,2.195325
AT3G25400,0.26977584,0.12289226,2.1952221
AT1G20850,0.22193143,0.10110895,2.194973
AT3G18070,0.41011915,0.18686694,2.194712
AT3G54070,0.43609458,0.19870354,2.1946995
AT3G61610,0.17405699,0.079317845,2.194424
AT1G30080,0.31271812,0.14251499,2.194282
AT5G45920,0.23844813,0.10866898,2.194261
AT5G10720,0.26381418,0.120238826,2.1940846
AT3G57980,0.22955702,0.104628876,2.194012
AT2G44910,0.4477548,0.20410886,2.1937056
AT1G68585,0.370066,0.16870867,2.1935208
AT4G05470,0.3901481,0.1778834,2.1932797
AT5G58860,0.40831208,0.18616934,2.1932292
AT1G08640,0.12007289,0.05475613,2.192866
AT2G23660,0.24560055,0.11203647,2.1921482
AT2G24610,0.3521708,0.16066314,2.1919823
AT4G04700,0.26277158,0.11988434,2.1918755
AT1G62050,0.16065505,0.07329917,2.1917715
AT4G37290,0.66955507,0.30550072,2.1916645
AT1G14990,0.16363011,0.07466721,2.1914587
AT3G19620,0.38342786,0.1750012,2.1910012
AT3G23130,0.26284868,0.119975194,2.1908584
AT3G66658,0.109279335,0.04988363,2.1906848
AT1G33440,0.3210283,0.14655507,2.1904957
AT1G48880,0.19224265,0.08776988,2.190303
AT5G41610,0.40138423,0.18325602,2.1902921
AT5G05300,0.65441674,0.29881576,2.1900342
AT1G65890,0.56441003,0.25776055,2.189668
AT5G05640,0.27215657,0.12429332,2.1896315
AT4G09990,0.30016908,0.13711387,2.1891954
AT2G34330,0.3404291,0.1555096,2.189119
AT2G18620,0.38961434,0.17798458,2.189034
AT1G01130,0.55077606,0.2516206,2.188915
AT5G42780,0.20384027,0.09313414,2.1886737
AT1G61350,0.13801835,0.06306972,2.1883454
AT2G18890,0.2701668,0.12346742,2.1881626
AT1G15590,0.30760723,0.14058031,2.1881244
AT2G30650,0.3337053,0.15253136,2.1877816
AT3G63020,0.38194445,0.17458819,2.1876876
AT2G45860,0.29431948,0.13453591,2.1876645
AT1G61240,0.16711092,0.07643191,2.1864023
AT2G24070,0.3293483,0.15065612,2.1860929
AT5G58530,0.15631473,0.07150498,2.1860676
AT4G09760,0.31947526,0.14614654,2.1859925
AT2G45750,0.2804611,0.12834118,2.1852772
AT3G58280,0.23501481,0.10754778,2.1852129
AT5G44740,0.21011873,0.096155554,2.1851957
AT4G32350,0.20412144,0.093416035,2.185079
AT5G20860,0.44577694,0.2040191,2.1849763
AT4G23320,0.51935935,0.23770098,2.184927
AT2G46100,0.22150509,0.1013881,2.1847246
AT1G23360,0.14948562,0.06842877,2.1845431
AT3G44760,0.29878205,0.1367826,2.184357
AT5G57740,0.1398808,0.0640815,2.1828578
AT1G24240,0.22193158,0.10167338,2.1827893
AT5G42010,0.2173746,0.09959259,2.1826382
AT1G30410,0.31281555,0.14332733,2.1825254
AT5G51110,0.17179574,0.07872032,2.1823556
AT4G12220,0.3444812,0.15785098,2.182319
AT1G62500,0.4344704,0.19909753,2.1821985
AT5G16140,0.17829734,0.08172428,2.1816936
AT5G65450,0.15776858,0.07232076,2.1815114
AT5G61550,0.38910866,0.17839159,2.181205
AT4G11745,0.21374892,0.098009594,2.1808977
AT2G03850,0.6443962,0.2954771,2.1808667
AT5G17790,0.14332418,0.06571896,2.1808648
AT1G67420,0.15959121,0.07318004,2.180802
AT2G02650,0.29924616,0.13722366,2.1807182
AT1G01310,0.64395845,0.29530457,2.1806586
AT5G48860,0.25037643,0.11483384,2.1803365
AT5G36940,0.14716084,0.06749488,2.180326
AT2G14110,0.17524408,0.08038697,2.1800058
AT4G04540,0.7289143,0.33441752,2.1796534
AT4G37295,0.46829456,0.21484885,2.1796465
AT5G41330,0.13694651,0.06284126,2.179245
AT4G18630,0.38411272,0.17626216,2.1792126
AT3G22360,0.3682676,0.16900937,2.1789773
AT2G23260,0.3267215,0.14994453,2.1789489
AT4G34770,0.5976352,0.27427715,2.1789465
AT5G46560,0.13196394,0.06056731,2.1787977
AT1G09155,0.4860501,0.22310679,2.1785536
AT5G01110,0.3376157,0.15498897,2.1783206
AT1G10380,0.29931223,0.1374126,2.1782007
AT2G23510,0.3699359,0.16984576,2.1780696
AT5G15390,0.12669693,0.058170103,2.1780417
AT1G70150,0.18675825,0.08576084,2.1776633
AT5G16500,0.3902013,0.17918694,2.1776211
AT1G54550,0.21869478,0.100430675,2.1775694
AT2G16760,0.29295167,0.13453893,2.1774487
AT1G80770,0.14434552,0.0662992,2.1771832
AT1G28570,0.30355862,0.1394332,2.1770897
AT3G05980,0.40694988,0.1869346,2.1769636
AT4G01410,0.29319352,0.13468117,2.176945
AT3G46910,0.37287936,0.17131689,2.1765473
AT1G01570,0.33519793,0.15401065,2.176459
AT2G21540,0.2676947,0.12299854,2.1764054
AT1G68850,0.41367143,0.19008534,2.1762404
AT1G13330,0.33467686,0.1537891,2.1762064
AT1G60590,0.567251,0.2606658,2.176162
AT1G24000,0.51484877,0.23658699,2.1761498
AT3G58790,0.20649254,0.094890036,2.1761243
AT5G44230,0.22876419,0.105124645,2.1761231
AT3G62610,0.55524325,0.25515532,2.176099
AT3G08900,0.48823363,0.2243709,2.1760113
AT5G48430,0.6080512,0.27945182,2.1758714
AT5G57510,0.62024146,0.28505722,2.175849
AT1G12660,0.2924192,0.13439451,2.1758268
AT2G13600,0.20893893,0.09606356,2.1750069
AT1G76260,0.16583206,0.07624706,2.1749303
AT2G43100,0.3957134,0.18204214,2.1737459
AT1G72250,0.22944255,0.105559625,2.1735823
AT3G10540,0.14575383,0.06706945,2.1731775
AT5G04640,0.26237735,0.12073894,2.1730962
AT5G09430,0.4860246,0.22368771,2.1727817
AT1G53820,0.284329,0.13087007,2.1726048
AT1G44414,0.6748657,0.31062704,2.1725917
AT5G11300,0.25993088,0.11965993,2.1722465
AT2G20160,0.32548046,0.14983588,2.1722462
AT2G35210,0.3844788,0.17700368,2.1721513
AT3G23090,0.2532399,0.116610765,2.171668
AT1G49880,0.18899085,0.08703264,2.1714938
AT4G02630,0.3291477,0.15158601,2.171359
AT2G29620,0.36333737,0.16735244,2.1710908
AT2G30760,0.63684785,0.29334036,2.1710203
AT4G34940,0.37296528,0.17179862,2.1709445
AT5G44910,0.42284316,0.19480397,2.1706083
AT1G34550,0.15108286,0.06960434,2.1705952
AT4G16350,0.40023124,0.18438847,2.1705868
AT4G23140,0.7405467,0.3412332,2.170207
AT3G51200,0.41196778,0.18983445,2.1701422
AT3G14080,0.11542554,0.053188104,2.170138
AT4G26700,0.14158884,0.065246545,2.1700585
AT5G37840,0.50139725,0.23105331,2.17005
AT1G17545,0.3075436,0.14173225,2.1698914
AT4G23610,0.6407022,0.29527164,2.1698737
AT1G67710,0.2892801,0.13332066,2.1698067
AT4G38780,0.2456421,0.11321997,2.1696002
AT3G25680,0.13022518,0.06002502,2.1695147
AT5G40155,0.4380279,0.2019159,2.1693578
AT4G17215,0.4479921,0.20651318,2.1693146
AT5G11610,0.40806058,0.18810701,2.1693
AT2G32160,0.5757767,0.2654606,2.1689723
AT2G19780,0.3117661,0.14376241,2.16862
AT5G41780,0.49811292,0.22971745,2.168372
AT5G22530,0.7020204,0.32376248,2.1683192
AT4G22320,0.16378923,0.07555789,2.1677315
AT3G44540,0.35384116,0.16323519,2.1676767
AT3G50790,0.12679216,0.05849738,2.167484
AT5G38970,0.42466894,0.19592723,2.1674829
AT2G03190,0.22826739,0.105316155,2.1674488
AT2G39380,0.47530597,0.21930082,2.1673696
AT1G32350,0.70226324,0.32404128,2.167203
AT2G17850,0.90470773,0.4175254,2.1668327
AT2G25370,0.24789661,0.11441269,2.166688
AT3G09040,0.2689716,0.12413963,2.1666858
AT4G16310,0.18815474,0.08684076,2.1666636
AT5G63730,0.2123583,0.098014824,2.1665936
AT3G13674,0.3200258,0.14771223,2.166549
AT3G51350,0.31986585,0.14765772,2.1662655
AT1G73120,0.76521915,0.3532893,2.1659844
AT2G20370,0.11774442,0.054364145,2.1658466
AT5G64010,0.13696316,0.06323967,2.1657789
AT1G28710,0.22467819,0.10375771,2.165412
AT1G14770,0.193818,0.08952062,2.1650653
AT3G06370,0.26621157,0.12296317,2.16497
AT5G39080,0.32925203,0.15209217,2.1648188
AT5G44050,0.50566393,0.23364112,2.1642761
AT5G18910,0.44266132,0.20453371,2.164246
AT1G54540,0.42132086,0.19469117,2.164047
AT5G35090,0.31878766,0.1473134,2.1640098
AT4G19620,0.23958547,0.110717855,2.163928
AT1G09900,0.17178662,0.07939912,2.1635833
AT3G47060,0.12619555,0.05832776,2.1635585
AT2G31980,0.5581571,0.25800517,2.1633563
AT3G56690,0.16357581,0.07562675,2.1629355
AT3G05850,0.3699749,0.17105417,2.1629107
AT5G50915,0.45592374,0.21079236,2.1629043
AT1G01740,0.2107139,0.09742306,2.1628747
AT1G08980,0.26099038,0.120678335,2.1626945
AT3G25480,0.18640503,0.086202204,2.162416
AT1G20880,0.18120371,0.08382459,2.161701
AT5G64630,0.21908702,0.10135956,2.1614833
AT5G18770,0.17748562,0.08212031,2.1612875
AT2G15290,0.10103927,0.046750482,2.1612449
AT5G42170,0.27173162,0.12573312,2.1611774
AT3G09760,0.15032384,0.06955978,2.1610737
AT2G32400,0.16093226,0.07447689,2.1608346
AT5G20480,0.31140774,0.14414836,2.1603277
AT2G14460,0.2513103,0.11634568,2.1600308
AT1G67620,0.21098773,0.09768511,2.1598759
AT5G66800,0.33476347,0.15500861,2.1596441
AT1G17290,0.17577986,0.08140302,2.1593776
AT5G38580,0.31131127,0.1441683,2.15936
AT3G16090,0.11451373,0.05303953,2.1590257
AT4G19040,0.104933,0.048602723,2.1589937
AT5G53110,0.33951455,0.15726915,2.158812
AT3G46880,0.7328193,0.33948633,2.1586123
AT1G54500,0.20765616,0.09619924,2.1586049
AT4G04750,0.42658398,0.1976242,2.1585612
AT1G25340,0.2198438,0.10185445,2.1584113
AT5G28820,0.24796107,0.11489402,2.1581721
AT4G08760,0.32482472,0.1505103,2.158156
AT5G60820,0.15251851,0.07067143,2.1581352
AT2G42350,0.34464726,0.15970127,2.1580744
AT1G12490,0.45205292,0.2094816,2.15796
AT3G56940,0.22679487,0.10510122,2.1578708
AT4G15270,0.37771767,0.17504196,2.157869
AT1G03010,0.46618816,0.21604878,2.1577911
AT1G64210,0.40842608,0.18931054,2.1574395
AT2G47300,0.23334584,0.10816309,2.1573517
AT1G76050,0.09979121,0.0462568,2.15733
AT4G16566,0.14676715,0.06803757,2.1571484
AT4G37110,0.17687778,0.08200586,2.1568918
AT5G23960,0.2140288,0.09923753,2.1567323
AT2G45530,0.1315438,0.060992517,2.15672
AT1G65210,0.22759522,0.105553895,2.156199
AT2G45570,0.6319221,0.29307795,2.1561573
AT5G20270,0.27204135,0.12617466,2.1560693
AT2G01280,0.4724129,0.21915188,2.1556413
AT3G57460,0.68126804,0.3160486,2.15558
AT1G77410,0.23236832,0.10780941,2.155362
AT3G46680,0.5298075,0.24581203,2.155336
AT1G34430,0.098652124,0.045774706,2.1551661
AT5G16580,0.32409894,0.15038328,2.1551526
AT4G39320,0.52676755,0.24445663,2.1548505
AT5G59580,0.53716755,0.24930526,2.1546578
AT4G25820,0.39857754,0.18499188,2.1545675
AT5G59490,0.37225658,0.17278226,2.1544836
AT4G29000,0.16898102,0.07843649,2.1543672
AT5G13830,0.39900202,0.1852104,2.1543174
AT4G21700,0.14491345,0.0672673,2.1542923
AT1G75550,0.4603628,0.21370056,2.154242
AT4G08140,0.35861003,0.16647205,2.1541755
AT5G38380,0.108912714,0.050569043,2.1537423
AT1G60430,0.11896735,0.055237766,2.1537316
AT4G38080,0.32874867,0.15264209,2.153722
AT1G25682,0.27383766,0.12714663,2.1537151
AT5G14300,0.31442976,0.14600101,2.1536133
AT5G24830,0.135024,0.06269956,2.1535077
AT5G37690,0.4708639,0.21865311,2.1534743
AT5G54890,0.15288867,0.07100439,2.1532283
AT4G23230,0.46645722,0.21666548,2.1528912
AT1G17840,0.21127813,0.09814671,2.1526766
AT3G22870,0.2185653,0.10153839,2.1525383
AT4G21500,0.33893642,0.15748906,2.1521266
AT5G22820,0.16761957,0.07789102,2.1519754
AT1G29240,0.24669077,0.114637785,2.1519148
AT1G61490,0.27596942,0.12826551,2.1515477
AT5G04900,0.1750523,0.08137186,2.1512632
AT3G05440,0.3407407,0.15842684,2.1507761
AT2G22760,0.6463397,0.30051583,2.1507676
AT3G29230,0.14655638,0.068141565,2.150763
AT1G68010,0.23866795,0.11097605,2.1506257
AT4G05040,0.23322575,0.1084527,2.1504834
AT2G21800,0.26063794,0.121223085,2.1500683
AT4G11110,0.11253448,0.052341796,2.1499922
AT1G65120,0.30632433,0.14248319,2.1498978
AT4G21890,0.2928659,0.13624667,2.1495268
AT1G18400,0.4528123,0.21068831,2.1492045
AT3G48040,0.15038309,0.069980994,2.148913
AT1G45150,0.112660564,0.052432958,2.148659
AT3G12940,0.12370485,0.057573054,2.1486585
AT5G18840,0.51041627,0.23760173,2.148201
AT4G03440,0.2703294,0.12584122,2.148178
AT1G62750,0.1479863,0.06889176,2.1480982
AT3G10660,0.26835376,0.12494613,2.1477556
AT1G35910,0.54989636,0.2560435,2.147668
AT1G35340,0.13911816,0.06477923,2.1475735
AT5G39650,0.35633692,0.16592938,2.1475215
AT1G63820,0.38199866,0.17788282,2.1474733
AT4G35070,0.27772325,0.1293392,2.147247
AT3G54820,0.43397063,0.20211509,2.147146
AT1G80520,0.2660293,0.123900436,2.1471214
AT1G63310,0.24940526,0.116185196,2.1466181
AT4G15680,0.7546482,0.3515806,2.1464446
AT5G06190,0.37491316,0.17473315,2.1456325
AT4G11700,0.41609523,0.19393848,2.145501
AT4G35910,0.1087165,0.050672323,2.1454804
AT1G01225,0.23356353,0.10887075,2.1453283
AT5G47740,0.3673663,0.1712409,2.1453185
AT2G36090,0.33309993,0.15527526,2.145222
AT3G09085,0.2209726,0.10301321,2.1450899
AT1G77240,0.5007336,0.23347363,2.1447115
AT2G28210,0.6852757,0.31954348,2.144546
AT4G25110,0.4994556,0.23291278,2.144389
AT2G20980,0.3092692,0.14425567,2.143896
AT1G74080,0.44624406,0.20820253,2.143317
AT1G57630,0.7362123,0.34352148,2.1431334
AT4G23890,0.19487187,0.09093108,2.1430721
AT1G19540,0.46055496,0.21491726,2.1429408
AT5G12380,0.42463735,0.19815698,2.1429338
AT1G76740,0.27711254,0.12931463,2.1429324
AT3G05180,0.38056764,0.17759399,2.142908
AT4G08230,0.21997213,0.10265588,2.1428106
AT4G03490,0.31498548,0.14699647,2.1428096
AT1G33850,0.3682927,0.17187475,2.1427968
AT1G11970,0.3713535,0.17331068,2.142704
AT2G10440,0.3294341,0.15374973,2.1426642
AT1G32220,0.16757289,0.07822197,2.1422737
AT1G32480,0.3064338,0.14305948,2.1420026
AT3G12440,0.31372428,0.14646651,2.141952
AT1G67030,0.28421092,0.1327001,2.1417534
AT1G49260,0.16524114,0.07716049,2.141525
AT3G22810,0.2332785,0.1089318,2.1415095
AT1G79450,0.32731864,0.1528573,2.1413345
AT3G29185,0.13655907,0.06377552,2.1412458
AT1G06000,0.4323448,0.20194209,2.1409345
AT3G06000,0.2538616,0.11857964,2.1408532
AT4G08740,0.25823033,0.12062135,2.140834
AT2G01880,0.32378975,0.15124613,2.140813
AT5G58510,0.12228657,0.057125155,2.1406777
AT5G04110,0.187383,0.087537415,2.1406045
AT3G56960,0.20286253,0.09479505,2.1400118
AT2G15760,0.3699275,0.1728782,2.1398156
AT5G24930,0.25878617,0.12093861,2.1398144
AT1G27040,0.4302904,0.20109554,2.1397312
AT5G63290,0.2417585,0.11299557,2.1395395
AT1G63680,0.16487834,0.077070326,2.139323
AT5G45560,0.15553728,0.07270413,2.1393182
AT2G46110,0.20237477,0.0945987,2.1392972
AT1G05240,0.65534043,0.30633813,2.1392715
AT4G03150,0.22829074,0.106741324,2.1387286
AT4G13220,0.17088476,0.07990529,2.1385913
AT5G40590,0.5160042,0.24129094,2.1385145
AT1G10770,0.6907286,0.3230489,2.138155
AT4G22280,0.3114856,0.14568025,2.1381454
AT2G27480,0.1902357,0.08897288,2.1381311
AT3G23680,0.2620706,0.1225861,2.137849
AT1G10730,0.17921036,0.083830826,2.1377618
AT3G62690,0.27099055,0.12680635,2.1370423
AT1G33680,0.098953225,0.046304252,2.137022
AT2G01740,0.2690547,0.12590829,2.13691
AT1G27060,0.23892686,0.11181393,2.1368253
AT3G58840,0.17430575,0.08157525,2.1367478
AT5G64110,0.5675229,0.26560357,2.136729
AT5G11370,0.22684242,0.10618808,2.1362321
AT5G17820,0.28296915,0.13248615,2.1358392
AT2G23460,0.09942724,0.04655252,2.1358073
AT3G11320,0.15614708,0.07311634,2.1355975
AT1G04930,0.19159421,0.08972019,2.1354635
AT1G42540,0.16210288,0.075911514,2.1354187
AT2G26250,0.24590951,0.11517641,2.1350682
AT2G27950,0.12985729,0.06083513,2.1345768
AT4G22440,0.33333144,0.15617141,2.1343944
AT3G26050,0.33580515,0.157334,2.1343455
AT2G23270,0.6975356,0.32686123,2.134042
AT1G34245,0.4408184,0.20656654,2.134026
AT3G28580,0.5565972,0.26084337,2.1338367
AT1G17040,0.13597389,0.06373956,2.133273
AT1G67040,0.22864045,0.107184775,2.133143
AT5G49950,0.11359879,0.05325745,2.1330116
AT4G25250,0.35666332,0.16722892,2.1327846
AT5G24310,0.16887608,0.079183005,2.1327312
AT2G45760,0.57225066,0.26833132,2.1326272
AT5G14500,0.17408195,0.08162968,2.1325815
AT5G67370,0.28975254,0.13588557,2.1323273
AT3G55740,0.20958589,0.09829646,2.1321812
AT4G18370,0.14004977,0.065688096,2.1320417
AT4G19960,0.26095274,0.12242679,2.1315002
AT4G18450,0.5144669,0.24137115,2.1314347
AT2G21480,0.3408488,0.15992369,2.1313214
AT5G63520,0.14267476,0.066946276,2.1311827
AT3G55870,0.30314544,0.14225057,2.1310663
AT4G32780,0.40317804,0.18919687,2.1309972
AT5G66190,0.15090673,0.070821784,2.130795
AT1G31020,0.1468326,0.06891487,2.1306372
AT3G23230,0.7088623,0.3327368,2.1303995
AT4G38850,0.4534177,0.21286213,2.1301
AT4G03940,0.41237724,0.19363333,2.1296809
AT3G26570,0.1917074,0.09002115,2.1295817
AT3G11620,0.13822724,0.06490912,2.12955
AT2G35450,0.16045633,0.07535213,2.1294196
AT4G05100,0.47432184,0.22275242,2.1293676
AT1G47655,0.3486499,0.16374174,2.129267
AT5G24880,0.3970474,0.18649952,2.1289458
AT2G36770,0.55800474,0.2621212,2.1288042
AT2G26790,0.3022575,0.14199112,2.128707
AT1G66630,0.25948158,0.12189931,2.128655
AT3G24570,0.102222666,0.048026834,2.1284485
AT2G39360,0.22750634,0.10689616,2.1282928
AT5G65560,0.12655872,0.059467252,2.1282082
AT3G13682,0.19818653,0.09315332,2.1275303
AT1G16590,0.22450005,0.10552773,2.1274033
AT4G40045,0.15081333,0.07089128,2.1273887
AT4G16820,0.55176616,0.2594414,2.1267467
AT1G33260,0.3510724,0.16507673,2.1267223
AT5G49330,0.49404114,0.23230743,2.1266694
AT1G20350,0.47234187,0.22212751,2.1264446
AT1G79620,0.23055695,0.108431175,2.1262975
AT3G62620,0.12803273,0.060215082,2.1262565
AT3G27850,0.17545633,0.082526416,2.1260624
AT4G16920,0.32647642,0.15355971,2.126055
AT5G53370,0.27264178,0.128268,2.1255631
AT5G23190,0.39160943,0.18425803,2.1253316
AT2G23300,0.22447032,0.10562269,2.125209
AT5G39620,0.2386274,0.11228495,2.1251948
AT1G67370,0.40010858,0.18828698,2.1249933
AT3G18850,0.2012733,0.0947208,2.124911
AT4G26250,0.29581085,0.139236,2.1245282
AT3G57540,0.33730885,0.15879963,2.124116
AT2G11570,0.22296515,0.104973145,2.1240208
AT2G40370,0.42302942,0.19917034,2.1239579
AT3G16630,0.08367458,0.039396007,2.123935
AT3G02330,0.33261907,0.15660655,2.1239152
AT1G11780,0.12060179,0.056791574,2.1235855
AT3G59845,0.28124303,0.13245197,2.1233585
AT5G23260,0.33766907,0.15905638,2.122952
AT3G59850,0.37158805,0.17503886,2.1228888
AT5G45820,0.5352601,0.25218195,2.1225154
AT5G52400,0.49384615,0.23272792,2.1219893
AT4G20010,0.12922983,0.060906302,2.1217804
AT2G09990,0.2003317,0.09441985,2.1217115
AT2G05140,0.34635818,0.16324511,2.121706
AT1G31340,0.16255368,0.07661929,2.1215763
AT2G21920,0.2572319,0.12125497,2.121413
AT2G38060,0.33586508,0.15832402,2.1213777
AT5G13620,0.3761533,0.17731556,2.1213775
AT3G28750,0.5310597,0.25035438,2.1212318
AT5G61890,0.6625822,0.31236762,2.1211617
AT3G56750,0.1322169,0.062334213,2.1210964
AT5G46310,0.18330798,0.086437784,2.1206925
AT5G26840,0.37115943,0.17502739,2.120579
AT1G31050,0.30603835,0.14433213,2.1203756
AT1G47970,0.14058714,0.0663047,2.1203191
AT2G44480,0.4426854,0.20878547,2.1202881
AT5G61930,0.12958404,0.0611212,2.1201158
AT3G16150,0.4160018,0.19625135,2.1197398
AT1G74120,0.16041361,0.075689636,2.11936
AT3G55350,0.15483946,0.0730628,2.119265
AT1G52550,0.20855922,0.098416895,2.1191401
AT1G16390,0.52113765,0.24592201,2.1191175
AT4G00340,0.17584917,0.082994916,2.1187942
AT4G13440,0.39722368,0.18747847,2.1187694
AT4G23660,0.11033357,0.052080527,2.118518
AT4G22110,0.2778251,0.13115868,2.118236
AT1G08590,0.25164726,0.1188083,2.118095
AT1G56430,0.48892808,0.2308406,2.1180332
AT1G80290,0.17726639,0.08370232,2.117819
AT1G11630,0.1485987,0.07016785,2.1177604
AT4G38190,0.27446523,0.12960449,2.1177137
AT5G48710,0.5576499,0.2633318,2.1176703
AT1G57550,0.3186864,0.15050699,2.117419
AT1G13310,0.60427,0.28542894,2.1170592
AT4G28470,0.065499425,0.030939244,2.1170332
AT3G49900,0.26948845,0.12730137,2.1169326
AT5G15460,0.12322067,0.05822012,2.1164615
AT5G10870,0.16822284,0.0794839,2.116439
AT3G07180,0.10888014,0.05145257,2.1161258
AT1G69935,0.13485317,0.06372654,2.1161225
AT5G41850,0.24028349,0.11356633,2.1157985
AT4G33220,0.26712754,0.12627657,2.1154163
AT2G32510,0.44415706,0.20996201,2.1154163
AT3G55370,0.18183547,0.085962795,2.1152809
AT4G18975,0.13676463,0.06466569,2.1149487
AT2G33670,0.282748,0.1337128,2.1145918
AT3G52750,0.12653159,0.059839282,2.1145234
AT4G00280,0.48042834,0.22720475,2.114517
AT3G29075,0.1645473,0.077833794,2.1140852
AT3G43630,0.29486048,0.13948105,2.1139822
AT5G53830,0.34136796,0.16148359,2.113948
AT3G53150,0.46210414,0.21860665,2.113861
AT4G17895,0.11973531,0.0566442,2.1138136
AT1G29700,0.19226323,0.090972774,2.113415
AT3G56110,0.12799661,0.06057812,2.112918
AT1G02470,0.57400036,0.27168635,2.1127317
AT5G55630,0.13602987,0.06438674,2.1126997
AT4G15700,0.6535451,0.30937263,2.1124852
AT2G04650,0.19224614,0.0910086,2.112395
AT2G31900,0.22286521,0.10550851,2.1122959
AT2G37590,0.19735771,0.09344235,2.1120799
AT4G29420,0.15202132,0.07197812,2.1120489
AT3G03630,0.25420603,0.12040093,2.1113293
AT1G64570,0.15163724,0.071824774,2.1112106
AT1G56040,0.3290609,0.15587631,2.1110384
AT3G07060,0.16673933,0.07899368,2.110793
AT2G43050,0.36006474,0.17058323,2.110786
AT3G03510,0.23978513,0.1136006,2.1107733
AT5G19130,0.13119757,0.062159214,2.1106694
AT4G39460,0.11989426,0.056806874,2.1105585
AT1G19170,0.09358566,0.044358943,2.1097355
AT5G48910,0.16623157,0.07880914,2.1092927
AT4G14840,0.22384126,0.10612471,2.1092284
AT1G67570,0.1546717,0.073331475,2.1092129
AT2G41740,0.09432456,0.044722132,2.1091242
AT1G74190,0.34343618,0.16283973,2.109044
AT3G58580,0.10848251,0.051438272,2.108984
AT5G09220,0.27236986,0.12914798,2.108975
AT5G13690,0.15169217,0.07193411,2.1087651
AT1G73620,0.32462576,0.15394607,2.1086977
AT3G60540,0.47018817,0.22298044,2.1086519
AT2G22810,0.5784072,0.27431482,2.1085527
AT5G07900,0.19618258,0.09304241,2.1085284
AT4G08240,0.16365938,0.07761914,2.1084924
AT1G34420,0.2778688,0.13178556,2.108492
AT4G16470,0.1818377,0.086265676,2.1078799
AT3G46670,0.38215402,0.18130079,2.107845
AT3G07070,0.38416374,0.18226938,2.10767
AT2G22590,0.7076123,0.33576974,2.107433
AT4G28420,0.5755402,0.27314785,2.1070647
AT4G18910,0.2577264,0.12231803,2.1070187
AT4G40000,0.2200779,0.10445422,2.1069314
AT2G04920,0.1812363,0.086020574,2.1068945
AT1G48270,0.14555797,0.06908938,2.1068065
AT3G22060,0.5725801,0.27182993,2.106391
AT3G27470,0.1199981,0.056969885,2.1063423
AT5G17340,0.5498831,0.2611042,2.1059911
AT5G53150,0.18639888,0.088511944,2.1059177
AT4G20230,0.36787915,0.174715,2.1055956
AT4G38230,0.18117422,0.086045,2.105575
AT1G10610,0.23620799,0.11218708,2.1054828
AT2G36480,0.13071825,0.062086493,2.1054213
AT4G19030,0.38278732,0.18184826,2.104982
AT5G38390,0.26572558,0.12625517,2.1046708
AT5G39360,0.14755516,0.07010948,2.104639
AT5G07590,0.12335253,0.05862105,2.1042356
AT4G11350,0.35073197,0.16668427,2.1041694
AT2G43870,0.4974407,0.23641643,2.1040866
AT5G50030,0.5200246,0.24717547,2.103868
AT1G68910,0.16953239,0.08058237,2.1038394
AT3G18810,0.32896912,0.15636867,2.1038043
AT2G24080,0.24138646,0.11474462,2.1036842
AT1G03510,0.2713032,0.12896676,2.1036675
AT5G62210,0.68979037,0.32790574,2.1036239
AT2G34400,0.2570516,0.1221985,2.1035576
AT2G29290,0.2843681,0.13518667,2.1035213
AT5G13880,0.3929224,0.1868322,2.1030762
AT1G68430,0.28882182,0.13734686,2.102864
AT1G33600,0.34574446,0.1644551,2.1023636
AT4G17970,0.39989144,0.19024828,2.101945
AT1G14240,0.38963294,0.18537182,2.1018994
AT5G16900,0.324716,0.15449779,2.1017516
AT3G19280,0.15697117,0.07468754,2.1017046
AT2G07675,0.8104712,0.3856545,2.1015472
AT1G20160,0.36999598,0.17606735,2.1014454
AT1G79070,0.19590057,0.093222074,2.1014397
AT1G35350,0.3500354,0.1666057,2.1009808
AT5G40030,0.32090482,0.15274745,2.1008847
AT5G18370,0.19132307,0.091071814,2.1007934
AT5G22890,0.28787866,0.13703541,2.100761
AT2G41970,0.34971073,0.16648154,2.1005974
AT1G77990,0.27296883,0.12995742,2.100448
AT1G16820,0.4105576,0.19549315,2.1001124
AT2G21650,0.61291647,0.29189247,2.0998023
AT1G74470,0.20415495,0.09722932,2.0997262
AT5G54480,0.24975145,0.11898799,2.0989633
AT1G79420,0.1977698,0.09422434,2.0989246
AT5G16770,0.3811308,0.18158646,2.0988944
AT4G39190,0.31536987,0.15025751,2.0988624
AT3G56870,0.25646263,0.12220925,2.0985532
AT4G21650,0.52189326,0.24871747,2.0983377
AT4G35380,0.2896409,0.13803615,2.0982974
AT1G60500,0.3404764,0.16227485,2.0981462
AT2G43190,0.14904301,0.071036674,2.0981133
AT5G42180,0.33862662,0.16143298,2.0976295
AT5G48110,0.33868602,0.16148487,2.0973234
AT1G12210,0.2683729,0.12796193,2.0972867
AT5G57390,0.29714876,0.14171474,2.096809
AT4G27240,0.17556858,0.08373932,2.0966084
AT2G22980,0.39781138,0.1897602,2.09639
AT1G31820,0.35352588,0.1686369,2.096373
AT1G06980,0.4647976,0.22171639,2.096361
AT1G80640,0.14744692,0.070336886,2.0962956
AT1G73870,0.4599258,0.21939938,2.0962949
AT3G11160,0.47950006,0.22873756,2.096289
AT4G09980,0.10687102,0.05098224,2.0962396
AT5G52630,0.21838993,0.10418937,2.0960863
AT3G03480,0.5428487,0.25899923,2.0959473
AT3G07250,0.40790915,0.19461975,2.0959287
AT5G41010,0.3933527,0.18770123,2.0956318
AT3G54510,0.5029505,0.24006554,2.0950546
AT4G13150,0.22412227,0.106981136,2.0949697
AT1G23460,0.21926872,0.10466719,2.0949135
AT2G27740,0.35982904,0.17177826,2.0947297
AT5G19030,0.1630796,0.0778529,2.0947144
AT5G40520,0.15565094,0.07431026,2.0946088
AT2G18915,0.10393379,0.049620915,2.0945556
AT1G63200,0.23807962,0.11368858,2.0941381
AT1G73910,0.45576867,0.21764953,2.0940483
AT4G28706,0.111055866,0.05303727,2.0939207
AT3G59480,0.46080464,0.22008261,2.0937803
AT5G64480,0.18295169,0.08739113,2.093481
AT4G11450,0.1565801,0.074799836,2.0933213
AT1G19330,0.26880315,0.12842643,2.0930514
AT1G33640,0.62053883,0.29649842,2.092891
AT1G26790,0.75594753,0.36128184,2.092404
AT2G40730,0.096004345,0.045883227,2.092362
AT3G15300,0.23546976,0.11255591,2.0920246
AT1G71120,0.44254243,0.21158032,2.0916047
AT3G54900,0.19428435,0.09288964,2.0915608
AT3G27750,0.20618263,0.09857865,2.0915544
AT2G18200,0.4008352,0.19164662,2.0915327
AT1G48610,0.15015025,0.07179077,2.091498
AT1G72200,0.2905972,0.13894527,2.0914507
AT5G07540,0.24810809,0.118645385,2.0911734
AT4G22285,0.27904856,0.13344152,2.0911672
AT2G32300,0.28532067,0.13645943,2.0908825
AT3G52600,0.35786203,0.17115626,2.0908496
AT4G29640,0.4284916,0.20498204,2.090386
AT5G51590,0.15839247,0.07578665,2.0899785
AT1G70850,0.28472623,0.13623442,2.0899725
AT1G05670,0.26127383,0.12501337,2.089967
AT1G20550,0.19260451,0.09215781,2.0899422
AT1G70360,0.19577415,0.09368027,2.0898118
AT5G48370,0.15810685,0.07565654,2.0897973
AT2G24370,0.37463403,0.17928201,2.0896351
AT4G38020,0.1797145,0.08601052,2.0894477
AT2G17740,0.6968228,0.3334962,2.0894475
AT4G17590,0.28917548,0.13840763,2.0893028
AT5G61540,0.17711769,0.08477396,2.0892935
AT5G50340,0.14385112,0.06886627,2.0888472
AT2G18080,0.20463158,0.09796527,2.0888174
AT1G11130,0.2148047,0.10283559,2.0888166
AT4G26140,0.20443957,0.09788083,2.0886576
AT4G10790,0.08937852,0.042797796,2.08839
AT4G37480,0.20792282,0.09956955,2.0882168
AT4G28890,0.26650554,0.12762506,2.088191
AT3G60900,0.28289008,0.1354757,2.088124
AT1G71900,0.10355263,0.049595036,2.087963
AT4G14910,0.1384653,0.06631865,2.0878785
AT5G43870,0.24725953,0.118427604,2.0878537
AT5G44700,0.35753533,0.1712655,2.0876083
AT1G19090,0.24500363,0.11737896,2.0872874
AT1G71696,0.16685005,0.07994156,2.0871499
AT3G63510,0.20137936,0.09648756,2.0871017
AT4G28130,0.29605207,0.14186753,2.0868201
AT1G64830,0.22748409,0.10901352,2.086751
AT1G18600,0.09708203,0.04652346,2.0867321
AT1G55460,0.13810337,0.066188626,2.0865119
AT2G13510,0.17043191,0.08168474,2.0864594
AT5G58050,0.42170855,0.20213613,2.08626
AT2G40070,0.08530984,0.040892314,2.0862067
AT4G28150,0.31965545,0.15322843,2.0861363
AT2G30170,0.16016857,0.0767793,2.0860903
AT5G53620,0.10501048,0.050343633,2.0858736
AT5G25810,0.40079176,0.19214672,2.085863
AT1G68740,0.38261905,0.18343785,2.0858238
AT5G54830,0.14750333,0.070728876,2.0854752
AT5G48550,0.4374339,0.20975873,2.0854144
AT3G58160,0.25249362,0.12107866,2.0853684
AT1G78090,0.39612404,0.189956,2.0853462
AT2G11000,0.11475821,0.055035282,2.0851748
AT5G50830,0.4322784,0.2073158,2.0851202
AT1G80060,0.21416843,0.10271429,2.0850887
AT1G79170,0.6513351,0.31245935,2.0845435
AT5G18240,0.36521924,0.17520489,2.0845263
AT1G10570,0.1537176,0.07375854,2.084065
AT5G26960,0.15682961,0.07525369,2.084012
AT5G67080,0.57091004,0.27397197,2.0838263
AT3G57750,0.20065588,0.09631209,2.0833921
AT2G33250,0.18522957,0.08891259,2.083277
AT2G30730,0.4136759,0.1985865,2.0831017
AT1G77610,0.17181414,0.0825062,2.082439
AT2G39110,0.27571207,0.1324071,2.0823057
AT3G12550,0.15805537,0.075907566,2.0822082
AT2G21210,0.5063408,0.24318066,2.0821588
AT3G26630,0.15859331,0.076169,2.082124
AT1G73970,0.10600672,0.050917093,2.081947
AT1G24430,0.37120396,0.17830265,2.0818756
AT3G52110,0.26515508,0.12736611,2.0818336
AT2G26290,0.35418043,0.1701529,2.0815418
AT3G15380,0.09458866,0.04545371,2.0809884
AT2G45630,0.20602715,0.09901994,2.0806632
AT3G59390,0.16022432,0.0770099,2.0805676
AT4G01140,0.38361633,0.18440288,2.080316
AT1G55790,0.44428098,0.21357769,2.0801842
AT5G03040,0.13354431,0.06420337,2.0800202
AT3G22740,0.5562784,0.2674481,2.079949
AT3G03300,0.13827592,0.06648185,2.0799046
AT1G62840,0.3487599,0.16768493,2.079852
AT1G80130,0.4733264,0.22758417,2.079786
AT5G19100,0.46626383,0.2242306,2.079394
AT2G31710,0.16282411,0.07830399,2.0793843
AT2G37260,0.3226026,0.15514947,2.0793016
AT2G30780,0.15939216,0.07665687,2.0792937
AT5G65170,0.29687777,0.14277835,2.079291
AT5G51580,0.42040682,0.20219314,2.0792336
AT2G44370,0.4472618,0.21511301,2.0791943
AT1G18520,0.29640225,0.14256382,2.0790844
AT5G51680,0.32838053,0.15794718,2.0790524
AT1G01460,0.35401008,0.17027585,2.0790384
AT3G28170,0.5527223,0.2658548,2.0790381
AT1G77080,0.17609324,0.08470137,2.078989
AT5G56780,0.21238548,0.102160886,2.0789313
AT5G59030,0.15267724,0.07344274,2.0788605
AT4G22270,0.23717977,0.1140964,2.0787663
AT1G22370,0.4044936,0.19459012,2.0786953
AT4G11090,0.17554775,0.08445856,2.0785072
AT2G46375,0.47386482,0.22799903,2.0783632
AT3G49370,0.2226811,0.10715157,2.078188
AT2G21090,0.17476015,0.08409711,2.0780754
AT3G55690,0.23433611,0.11277159,2.077971
AT5G37960,0.45903653,0.22091724,2.0778663
AT3G26190,0.33216175,0.15985918,2.0778396
AT4G12060,0.11861467,0.05709028,2.0776682
AT4G20350,0.23930535,0.11520769,2.0771646
AT2G29050,0.14875151,0.07162338,2.0768569
AT1G21360,0.4011312,0.19315508,2.0767312
AT4G12540,0.33193296,0.15984908,2.0765395
AT1G80550,0.13795975,0.06644283,2.0763674
AT2G32140,0.502652,0.24208744,2.076324
AT2G39330,0.5672088,0.27327323,2.0756106
AT1G64580,0.18439104,0.088838644,2.0755723
AT3G45510,0.25967938,0.12511526,2.075521
AT1G18290,0.3796166,0.1829187,2.0753295
AT2G30420,0.37602615,0.18119386,2.0752697
AT1G32100,0.3070102,0.14796478,2.0748868
AT1G71060,0.21199837,0.10217937,2.0747666
AT3G46530,0.30293447,0.14601189,2.0747244
AT1G70630,0.19192559,0.092525735,2.0742939
AT1G22130,0.40716675,0.19629821,2.0742252
AT1G67600,0.3570082,0.17212385,2.0741353
AT1G74870,0.5029839,0.24250978,2.0740767
AT4G00895,0.20498396,0.09883715,2.0739565
AT5G47090,0.13886496,0.06696433,2.0737152
AT1G23880,0.17576493,0.08476026,2.073671
AT1G33430,0.4107628,0.19810396,2.0734706
AT5G01770,0.19702508,0.09502581,2.0733848
AT5G24850,0.26618025,0.12839353,2.073159
AT5G37590,0.16422553,0.07921712,2.0731063
AT2G21340,0.13418172,0.0647255,2.0730886
AT3G50130,0.38202795,0.18430707,2.0727797
AT1G35330,0.29999414,0.14474513,2.072568
AT1G54220,0.12599263,0.06080038,2.0722337
AT3G09210,0.14938995,0.07209674,2.072076
AT1G29500,0.48815706,0.23559535,2.0720148
AT5G63920,0.15405595,0.07435941,2.0717747
AT3G42140,0.1980701,0.095623665,2.07135
AT2G31420,0.49669975,0.23979649,2.0713387
AT3G29800,0.16512121,0.07972526,2.071128
AT1G23340,0.2698708,0.13030657,2.071045
AT2G31230,0.42711133,0.20624633,2.0708795
AT4G01460,0.392319,0.18945907,2.070732
AT4G17585,0.409519,0.19778351,2.0705414
AT5G52390,0.65607107,0.3168724,2.0704584
AT5G60740,0.29732653,0.14360848,2.0703967
AT2G31850,0.33851263,0.16350824,2.0703092
AT3G15420,0.31259614,0.15100937,2.0700445
AT5G05790,0.27137825,0.1311006,2.07
AT4G23000,0.2758497,0.13329476,2.0694711
AT1G73177,0.28487164,0.13765608,2.0694444
AT4G03205,0.24727134,0.119495615,2.069292
AT1G07280,0.22012192,0.10637766,2.0692494
AT4G32770,0.26898718,0.1299977,2.0691686
AT1G13600,0.50751746,0.24528074,2.0691288
AT1G79540,0.14729229,0.07119674,2.0688064
AT3G58830,0.14303574,0.06914543,2.0686214
AT5G61800,0.2968092,0.14348617,2.0685558
AT1G28300,0.39581946,0.19135416,2.0685174
AT5G49470,0.13735363,0.06640922,2.0682912
AT1G62710,0.41381812,0.20007925,2.068271
AT5G64710,0.2709913,0.13102388,2.0682585
AT2G48130,0.37524828,0.18143483,2.068226
AT3G16220,0.26009324,0.12577257,2.0679646
AT5G42320,0.12415393,0.060055736,2.0673113
AT1G53680,0.44072118,0.21319997,2.0671728
AT1G73630,0.33363444,0.16139908,2.0671394
AT5G44660,0.23621644,0.1142749,2.0670893
AT5G57180,0.25572374,0.12374625,2.0665169
AT1G76130,0.24365139,0.11792871,2.0660903
AT5G56760,0.10108312,0.048931237,2.0658195
AT2G46690,0.36403203,0.17622049,2.0657756
AT1G11750,0.08968928,0.04342038,2.0656025
AT2G40630,0.14696157,0.07115389,2.0654044
AT3G47100,0.45186386,0.21879213,2.0652654
AT2G42070,0.12180398,0.05897943,2.065194
AT4G33790,0.52662176,0.25501862,2.0650325
AT5G16320,0.13230519,0.0640831,2.0645876
AT2G22190,0.41950306,0.20319735,2.0645103
AT1G76290,0.33373034,0.16165248,2.0644925
AT1G06490,0.20058732,0.09716117,2.06448
AT4G02600,0.12379071,0.05996884,2.0642502
AT1G51915,0.59078914,0.2862388,2.063973
AT3G15440,0.6889994,0.33383682,2.063881
AT1G27950,0.22371697,0.10840513,2.063712
AT5G27530,0.19203693,0.09305471,2.063699
AT1G73020,0.14186253,0.06875666,2.0632548
AT2G39890,0.16322923,0.07911781,2.0631158
AT4G23180,0.41434813,0.20083953,2.0630803
AT5G52020,0.47879213,0.23211186,2.0627644
AT2G47950,0.5143157,0.24935928,2.0625489
AT1G35210,0.6735274,0.3265922,2.0622888
AT1G08990,0.3037245,0.14729533,2.0620103
AT1G44130,0.6580105,0.31912714,2.061907
AT5G19240,0.5594864,0.27134588,2.0618937
AT1G59520,0.08867387,0.04300838,2.0617807
AT5G11160,0.28815997,0.1398163,2.0609896
AT5G63960,0.15220907,0.073876634,2.060314
AT4G14465,0.21326652,0.10351684,2.0602107
AT3G63160,0.33966377,0.164898,2.0598416
AT5G52030,0.1782493,0.08653607,2.0598264
AT1G72410,0.24030085,0.11667045,2.0596547
AT1G04100,0.19897617,0.09660773,2.0596297
AT4G16890,0.2235669,0.10855186,2.05954
AT1G21840,0.18384065,0.089287095,2.0589833
AT1G17230,0.2505199,0.121678,2.0588758
AT5G07430,0.5583843,0.27121657,2.0588133
AT1G63670,0.18351981,0.089156084,2.0584102
AT2G16870,0.27335262,0.13280049,2.0583704
AT3G12020,0.15119605,0.073457345,2.0582833
AT4G18480,0.14163361,0.06882044,2.0580165
AT4G19650,0.20738631,0.10077254,2.0579646
AT2G41990,0.44334683,0.21543472,2.057917
AT3G46920,0.15751308,0.07655009,2.057647
AT5G18390,0.12901133,0.062700845,2.057569
AT4G26490,0.39285845,0.19094066,2.0574896
AT2G19660,0.34313464,0.1667758,2.0574605
AT2G25625,0.47302532,0.22991045,2.057433
AT1G73860,0.39107642,0.19008647,2.0573604
AT1G44740,0.44770312,0.2176456,2.057028
AT1G68360,0.3539465,0.17207384,2.0569453
AT1G04480,0.15113989,0.07348393,2.0567744
AT3G14480,0.24050917,0.11693722,2.0567374
AT1G55870,0.14704843,0.07150494,2.056479
AT4G12380,0.35491946,0.1725874,2.056462
AT4G22840,0.23166569,0.11266365,2.0562592
AT5G46800,0.12760034,0.062058,2.0561461
AT2G01920,0.425186,0.20678827,2.0561416
AT4G16700,0.2158022,0.104959875,2.0560446
AT4G10540,0.2605932,0.12675394,2.055898
AT3G03720,0.12118921,0.05894966,2.055808
AT2G17650,0.26080066,0.12689134,2.0553067
AT5G14570,0.2601315,0.12657697,2.0551248
AT3G01060,0.3223543,0.15685548,2.0551035
AT1G19340,0.22127311,0.10768231,2.0548694
AT1G23230,0.09540951,0.046442863,2.0543413
AT2G46930,0.12031201,0.05856801,2.054227
AT5G48880,0.32960272,0.16045594,2.0541632
AT4G25380,0.56612766,0.2756201,2.0540144
AT3G13810,0.28677705,0.13962768,2.0538695
AT2G29650,0.2162886,0.10531746,2.053682
AT3G23350,0.3510187,0.17092499,2.0536416
AT3G19220,0.13672845,0.06658066,2.0535758
AT2G37820,0.3293101,0.16036195,2.0535424
AT1G50560,0.29042888,0.14145142,2.0532057
AT1G36070,0.12534107,0.061048876,2.0531263
AT1G32320,0.36973065,0.18008447,2.0530956
AT1G03390,0.41297045,0.20116574,2.0528865
AT4G38770,0.30974263,0.15090896,2.052513
AT2G38580,0.12705992,0.061905783,2.052472
AT5G55450,0.53303343,0.2597125,2.0523982
AT4G13550,0.17262855,0.08411113,2.0523863
AT2G19190,0.6744469,0.32864058,2.0522325
AT1G64360,0.5119496,0.24946514,2.0521889
AT4G17430,0.15352407,0.07481233,2.0521224
AT3G61780,0.14746614,0.07186573,2.0519671
AT2G31190,0.14874212,0.07249822,2.0516658
AT2G43560,0.16970316,0.08273201,2.0512393
AT5G44780,0.20747744,0.101164885,2.0508838
AT3G44820,0.22428694,0.10936225,2.0508623
AT1G50590,0.41130105,0.2005927,2.0504286
AT2G32800,0.25027138,0.12207689,2.0501125
AT4G28460,0.5728672,0.27945572,2.0499392
AT1G46912,0.21018349,0.102546215,2.0496464
AT4G23620,0.12502201,0.06100238,2.0494606
AT5G50370,0.16831858,0.08214463,2.0490513
AT5G03780,0.2603449,0.12707165,2.0488036
AT3G03810,0.1431374,0.06986468,2.0487802
AT5G56230,0.34841236,0.17006044,2.048756
AT1G53360,0.2745683,0.13401757,2.0487483
AT4G02680,0.09836538,0.048016332,2.0485814
AT2G45560,0.34565032,0.16872844,2.0485597
AT4G23580,0.21005583,0.10255501,2.0482259
AT5G03770,0.18955994,0.09255035,2.0481815
AT2G37540,0.3013999,0.14715488,2.048181
AT4G23330,0.15672342,0.076521315,2.0481014
AT3G14570,0.18207954,0.0889087,2.047938
AT5G16950,0.15431663,0.07536085,2.0477028
AT1G18710,0.5614983,0.2742374,2.04749
AT1G14080,0.3097269,0.15127425,2.0474527
AT3G11770,0.14575242,0.07118978,2.047378
AT4G12760,0.17462386,0.085293114,2.0473382
AT5G51010,0.21333891,0.10420411,2.0473175
AT4G34880,0.34340084,0.16773632,2.0472655
AT1G56360,0.26706952,0.13045327,2.0472424
AT2G45580,0.38509223,0.18811274,2.047135
AT4G17160,0.4584007,0.22392505,2.0471165
AT3G52900,0.31437182,0.15357305,2.0470505
AT5G37280,0.2871777,0.14029537,2.0469506
AT5G21060,0.12065313,0.058949046,2.0467355
AT3G13370,0.35213378,0.17207842,2.0463562
AT2G37300,0.27312177,0.13349687,2.0459037
AT1G19100,0.12000384,0.058660153,2.0457468
AT3G47470,0.17041177,0.083304554,2.0456474
AT5G67090,0.29958874,0.14646253,2.0454974
AT2G17660,0.6774537,0.33120024,2.0454504
AT3G63470,0.26521882,0.12968205,2.0451465
AT1G11170,0.2683115,0.13120036,2.0450513
AT5G64520,0.21984728,0.10750634,2.0449703
AT2G45490,0.3233167,0.15812331,2.044712
AT5G47490,0.1121517,0.054850463,2.0446806
AT1G09340,0.17587695,0.086016916,2.0446784
AT5G42490,0.37575683,0.18377493,2.0446575
AT1G22210,0.35694513,0.17457962,2.0445976
AT2G22890,0.33815968,0.16540365,2.044451
AT1G70510,0.35338423,0.17287666,2.0441406
AT3G11280,0.19217215,0.09401563,2.0440447
AT2G45270,0.118402995,0.0579348,2.043728
AT1G11790,0.15892611,0.07776519,2.0436664
AT4G09500,0.40720135,0.19926126,2.0435548
AT2G13440,0.105956145,0.051848967,2.043553
AT3G01270,0.5760226,0.28188828,2.043443
AT5G58980,0.26006734,0.12727909,2.043284
AT1G68880,0.37924737,0.18560888,2.0432608
AT2G22920,0.38858992,0.19018228,2.0432496
AT1G11990,0.47991696,0.23490076,2.0430624
AT5G46150,0.15825318,0.07746815,2.042816
AT3G59420,0.18419725,0.09016883,2.042804
AT5G41490,0.21351644,0.104528636,2.0426598
AT3G57060,0.17263481,0.084535435,2.0421588
AT5G39840,0.22498538,0.110191554,2.041766
AT5G08030,0.6344727,0.31079936,2.0414221
AT2G29860,0.2164574,0.10603892,2.0413013
AT4G36940,0.14881074,0.0729015,2.0412574
AT5G22620,0.13306782,0.06519058,2.041212
AT2G15530,0.09723928,0.047654185,2.0405188
AT1G03260,0.15066783,0.07386033,2.0399017
AT1G79720,0.21623391,0.10602919,2.0393808
AT4G29690,0.34154198,0.1674843,2.0392475
AT3G08910,0.11990157,0.05880032,2.0391307
AT3G48850,0.562925,0.27608278,2.0389717
AT2G25350,0.18240198,0.08945901,2.0389447
AT5G06839,0.25211126,0.12365332,2.0388553
AT5G56310,0.2675063,0.13122886,2.0384712
AT4G21080,0.3347969,0.16424099,2.038449
AT1G75900,0.36721998,0.18016072,2.038291
AT5G47980,0.38742584,0.19007857,2.0382404
AT5G25415,0.33554652,0.16466206,2.0377886
AT4G13690,0.31139815,0.15281397,2.0377595
AT5G47450,0.35683566,0.17512365,2.037621
AT5G40960,0.2577536,0.12653926,2.0369456
AT4G16265,0.21963693,0.10784508,2.0365965
AT5G17370,0.20966384,0.10295465,2.0364678
AT1G57660,0.14067064,0.069087274,2.0361292
AT3G08860,0.567344,0.27868724,2.0357733
AT1G66750,0.0901703,0.044294268,2.0357099
AT3G13880,0.24251604,0.119134426,2.0356503
AT5G41480,0.09496162,0.046653852,2.0354502
AT2G43980,0.12046188,0.059196595,2.0349457
AT5G10140,0.7286797,0.3581289,2.0346856
AT1G51860,0.40708598,0.20009628,2.0344503
AT3G16280,0.25289267,0.12430933,2.0343819
AT3G08990,0.2104843,0.103467554,2.0343022
AT3G17700,0.22003141,0.10816173,2.0342813
AT5G50910,0.26228762,0.12893522,2.0342586
AT2G31290,0.15905675,0.07819931,2.0339916
AT5G50330,0.19288869,0.09483544,2.0339303
AT2G45770,0.12952204,0.063683674,2.033834
AT2G33680,0.21775293,0.10707953,2.0335627
AT5G26990,0.12552696,0.061733097,2.0333815
AT1G16380,0.2641137,0.12992369,2.032837
AT4G37840,0.28415796,0.13978922,2.03276
AT2G46980,0.25346905,0.12469889,2.0326486
AT4G08840,0.19735084,0.09709251,2.0326061
AT3G46700,0.4093759,0.20140508,2.0325997
AT1G26130,0.15975393,0.07861859,2.032012
AT1G06240,0.13556215,0.0667135,2.0320046
AT5G07660,0.2959083,0.14564246,2.0317445
AT5G63080,0.13669153,0.067298815,2.0311131
AT2G30560,0.40023738,0.1970773,2.0308647
AT3G06990,0.4302573,0.21186525,2.0308063
AT5G09380,0.18120553,0.08922908,2.0307899
AT2G01430,0.37884945,0.18656091,2.030701
AT1G26250,0.48776555,0.24020404,2.03063
AT1G01390,0.45328543,0.22323127,2.030564
AT5G28610,0.42176703,0.20771886,2.0304704
AT1G23420,0.20155835,0.099277094,2.0302603
AT3G18220,0.22765554,0.11213906,2.030118
AT1G22160,0.4280838,0.21087636,2.0300226
AT4G28720,0.40178797,0.19792503,2.0300007
AT2G02550,0.28128356,0.13858426,2.0296931
AT4G27370,0.263416,0.12978192,2.0296814
AT5G42700,0.43202183,0.21286184,2.0295877
AT5G13790,0.30990672,0.15270644,2.0294278
AT4G01710,0.18421322,0.09077385,2.0293643
AT5G19710,0.289874,0.14286245,2.0290422
AT5G66100,0.10848731,0.053470027,2.0289364
AT2G26830,0.15802729,0.07789703,2.0286689
AT4G35550,0.19135797,0.09432812,2.0286417
AT1G68260,0.21248941,0.104758054,2.0283825
AT1G01600,0.42129827,0.20770396,2.0283592
AT4G29710,0.55853516,0.27537104,2.0283003
AT3G62410,0.29812622,0.14702366,2.0277429
AT1G01530,0.45099995,0.2224279,2.027623
AT5G13900,0.4541998,0.22401035,2.0275838
AT1G48940,0.35548437,0.17532566,2.027566
AT1G21710,0.12069135,0.059528828,2.0274434
AT5G56800,0.26416263,0.13030551,2.0272558
AT4G13760,0.26923978,0.1328811,2.0261703
AT5G41410,0.26152188,0.12907799,2.0260763
AT4G23930,0.2308883,0.11399048,2.025505
AT3G22830,0.58764815,0.29012954,2.025468
AT1G29620,0.46295664,0.2285726,2.0254247
AT1G70985,0.58188254,0.28730777,2.0252934
AT5G50280,0.14467949,0.07144268,2.0251126
AT1G51420,0.30485874,0.15056099,2.0248187
AT3G59400,0.36780408,0.1816558,2.0247307
AT4G19430,0.69917524,0.34543163,2.0240626
AT1G52400,0.444264,0.21950361,2.0239484
AT3G29330,0.26922253,0.13301863,2.0239458
AT1G62670,0.26639354,0.13163806,2.0236814
AT2G18370,0.34878308,0.17235172,2.0236702
AT5G03180,0.19823681,0.09796218,2.0236053
AT3G13180,0.15185313,0.07505519,2.0232193
AT4G30700,0.19800895,0.097871214,2.023158
AT4G00480,0.26954275,0.13322963,2.023144
AT5G06270,0.2974458,0.14702226,2.0231342
AT3G12250,0.11062634,0.054683924,2.0230136
AT5G61570,0.28539944,0.14109424,2.0227573
AT5G24610,0.1368454,0.0676564,2.0226524
AT3G57930,0.23898189,0.11815523,2.0226092
AT4G03010,0.2643913,0.13072817,2.0224507
AT1G27900,0.11404607,0.05639314,2.022339
AT1G65900,0.3005403,0.14862339,2.0221598
AT1G14110,0.20421545,0.10100065,2.0219219
AT4G36430,0.38703248,0.19143263,2.0217686
AT3G27540,0.30094072,0.14885685,2.0216784
AT1G09080,0.71835893,0.35534608,2.0215755
AT1G17490,0.18967512,0.09382937,2.0214896
AT1G71200,0.5406222,0.26750273,2.0209968
AT5G37360,0.1576682,0.0780216,2.0208273
AT4G01510,0.18823567,0.093154885,2.020674
AT4G15120,0.28503215,0.14109053,2.0202074
AT1G10400,0.39809772,0.19707927,2.0199876
AT1G79330,0.32781985,0.16229163,2.0199428
AT3G12040,0.23690444,0.11730137,2.019622
AT3G01680,0.22267586,0.11026657,2.019432
AT1G50510,0.107004896,0.052992586,2.0192423
AT1G05060,0.2752128,0.13629714,2.0192115
AT5G16860,0.2573803,0.12746635,2.0192018
AT5G17690,0.13500302,0.06686595,2.0190096
AT2G38010,0.18863411,0.09343646,2.018849
AT5G49110,0.2616939,0.1296423,2.018584
AT3G57950,0.42767328,0.21187866,2.018482
AT2G28760,0.1850202,0.091674365,2.0182323
AT3G42640,0.1449273,0.071816385,2.0180252
AT2G06960,0.24081905,0.11935528,2.0176654
AT2G01530,0.3518184,0.17436913,2.0176644
AT3G17080,0.17234701,0.08542858,2.0174396
AT2G39435,0.21488342,0.10652262,2.017256
AT5G40630,0.3930168,0.19485408,2.01698
AT5G54060,0.72307587,0.35854667,2.0166855
AT3G08820,0.26941964,0.13360412,2.0165515
AT5G28590,0.19850653,0.09845684,2.0161781
AT1G63020,0.183297,0.09092382,2.01594
AT4G28050,0.17740005,0.08801016,2.0156767
AT3G11430,0.40070003,0.19880852,2.0155072
AT4G35760,0.1237444,0.061401896,2.0153184
AT5G40260,0.3931998,0.19512202,2.0151482
AT2G04360,0.1265172,0.06278692,2.0150247
AT5G35600,0.30973068,0.15371507,2.014966
AT5G35830,0.20361032,0.10106805,2.0145862
AT3G58810,0.28683263,0.1423808,2.0145454
AT2G18500,0.31018776,0.15398863,2.0143547
AT1G33470,0.16932835,0.0840819,2.01385
AT5G18360,0.2533833,0.12582503,2.0137749
AT5G06100,0.15516843,0.077061005,2.013579
AT1G20480,0.31082225,0.15436684,2.0135298
AT1G54210,0.2151666,0.106860586,2.0135262
AT1G67720,0.12717138,0.06317678,2.0129447
AT5G66890,0.47951013,0.23823965,2.0127218
AT5G37310,0.13557547,0.067361005,2.0126698
AT2G41860,0.3040916,0.15109181,2.0126276
AT1G51820,0.58255434,0.28947785,2.0124314
AT2G30320,0.15074492,0.074913524,2.012252
AT5G46580,0.19036876,0.094608665,2.0121703
AT2G45320,0.12481286,0.062029287,2.0121598
AT2G47430,0.27676904,0.13755286,2.012092
AT4G19810,0.44157222,0.21947409,2.011956
AT1G65170,0.20626535,0.102522135,2.0119102
AT3G14760,0.33553636,0.16679221,2.0117025
AT3G55250,0.13364051,0.066433296,2.0116494
AT3G28007,0.55614066,0.2765086,2.011296
AT1G08750,0.12373085,0.061525453,2.0110512
AT5G11250,0.23854479,0.118616976,2.011051
AT2G34060,0.29108772,0.14474533,2.0110333
AT1G75450,0.30161205,0.14998208,2.010987
AT1G68520,0.34015006,0.1691491,2.010948
AT5G06870,0.4458443,0.22171606,2.0108795
AT3G61900,0.43387386,0.21577758,2.0107458
AT3G53800,0.43876976,0.21825169,2.010384
AT1G17650,0.15733135,0.07826045,2.0103555
AT1G34270,0.099509805,0.049508885,2.009938
AT1G18650,0.18293455,0.09101737,2.009886
AT1G57600,0.1312187,0.06529215,2.009716
AT2G19290,0.41842642,0.20822309,2.00951
AT2G33770,0.16605052,0.08265941,2.008852
AT2G43260,0.121670425,0.06057587,2.0085623
AT1G17590,0.22648393,0.11277095,2.0083532
AT2G23610,0.18152158,0.09039244,2.0081499
AT5G53710,0.70322716,0.35019782,2.0080855
AT2G30350,0.16985412,0.08461305,2.0074222
AT3G17640,0.34434912,0.17155418,2.0072322
AT1G55590,0.105530754,0.052577987,2.0071275
AT1G27080,0.34095523,0.16987668,2.0070748
AT5G12230,0.12689291,0.0632294,2.0068655
AT2G05850,0.3682819,0.18352243,2.0067403
AT4G33770,0.20036347,0.09984526,2.0067399
AT4G10360,0.15637091,0.07792422,2.0067046
AT5G10250,0.47165793,0.2350627,2.0065196
AT3G52460,0.30107924,0.150061,2.006379
AT5G08550,0.104875885,0.052281335,2.0059905
AT5G16400,0.20190072,0.100651965,2.005929
AT4G04840,0.5520436,0.27522838,2.0057657
AT1G64780,0.43567437,0.21721672,2.0057127
AT3G28780,0.29390442,0.14653642,2.0056746
AT2G47880,0.45718986,0.2279492,2.0056653
AT4G01840,0.20268932,0.10106934,2.005448
AT3G51470,0.25686353,0.12808435,2.0054247
AT4G16430,0.0826591,0.04121973,2.005328
AT5G44010,0.32676175,0.16295558,2.0052195
AT1G32990,0.14196488,0.07080364,2.0050504
AT5G63530,0.17037372,0.08497931,2.0048845
AT4G34960,0.13470747,0.06719317,2.0047789
AT5G43900,0.101473965,0.050618142,2.0046952
AT1G64530,0.13095658,0.06532855,2.0045838
AT2G30050,0.09096528,0.045379955,2.004525
AT1G53120,0.11534093,0.057546627,2.0043037
AT3G27925,0.12171862,0.060732134,2.0041878
AT5G59700,0.2160981,0.10782697,2.0041192
AT2G42060,0.36213163,0.18070343,2.0040107
AT2G46150,0.28834718,0.14389393,2.003887
AT5G58310,0.49650902,0.24778003,2.0038297
AT5G25610,0.28837833,0.14391507,2.003809
AT1G67830,0.22921489,0.11439231,2.0037613
AT5G23120,0.15504675,0.0773831,2.0036252
AT5G63380,0.12446693,0.062122278,2.0035794
AT2G29190,0.09219471,0.04601515,2.0035725
AT4G16880,0.5041084,0.25161415,2.0034978
AT3G59550,0.27272505,0.1361254,2.0034838
AT4G12120,0.23098315,0.11529588,2.0033946
AT1G71230,0.17252772,0.08611975,2.0033464
AT1G60070,0.106725276,0.053275418,2.003274
AT5G27550,0.16829474,0.08401641,2.0031173
AT2G37290,0.36820966,0.18382648,2.0030284
AT1G73930,0.11847122,0.05915316,2.0027874
AT1G22240,0.39529592,0.19738108,2.0027041
AT4G19550,0.23628168,0.118010744,2.0022047
AT2G47520,0.6486578,0.32398716,2.0021095
AT1G31360,0.17280231,0.08631255,2.002053
AT5G40090,0.26200023,0.13087597,2.0018969
AT5G37570,0.27052796,0.13516065,2.0015287
AT5G07150,0.35410938,0.17692651,2.0014489
AT3G49440,0.1992303,0.0995443,2.0014234
AT3G56810,0.17074372,0.08531889,2.0012414
AT2G35000,0.26840687,0.13412368,2.001189
AT1G57790,0.22866064,0.11427063,2.0010448
AT2G05210,0.14458333,0.07226207,2.000819
AT1G16090,0.37694085,0.18839827,2.0007658
AT5G41740,0.5388079,0.26939103,2.000096
AT4G13650,0.2221365,0.11106369,2.000082
AT5G50100,0.3002368,0.15011665,2.0000231
AT2G27980,0.11314872,0.056574117,2.000008
AT5G17840,0.15956327,0.07978307,1.999964
AT5G59520,0.27501255,0.13751999,1.9998004
AT2G33080,0.44441763,0.22223371,1.9997758
AT2G35960,0.34537667,0.1727113,1.9997339
AT2G21990,0.4185968,0.20934644,1.9995409
AT2G37360,0.3722012,0.18614385,1.9995352
AT1G15490,0.13813646,0.06908549,1.9995
AT1G60560,0.16489622,0.08248179,1.9991832
AT3G50080,0.11924547,0.059647344,1.9991745
AT2G29690,0.12385475,0.06196067,1.9989249
AT5G09400,0.1487973,0.07444047,1.9988762
AT1G56610,0.11684247,0.058457375,1.9987632
AT5G60310,0.39971253,0.20001493,1.9984133
AT3G56390,0.36201546,0.18115301,1.9983958
AT1G59820,0.08675337,0.04341201,1.998372
AT1G06160,0.62880576,0.314661,1.9983594
AT5G22810,0.4115963,0.20597653,1.9982678
AT2G34410,0.12046437,0.060287524,1.9981638
AT5G19900,0.15422222,0.077193804,1.9978573
AT5G38040,0.29941955,0.14987332,1.9978174
AT3G60330,0.2699095,0.13510843,1.9977249
AT5G25480,0.1310614,0.06561166,1.997532
AT4G12580,0.5238629,0.26228482,1.9973055
AT3G63120,0.12948793,0.064839646,1.9970485
AT1G04340,0.14202748,0.0711189,1.9970425
AT4G11230,0.30744982,0.1539696,1.9968214
AT4G04670,0.15660256,0.0784314,1.9966818
AT5G01680,0.3072042,0.15392648,1.995785
AT1G53620,0.61475533,0.30803606,1.9957253
AT4G34040,0.078709275,0.039439462,1.9956979
AT2G17970,0.15619221,0.078266785,1.9956384
AT3G43420,0.33928418,0.1700695,1.9949735
AT5G42340,0.2583502,0.12950245,1.9949443
AT2G11810,0.65064144,0.32616767,1.9948066
AT1G64700,0.2881262,0.14444068,1.9947716
AT5G23020,0.49030927,0.24580559,1.9947034
AT2G47140,0.3454589,0.17318922,1.9946903
AT1G30540,0.08675478,0.043505967,1.9940886
AT5G56880,0.58540344,0.29357168,1.9940733
AT5G66630,0.28622591,0.14354055,1.994042
AT4G32750,0.12962687,0.065007634,1.9940251
AT4G30300,0.3351397,0.16807356,1.9940058
AT1G43650,0.3265043,0.16375217,1.9938928
AT4G12910,0.2213648,0.11102855,1.9937645
AT1G65730,0.41671035,0.20902093,1.9936297
AT1G13910,0.18054862,0.090571746,1.9934319
AT3G44830,0.56215346,0.2820474,1.993117
AT4G26980,0.13364065,0.067053355,1.9930491
AT1G32430,0.15377492,0.07715682,1.9930177
AT1G65640,0.2019424,0.10132961,1.9929258
AT4G28950,0.27781376,0.13940129,1.9929066
AT3G27270,0.26739806,0.13417798,1.9928607
AT1G26390,0.8105089,0.40671918,1.9927974
AT3G29375,0.20580012,0.10328985,1.9924523
AT5G12950,0.29888424,0.15001416,1.9923733
AT1G78740,0.21982723,0.11035568,1.9919882
AT1G12250,0.18717875,0.09397515,1.9917897
AT2G36890,0.3358932,0.16866161,1.9915212
AT5G43440,0.4776472,0.23984294,1.9914998
AT4G19020,0.17003457,0.085382186,1.9914523
AT5G66640,0.45486403,0.22841726,1.9913731
AT5G57350,0.18801413,0.094436556,1.990904
AT5G43450,0.45440713,0.22825174,1.9908155
AT4G33560,0.6767727,0.33995515,1.9907706
AT5G08335,0.15329213,0.07700141,1.9907703
AT1G70550,0.16712129,0.083953306,1.9906455
AT3G05280,0.12666966,0.0636403,1.9904
AT1G32240,0.21099572,0.10601764,1.9901943
AT1G73710,0.14096765,0.070832476,1.9901555
AT2G14120,0.098277405,0.04938186,1.9901515
AT2G23560,0.3343962,0.16806199,1.9897194
AT4G28220,0.08955574,0.04501575,1.9894308
AT2G05600,0.23594743,0.11860966,1.9892765
AT1G23330,0.18885636,0.09494438,1.9891261
AT5G04310,0.2960889,0.14886302,1.9890022
AT5G10210,0.45723134,0.2298827,1.9889766
AT3G21710,0.30305597,0.15237139,1.9889294
AT1G15870,0.38571933,0.19393718,1.9888878
AT5G34883,0.4269992,0.21471246,1.9887024
AT1G21870,0.24106328,0.12121643,1.9887012
AT4G22160,0.22992612,0.11562298,1.9885849
AT2G40860,0.19949867,0.10032993,1.9884262
AT5G24300,0.115602486,0.058156997,1.9877653
AT2G13540,0.08859699,0.044572376,1.9877102
AT2G22340,0.3554268,0.1788434,1.9873631
AT5G40710,0.15264995,0.07681046,1.9873588
AT5G19020,0.19612624,0.09869901,1.9871143
AT3G02690,0.15950899,0.08027291,1.9870834
AT5G18290,0.41068533,0.20669824,1.9868834
AT3G21270,0.15540099,0.07822131,1.9866832
AT5G36900,0.39752072,0.2001015,1.9865953
AT5G66370,0.35892025,0.18071516,1.9861102
AT5G03960,0.37612635,0.18937849,1.986109
AT5G15160,0.45190915,0.22756225,1.9858704
AT1G53350,0.19242069,0.0968984,1.9857982
AT5G62990,0.24760428,0.12469069,1.9857478
AT2G33820,0.14460528,0.072827786,1.9855782
AT2G47150,0.5152103,0.25947857,1.98556
AT4G02730,0.18390507,0.092622384,1.9855357
AT2G20880,0.634916,0.31978074,1.9854729
AT1G62950,0.1786512,0.08998117,1.9854286
AT4G14920,0.11881269,0.059851345,1.9851295
AT1G19610,0.6949226,0.3501014,1.9849181
AT5G64530,0.34075582,0.17173958,1.9841424
AT1G26350,0.27369988,0.1379451,1.9841216
AT2G31610,0.110936604,0.0559159,1.98399
AT5G18920,0.24988437,0.1259573,1.9838815
AT1G23750,0.22082706,0.11131302,1.9838383
AT3G05940,0.12360473,0.06230899,1.983738
AT2G14520,0.32442266,0.16354278,1.9837172
AT4G16110,0.11958111,0.060283106,1.9836584
AT1G60160,0.17429563,0.08788028,1.9833301
AT3G49050,0.11768271,0.0593443,1.9830496
AT3G25760,0.47583336,0.23995145,1.9830401
AT2G47340,0.36760414,0.18537822,1.982995
AT5G02640,0.26116225,0.13174944,1.9822644
AT1G55270,0.11966474,0.060369052,1.9822197
AT3G05680,0.13779393,0.069516964,1.9821624
AT5G53990,0.27558267,0.13903171,1.9821568
AT3G53920,0.15687887,0.07915715,1.9818659
AT3G13226,0.09454591,0.047707714,1.9817735
AT1G74220,0.3401611,0.17167617,1.981411
AT2G36670,0.13803369,0.06966547,1.9813787
AT5G13640,0.08532235,0.043063223,1.981327
AT3G25560,0.20890704,0.10543908,1.9813054
AT2G28640,0.21480493,0.10843864,1.9808891
AT5G49030,0.104225725,0.05262598,1.980499
AT4G19070,0.16491278,0.083279945,1.9802217
AT1G72990,0.14766036,0.074568346,1.9802014
AT3G05410,0.19625653,0.09911413,1.9801064
AT1G06500,0.13618681,0.06877783,1.9800973
AT2G04160,0.31465793,0.15891743,1.9800087
AT3G02600,0.099710524,0.05036008,1.9799513
AT5G03070,0.132402,0.066879064,1.9797225
AT3G26610,0.28979087,0.14638343,1.9796696
AT5G54020,0.36794135,0.18586692,1.9795955
AT4G20910,0.13800752,0.069716565,1.9795512
AT5G13140,0.30668828,0.15493341,1.9794843
AT3G56060,0.29962203,0.15138929,1.9791493
AT1G02060,0.25117543,0.12694027,1.9786898
AT3G11730,0.10729797,0.054227557,1.978661
AT3G59490,0.16977882,0.08580713,1.9786096
AT1G73320,0.16562681,0.0837122,1.9785264
AT5G18810,0.31548804,0.15946022,1.9784747
AT1G78800,0.094683014,0.047864616,1.9781417
AT2G43530,0.44608638,0.22551864,1.9780464
AT3G03590,0.16881047,0.08536735,1.9774592
AT5G02420,0.30290374,0.15318242,1.9774052
AT1G71460,0.16959567,0.0857675,1.9773884
AT1G14700,0.31260005,0.15810043,1.9772243
AT1G79530,0.1652139,0.08356093,1.9771667
AT1G06590,0.15962754,0.08073649,1.9771423
AT4G16710,0.17388712,0.08794982,1.9771172
AT3G63480,0.2738778,0.13853398,1.9769717
AT2G03200,0.3097747,0.15670651,1.9767823
AT3G20930,0.13823146,0.0699422,1.9763669
AT1G28600,0.34054095,0.17230701,1.9763613
AT2G04050,0.7952712,0.4023917,1.9763609
AT4G17470,0.7290565,0.36898056,1.9758669
AT1G26480,0.28475377,0.14412329,1.975765
AT2G17040,0.5891293,0.29817924,1.9757557
AT3G53300,0.21321158,0.1079513,1.9750718
AT5G10230,0.43083856,0.21814808,1.9749819
AT5G52140,0.20750071,0.10506637,1.9749488
AT5G11280,0.14488007,0.07336534,1.9747753
AT2G22930,0.36959276,0.1871773,1.9745595
AT1G08680,0.17204338,0.08714668,1.9741817
AT2G33850,0.6366628,0.32255194,1.9738303
AT5G60120,0.13229308,0.067029305,1.97366
AT4G08290,0.35494557,0.17985249,1.9735371
AT1G72000,0.39440936,0.19988443,1.9731869
AT5G65290,0.10527187,0.05335464,1.9730589
AT5G59750,0.19494368,0.098809004,1.9729342
AT5G14070,0.42463058,0.21524851,1.9727457
AT1G21390,0.20421287,0.1035195,1.9726994
AT1G09220,0.29195097,0.14799806,1.9726673
AT3G45480,0.25510883,0.12933223,1.9725076
AT5G52010,0.17081754,0.08661659,1.9721109
AT3G22310,0.23522195,0.11927604,1.9720803
AT1G62640,0.10838541,0.05496394,1.9719362
AT1G12830,0.20508955,0.10400452,1.9719292
AT5G54590,0.18376599,0.093198225,1.9717755
AT5G55260,0.123392984,0.0625824,1.9716879
AT3G21410,0.2866703,0.14539962,1.9716027
AT5G52170,0.38494065,0.19524738,1.9715533
AT3G62590,0.28612128,0.14512552,1.9715433
AT5G22550,0.31405583,0.15929651,1.9715171
AT3G11240,0.17187901,0.08718212,1.9714936
AT5G38500,0.27835622,0.14120619,1.9712747
AT2G20400,0.1460242,0.07408178,1.9711214
AT3G20470,0.2841172,0.14414616,1.9710352
AT2G30460,0.13713634,0.069579385,1.9709333
AT1G50700,0.18906109,0.09592944,1.9708349
AT2G20515,0.22788642,0.11563754,1.9706957
AT3G42950,0.117214106,0.059481885,1.9705845
AT5G24260,0.101333305,0.051424824,1.970513
AT3G15930,0.27491894,0.13952377,1.9704092
AT2G04540,0.12735482,0.06463386,1.9704037
AT1G67410,0.1537068,0.07801068,1.9703301
AT5G49960,0.15799242,0.080194816,1.9701074
AT4G08780,0.45121184,0.22903536,1.9700531
AT4G24180,0.33938116,0.17227103,1.9700419
AT1G05140,0.15543452,0.0789283,1.9693128
AT4G01080,0.51250446,0.2602607,1.9691964
AT5G47580,0.15330884,0.0778549,1.9691608
AT3G17360,0.26184118,0.13298832,1.9689034
AT1G01900,0.3627483,0.18432507,1.9679812
AT1G23250,0.32953426,0.16744997,1.9679564
AT1G53100,0.46713385,0.23737046,1.9679526
AT1G29710,0.15318899,0.077844,1.9678969
AT5G63600,0.31962413,0.16243711,1.967679
AT3G46200,0.15693125,0.0797726,1.9672323
AT1G60000,0.18363759,0.093348764,1.9672202
AT5G17420,0.25713238,0.13071468,1.9671267
AT2G35750,0.5152477,0.26193118,1.967111
AT4G03340,0.19099009,0.09709313,1.9670813
AT1G04590,0.13140352,0.06680622,1.9669353
AT1G32440,0.14334336,0.072892845,1.9664941
AT3G25540,0.13327454,0.0677773,1.9663594
AT1G41880,0.19693622,0.10015277,1.9663581
AT2G25560,0.10106155,0.051396586,1.9663082
AT4G31870,0.48301542,0.24564998,1.9662749
AT2G37950,0.34496397,0.1754573,1.9660848
AT2G29580,0.13957399,0.0709919,1.9660548
AT5G13150,0.3331745,0.16950077,1.9656222
AT4G36220,0.32373387,0.16470851,1.9654955
AT4G13980,0.16649987,0.084723435,1.965216
AT2G41800,0.36347172,0.18495466,1.9651935
AT3G04160,0.26138845,0.13302201,1.9650013
AT4G10130,0.17979118,0.091496795,1.9649996
AT5G22430,0.6398801,0.325641,1.9649863
AT4G29570,0.46674272,0.23760054,1.9644009
AT4G28550,0.17114118,0.08712191,1.9643872
AT5G24080,0.5964503,0.3036348,1.9643675
AT5G49990,0.1684255,0.0857405,1.9643632
AT2G05590,0.16041327,0.08166534,1.9642758
AT1G04730,0.1898129,0.09664498,1.9640222
AT3G13090,0.29480872,0.15013717,1.9635956
AT5G13580,0.40217224,0.2048222,1.9635186
AT1G71170,0.12666143,0.06451833,1.963185
AT3G24590,0.11501842,0.05858784,1.9631786
AT5G59800,0.14846519,0.07563508,1.9629141
AT1G54960,0.16318546,0.083151676,1.9625034
AT1G76080,0.2070194,0.105493814,1.9623841
AT2G36000,0.19206966,0.097886436,1.9621682
AT5G44610,0.2722097,0.13873649,1.9620626
AT5G48630,0.119087175,0.060696065,1.9620242
AT5G48520,0.11658882,0.05942446,1.9619665
AT1G72110,0.25830466,0.1316663,1.9618127
AT4G36610,0.35775363,0.18239005,1.9614755
AT5G40980,0.38022748,0.19385728,1.9613782
AT2G43620,0.68897104,0.35127774,1.9613285
AT1G24610,0.094255835,0.048058465,1.9612739
AT1G18980,0.3765335,0.19199128,1.961201
AT5G51750,0.30754262,0.15681401,1.9611933
AT3G01880,0.24583444,0.1253595,1.9610353
AT3G19160,0.1890174,0.09638895,1.960986
AT2G15560,0.31950775,0.16296336,1.9606107
AT4G27440,0.3876396,0.19772388,1.9605097
AT3G17340,0.13900861,0.070907004,1.9604354
AT5G11840,0.13639162,0.0695758,1.9603311
AT5G26240,0.09652538,0.04924107,1.9602611
AT1G28270,0.33504584,0.17092903,1.9601458
AT5G61470,0.17453521,0.089044094,1.9600985
AT1G04390,0.16151473,0.08240255,1.9600694
AT5G53340,0.13305886,0.067887016,1.9600043
AT3G23590,0.09693516,0.049457066,1.9599856
AT1G78130,0.19281755,0.09839155,1.9596962
AT4G34020,0.1656368,0.08454589,1.9591347
AT1G65380,0.14369929,0.073357,1.9589033
AT2G35770,0.3436845,0.17545493,1.958819
AT5G39630,0.34863392,0.17798541,1.9587778
AT1G03440,0.19688047,0.10052761,1.9584715
AT1G14280,0.33685383,0.17200883,1.9583519
AT4G27990,0.18928225,0.09665803,1.9582671
AT1G78970,0.43652388,0.22295263,1.957922
AT3G46240,0.34717226,0.17734073,1.9576565
AT3G06310,0.0853531,0.043599695,1.957653
AT2G18100,0.31074697,0.15877032,1.9572104
AT1G72360,0.24564211,0.12553594,1.9567472
AT3G48020,0.33876792,0.1731346,1.9566736
AT5G57080,0.42401466,0.21671161,1.9565847
AT4G29260,0.111711875,0.057097714,1.956503
AT1G14730,0.26733506,0.13666998,1.9560626
AT5G11630,0.19047113,0.0973749,1.9560596
AT4G28090,0.20442414,0.10451159,1.9559948
AT1G61800,0.6673682,0.34121677,1.9558481
AT3G01190,0.26428676,0.13513714,1.9556928
AT1G14140,0.124783486,0.06380933,1.9555678
AT1G32360,0.105788484,0.054109156,1.9550935
AT3G06140,0.21442892,0.109678276,1.9550718
AT3G04020,0.1874893,0.09590106,1.9550284
AT1G21350,0.19027425,0.09733058,1.9549277
AT5G15680,0.086080864,0.04404042,1.9545872
AT5G28080,0.35718018,0.1827541,1.9544303
AT3G62730,0.41299847,0.21132722,1.9543078
AT5G46110,0.18374251,0.09402552,1.9541768
AT3G21850,0.41618693,0.21297896,1.9541222
AT3G48460,0.3506011,0.17941615,1.9541222
AT5G12260,0.12252692,0.06270762,1.9539398
AT5G25620,0.25795814,0.132024,1.9538728
AT1G02180,0.2403216,0.123002015,1.9538021
AT5G37900,0.2500053,0.12795886,1.9537941
AT3G59410,0.104649864,0.05356279,1.9537787
AT1G23610,0.25859812,0.13236079,1.9537364
AT1G69400,0.2576305,0.1318753,1.9535915
AT3G07830,0.26325035,0.1347598,1.9534781
AT1G44960,0.11587856,0.059329882,1.9531226
AT1G68530,0.23637727,0.12102692,1.9530965
AT5G06440,0.14665225,0.07508778,1.9530773
AT2G37450,0.21230564,0.10870667,1.9530138
AT1G03687,0.12477785,0.063895226,1.9528507
AT1G10030,0.14732286,0.07544641,1.952682
AT1G19700,0.22423874,0.114854924,1.9523649
AT3G62460,0.72323793,0.37045845,1.9522781
AT4G24710,0.2177943,0.11156687,1.9521412
AT3G03190,0.4847567,0.24832165,1.9521321
AT1G24650,0.2781377,0.14248814,1.9520059
AT3G12750,0.23330784,0.11953132,1.9518552
AT2G41120,0.3504616,0.17957997,1.9515626
AT2G24250,0.17255278,0.08842854,1.9513243
AT5G38960,0.24746569,0.12682289,1.9512696
AT5G37560,0.31293342,0.16037476,1.9512633
AT1G73130,0.14710052,0.07539047,1.9511817
AT3G45500,0.28256595,0.14484075,1.9508731
AT4G39870,0.10457443,0.05360951,1.9506689
AT5G26970,0.51729465,0.2652454,1.9502492
AT1G72140,0.41869313,0.21468858,1.9502345
AT3G53240,0.15334958,0.07864098,1.9499955
AT5G16190,0.33495092,0.17181377,1.9494997
AT3G48680,0.07743613,0.039726436,1.9492337
AT3G17920,0.101786435,0.05222146,1.94913
AT1G74300,0.36653176,0.18807569,1.9488522
AT4G19130,0.24442962,0.12543423,1.9486673
AT3G46770,0.43276393,0.22210738,1.9484445
AT5G02850,0.122166686,0.06270144,1.948387
AT4G27910,0.11300899,0.05800464,1.9482746
AT5G35640,0.31552887,0.16196409,1.9481407
AT4G17090,0.39468077,0.20261377,1.9479463
AT3G57900,0.45064816,0.23135306,1.9478806
AT4G18020,0.1415327,0.0726725,1.9475412
AT2G11520,0.08942668,0.04594077,1.9465642
AT1G08890,0.40995646,0.21060717,1.9465455
AT3G01490,0.29128712,0.14965129,1.9464389
AT5G12000,0.44060934,0.22642495,1.9459398
AT1G20050,0.10897646,0.05600282,1.9459097
AT1G18950,0.13249235,0.06809038,1.9458305
AT4G17350,0.18657798,0.09588931,1.945764
AT3G02885,0.5518462,0.2836426,1.9455689
AT1G55610,0.18003206,0.09254179,1.9454135
AT1G06050,0.1489732,0.07657789,1.9453812
AT4G35870,0.11201109,0.057581503,1.9452612
AT5G01740,0.61154497,0.31439894,1.9451241
AT5G11110,0.26062804,0.13401254,1.9448032
AT5G19670,0.16549157,0.08509821,1.9447125
AT2G25530,0.3329599,0.17125155,1.9442736
AT2G01710,0.11255414,0.05789069,1.9442525
AT4G29590,0.15647295,0.08048786,1.9440563
AT3G56330,0.24055503,0.12375962,1.9437279
AT5G06060,0.12208288,0.06281715,1.943464
AT1G52000,0.4177172,0.21496151,1.9432184
AT2G35430,0.18652542,0.09598885,1.9431987
AT2G44010,0.28510424,0.14671929,1.9431951
AT3G22350,0.24327795,0.12519959,1.9431208
AT4G38670,0.1733957,0.089248344,1.9428447
AT2G25720,0.1309208,0.067386925,1.9428217
AT4G33905,0.51952034,0.26740938,1.9427903
AT2G22740,0.12891097,0.066359535,1.942614
AT1G20290,0.27901754,0.14364693,1.9423841
AT1G55280,0.1581116,0.08140831,1.9422046
AT3G09090,0.06600753,0.03398602,1.9421959
AT1G09590,0.11313725,0.058275573,1.9414177
AT2G20550,0.20944583,0.1078832,1.9414127
AT1G18610,0.14445917,0.0744104,1.941384
AT4G24390,0.12306255,0.06339111,1.9413216
AT3G21465,0.168699,0.0869058,1.9411706
AT5G39380,0.18658191,0.096120946,1.9411159
AT5G52870,0.2130469,0.109762035,1.9409888
AT5G54980,0.28673303,0.14772862,1.9409441
AT5G57720,0.29983836,0.15448187,1.9409289
AT1G30520,0.25526,0.13152975,1.9407014
AT4G09810,0.22477825,0.11583316,1.9405344
AT3G46630,0.1494867,0.077035144,1.9404999
AT5G55220,0.16283539,0.083918355,1.9404024
AT4G17310,0.15868379,0.08178097,1.9403509
AT5G43170,0.27011415,0.13921875,1.9402137
AT2G26490,0.23599268,0.12163574,1.940159
AT5G42750,0.24352057,0.12551644,1.9401485
AT5G50350,0.10894332,0.056155834,1.9400175
AT2G38340,0.5538202,0.28548676,1.9399155
AT5G51950,0.48399255,0.24949919,1.939856
AT1G23090,0.3394473,0.17499118,1.9397964
AT2G22690,0.14568174,0.075102545,1.9397708
AT5G58770,0.557345,0.2873345,1.9397078
AT4G03153,0.2861615,0.1475476,1.9394519
AT4G29680,0.12367621,0.063777186,1.9391918
AT1G54200,0.2966957,0.1530049,1.9391253
AT1G21240,0.71282524,0.36761782,1.9390389
AT4G37000,0.1722909,0.088856846,1.9389715
AT1G53650,0.12945847,0.06676835,1.9389195
AT2G25920,0.121410035,0.06262148,1.9387919
AT2G45510,0.30239853,0.15597801,1.9387252
AT2G29590,0.17724985,0.0914329,1.9385782
AT5G06050,0.12675132,0.065391585,1.9383427
AT4G24460,0.16419071,0.08470924,1.9382855
AT5G08410,0.16612677,0.085709795,1.9382471
AT4G00232,0.2909998,0.1501437,1.9381417
AT4G16750,0.31519967,0.1626327,1.9381074
AT2G47860,0.18701655,0.09649561,1.9380833
AT5G14450,0.26062828,0.13448887,1.937917
AT4G27140,0.6700337,0.34577572,1.9377697
AT2G01940,0.24220204,0.12499693,1.9376638
AT1G16500,0.29856223,0.15409973,1.9374609
AT5G45050,0.12880298,0.06648082,1.9374455
AT4G32140,0.121799506,0.06287094,1.9372939
AT4G01010,0.3220131,0.16625646,1.9368455
AT4G36860,0.15868509,0.08192997,1.936838
AT1G70470,0.2365536,0.12213411,1.9368347
AT1G34210,0.13981183,0.072185785,1.936833
AT5G65970,0.24404399,0.12604949,1.9360964
AT5G23550,0.12637548,0.06527641,1.9360052
AT5G66470,0.14986886,0.07743121,1.9355096
AT2G29800,0.20142242,0.10407062,1.9354397
AT2G40316,0.10674259,0.05515723,1.9352417
AT5G63420,0.20996651,0.10849664,1.9352349
AT5G09520,0.44825834,0.23169853,1.9346619
AT2G18440,0.49791956,0.25737882,1.9345787
AT5G06280,0.20807244,0.1075571,1.9345298
AT5G58670,0.29732612,0.15372647,1.9341242
AT2G37630,0.17687237,0.09144854,1.934119
AT4G28430,0.30530643,0.15785953,1.9340384
AT1G05300,0.39446828,0.20397887,1.9338682
AT4G40010,0.3369999,0.17427714,1.9337009
AT5G10420,0.37504396,0.19395693,1.9336455
AT1G05590,0.114197254,0.059072044,1.9331857
AT2G42540,0.6536122,0.33813873,1.9329705
AT1G12950,0.36254847,0.18758819,1.9326828
AT5G54070,0.46797702,0.24214083,1.9326645
AT1G45230,0.13553055,0.0701785,1.9312258
AT3G04260,0.15433425,0.07991713,1.9311783
AT1G06270,0.22727671,0.117691636,1.9311203
AT1G66960,0.5591833,0.2895789,1.9310222
AT1G36100,0.2429321,0.12581186,1.9309155
AT1G36000,0.26480526,0.13714185,1.9308856
AT1G20810,0.15935415,0.0825304,1.9308537
AT2G14620,0.48021194,0.24873869,1.9305879
AT3G49930,0.37061024,0.19197664,1.9304965
AT5G20220,0.21542087,0.11159852,1.93032
AT3G14360,0.2587087,0.13404034,1.9300805
AT5G58760,0.20566171,0.10656971,1.9298327
AT5G50180,0.14052542,0.07284336,1.929145
AT3G14415,0.20991825,0.10882222,1.9290016
AT4G22212,0.37239352,0.19306418,1.9288585
AT4G13800,0.49391708,0.2560727,1.9288158
AT1G03330,0.15492658,0.08032246,1.9288076
AT2G04530,0.21709317,0.11255444,1.9287837
AT3G29570,0.31989902,0.16586016,1.9287271
AT2G21950,0.1632783,0.08466022,1.9286306
AT1G09360,0.2591839,0.13440157,1.9284289
AT3G24430,0.13639155,0.07072787,1.9283987
AT2G28330,0.20381,0.105702974,1.9281387
AT4G25790,0.39905462,0.20699325,1.9278628
AT2G28930,0.2096454,0.10875089,1.927758
AT1G60990,0.13096672,0.06794588,1.927515
AT1G43690,0.063961305,0.033183433,1.9275064
AT2G16580,0.36915374,0.19154449,1.9272479
AT1G51810,0.29730496,0.1542708,1.9271628
AT1G31070,0.17472401,0.09066689,1.9270982
AT2G18770,0.09609223,0.04986662,1.9269845
AT5G43000,0.25246656,0.13102631,1.9268384
AT3G56430,0.1255829,0.065175734,1.9268351
AT4G28030,0.1278617,0.06636645,1.9266012
AT3G63390,0.117475584,0.06097737,1.9265436
AT3G09710,0.16842902,0.08742578,1.9265369
AT3G17170,0.24776644,0.12862414,1.9262823
AT5G58560,0.10952054,0.05685911,1.9261737
AT3G21660,0.51259184,0.26612163,1.9261563
AT2G27130,0.17971139,0.09330706,1.9260211
AT3G09490,0.2715409,0.1410179,1.9255774
AT3G16130,0.38202485,0.19839796,1.9255481
AT1G30530,0.32593843,0.1692737,1.9255111
AT1G79320,0.34806582,0.1807729,1.9254313
AT5G62860,0.34892502,0.18122146,1.9254067
AT2G41620,0.10503386,0.05455161,1.9254031
AT4G24500,0.08316923,0.043198187,1.9252939
AT1G13195,0.1663968,0.086429246,1.925237
AT4G33550,0.5516091,0.28656814,1.9248794
AT1G30250,0.5462504,0.28379512,1.9248055
AT3G27320,0.10260484,0.0533158,1.924473
AT2G31370,0.12053803,0.06263573,1.9244292
AT5G58540,0.22336648,0.11608184,1.9242154
AT5G09830,0.21350364,0.110973336,1.9239182
AT4G34240,0.14250344,0.07407669,1.9237283
AT5G61920,0.18813948,0.0978011,1.9236948
AT2G28540,0.08594018,0.044675592,1.9236491
AT5G45010,0.15457447,0.08036292,1.9234549
AT3G52130,0.4769316,0.24797423,1.923311
AT1G77490,0.17448792,0.09072719,1.9232152
AT3G25410,0.14267513,0.07418896,1.9231313
AT4G21150,0.12955661,0.067367606,1.923129
AT1G12290,0.21673162,0.11269858,1.9231087
AT3G60350,0.10362785,0.053885877,1.9230982
AT1G69700,0.20874937,0.10855862,1.9229183
AT1G28240,0.09675839,0.050320182,1.9228541
AT3G49750,0.26208788,0.1363092,1.9227451
AT4G32605,0.14992023,0.07798091,1.9225245
AT3G56410,0.27437925,0.14271942,1.922508
AT5G60870,0.12584849,0.0654609,1.9224985
AT3G25040,0.121892415,0.06340683,1.9223859
AT1G28470,0.2796701,0.14548807,1.9222887
AT4G05070,0.24904943,0.12957409,1.9220617
AT4G26430,0.12087149,0.06288981,1.9219565
AT1G63530,0.4311411,0.22433124,1.9218949
AT3G02420,0.098867,0.051447798,1.921695
AT1G11470,0.2634087,0.1370805,1.9215618
AT2G43990,0.17663126,0.091923535,1.9215019
AT1G62990,0.20903982,0.10879189,1.921465
AT1G33920,0.23452666,0.122088335,1.9209586
AT3G62910,0.16737324,0.08714501,1.9206289
AT1G78810,0.12001578,0.062494442,1.9204229
AT3G11920,0.39872023,0.2076225,1.9204094
AT4G39235,0.26567155,0.13835464,1.9202212
AT5G43710,0.12390608,0.0645276,1.9202026
AT3G02010,0.30098027,0.15680225,1.9194893
AT4G17390,0.12022488,0.062634036,1.9194814
AT3G50420,0.26151994,0.1362656,1.9191923
AT5G03980,0.21178238,0.11035929,1.9190263
AT3G26750,0.14045696,0.07320227,1.9187512
AT2G42450,0.120650984,0.0628821,1.9186853
AT5G09940,0.31109765,0.16215956,1.9184661
AT5G07510,0.41096562,0.2142171,1.9184538
AT2G14540,0.20119143,0.104880214,1.918297
AT4G12030,0.41697532,0.21743934,1.9176626
AT5G46460,0.25253922,0.13169831,1.9175583
AT5G45630,0.69718623,0.36363515,1.9172685
AT2G39040,0.3456875,0.1803042,1.9172459
AT2G29900,0.10790479,0.05629018,1.9169377
AT5G55170,0.35131475,0.1832747,1.9168751
AT5G61700,0.1571898,0.0820255,1.9163527
AT1G26190,0.1210105,0.06315134,1.9161983
AT1G54630,0.196662,0.102639906,1.9160382
AT3G19200,0.40898123,0.21345267,1.9160277
AT1G28630,0.29382265,0.15335041,1.916021
AT1G62070,0.24698426,0.12893148,1.915624
AT2G25940,0.33008447,0.17231299,1.9156097
AT5G04940,0.13285169,0.06935935,1.9154112
AT4G29080,0.17842734,0.0931637,1.9152023
AT1G16830,0.24818322,0.1296113,1.9148269
AT3G56100,0.26197618,0.13681735,1.9147875
AT2G16460,0.1421153,0.07422773,1.9145848
AT4G19740,0.27087352,0.14148039,1.9145657
AT3G16350,0.18227422,0.09521121,1.9144197
AT3G54970,0.14565323,0.07608506,1.9143472
AT5G02540,0.4077026,0.21297485,1.9143226
AT4G04330,0.54525876,0.28484154,1.914253
AT1G74260,0.09352239,0.04885928,1.9141169
AT1G15790,0.37592536,0.19640997,1.913983
AT3G51090,0.19920473,0.104085006,1.9138656
AT3G10630,0.100675635,0.052614182,1.9134691
AT4G10120,0.36107722,0.18872403,1.913255
AT3G15870,0.34142733,0.17845398,1.9132512
AT1G59980,0.21018712,0.10985883,1.9132472
AT5G16420,0.19289684,0.10082258,1.9132304
AT1G68120,0.32091135,0.1677644,1.9128691
AT4G30030,0.21892153,0.11447884,1.9123317
AT4G26460,0.5304655,0.2774001,1.9122757
AT5G17480,0.30439058,0.15918416,1.9121913
AT5G41640,0.24249819,0.12682775,1.9120277
AT5G01610,0.2509659,0.13125901,1.9119897
AT2G29180,0.18783486,0.098244965,1.911903
AT3G61590,0.16773537,0.08773358,1.9118717
AT5G11380,0.08253344,0.043173198,1.9116819
AT4G16650,0.09663019,0.050556302,1.9113379
AT2G19590,0.3327639,0.17411086,1.9112184
AT1G19210,0.7327168,0.38339213,1.911142
AT5G14590,0.09618655,0.050335627,1.9109036
AT1G32330,0.12037111,0.06299554,1.9107877
AT1G53380,0.1111837,0.05818814,1.910762
AT4G28320,0.2131871,0.11157649,1.910681
AT4G30170,0.2595048,0.13582243,1.910618
AT3G62930,0.5050299,0.264359,1.9103943
AT4G00110,0.134685,0.070507176,1.9102308
AT1G12280,0.19660258,0.10292699,1.9101167
AT2G20070,0.2788361,0.14598924,1.9099768
AT3G04290,0.42041105,0.22014005,1.9097434
AT4G36810,0.529281,0.2772259,1.9092047
AT1G16060,0.2122564,0.11117753,1.9091663
AT2G37420,0.2239015,0.117291205,1.9089366
AT3G06030,0.21941331,0.11495065,1.9087608
AT1G58170,0.36740935,0.19249281,1.908691
AT5G58170,0.33189073,0.17388764,1.9086504
AT3G03550,0.13849215,0.07256991,1.9083962
AT5G49010,0.13724892,0.0719311,1.9080607
AT4G34610,0.20389043,0.10686102,1.9079962
AT3G49460,0.3569258,0.18708222,1.907855
AT1G67440,0.119752415,0.06277535,1.9076341
AT1G13320,0.074707896,0.039163142,1.9076067
AT1G79190,0.123377524,0.06468618,1.9073241
AT5G08470,0.12442321,0.06525409,1.9067494
AT3G29010,0.20274952,0.10633502,1.9067049
AT2G41930,0.2578235,0.13525473,1.9062067
AT2G28870,0.28284657,0.14838433,1.9061753
AT5G40840,0.19007769,0.09974503,1.9056356
AT1G44780,0.19751135,0.10364699,1.9056157
AT5G43745,0.19010262,0.09976054,1.9055892
AT5G59770,0.17597064,0.092348404,1.905508
AT2G21860,0.17793564,0.093382806,1.9054432
AT4G37770,0.56206656,0.29501912,1.9051869
AT5G55560,0.24999589,0.13123307,1.9049761
AT3G60070,0.15549919,0.08164449,1.9045887
AT3G01240,0.54160714,0.28439045,1.9044491
AT5G10810,0.15742545,0.08266411,1.9043988
AT5G51260,0.18923585,0.09936836,1.9043871
AT2G42100,0.31545833,0.16565698,1.9042861
AT3G59060,0.29382956,0.15430216,1.9042476
AT4G36290,0.10380095,0.054512493,1.9041678
AT3G50720,0.24174076,0.12695362,1.9041657
AT2G43150,0.19128557,0.10047966,1.9037241
AT4G03930,0.40611672,0.2133398,1.9036143
AT2G07698,0.5124963,0.2692299,1.9035639
AT4G36260,0.29777372,0.15646945,1.9030788
AT2G29040,0.26152223,0.13744406,1.9027537
AT4G25280,0.16284187,0.08559065,1.9025658
AT1G04620,0.2541236,0.1335821,1.9023774
AT2G47260,0.23106696,0.121471085,1.9022382
AT2G35530,0.13539904,0.07118072,1.9021868
AT1G14310,0.1430488,0.07520928,1.9020096
AT1G01030,0.3845434,0.20218359,1.9019514
AT5G58780,0.42234242,0.22208226,1.9017385
AT2G35010,0.120363995,0.06329203,1.9017242
AT3G25100,0.22300135,0.11726746,1.9016472
AT1G14820,0.18059662,0.09497693,1.9014786
AT3G17470,0.14891775,0.07831957,1.9014115
AT1G48520,0.13390367,0.070423566,1.901404
AT5G56590,0.13605337,0.07155722,1.9013226
AT1G60660,0.16238308,0.08540628,1.9013013
AT1G74180,0.17244652,0.09070203,1.901242
AT1G69800,0.12731807,0.06696585,1.9012386
AT3G01920,0.14450961,0.07600923,1.9012113
AT5G23230,0.40942228,0.21535897,1.9011153
AT2G47720,0.53666824,0.28229854,1.9010663
AT1G53800,0.15332502,0.08067143,1.900611
AT5G66460,0.31385863,0.1651472,1.9004779
AT5G57550,0.5773123,0.30377892,1.9004357
AT5G18590,0.13143986,0.06916981,1.9002488
AT5G67010,0.3503352,0.18436366,1.9002398
AT1G27440,0.15171583,0.07985265,1.8999472
AT2G43700,0.24151061,0.12711802,1.8998926
AT4G00820,0.19886816,0.10467934,1.8997841
AT2G04830,0.26411468,0.13902788,1.8997244
AT2G15670,0.21582423,0.11362593,1.8994275
AT3G26870,0.2668191,0.14047866,1.8993566
AT1G01610,0.23288465,0.12261556,1.8993074
AT4G30640,0.38549614,0.20298213,1.8991628
AT2G28020,0.33135924,0.17452843,1.8985972
AT1G54000,0.3171355,0.1670653,1.8982728
AT5G37680,0.17360124,0.09145772,1.8981583
AT1G67530,0.121345565,0.06393563,1.8979331
AT5G41890,0.37628707,0.19826362,1.8979127
AT1G56345,0.17363909,0.091489844,1.8979055
AT1G22170,0.19390239,0.10216703,1.8978957
AT1G17420,0.42952836,0.22632861,1.8978083
AT5G24910,0.31388444,0.16541755,1.8975278
AT5G10280,0.25910115,0.13655761,1.897376
AT3G10990,0.24119304,0.12713645,1.8971193
AT1G23400,0.14116387,0.07441195,1.897059
AT5G64870,0.4119746,0.21717784,1.8969457
AT2G33500,0.15048364,0.0793328,1.8968651
AT5G60040,0.1569852,0.082775354,1.8965207
AT1G01080,0.17495194,0.092252076,1.8964552
AT3G09690,0.12643903,0.066673286,1.896397
AT2G28085,0.5544828,0.29239044,1.896378
AT2G47280,0.2351111,0.12399091,1.8961962
AT5G14770,0.20835167,0.1098842,1.8961021
AT1G11850,0.32347617,0.1706157,1.8959341
AT5G17870,0.16549832,0.08729154,1.895926
AT4G29650,0.3687389,0.19449994,1.8958302
AT1G27360,0.21531157,0.113583624,1.8956214
AT3G09870,0.6796646,0.35860905,1.8952801
AT3G53600,0.58142495,0.30678913,1.895194
AT5G64900,0.31462488,0.16601475,1.8951621
AT4G39390,0.13916835,0.07343465,1.8951317
AT4G03000,0.12801433,0.067555964,1.8949373
AT3G09150,0.15234748,0.0804001,1.8948665
AT3G24060,0.31555912,0.16653743,1.8948238
AT4G23410,0.23926981,0.1262762,1.8948131
AT3G04530,0.38337702,0.20233446,1.8947686
AT5G07400,0.19903776,0.105079606,1.8941615
AT2G38540,0.22619542,0.119439766,1.8938032
AT5G49630,0.3026553,0.15981527,1.893782
AT2G31840,0.15646279,0.08262664,1.8936117
AT5G19950,0.124261074,0.06563044,1.8933448
AT4G35180,0.6132329,0.3238891,1.8933421
AT5G14370,0.2326875,0.12290543,1.8932238
AT5G64816,0.17842218,0.094247535,1.8931229
AT1G08840,0.20125279,0.1063134,1.8930142
AT4G17030,0.37778527,0.19959363,1.892772
AT4G34560,0.28144842,0.14869799,1.8927519
AT2G36370,0.19879982,0.10505493,1.8923415
AT5G58120,0.3313584,0.17511153,1.8922704
AT4G38360,0.08802327,0.046518657,1.8922138
AT2G23580,0.26620933,0.14069723,1.8920722
AT4G24480,0.15606624,0.082484804,1.8920603
AT3G22760,0.22086278,0.116737835,1.8919553
AT3G22900,0.2700723,0.14275303,1.8918847
AT2G03870,0.13586317,0.071817726,1.8917775
AT2G02780,0.24085338,0.12731929,1.8917271
AT5G25160,0.3177524,0.16797169,1.8917019
AT2G37380,0.3199006,0.16917259,1.8909717
AT5G38340,0.26352292,0.13937214,1.890786
AT1G76110,0.2735367,0.14467554,1.8906907
AT1G66610,0.3199292,0.16921577,1.8906583
AT1G03820,0.47036338,0.24880676,1.8904766
AT1G65610,0.35268345,0.18656671,1.8903878
AT3G62630,0.16142732,0.08539653,1.8903263
AT4G13790,0.5659561,0.29941866,1.8901832
AT5G39390,0.30764878,0.16276883,1.8900963
AT5G44460,0.33183432,0.1755648,1.8900958
AT2G37210,0.3645703,0.19288568,1.8900846
AT4G39790,0.24342908,0.1288004,1.8899711
AT3G54980,0.12540326,0.06635635,1.8898453
AT5G25150,0.09370911,0.049587104,1.8897876
AT2G24950,0.22333099,0.118182816,1.8897077
AT1G30490,0.17036554,0.09016323,1.8895234
AT3G50400,0.4154872,0.21989317,1.8894956
AT1G19290,0.17622463,0.09327014,1.8894002
AT5G39430,0.19798237,0.104800895,1.8891284
AT1G45180,0.16733874,0.08858276,1.8890666
AT3G50960,0.19085443,0.101033606,1.8890191
AT5G51720,0.44127247,0.23360176,1.8889945
AT1G10350,0.10712626,0.056713782,1.8888925
AT5G56540,0.36692497,0.19427302,1.8887076
AT1G52390,0.48990044,0.25943217,1.8883566
AT3G19270,0.4407365,0.23344119,1.8879979
AT5G38150,0.21530738,0.114040874,1.8879843
AT5G37660,0.16074133,0.085142806,1.8879025
AT1G14180,0.17906769,0.09485115,1.8878808
AT4G38370,0.13022707,0.06898269,1.8878223
AT4G32450,0.1460313,0.07737723,1.8872644
AT5G04190,0.3753809,0.19891635,1.8871293
AT5G03170,0.2853642,0.15122022,1.887077
AT1G08430,0.5286257,0.2801335,1.8870494
AT5G63340,0.35275537,0.18694319,1.8869655
AT2G43040,0.1573019,0.08336271,1.8869574
AT1G28100,0.19333802,0.10247467,1.8866907
AT3G44350,0.5951824,0.3155079,1.8864264
AT2G26810,0.13607748,0.07214138,1.8862609
AT5G10220,0.35544562,0.18844277,1.8862257
AT1G51620,0.44284523,0.23478219,1.8861959
AT4G10910,0.4894644,0.25951144,1.8860995
AT3G55120,0.4304871,0.22825532,1.8859892
AT4G33660,0.3768075,0.19979973,1.8859259
AT4G30380,0.45640048,0.24204977,1.8855646
AT3G47530,0.17775282,0.094281144,1.8853484
AT2G02730,0.14512716,0.07697712,1.8853284
AT2G03580,0.28394094,0.1506152,1.8852075
AT1G34180,0.3345124,0.17746432,1.8849556
AT5G20850,0.27107474,0.1438285,1.8847079
AT5G27750,0.16024464,0.08502467,1.884684
AT3G58520,0.209827,0.11135714,1.8842707
AT4G37130,0.09013845,0.04784508,1.8839644
AT4G17180,0.12420297,0.06592951,1.883875
AT2G46190,0.24345183,0.12923163,1.8838407
AT3G07000,0.37079757,0.19684888,1.883666
AT3G32190,0.19471434,0.103374034,1.8835902
AT1G50110,0.28923297,0.15356529,1.8834527
AT4G00780,0.32490525,0.17250517,1.883452
AT1G28395,0.1470767,0.07808908,1.8834475
AT5G45780,0.18792048,0.09980272,1.8829193
AT5G63560,0.36040923,0.19141252,1.8828925
AT5G40280,0.10633952,0.05649568,1.8822589
AT4G08300,0.53687066,0.2852296,1.8822404
AT1G30850,0.43969473,0.23362243,1.882074
AT5G61310,0.16901796,0.08980425,1.8820707
AT4G32890,0.20163602,0.10713925,1.8819994
AT4G19000,0.3787298,0.20124598,1.8819246
AT5G08139,0.113487,0.060305692,1.8818618
AT2G34090,0.2493572,0.13251242,1.8817645
AT5G18410,0.08759958,0.046562355,1.8813387
AT5G66310,0.18180798,0.09664887,1.8811183
AT5G23350,0.49956235,0.265572,1.8810806
AT2G23530,0.29659274,0.15767145,1.8810806
AT2G10450,0.413168,0.21964578,1.881065
AT4G17200,0.1966231,0.10453072,1.8810077
AT4G33290,0.32087243,0.17058608,1.8809999
AT3G09580,0.26844156,0.14274609,1.8805525
AT4G14100,0.1436217,0.07637491,1.8804826
AT4G11190,0.4492209,0.23896112,1.879891
AT4G14750,0.27244297,0.14493594,1.8797474
AT4G11170,0.54577625,0.29034823,1.8797299
AT4G27330,0.2148885,0.114322305,1.8796724
AT5G41340,0.15310991,0.08146178,1.8795304
AT5G09820,0.20562658,0.109405406,1.8794918
AT4G01390,0.6629731,0.35284814,1.8789191
AT5G03510,0.28355226,0.1509213,1.8788086
AT5G13630,0.21116172,0.11240278,1.8786163
AT5G04150,0.75802666,0.40352243,1.8785242
AT1G49310,0.3733293,0.19877253,1.8781734
AT3G50300,0.27132964,0.14446959,1.8781089
AT2G03060,0.20292115,0.10805279,1.8779814
AT3G55530,0.08896054,0.047374226,1.8778254
AT3G51460,0.07394677,0.03937957,1.8777946
AT4G11820,0.101906285,0.054271802,1.8777019
AT4G13100,0.19565894,0.104201734,1.8776935
AT1G30300,0.106860414,0.05692824,1.8771069
AT4G38170,0.10568898,0.05630545,1.8770645
AT4G15060,0.16576536,0.088327326,1.8767165
AT4G38620,0.27919888,0.14878276,1.8765538
AT5G45760,0.14570169,0.077644415,1.8765249
AT5G24420,0.43918854,0.23404379,1.8765228
AT4G00490,0.18222412,0.09711518,1.876371
AT4G24130,0.3399853,0.18119384,1.8763622
AT2G04845,0.12222808,0.06514712,1.8761853
AT3G26950,0.09010799,0.048031066,1.8760352
AT4G35250,0.15661128,0.08348181,1.8759927
AT1G29780,0.34082496,0.18169719,1.8757854
AT3G60370,0.14951222,0.07970751,1.8757606
AT3G10800,0.16431576,0.087601885,1.8757101
AT2G20680,0.15489687,0.08258264,1.8756589
AT2G22260,0.1805864,0.096292205,1.8753998
AT5G05710,0.14923707,0.079587705,1.875127
AT4G03400,0.34305987,0.18295357,1.8751197
AT3G18750,0.22345456,0.11917044,1.8750837
AT3G01890,0.1558053,0.083099015,1.8749355
AT4G17950,0.09808993,0.05231938,1.8748294
AT4G33180,0.13147083,0.07012767,1.8747351
AT4G19450,0.14861704,0.07927604,1.8746778
AT5G65370,0.25116214,0.13397647,1.8746732
AT1G03660,0.51979357,0.27727717,1.8746353
AT4G15980,0.21745962,0.11602625,1.8742276
AT2G34270,0.24127135,0.12873374,1.8741887
AT5G18460,0.15749364,0.084048495,1.8738422
AT1G10640,0.48787525,0.26041225,1.8734728
AT1G20380,0.19419663,0.10367784,1.8730774
AT1G77360,0.23386171,0.124860644,1.8729817
AT2G16090,0.09859957,0.052647974,1.872808
AT4G01680,0.34113097,0.18215825,1.8727175
AT4G11970,0.13173373,0.07034772,1.8726082
AT4G05450,0.13880351,0.07412388,1.872588
AT5G02710,0.1857823,0.09921769,1.8724713
AT5G17240,0.18592784,0.09930221,1.8723433
AT1G64185,0.23614101,0.1261231,1.8723055
AT4G29610,0.59850544,0.31972954,1.8719116
AT3G62020,0.28579786,0.1526795,1.8718809
AT1G62680,0.1978186,0.10567967,1.8718699
AT1G59540,0.22171322,0.11844864,1.8718088
AT2G20850,0.14606552,0.078044884,1.8715577
AT2G40300,0.34593529,0.18487181,1.8712169
AT3G53900,0.16263124,0.086918384,1.8710798
AT2G19010,0.22301787,0.1191934,1.8710588
AT5G25550,0.30601496,0.16356485,1.8709089
AT1G72080,0.26405162,0.14113814,1.8708735
AT5G17620,0.11715226,0.06262705,1.8706334
AT1G68330,0.29312727,0.15670376,1.8705821
AT5G60960,0.16625828,0.0888838,1.8705125
AT2G43590,0.5554646,0.2969593,1.8705075
AT2G29780,0.1698379,0.09080078,1.8704454
AT5G25360,0.13299389,0.07110425,1.8704069
AT2G28180,0.32420424,0.17333403,1.8704014
AT1G02130,0.06154281,0.032907736,1.8701618
AT5G18960,0.10808273,0.05779533,1.8700941
AT3G59110,0.116906516,0.06251389,1.8700885
AT2G27320,0.21717393,0.11613445,1.8700215
AT2G28305,0.32889512,0.17589405,1.8698478
AT5G66620,0.30790976,0.16467696,1.8697802
AT2G16980,0.30172,0.1613799,1.8696254
AT5G25430,0.2252991,0.12052847,1.8692604
AT2G22230,0.16389963,0.087687366,1.8691361
AT1G19740,0.112262346,0.06006262,1.869088
AT5G61370,0.25391975,0.13587631,1.8687563
AT3G03900,0.20153749,0.10785127,1.8686612
AT5G19620,0.07344109,0.039304715,1.8685052
AT1G22650,0.29582602,0.15835568,1.868111
AT4G18860,0.32722446,0.17516351,1.8681085
AT4G22970,0.19070925,0.102086976,1.8681054
AT1G71680,0.2066062,0.11059712,1.8680973
AT1G52590,0.19525881,0.104530886,1.8679532
AT3G48410,0.19094472,0.10222579,1.8678721
AT5G04080,0.2888063,0.15462828,1.8677454
AT3G48250,0.19868144,0.10637938,1.8676686
AT2G22030,0.22048344,0.118057355,1.8675958
AT1G56050,0.15847157,0.08486469,1.8673438
AT3G16880,0.18663426,0.099952236,1.8672343
AT1G80450,0.35390893,0.1895399,1.8672
AT1G74520,0.1317676,0.070581995,1.8668725
AT5G51230,0.09725705,0.052099366,1.8667603
AT4G08870,0.39331004,0.21070349,1.8666517
AT3G55890,0.309014,0.16555336,1.866552
AT1G78930,0.21134593,0.11323242,1.8664788
AT1G68650,0.20986557,0.11244068,1.8664557
AT3G19050,0.2622414,0.14050984,1.8663558
AT4G36150,0.2135617,0.11442914,1.8663226
AT1G36970,0.19069149,0.10219052,1.8660388
AT4G20960,0.10158897,0.054444876,1.8659047
AT1G79840,0.23971544,0.12847263,1.865887
AT3G21070,0.16893594,0.090539865,1.8658733
AT2G39480,0.108013034,0.057899747,1.8655179
AT2G39560,0.30431712,0.16312985,1.8654898
AT4G23290,0.3039382,0.16294326,1.8653008
AT3G50620,0.18885094,0.1012448,1.8652902
AT5G16560,0.29578507,0.15857607,1.8652564
AT1G32630,0.1905708,0.10217203,1.8651953
AT1G67470,0.31222168,0.16739456,1.865184
AT4G33760,0.13127215,0.070381716,1.8651454
AT5G28500,0.1999452,0.1072082,1.8650177
AT3G57670,0.29740512,0.15947299,1.8649246
AT2G35500,0.13565008,0.07274636,1.8646991
AT5G55720,0.4314896,0.23142864,1.8644605
AT1G74055,0.24727406,0.13263252,1.8643544
AT1G73340,0.31380266,0.16831867,1.8643364
AT1G80400,0.1017378,0.05457092,1.8643222
AT3G22840,0.61612314,0.33049476,1.8642448
AT5G02170,0.44488254,0.2386634,1.8640584
AT2G40310,0.19560935,0.104937926,1.864048
AT3G06540,0.09744979,0.052282277,1.8639158
AT4G22756,0.18571232,0.099660404,1.8634512
AT5G65840,0.19115421,0.102582015,1.863428
AT2G12900,0.2607902,0.13996993,1.8631871
AT3G01200,0.13528812,0.07261334,1.8631301
AT2G04660,0.124096006,0.06660706,1.8631058
AT1G65310,0.5254644,0.28210473,1.8626572
AT3G26370,0.0835848,0.04487399,1.8626554
AT3G04110,0.27434084,0.14728662,1.8626323
AT5G06940,0.26921815,0.14454289,1.8625484
AT5G64880,0.15131709,0.081264704,1.862027
AT3G27150,0.28394708,0.15249902,1.8619598
AT2G15640,0.20671071,0.111019135,1.8619375
AT5G20110,0.24675283,0.13255253,1.8615472
AT5G47540,0.16412093,0.08817241,1.8613635
AT2G24540,0.5253628,0.2822677,1.8612218
AT1G33960,0.70883965,0.3808673,1.8611197
AT3G03770,0.22689226,0.12191541,1.861063
AT5G08370,0.19659558,0.105647445,1.8608644
AT4G28490,0.27137554,0.14584464,1.8607163
AT3G53070,0.23818289,0.12801105,1.860643
AT3G29070,0.21546495,0.11580345,1.8606089
AT5G03370,0.1308212,0.070311986,1.8605815
AT2G30480,0.28659427,0.15403962,1.8605229
AT4G37710,0.5783198,0.3108431,1.8604877
AT5G62400,0.31814757,0.17101099,1.8603925
AT3G61980,0.11259441,0.060525894,1.8602681
AT3G55390,0.23654418,0.1271832,1.8598695
AT5G45230,0.21278751,0.11441623,1.8597667
AT1G01420,0.32812682,0.17644155,1.8596911
AT5G45170,0.10304534,0.05541805,1.8594179
AT3G61830,0.17262946,0.09284552,1.8593191
AT2G06040,0.21611936,0.11624818,1.8591202
AT1G70140,0.2258782,0.12149756,1.859117
AT3G05230,0.17761537,0.09553852,1.8590969
AT2G32040,0.08363779,0.044995252,1.8588132
AT5G41760,0.10722676,0.057690922,1.8586414
AT5G53200,0.49532473,0.26651198,1.8585459
AT4G14965,0.083033666,0.04468513,1.8581941
AT5G50420,0.14107615,0.07592549,1.8580866
AT4G19720,0.37399054,0.20130128,1.8578646
AT4G35840,0.20122631,0.10831642,1.8577635
AT1G69050,0.4132464,0.22244622,1.8577361
AT5G64940,0.22744705,0.122441776,1.8575934
AT1G80170,0.19418176,0.10454035,1.8574812
AT5G24140,0.4685364,0.25225446,1.857396
AT1G75730,0.1789839,0.096369825,1.8572606
AT3G27120,0.25794294,0.13890108,1.857026
AT5G44360,0.367904,0.1981276,1.8569043
AT2G26510,0.09094843,0.048982937,1.8567367
AT5G11310,0.1819153,0.09797897,1.8566768
AT3G28700,0.09727254,0.052400697,1.8563211
AT3G27690,0.40239003,0.21677597,1.8562483
AT5G58960,0.12047497,0.06490686,1.8561206
AT3G26744,0.15601607,0.084058955,1.8560313
AT1G36095,0.20610866,0.11104889,1.8560171
AT1G59700,0.24966998,0.13453993,1.8557312
AT2G46750,0.34344405,0.18507218,1.85573
AT5G44650,0.14255214,0.0768319,1.8553768
AT5G40070,0.33519906,0.18067652,1.855244
AT1G61170,0.1700833,0.09168872,1.8550076
AT1G71750,0.15835932,0.085377455,1.854814
AT4G23980,0.10459137,0.056392908,1.8546897
AT5G37140,0.19083048,0.10289265,1.854656
AT2G21590,0.3062479,0.16514547,1.8544127
AT3G61850,0.15186119,0.081905745,1.8540968
AT3G54790,0.16489238,0.08893861,1.854002
AT3G13480,0.17119706,0.09235529,1.8536788
AT2G35980,0.5285732,0.28517,1.8535373
AT1G25290,0.11698016,0.06311264,1.8535137
AT4G39510,0.3203426,0.17283198,1.8534913
AT5G05940,0.2744195,0.14807618,1.8532317
AT5G14900,0.37984413,0.20496385,1.8532249
AT1G02310,0.42659092,0.2302484,1.852742
AT1G44100,0.21371348,0.115366094,1.8524808
AT4G16570,0.1257252,0.06786881,1.8524737
AT5G16970,0.36975574,0.19961096,1.8523818
AT2G27260,0.15430342,0.083308466,1.8521936
AT3G09980,0.13556366,0.07320048,1.8519502
AT1G27700,0.13554949,0.073194206,1.8519154
AT5G52760,0.7259489,0.3920217,1.8518081
AT5G44510,0.14528817,0.078458734,1.851778
AT4G22760,0.25144488,0.13581401,1.8513911
AT5G35480,0.44993708,0.24303025,1.8513623
AT4G23440,0.11347771,0.06129492,1.8513391
AT1G62810,0.2004879,0.108296044,1.8512946
AT5G66690,0.25129253,0.13574451,1.8512167
AT3G18610,0.3432143,0.18540776,1.8511323
AT5G59500,0.129596,0.07000968,1.8511152
AT1G06820,0.09183271,0.04961534,1.8508931
AT3G24010,0.089978516,0.048615877,1.8508048
AT5G64000,0.46554628,0.25155935,1.850642
AT4G28640,0.1673246,0.090430714,1.8503071
AT2G24330,0.10197975,0.05511504,1.8503066
AT5G24970,0.1298496,0.070181176,1.8502053
AT1G74480,0.3783103,0.20448378,1.8500748
AT5G60840,0.17770259,0.096055575,1.8499975
AT1G19670,0.3941326,0.21305537,1.8499068
AT1G47480,0.23171817,0.12526342,1.8498468
AT1G62010,0.17340536,0.09374503,1.8497552
AT4G04320,0.12751858,0.06894094,1.8496784
AT5G19340,0.23183775,0.12535258,1.849485
AT3G13390,0.33481863,0.1810411,1.8494065
AT5G51090,0.23839398,0.1289219,1.8491347
AT5G23140,0.0789811,0.042713214,1.8491018
AT3G63350,0.5592751,0.30245936,1.8490916
AT5G22760,0.089494385,0.048401795,1.8489885
AT3G08960,0.14724456,0.079640076,1.848875
AT1G21250,0.5012105,0.2711234,1.8486434
AT3G07800,0.20141096,0.10895111,1.8486362
AT1G21200,0.11510467,0.062272295,1.8484086
AT4G05140,0.2110601,0.11418843,1.8483492
AT5G53090,0.16114892,0.08719275,1.8481915
AT1G70540,0.16420919,0.08885012,1.8481593
AT5G46470,0.16898742,0.09145069,1.8478527
AT1G68630,0.40609452,0.21977118,1.847806
AT3G62800,0.11390807,0.061651368,1.8476158
AT1G12230,0.12231825,0.06620446,1.847583
AT5G10170,0.22617565,0.12244421,1.847173
AT2G27750,0.29466844,0.15953165,1.8470843
AT3G02680,0.19529364,0.105731554,1.8470703
AT4G08685,0.18194598,0.098509274,1.8469932
AT2G22050,0.1956158,0.105930455,1.8466434
AT3G53060,0.32321858,0.17505166,1.8464181
AT4G17670,0.40940145,0.22182138,1.8456355
AT4G13270,0.13188991,0.071465485,1.8455048
AT2G29370,0.43818715,0.23745161,1.8453743
AT2G26450,0.41293004,0.22378372,1.8452193
AT2G31770,0.22923413,0.124234885,1.845167
AT1G26320,0.17565952,0.09521469,1.8448783
AT1G17750,0.26901942,0.14584121,1.8446048
AT1G28250,0.1647154,0.089297965,1.8445592
AT5G35670,0.23637645,0.12814993,1.8445303
AT4G29340,0.44640625,0.24202147,1.8444902
AT2G30330,0.11948623,0.064786844,1.8442975
AT1G11080,0.55539834,0.30115923,1.8442016
AT2G23760,0.20346399,0.11033341,1.8440831
AT4G39630,0.26616004,0.14435054,1.8438449
AT5G05560,0.13874239,0.07525653,1.8435925
AT3G16700,0.23344885,0.12662922,1.843562
AT3G45260,0.26285857,0.14259008,1.843456
AT5G65120,0.17297123,0.09384883,1.8430834
AT1G49015,0.20928338,0.11355161,1.8430682
AT4G23760,0.40380085,0.21910946,1.8429183
AT5G05930,0.13911974,0.07550244,1.8425859
AT2G20660,0.26066834,0.14147827,1.8424618
AT5G37830,0.07614726,0.04133309,1.8422827
AT1G68710,0.1966131,0.106729366,1.8421649
AT4G22790,0.27107957,0.14715584,1.8421257
AT5G23430,0.120435156,0.06539434,1.8416753
AT1G76120,0.16348386,0.08877862,1.8414776
AT1G80010,0.079782836,0.043325976,1.8414546
AT3G44610,0.21071842,0.11443418,1.841394
AT3G63290,0.14772508,0.0802255,1.841373
AT1G04470,0.40212163,0.21839598,1.8412501
AT3G12300,0.16639057,0.09037322,1.841149
AT1G28360,0.41483918,0.22531605,1.8411434
AT2G35910,0.26789945,0.14551646,1.841025
AT3G47910,0.13733119,0.074604645,1.8407859
AT5G62040,0.54116637,0.2939985,1.8407112
AT5G52250,0.34186864,0.18572856,1.8406894
AT1G80140,0.22264503,0.120959654,1.8406552
AT1G22300,0.085533716,0.04647258,1.8405197
AT1G79060,0.23544708,0.12792753,1.8404721
AT3G45610,0.23458539,0.12749004,1.8400289
AT3G45420,0.25330436,0.13766341,1.8400266
AT2G46200,0.14235899,0.0773704,1.8399669
AT3G19880,0.21923237,0.11915216,1.839936
AT1G64050,0.14712071,0.07996432,1.8398293
AT3G15910,0.23067619,0.12538488,1.8397446
AT1G08090,0.59151936,0.3215605,1.8395274
AT1G43320,0.23354946,0.12697028,1.8394024
AT4G00460,0.29435787,0.16003376,1.8393483
AT1G31220,0.11995713,0.06521959,1.8392805
AT5G37010,0.19618331,0.106687926,1.8388519
AT1G23910,0.44337767,0.24113439,1.8387159
AT3G20560,0.11991206,0.065215595,1.838702
AT1G50360,0.12049097,0.06553808,1.8384877
AT1G10870,0.13452439,0.073172525,1.8384547
AT1G26420,0.5455163,0.29676276,1.8382236
AT5G07390,0.28877684,0.15712386,1.8378928
AT1G65520,0.18061385,0.09827506,1.83784
AT3G54250,0.16079974,0.08750339,1.83764
AT4G15140,0.25016454,0.13617742,1.8370484
AT1G09415,0.28374904,0.15446499,1.8369795
AT4G05090,0.11819193,0.06434126,1.8369536
AT3G61350,0.13687232,0.0745106,1.8369509
AT1G30000,0.09928432,0.05404973,1.8369066
AT1G56020,0.1619524,0.08817266,1.8367643
AT3G14900,0.31322512,0.17053224,1.83675
AT2G07680,0.1987665,0.10822424,1.836617
AT5G38280,0.24836782,0.13525063,1.8363522
AT3G17250,0.14553292,0.07925447,1.8362738
AT5G09550,0.22330645,0.12161132,1.8362306
AT3G13950,0.5053114,0.2751936,1.8362035
AT5G06930,0.22143973,0.120596796,1.836199
AT3G11080,0.32104865,0.17485712,1.8360626
AT1G48360,0.13402902,0.07300131,1.8359808
AT1G55930,0.1410246,0.07682166,1.8357399
AT3G54150,0.50698614,0.27619353,1.8356192
AT2G26400,0.81183887,0.4423426,1.8353169
AT5G06590,0.21639751,0.117935404,1.8348815
AT3G07210,0.15407954,0.083973944,1.8348492
AT5G48640,0.12954223,0.07060117,1.8348452
AT4G16120,0.16917495,0.09220816,1.8347068
AT2G21830,0.19246778,0.1049041,1.834702
AT1G52310,0.09856259,0.053722728,1.8346531
AT5G26130,0.2816942,0.15354873,1.8345588
AT2G21150,0.09428415,0.051394243,1.834527
AT4G27050,0.14849286,0.08095107,1.834353
AT5G57970,0.1897228,0.1034365,1.8341957
AT4G39620,0.15963617,0.087038375,1.8340893
AT4G21140,0.18564056,0.10122826,1.8338807
AT2G35360,0.14387184,0.078454465,1.833826
AT1G07540,0.27739897,0.15127009,1.833799
AT4G30940,0.19177684,0.104591414,1.833581
AT2G39180,0.25824484,0.14086707,1.8332518
AT1G34120,0.12081788,0.065907605,1.8331399
AT4G27760,0.117835194,0.06428586,1.8329875
AT5G16710,0.093006834,0.050743632,1.8328766
AT3G25790,0.33431858,0.18240505,1.832836
AT5G53580,0.15714121,0.085737035,1.8328274
AT3G01480,0.16099739,0.0878435,1.8327751
AT1G50530,0.2755049,0.15032645,1.8327105
AT3G63270,0.11393342,0.06217081,1.8325866
AT1G77400,0.28686324,0.15654056,1.8325169
AT1G22890,0.45094845,0.24612084,1.8322237
AT5G19830,0.13230857,0.072214305,1.8321655
AT3G44450,0.51201713,0.2794826,1.8320179
AT5G11600,0.17843984,0.097416006,1.83173
AT2G34450,0.1713488,0.09354982,1.8316314
AT4G35905,0.16002625,0.08736863,1.8316213
AT3G02450,0.11814773,0.064505845,1.8315816
AT4G24000,0.525798,0.2870734,1.8315804
AT3G52370,0.25164315,0.13740462,1.8314022
AT1G64970,0.23521225,0.12843835,1.8313239
AT5G60760,0.27563855,0.15053749,1.831029
AT1G77330,0.18227959,0.09956309,1.8307946
AT1G18250,0.23414724,0.12791386,1.8305069
AT1G59950,0.55304694,0.3021381,1.8304443
AT5G09980,0.30964243,0.16917072,1.8303546
AT1G12180,0.2541977,0.13888308,1.8302996
AT3G56760,0.12512264,0.06836857,1.8301191
AT4G32880,0.14530621,0.07940354,1.8299713
AT1G57590,0.50772685,0.2774544,1.829947
AT2G30300,0.39158943,0.21401787,1.8297043
AT2G15790,0.1797226,0.098227344,1.8296595
AT3G44940,0.20075458,0.10972432,1.8296269
AT1G69100,0.2147797,0.11740142,1.8294472
AT5G53140,0.08245481,0.0450734,1.8293447
AT2G44210,0.17788945,0.09724323,1.8293247
AT4G14090,0.5662809,0.3095755,1.8292174
AT4G38900,0.10347333,0.056572385,1.8290427
AT2G40350,0.70097893,0.38330007,1.8287994
AT2G39190,0.15822677,0.08652654,1.82865
AT3G52760,0.1508831,0.08251098,1.8286425
AT4G17510,0.1254431,0.06860128,1.8285823
AT3G15650,0.42607617,0.23301636,1.8285246
AT4G33460,0.13127309,0.07179331,1.8284862
AT1G55220,0.18894187,0.1033363,1.8284171
AT4G35410,0.14540114,0.07954944,1.8278083
AT1G17910,0.21646662,0.11843441,1.8277341
AT5G58690,0.20595758,0.11269422,1.8275788
AT1G80760,0.4578975,0.25055397,1.8275405
AT5G35230,0.20848571,0.11408923,1.8273916
AT5G05130,0.15195933,0.083157465,1.8273683
AT4G19540,0.16309145,0.08925748,1.827202
AT4G34330,0.3112166,0.1703423,1.8270069
AT4G24175,0.20719612,0.11341416,1.826898
AT5G35630,0.09885391,0.05411213,1.8268342
AT2G40030,0.14256322,0.07804736,1.8266244
AT1G47740,0.10437938,0.057145618,1.8265505
AT4G00670,0.51715493,0.28315875,1.8263781
AT1G49750,0.27160472,0.1487216,1.8262625
AT1G26220,0.31634146,0.17321958,1.8262453
AT5G50760,0.43071267,0.2358541,1.8261825
AT1G54640,0.2606176,0.1427148,1.8261427
AT1G20816,0.16393173,0.08977942,1.8259386
AT1G76780,0.2485486,0.13612567,1.8258759
AT5G16870,0.18085338,0.09905185,1.8258455
AT3G27640,0.28948918,0.15856032,1.8257352
AT3G18390,0.15221548,0.083373256,1.825711
AT1G26650,0.12959136,0.070984915,1.8256181
AT2G17975,0.15646805,0.08572458,1.8252412
AT2G21100,0.33538797,0.18377334,1.8250087
AT1G05150,0.12653857,0.06933617,1.8250008
AT1G77850,0.14566588,0.07984974,1.8242497
AT3G22520,0.08237615,0.04515837,1.8241608
AT4G36530,0.16687047,0.09148798,1.8239604
AT5G06760,0.6272774,0.3439867,1.8235513
AT5G06710,0.20750728,0.11380113,1.8234202
AT1G71030,0.49051163,0.26901394,1.8233688
AT5G28210,0.23779422,0.13042946,1.8231632
AT3G20870,0.09178894,0.05034675,1.8231349
AT4G20790,0.22888614,0.12555146,1.8230462
AT2G07440,0.27755007,0.15226427,1.822818
AT5G13700,0.3376378,0.1852381,1.8227233
AT3G60490,0.35198337,0.19311279,1.8226827
AT2G05160,0.4012872,0.22016469,1.8226682
AT1G73050,0.35878724,0.19686435,1.8225098
AT4G11160,0.088849,0.048755314,1.8223445
AT2G12880,0.23434629,0.1286032,1.8222427
AT4G09360,0.21547908,0.11825625,1.8221368
AT1G22830,0.21997207,0.12074317,1.8218179
AT2G37980,0.2620575,0.14384665,1.8217838
AT1G59970,0.14819954,0.08134864,1.8217825
AT5G65600,0.41829848,0.22963952,1.8215439
AT1G02813,0.49616677,0.2723916,1.8215202
AT1G26840,0.2596331,0.14254318,1.8214345
AT3G62780,0.39266026,0.21559073,1.8213224
AT1G07430,0.51030535,0.28020966,1.8211554
AT1G43630,0.19769931,0.108557776,1.8211436
AT2G17570,0.13741614,0.07546788,1.8208559
AT1G71440,0.111375906,0.061169367,1.8207787
AT2G18910,0.19474976,0.106963456,1.8207129
AT5G59560,0.11582179,0.06362639,1.8203417
AT4G33400,0.1765197,0.0969727,1.8203031
AT5G40970,0.20640357,0.11339215,1.8202631
AT5G62100,0.30616447,0.16821869,1.8200382
AT5G22730,0.09975214,0.054810535,1.8199444
AT2G23230,0.29981202,0.16474709,1.8198318
AT1G19410,0.3342815,0.18369402,1.8197733
AT1G23600,0.33311984,0.183071,1.8196208
AT1G61580,0.17835294,0.098024294,1.8194767
AT1G67890,0.1031008,0.056668203,1.8193761
AT3G13150,0.20155755,0.11078786,1.8193107
AT3G20790,0.09724426,0.053455625,1.8191583
AT2G32370,0.29046163,0.15968837,1.8189278
AT4G35170,0.40008172,0.21996927,1.8188072
AT1G31760,0.24216571,0.13314602,1.8187978
AT1G02900,0.22946137,0.12617151,1.8186462
AT1G72280,0.22531132,0.123898126,1.8185208
AT1G64960,0.14015068,0.07707375,1.8183968
AT1G79080,0.13073295,0.07189799,1.8183115
AT4G21820,0.25665462,0.1411565,1.8182273
AT5G34940,0.2084719,0.11468474,1.8177823
AT3G20910,0.13430113,0.0738828,1.8177588
AT5G18110,0.10380137,0.057137996,1.8166782
AT3G47140,0.23739022,0.13067421,1.8166567
AT1G27520,0.13393095,0.073741384,1.8162249
AT2G30200,0.099199936,0.0546192,1.8162096
AT2G43510,0.63797593,0.35127813,1.8161561
AT5G15210,0.1923243,0.105897084,1.8161433
AT2G25100,0.12891246,0.07099742,1.8157344
AT2G47500,0.15883903,0.08748251,1.815666
AT1G22690,0.3442496,0.18960407,1.8156233
AT4G37310,0.30816847,0.16974472,1.8154818
AT5G37380,0.09308589,0.05127975,1.815256
AT4G02890,0.09431254,0.051955987,1.8152387
AT3G44780,0.22335997,0.12304997,1.8151972
AT1G61560,0.31618088,0.17420071,1.8150377
AT5G22220,0.14027417,0.07728788,1.8149567
AT5G05090,0.3226655,0.1778029,1.8147368
AT5G40530,0.12744683,0.07023717,1.8145211
AT2G35760,0.2628029,0.14484201,1.8144106
AT3G12090,0.15106685,0.083267465,1.814236
AT5G16610,0.09896084,0.054547988,1.8141974
AT1G72260,0.60204965,0.33185732,1.8141822
AT1G09910,0.143912,0.07932655,1.8141718
AT2G24940,0.2063497,0.11375273,1.8140197
AT4G11770,0.20702422,0.11414247,1.8137351
AT3G13060,0.09790298,0.053978804,1.8137298
AT2G39530,0.42275643,0.23309594,1.8136584
AT5G43480,0.45615336,0.2515243,1.8135558
AT5G66550,0.15427867,0.08507394,1.8134655
AT4G25490,0.65232486,0.35972828,1.8133821
AT4G17000,0.24215116,0.13354711,1.8132262
AT2G21680,0.19078822,0.1052411,1.8128679
AT5G55600,0.11579797,0.06387959,1.8127537
AT1G34760,0.34296763,0.18919855,1.812739
AT5G54260,0.17062165,0.094127044,1.8126739
AT5G42970,0.086252846,0.047584567,1.8126218
AT1G60400,0.17858121,0.098529816,1.8124584
AT3G04860,0.1864518,0.102893166,1.812091
AT1G06070,0.086364135,0.047660556,1.8120669
AT5G44370,0.124557406,0.06873816,1.812056
AT5G50840,0.1459597,0.08055872,1.8118423
AT2G18410,0.10828117,0.05976668,1.8117311
AT1G29440,0.37669474,0.20792572,1.8116792
AT5G24330,0.3048786,0.16830157,1.8115016
AT3G30280,0.20520712,0.11328019,1.8115004
AT3G58630,0.13087015,0.072252266,1.8112946
AT5G15920,0.165762,0.09151585,1.8112928
AT5G44080,0.10727766,0.059230965,1.811175
AT5G45400,0.13875106,0.07660947,1.8111475
AT3G11580,0.2763753,0.15263903,1.810646
AT2G18520,0.22058977,0.12184931,1.8103487
AT5G15400,0.09743916,0.05383319,1.8100199
AT1G74720,0.1043647,0.057668608,1.8097312
AT1G79810,0.0892526,0.049321745,1.8095989
AT2G25630,0.19280703,0.106554195,1.8094738
AT4G32560,0.11450676,0.06328846,1.8092833
AT2G01820,0.08972243,0.049595814,1.8090723
AT5G50470,0.30264542,0.16729444,1.8090582
AT2G02880,0.14419222,0.07971451,1.8088578
AT5G21020,0.19700405,0.10892193,1.808672
AT4G00420,0.12194009,0.06742231,1.8086014
AT1G36510,0.17756547,0.098205246,1.8081056
AT3G28510,0.7744884,0.4283887,1.8079103
AT3G04250,0.2446239,0.13531958,1.8077494
AT5G61010,0.2522604,0.13955367,1.8076226
AT5G19010,0.08807498,0.048728693,1.8074559
AT1G09520,0.11307092,0.06255867,1.8074378
AT4G38200,0.07765276,0.042963658,1.8074052
AT2G17530,0.10526661,0.05824695,1.8072463
AT2G18245,0.15246141,0.08436387,1.8071883
AT3G13772,0.08698687,0.048134316,1.8071691
AT5G18940,0.08746349,0.048398126,1.8071665
AT1G48310,0.13828547,0.07652117,1.8071529
AT4G19170,0.34590644,0.19144149,1.8068519
AT3G02920,0.16795203,0.09295682,1.8067746
AT1G68810,0.15816842,0.08755434,1.806517
AT5G58340,0.21762794,0.12046839,1.8065147
AT3G53350,0.23512834,0.13015768,1.8064883
AT2G16810,0.21828449,0.12083895,1.8064083
AT5G25510,0.103893355,0.05751766,1.8062859
AT1G11590,0.3143095,0.17404899,1.8058679
AT1G32070,0.10981775,0.060814258,1.8057892
AT1G31960,0.23959568,0.13268289,1.8057766
AT3G52640,0.09609871,0.053220954,1.8056552
AT2G36200,0.25926,0.14359182,1.8055344
AT1G50080,0.3466555,0.19200988,1.8054043
AT1G80870,0.161901,0.08967718,1.8053756
AT4G27650,0.08222858,0.045552853,1.8051242
AT2G43130,0.12461246,0.06904337,1.8048431
AT5G53510,0.20702367,0.11470643,1.804813
AT5G16030,0.28912053,0.160196,1.8047922
AT3G48450,0.41835564,0.23181006,1.8047345
AT3G25440,0.19674334,0.10902467,1.8045762
AT4G03580,0.3029534,0.16788098,1.8045722
AT5G65180,0.085005976,0.047106516,1.8045478
AT1G19900,0.36904794,0.20451394,1.8045123
AT1G50160,0.31654006,0.17541894,1.8044803
AT1G13410,0.23214898,0.12865926,1.8043703
AT1G50000,0.15419903,0.08545894,1.8043638
AT3G21170,0.19759618,0.10951049,1.8043584
AT5G48870,0.19047129,0.1055624,1.8043478
AT5G51880,0.11489758,0.063678354,1.8043426
AT5G47790,0.11342136,0.0628685,1.8041046
AT1G53010,0.20135464,0.11161115,1.8040726
AT3G10580,0.23744085,0.13162267,1.8039508
AT3G44850,0.11140435,0.061758656,1.8038659
AT1G78890,0.16866396,0.09350554,1.8037857
AT1G31500,0.102908544,0.057057943,1.8035793
AT5G13870,0.19111383,0.105970636,1.8034601
AT3G44530,0.10299536,0.057112847,1.8033655
AT5G02380,0.094050854,0.052153423,1.8033493
AT3G07610,0.14862514,0.08241872,1.8032933
AT4G38160,0.15131383,0.08391138,1.8032573
AT5G35570,0.13243783,0.0734501,1.803099
AT1G55970,0.13802047,0.07655003,1.8030099
AT5G35580,0.25616133,0.14208661,1.8028532
AT2G32360,0.23112422,0.12820384,1.8027868
AT4G29990,0.24693479,0.13697658,1.8027517
AT1G18900,0.12574182,0.06975335,1.8026634
AT4G00330,0.22806078,0.12651557,1.80263
AT2G20480,0.3334203,0.18499291,1.8023409
AT1G10530,0.38178757,0.21184522,1.8022004
AT3G49640,0.14259146,0.07912467,1.8021111
AT1G31160,0.12780721,0.07092125,1.8021003
AT3G14620,0.42444053,0.23554565,1.8019458
AT1G12610,0.61862934,0.34334582,1.8017675
AT1G15080,0.20142145,0.11179567,1.8016927
AT3G06110,0.13157415,0.07303031,1.8016375
AT5G49170,0.3962998,0.2199722,1.8015903
AT3G13672,0.44828132,0.2488254,1.8015897
AT3G53440,0.12860622,0.07138739,1.8015255
AT1G56590,0.10392457,0.057692572,1.8013506
AT1G65060,0.48263615,0.2679351,1.8013175
AT5G11400,0.21671173,0.12032038,1.8011223
AT3G26800,0.26292846,0.14598082,1.8011162
AT1G61930,0.41385344,0.22979872,1.8009387
AT1G24110,0.20465183,0.11363779,1.8009135
AT4G31250,0.24610269,0.13665651,1.8008851
AT5G27240,0.15417446,0.0856105,1.8008825
AT4G22850,0.120504595,0.066925906,1.800567
AT3G22180,0.13485749,0.07491616,1.8001119
AT4G31670,0.12995024,0.07219788,1.7999176
AT5G56320,0.33544537,0.18637128,1.7998768
AT3G51870,0.19357514,0.107582085,1.799325
AT5G08170,0.101532675,0.05642995,1.799269
AT1G78410,0.5719965,0.31790686,1.7992582
AT1G58230,0.10351616,0.057536036,1.7991532
AT1G36390,0.12928973,0.0718624,1.7991289
AT1G33700,0.22341196,0.1241906,1.7989441
AT1G08490,0.061989468,0.034458894,1.798939
AT4G26100,0.059794646,0.0332438,1.7986699
AT1G54680,0.19528513,0.10858123,1.7985163
AT3G28520,0.23135975,0.12864542,1.7984295
AT2G26350,0.087922394,0.04889329,1.7982503
AT3G61670,0.10204299,0.056746397,1.7982281
AT5G14940,0.30783355,0.17119223,1.7981746
AT1G72490,0.4052277,0.22536224,1.7981169
AT2G46700,0.10593099,0.058917854,1.7979435
AT4G21720,0.15969239,0.08883698,1.797589
AT1G01440,0.13379934,0.07444065,1.7973961
AT2G39400,0.38991004,0.21693584,1.7973517
AT1G13380,0.13462363,0.074901894,1.7973326
AT1G67110,0.36763892,0.20455565,1.7972561
AT5G01470,0.14722723,0.081917875,1.7972538
AT5G55710,0.1327653,0.07387517,1.797157
AT4G14240,0.14396316,0.080116846,1.7969148
AT1G50020,0.1682859,0.093653195,1.796905
AT5G63140,0.2504652,0.1394015,1.7967181
AT4G35987,0.14300175,0.07959712,1.7965691
AT5G07990,0.49524617,0.27567893,1.79646
AT3G09140,0.22180536,0.123475075,1.7963573
AT5G61000,0.23247613,0.12941858,1.7963116
AT1G53340,0.33467695,0.18631697,1.7962772
AT2G10970,0.21590789,0.12020729,1.7961297
AT3G18524,0.11214985,0.062442705,1.7960438
AT4G00170,0.13866639,0.07721197,1.7959182
AT4G35350,0.27045232,0.15060219,1.7958058
AT3G07990,0.1641888,0.091435656,1.7956758
AT1G11440,0.18576397,0.10346882,1.7953616
AT3G03600,0.10429326,0.05809444,1.7952362
AT4G23940,0.12360745,0.06886036,1.7950449
AT1G47410,0.18346335,0.102211,1.7949471
AT3G49860,0.34693205,0.19330806,1.7947106
AT5G14960,0.30297452,0.16881694,1.7946925
AT1G05850,0.07450925,0.041517027,1.7946668
AT1G28090,0.10113006,0.05635344,1.7945673
AT5G58580,0.23966628,0.13355267,1.7945448
AT4G24790,0.14403698,0.080265895,1.7944977
AT4G37740,0.22004235,0.12262671,1.794408
AT1G24140,0.4771167,0.265891,1.7944072
AT5G49660,0.19941291,0.11114668,1.7941418
AT1G02980,0.44732353,0.24935864,1.7938962
AT1G06450,0.24092068,0.13430712,1.793804
AT4G23310,0.5182621,0.2889214,1.7937824
AT5G35700,0.123347044,0.06876996,1.7936178
AT4G30340,0.19217971,0.10715501,1.7934737
AT3G43660,0.2606431,0.14533554,1.7933884
AT1G78310,0.16737832,0.09335584,1.7929066
AT5G64330,0.16165811,0.09016719,1.7928705
AT2G11890,0.110447764,0.061609168,1.792716
AT1G14680,0.35778245,0.19959219,1.7925673
AT3G29590,0.56548375,0.3154698,1.7925131
AT4G21430,0.13243742,0.07388401,1.7925043
AT1G09500,0.5915851,0.3300472,1.7924258
AT1G06420,0.38579416,0.2152452,1.7923472
AT1G66380,0.41174966,0.22972706,1.7923428
AT5G60070,0.16327925,0.091099575,1.7923161
AT4G34730,0.1756994,0.09804526,1.7920233
AT2G18760,0.14572607,0.08133164,1.7917511
AT2G03430,0.1691523,0.09440886,1.7916993
AT1G67820,0.2593915,0.14481527,1.7911886
AT5G38910,0.60817,0.33953804,1.7911689
AT3G47050,0.36391836,0.20317376,1.791168
AT4G39330,0.25826705,0.14420304,1.7909957
AT4G25450,0.088553384,0.04945125,1.7907205
AT5G25140,0.4051659,0.22629274,1.7904502
AT4G23090,0.22853589,0.12764275,1.7904335
AT5G25250,0.49257556,0.27512157,1.7903924
AT5G62470,0.26805612,0.14972253,1.7903525
AT1G17000,0.21005093,0.11733365,1.7902018
AT3G15470,0.09236098,0.0515955,1.7900971
AT3G29970,0.6992218,0.39068043,1.7897538
AT4G20200,0.18036616,0.100777864,1.7897397
AT1G17960,0.4736793,0.26467487,1.7896649
AT1G76640,0.6743926,0.37683833,1.7896072
AT1G05385,0.21509285,0.120192036,1.7895764
AT1G04520,0.19368169,0.10823321,1.7894846
AT4G01420,0.45479605,0.25415462,1.7894462
AT1G74000,0.4075555,0.22777943,1.7892549
AT5G55830,0.29296806,0.16378021,1.7887877
AT1G24350,0.112659775,0.06298257,1.7887452
AT5G05960,0.34641233,0.19366683,1.7887022
AT1G04640,0.18155925,0.10150676,1.7886418
AT1G12530,0.15644816,0.0874779,1.7884305
AT2G37975,0.1814076,0.10143691,1.7883785
AT2G20350,0.29713175,0.16615513,1.7882789
AT5G55400,0.20578988,0.11508331,1.7881817
AT4G32680,0.09151094,0.051179547,1.7880368
AT3G23400,0.12173845,0.068088055,1.7879559
AT5G58250,0.14958651,0.08366589,1.787903
AT2G37650,0.14511313,0.081165165,1.7878743
AT5G15250,0.4915666,0.27494732,1.7878574
AT2G37390,0.32738915,0.18313113,1.7877306
AT5G38220,0.11590123,0.06483341,1.7876773
AT3G18110,0.11661087,0.06523081,1.7876654
AT4G20220,0.25420514,0.14220348,1.7876153
AT4G35490,0.08956417,0.050106015,1.7874929
AT5G44350,0.33274317,0.1861601,1.7874031
AT4G29130,0.10934772,0.061190903,1.7869928
AT3G45010,0.19497672,0.10911785,1.7868452
AT2G18290,0.17229246,0.09642389,1.7868233
AT1G01520,0.6415229,0.35904673,1.7867392
AT5G12970,0.21679115,0.12134858,1.7865156
AT3G62440,0.23792826,0.133186,1.7864357
AT1G34650,0.23795722,0.13320829,1.7863543
AT5G42860,0.25178015,0.14096187,1.7861576
AT5G08360,0.3791051,0.21228121,1.7858626
AT2G47450,0.16184205,0.09063374,1.7856709
AT5G27970,0.09750577,0.054607224,1.7855834
AT5G16990,0.17013583,0.09528892,1.7854732
AT5G50500,0.19013026,0.10648958,1.7854353
AT4G15090,0.105149545,0.05889694,1.7853138
AT3G27670,0.106118895,0.059441507,1.7852656
AT1G09950,0.54315245,0.3042631,1.7851409
AT3G22070,0.36464688,0.20426947,1.7851266
AT3G12210,0.102535814,0.057448503,1.7848297
AT1G16330,0.2938045,0.16462849,1.7846514
AT1G71720,0.14177433,0.07944445,1.7845715
AT3G16040,0.6192481,0.34701148,1.7845176
AT4G08370,0.26087692,0.14619218,1.7844791
AT3G07840,0.20002198,0.11210221,1.7842821
AT2G45880,0.11723457,0.065705545,1.7842414
AT5G04260,0.10655531,0.059730653,1.7839298
AT3G51320,0.13055345,0.07318474,1.7838887
AT5G10910,0.12318446,0.06905695,1.7838095
AT2G16730,0.3067511,0.1719812,1.7836314
AT1G73790,0.25495327,0.14294422,1.7835855
AT4G36540,0.24838759,0.13926497,1.783561
AT3G57020,0.42810297,0.24002874,1.7835487
AT5G43670,0.11365611,0.06372588,1.7835155
AT5G37230,0.295732,0.16581458,1.7835101
AT1G51170,0.19820781,0.111150965,1.7832305
AT1G77660,0.18558913,0.104076415,1.7832005
AT4G16130,0.09808306,0.05501025,1.7829956
AT3G51180,0.18996118,0.10654081,1.7829897
AT3G51110,0.19557594,0.10969019,1.7829846
AT5G13390,0.08082856,0.045338962,1.7827612
AT5G60090,0.1943454,0.109020054,1.7826573
AT3G04590,0.0826559,0.046369445,1.7825506
AT3G60660,0.1951032,0.109457396,1.7824577
AT2G20290,0.14016223,0.07863458,1.7824501
AT3G46570,0.18739031,0.105136946,1.7823449
AT5G12850,0.108816735,0.06105494,1.7822753
AT4G13030,0.22585009,0.12672551,1.7821989
AT5G58820,0.2416014,0.13557728,1.7820196
AT4G14810,0.26947585,0.15121968,1.7820156
AT1G80190,0.18458648,0.10359677,1.7817782
AT2G20180,0.24004811,0.13472906,1.7817098
AT5G20930,0.10160503,0.057033606,1.7814937
AT2G35290,0.44306347,0.24871467,1.7814126
AT1G34380,0.18162449,0.10197029,1.7811508
AT5G60630,0.32976392,0.1851514,1.78105
AT2G41480,0.40566325,0.2277825,1.7809236
AT5G02780,0.5063502,0.28435802,1.7806785
AT2G45590,0.12913425,0.07253527,1.7802958
AT4G33990,0.20835097,0.117035516,1.7802371
AT1G03350,0.097328745,0.054676734,1.7800757
AT1G76950,0.0946819,0.0531956,1.7798818
AT2G41330,0.25679642,0.14427862,1.7798645
AT4G26320,0.31436208,0.1766349,1.7797279
AT1G17530,0.09790053,0.055019468,1.7793795
AT2G15820,0.15704392,0.08826515,1.7792289
AT1G30020,0.38157573,0.21446665,1.7791843
AT1G69390,0.08969554,0.05041698,1.7790737
AT2G20340,0.2686988,0.151038,1.7790143
AT5G37130,0.1373974,0.07723276,1.7790039
AT1G28530,0.15843382,0.08906083,1.7789394
AT1G66500,0.44591844,0.25067514,1.7788697
AT3G07190,0.1425297,0.08013196,1.778687
AT1G61810,0.47969314,0.2697059,1.7785786
AT1G53070,0.30350396,0.17065974,1.7784156
AT3G21350,0.11051112,0.062145993,1.7782497
AT5G01780,0.15376681,0.08647924,1.7780776
AT3G23410,0.23268865,0.13086765,1.7780454
AT1G55040,0.1949473,0.10965241,1.777866
AT3G09010,0.24856016,0.13981313,1.7778026
AT1G59750,0.11342187,0.06380043,1.77776
AT1G74460,0.3365481,0.18933865,1.7774926
AT4G30620,0.14671116,0.08254267,1.7773975
AT5G64560,0.1482417,0.083406664,1.7773362
AT1G51500,0.1838224,0.10344107,1.7770735
AT3G16110,0.10490112,0.059031032,1.7770501
AT1G70895,0.19259778,0.108389385,1.7769061
AT5G05080,0.07191263,0.040475156,1.7767099
AT3G27520,0.15223981,0.08568818,1.7766721
AT2G17280,0.3257545,0.18335313,1.7766508
AT3G07550,0.14852281,0.08361997,1.7761643
AT3G28810,0.40739366,0.22936717,1.7761637
AT1G49730,0.19092858,0.10750281,1.7760333
AT2G40780,0.16251989,0.09151094,1.7759612
AT2G24640,0.10588779,0.05962373,1.7759334
AT4G13080,0.20003742,0.112643845,1.7758397
AT3G50750,0.23312531,0.13129058,1.7756436
AT3G17430,0.07841293,0.04416207,1.7755715
AT3G04750,0.14762689,0.083147414,1.7754837
AT3G48610,0.17635623,0.09932991,1.7754593
AT3G47650,0.13653623,0.07690312,1.7754314
AT4G16270,0.3601308,0.20284867,1.7753667
AT3G60510,0.11663197,0.065698214,1.7752683
AT5G39785,0.22337611,0.12582898,1.7752355
AT5G62630,0.25144848,0.14165689,1.7750528
AT1G56060,0.5074611,0.28588906,1.775028
AT1G17090,0.2959877,0.16675621,1.7749723
AT4G39210,0.33034897,0.18613626,1.7747694
AT4G33040,0.36333883,0.20472689,1.7747488
AT5G04160,0.18743268,0.10561982,1.7745975
AT5G65530,0.2822235,0.15904154,1.7745267
AT1G76370,0.28381175,0.15994583,1.774424
AT5G37060,0.20910072,0.11785126,1.7742765
AT1G24040,0.102237254,0.0576231,1.7742405
AT1G60985,0.22507663,0.12686245,1.7741783
AT3G18310,0.1314461,0.0740932,1.7740641
AT2G22080,0.1737339,0.09793049,1.7740531
AT4G25780,0.45787627,0.25810367,1.7740014
AT3G22910,0.45658928,0.2573785,1.7739993
AT2G37310,0.21456905,0.12096032,1.7738795
AT1G76940,0.08687412,0.048980746,1.7736378
AT2G40935,0.15491226,0.0873477,1.7735126
AT3G23250,0.5656431,0.31895,1.7734537
AT5G57785,0.6037434,0.34043756,1.7734334
AT4G14890,0.2973506,0.16767047,1.7734224
AT1G22700,0.11541311,0.065092586,1.7730606
AT4G38040,0.1135584,0.0640626,1.7726158
AT2G24830,0.12295316,0.06937083,1.7724042
AT2G46225,0.15291885,0.08627905,1.772375
AT2G42700,0.09691978,0.054687336,1.7722524
AT3G29090,0.10014031,0.056506254,1.7721983
AT2G14700,0.21566077,0.1217033,1.7720206
AT2G46470,0.10343396,0.058389384,1.7714511
AT2G18190,0.5636184,0.31823596,1.7710708
AT1G23310,0.12580454,0.071034476,1.7710348
AT2G42490,0.08960859,0.050598852,1.7709605
AT2G17300,0.34704113,0.19597538,1.7708403
AT3G28190,0.40984595,0.23144177,1.7708383
AT5G20330,0.21673273,0.12239225,1.7708042
AT4G32900,0.1090099,0.06156351,1.7706898
AT3G51940,0.15235879,0.08605386,1.7705047
AT1G28210,0.17417215,0.098377645,1.7704443
AT3G48560,0.062712565,0.03542303,1.7703891
AT1G12640,0.13969094,0.078909405,1.7702696
AT4G21830,0.5184218,0.292853,1.7702459
AT1G03520,0.13383771,0.075608216,1.7701476
AT5G16280,0.11615605,0.06562826,1.7699088
AT1G51210,0.24915466,0.14079428,1.769636
AT3G26220,0.39729485,0.22452554,1.7694861
AT4G38990,0.19647792,0.11103955,1.7694408
AT5G56600,0.22693251,0.12828118,1.769024
AT1G74510,0.09417013,0.053234946,1.7689528
AT3G01210,0.19030058,0.107578725,1.7689425
AT1G33410,0.11757306,0.066481516,1.7685074
AT4G00200,0.20663324,0.116850704,1.7683524
AT1G24060,0.31465593,0.177945,1.7682761
AT5G60150,0.24994928,0.14136584,1.7681022
AT1G61860,0.27960265,0.15814142,1.7680544
AT1G26180,0.10227875,0.057850536,1.7679824
AT5G15960,0.5319358,0.30087268,1.7679764
AT4G17830,0.10907408,0.06169698,1.7678995
AT5G47630,0.17336997,0.09813477,1.7666517
AT5G66950,0.108691104,0.061524503,1.7666309
AT1G26795,0.21433623,0.121336296,1.7664641
AT4G19865,0.19110866,0.108194865,1.7663375
AT1G04710,0.10170982,0.057585075,1.7662528
AT1G52690,0.7539704,0.42687726,1.7662463
AT3G50870,0.27896604,0.1579525,1.7661386
AT5G28950,0.24418722,0.13826774,1.766046
AT5G63440,0.09483178,0.053697675,1.766031
AT5G42910,0.23192973,0.13133067,1.7659981
AT1G67490,0.10484594,0.059374724,1.7658342
AT4G25650,0.111590855,0.0631971,1.765759
AT1G20720,0.23395775,0.13250762,1.7656171
AT3G20300,0.264389,0.14974701,1.765571
AT2G37660,0.12756178,0.07226109,1.7652899
AT2G19630,0.31806445,0.18018833,1.7651777
AT1G79510,0.2753305,0.15597953,1.7651707
AT5G48420,0.21467611,0.12162109,1.7651223
AT1G77250,0.12713557,0.07202668,1.7651176
AT1G12750,0.16445336,0.09317182,1.7650546
AT1G55170,0.116510585,0.0660171,1.7648544
AT5G16290,0.11176315,0.06332741,1.7648462
AT2G40880,0.22508197,0.12753823,1.7648193
AT3G19960,0.112697,0.06386248,1.7646823
AT3G55060,0.17879401,0.1013241,1.7645754
AT1G75420,0.13575809,0.076938026,1.7645121
AT5G39400,0.3408054,0.19314669,1.7644899
AT1G60690,0.17206556,0.09751995,1.7644138
AT1G14540,0.5218243,0.29575384,1.7643872
AT1G77830,0.21928237,0.124282464,1.764387
AT1G54020,0.66938883,0.37944847,1.76411
AT4G23670,0.21778852,0.12346584,1.7639575
AT1G56380,0.1875758,0.106342435,1.7638847
AT5G58480,0.14432321,0.081822,1.763868
AT4G25510,0.38056785,0.21575826,1.7638621
AT3G47120,0.11118834,0.06304278,1.7636963
AT3G02310,0.54020697,0.3063055,1.7636216
AT4G32230,0.42612278,0.24163854,1.7634718
AT2G17380,0.12933537,0.07334371,1.7634145
AT3G56910,0.107103385,0.060738966,1.7633387
AT1G23320,0.2261622,0.12826332,1.7632645
AT5G56520,0.22420643,0.12717958,1.762912
AT1G02970,0.25190243,0.14289683,1.762827
AT3G55640,0.13572481,0.0769929,1.7628223
AT2G19620,0.236161,0.13403666,1.7619133
AT4G03160,0.26374194,0.14969203,1.7618968
AT5G11970,0.14822033,0.08412586,1.7618877
AT5G39250,0.15176304,0.08613855,1.761848
AT5G25820,0.2608188,0.14805038,1.7616893
AT5G06180,0.14283788,0.08108567,1.7615675
AT3G13220,0.32393658,0.18389814,1.7614999
AT2G46400,0.5275392,0.29952285,1.7612653
AT1G13300,0.30199045,0.17147957,1.761087
AT1G34770,0.15424019,0.08759614,1.7608101
AT1G32190,0.17273462,0.09810304,1.7607467
AT4G14600,0.09910346,0.056288835,1.7606233
AT4G31540,0.2916219,0.16564752,1.7604964
AT1G60710,0.07995591,0.04541827,1.7604346
AT1G36150,0.21344525,0.12125103,1.7603581
AT4G09640,0.12532051,0.07119928,1.7601371
AT1G75910,0.2876719,0.16344723,1.760029
AT4G00760,0.1654965,0.094039686,1.7598579
AT2G28240,0.17901099,0.10172833,1.7596964
AT2G01800,0.22883973,0.13004988,1.7596302
AT3G21100,0.19216096,0.109216586,1.7594484
AT3G17830,0.21582252,0.12267141,1.7593546
AT3G57850,0.26032668,0.14796846,1.7593389
AT1G09510,0.42958796,0.24424697,1.758826
AT5G14105,0.12336403,0.07014696,1.7586509
AT4G02910,0.24487261,0.1392437,1.75859
AT2G07290,0.22457352,0.1277072,1.7585031
AT3G61790,0.108261466,0.061570097,1.7583445
AT5G37860,0.26527017,0.15086707,1.7583038
AT5G49760,0.19325171,0.10990817,1.7583015
AT1G47220,0.19081277,0.108525395,1.7582314
AT5G14710,0.14606512,0.08307788,1.7581708
AT3G23605,0.22079064,0.12558128,1.7581491
AT4G26760,0.13984193,0.079539485,1.7581446
AT1G50900,0.15962936,0.09079467,1.7581357
AT2G03220,0.103401594,0.0588167,1.7580309
AT5G56610,0.18108015,0.10300998,1.7578893
AT1G62250,0.17445661,0.09924602,1.7578197
AT5G40150,0.21112151,0.120119475,1.7575959
AT2G27360,0.22208183,0.12636393,1.7574778
AT4G03370,0.21631347,0.123112716,1.7570359
AT4G01590,0.31520948,0.1793996,1.7570243
AT2G42530,0.6068659,0.34543905,1.7567959
AT1G74250,0.14607903,0.08315229,1.7567649
AT3G53880,0.11145785,0.06344621,1.7567296
AT2G14810,0.28978848,0.16496599,1.7566558
AT2G40580,0.33143577,0.18867816,1.7566196
AT3G55400,0.09580948,0.054542284,1.7566088
AT3G56840,0.08908517,0.050723117,1.7563027
AT5G48970,0.09602287,0.054680828,1.7560606
AT5G07080,0.2625671,0.14952298,1.7560316
AT5G07680,0.30618006,0.17436393,1.7559826
AT5G40820,0.14423724,0.082164235,1.7554746
AT3G02480,0.8028976,0.45742142,1.7552688
AT4G37430,0.3115953,0.17752343,1.7552346
AT1G47260,0.07387157,0.042090304,1.7550728
AT1G43970,0.13074526,0.07449614,1.7550607
AT1G15570,0.20290741,0.11563301,1.7547532
AT3G15120,0.10369938,0.059106853,1.7544389
AT2G30150,0.21452029,0.12228336,1.7542883
AT4G30130,0.27851328,0.15878367,1.7540421
AT1G50840,0.10669209,0.060827326,1.7540154
AT4G26010,0.3702443,0.21109024,1.753962
AT2G16340,0.33134934,0.18891947,1.7539183
AT5G19380,0.14247198,0.08123149,1.7539008
AT1G30370,0.38938075,0.222022,1.7537935
AT2G17160,0.26723352,0.15238625,1.7536589
AT5G53470,0.09607788,0.054800924,1.7532161
AT3G25750,0.23092464,0.13171573,1.7532045
AT2G28520,0.08238469,0.046995126,1.7530471
AT5G45370,0.14325912,0.08172428,1.7529565
AT3G04280,0.19707714,0.112436436,1.752787
AT1G80240,0.28498816,0.1626118,1.7525674
AT2G37030,0.53286374,0.3040599,1.752496
AT5G14910,0.12830366,0.07321515,1.7524194
AT3G53320,0.15039463,0.08582402,1.7523605
AT5G07810,0.22115375,0.12620722,1.7523065
AT5G14600,0.17347272,0.099002615,1.7522032
AT5G40610,0.18095522,0.103274256,1.7521812
AT4G39610,0.4483458,0.25590423,1.7520063
AT3G24840,0.18855268,0.107638575,1.7517202
AT2G29960,0.08269641,0.04720942,1.7516925
AT3G54320,0.16883567,0.096385874,1.7516639
AT3G05010,0.09360364,0.05343983,1.7515703
AT3G59360,0.063622035,0.036327243,1.7513583
AT2G43520,0.36560646,0.20876956,1.751244
AT3G24620,0.16753283,0.09567126,1.7511301
AT4G21630,0.23866215,0.13629285,1.751098
AT5G48170,0.28861144,0.16482,1.7510704
AT3G13225,0.13757598,0.07856906,1.7510196
AT4G04470,0.15917464,0.09091682,1.750772
AT1G76450,0.13787597,0.07875993,1.7505851
AT3G07940,0.14548421,0.083108895,1.750525
AT4G16800,0.11789262,0.06734751,1.7505118
AT5G04030,0.29293293,0.1673447,1.7504761
AT5G14690,0.21991095,0.1256353,1.7503912
AT1G17615,0.4452709,0.254398,1.7502925
AT4G10890,0.10925528,0.062423903,1.750215
AT2G36290,0.13059177,0.07462045,1.75008
AT3G09540,0.25376603,0.1450443,1.7495759
AT5G09280,0.27817243,0.15900281,1.7494811
AT1G47540,0.48562026,0.277583,1.7494596
AT1G71210,0.14538537,0.083107404,1.7493671
AT1G12460,0.18768673,0.10730122,1.7491573
AT1G42700,0.20153137,0.115221746,1.749074
AT1G07705,0.11266811,0.06441919,1.7489835
AT2G14560,0.7776304,0.44468412,1.7487253
AT1G14480,0.31901535,0.18243209,1.74868
AT3G19300,0.1962666,0.11224618,1.748537
AT3G60680,0.13963456,0.07986758,1.7483258
AT5G09860,0.068226315,0.03902541,1.7482531
AT5G13130,0.30591157,0.17499869,1.7480791
AT5G50410,0.09513527,0.054423362,1.748059
AT3G13980,0.3449935,0.19737598,1.7479
AT5G17250,0.14128716,0.08083377,1.7478728
AT2G31160,0.2948015,0.16866423,1.7478601
AT5G28780,0.21675257,0.12403434,1.7475206
AT1G35710,0.49048793,0.28070414,1.7473484
AT2G13770,0.3563717,0.20396125,1.7472519
AT3G01070,0.34900275,0.19974634,1.7472296
AT2G33735,0.24602647,0.14081056,1.7472159
AT1G31335,0.269827,0.15443629,1.7471734
AT1G68000,0.13746473,0.078678936,1.7471603
AT2G32000,0.08104086,0.046402957,1.7464585
AT3G04970,0.12876725,0.07373121,1.7464415
AT3G24760,0.17056707,0.09766916,1.7463757
AT5G20560,0.25566766,0.1464028,1.7463301
AT2G25420,0.14486916,0.08296038,1.746245
AT2G30570,0.2312884,0.1324522,1.7462026
AT3G14395,0.51137376,0.29292274,1.7457633
AT4G21240,0.21210815,0.12150122,1.7457284
AT4G21120,0.3753471,0.2150093,1.7457248
AT1G24764,0.10394835,0.059544887,1.7457137
AT3G47390,0.10041471,0.05752213,1.7456706
AT1G30640,0.1569869,0.0899362,1.7455363
AT3G01830,0.6148756,0.35229403,1.7453479
AT3G59180,0.19667675,0.112688854,1.7453078
AT4G11060,0.15336445,0.087875865,1.7452396
AT1G07310,0.08835419,0.050630305,1.7450848
AT5G08160,0.080693126,0.04624715,1.7448233
AT3G22630,0.12254777,0.07024069,1.7446833
AT2G28780,0.35890812,0.2057175,1.7446648
AT5G42800,0.6763496,0.38766798,1.7446619
AT1G08710,0.14130536,0.08100065,1.7444965
AT5G24630,0.16749197,0.096014574,1.744443
AT2G29210,0.08799712,0.050444793,1.744424
AT1G47230,0.1472598,0.08442172,1.7443354
AT5G44530,0.23565614,0.13512215,1.7440228
AT5G61830,0.12077616,0.06925645,1.7438976
AT1G44790,0.15219347,0.087273,1.7438779
AT2G03740,0.3328908,0.19093715,1.7434574
AT1G44110,0.22354421,0.12822866,1.7433246
AT2G48010,0.13737255,0.07880416,1.7432144
AT5G23440,0.110870145,0.063610375,1.7429568
AT1G07640,0.17218268,0.09879588,1.7428122
AT3G49725,0.12008831,0.068905205,1.7428044
AT4G24300,0.2580058,0.14804764,1.7427213
AT3G29400,0.13464104,0.077259764,1.7427056
AT3G25545,0.1250183,0.071740076,1.7426561
AT2G29070,0.16846931,0.09667565,1.7426239
AT1G43800,0.65442216,0.37555376,1.7425525
AT4G16360,0.09026574,0.05180774,1.7423213
AT1G17070,0.09381689,0.053845987,1.7423187
AT3G52770,0.39589044,0.22724053,1.7421646
AT4G25710,0.120011486,0.0688907,1.7420563
AT2G20805,0.256688,0.14734982,1.7420311
AT5G66530,0.15306567,0.08787363,1.7418838
AT3G47570,0.19610775,0.1125922,1.7417524
AT5G64760,0.105368555,0.060502324,1.7415618
AT3G52390,0.15296938,0.08784507,1.741354
AT1G04070,0.14119038,0.08108247,1.741318
AT5G24010,0.19165762,0.11007691,1.7411245
AT1G51350,0.11537366,0.066266626,1.7410522
AT5G12880,0.35604295,0.20450574,1.7409923
AT1G72290,0.17239965,0.09903043,1.7408755
AT1G17340,0.120865196,0.06943841,1.7406098
AT2G41390,0.38222653,0.2196012,1.7405484
AT3G12930,0.16310857,0.09372266,1.7403322
AT5G45190,0.09179897,0.052748907,1.7403005
AT2G02720,0.43121302,0.2478144,1.7400643
AT2G21240,0.07662685,0.04404444,1.7397618
AT1G66620,0.20746793,0.11927116,1.7394643
AT2G01130,0.17764081,0.10214394,1.7391222
AT3G02290,0.15135138,0.0870342,1.7389872
AT1G03470,0.23967916,0.13782974,1.7389508
AT3G26085,0.12690659,0.072983,1.7388513
AT1G31080,0.22383529,0.12872918,1.7388076
AT5G17160,0.24047856,0.13830513,1.7387536
AT5G22960,0.22088611,0.12706865,1.7383208
AT1G02450,0.73843855,0.42486456,1.7380563
AT5G28750,0.13800992,0.07940851,1.7379737
AT5G40430,0.26982048,0.15527341,1.7377119
AT2G22830,0.20625375,0.11869564,1.7376691
AT4G16442,0.14592884,0.083981864,1.7376232
AT1G02220,0.39191428,0.22554824,1.7376072
AT1G31520,0.22799006,0.13121474,1.7375337
AT3G15510,0.27777955,0.15990652,1.737137
AT1G31010,0.16475317,0.09485129,1.7369627
AT5G55990,0.12804583,0.07373499,1.7365679
AT2G19170,0.16431239,0.094620585,1.7365395
AT5G19420,0.11912254,0.06860369,1.7363867
AT4G31060,0.26308075,0.15152921,1.7361717
AT1G02000,0.11841508,0.0682097,1.7360444
AT4G21690,0.20900445,0.12040793,1.7358029
AT2G39130,0.17940678,0.103362024,1.7357125
AT2G38380,0.28931764,0.16670579,1.7354983
AT3G26360,0.15952471,0.09193138,1.7352583
AT5G48560,0.20634456,0.11893154,1.734986
AT5G35730,0.10729572,0.06184466,1.7349226
AT5G53750,0.2717471,0.15664561,1.734789
AT1G09870,0.09954491,0.057383884,1.7347187
AT3G48185,0.22237045,0.12819159,1.7346724
AT3G22710,0.20002502,0.11531139,1.7346509
AT3G02890,0.12608185,0.07268775,1.7345679
AT5G65520,0.1303556,0.075166605,1.734222
AT1G17890,0.09253715,0.053359464,1.7342216
AT5G39440,0.19056068,0.10990562,1.7338574
AT5G52950,0.2261075,0.13040799,1.7338468
AT5G28410,0.28459972,0.16415903,1.7336829
AT3G04710,0.26310486,0.15176775,1.7336018
AT4G38225,0.1059202,0.061102364,1.7334875
AT3G18040,0.1032165,0.059546918,1.733364
AT5G23580,0.1222698,0.07054192,1.7332927
AT3G23460,0.4257752,0.24565129,1.7332503
AT3G25640,0.30907768,0.17833309,1.7331481
AT1G50940,0.11712245,0.06758175,1.7330483
AT3G45940,0.34276482,0.19778468,1.73302
AT4G27520,0.20380747,0.11760328,1.7330083
AT2G45500,0.11658556,0.06727889,1.7328696
AT4G26120,0.29628778,0.17099115,1.7327665
AT1G36990,0.10481079,0.06049467,1.7325621
AT3G51270,0.10906513,0.06297764,1.731807
AT5G01230,0.1300448,0.075097926,1.7316695
AT1G09760,0.07905252,0.04565357,1.7315733
AT2G46090,0.08294456,0.047908593,1.7313081
AT5G41440,0.27337462,0.15790133,1.7313001
AT5G55210,0.08513441,0.049180776,1.7310501
AT5G67110,0.3113892,0.1798952,1.7309476
AT3G06010,0.11442025,0.06610445,1.7309006
AT5G61640,0.16469099,0.09515922,1.7306886
AT5G27170,0.2642642,0.15270491,1.7305545
AT3G24770,0.25130513,0.14522976,1.7303967
AT1G31300,0.11859069,0.06853568,1.7303495
AT4G30820,0.09614464,0.055566393,1.7302656
AT5G07240,0.22109224,0.12779312,1.7300792
AT5G46790,0.15704742,0.09080905,1.7294247
AT5G65220,0.10683066,0.061772402,1.7294234
AT5G38300,0.28851935,0.16683373,1.7293825
AT1G55570,0.27585685,0.15952376,1.7292523
AT1G47680,0.22041976,0.12746567,1.7292479
AT2G13690,0.16299966,0.094265945,1.7291467
AT5G15930,0.11231849,0.06495851,1.7290802
AT3G59700,0.2559088,0.14800403,1.7290663
AT1G59800,0.28332657,0.16386484,1.7290258
AT4G35720,0.46364418,0.2681835,1.7288319
AT5G01310,0.12765154,0.07383784,1.7288091
AT1G61110,0.36569557,0.21156117,1.728557
AT5G17980,0.19281776,0.11154933,1.7285423
AT4G13010,0.10174827,0.05887819,1.7281145
AT2G02140,0.3321148,0.19221194,1.7278571
AT1G60240,0.2002216,0.11588176,1.7278093
AT1G17140,0.17292294,0.100085974,1.7277439
AT1G58025,0.37641677,0.21786661,1.7277395
AT1G64640,0.2537473,0.14689559,1.727399
AT1G24290,0.17442767,0.10097733,1.7273942
AT3G10320,0.3700666,0.21424656,1.727293
AT3G61230,0.36045322,0.2087348,1.7268476
AT2G03370,0.37275955,0.21586178,1.7268436
AT3G05630,0.3178343,0.18406463,1.7267536
AT1G78340,0.36585355,0.21187921,1.7267079
AT1G09530,0.21270794,0.12319162,1.7266428
AT2G19880,0.14170952,0.08207805,1.7265215
AT1G67580,0.07187868,0.041632995,1.726483
AT3G23650,0.22696663,0.13146187,1.7264824
AT5G20630,0.4554212,0.26378632,1.7264777
AT3G27325,0.11747585,0.06804405,1.7264675
AT1G28420,0.13142471,0.07612643,1.7264005
AT3G14980,0.13712634,0.079440914,1.7261424
AT5G51050,0.16654505,0.09648795,1.7260709
AT1G53530,0.13287827,0.07700639,1.7255485
AT3G42880,0.17601362,0.102025814,1.725187
AT1G48170,0.11888106,0.068916894,1.7249913
AT1G30800,0.2626969,0.15229942,1.7248712
AT1G34160,0.18999112,0.11016239,1.7246457
AT3G09530,0.31355613,0.18182512,1.7244928
AT4G02070,0.13776231,0.07988572,1.7244921
AT4G01130,0.40904933,0.23723635,1.724227
AT2G04675,0.23971495,0.13904394,1.7240227
AT1G23760,0.2765051,0.16041966,1.7236359
AT1G35260,0.37629864,0.21832028,1.7236081
AT3G59460,0.29862294,0.17327154,1.723439
AT5G53000,0.08022181,0.046547756,1.7234298
AT2G26050,0.25446263,0.14765055,1.7234111
AT5G64090,0.088091716,0.051114827,1.7234079
AT5G63050,0.0938474,0.05445531,1.7233835
AT1G66230,0.32740507,0.1900021,1.7231654
AT1G44085,0.24975379,0.14495194,1.7230108
AT1G52890,0.47437093,0.27532336,1.7229593
AT2G24520,0.11465937,0.06655168,1.722862
AT1G07500,0.57416296,0.3332723,1.7228043
AT5G66440,0.21070756,0.122324996,1.7225224
AT5G57345,0.18300371,0.10625275,1.7223431
AT2G25710,0.08874608,0.051539578,1.7219012
AT5G62070,0.15245153,0.088538766,1.7218618
AT1G10930,0.15261802,0.088644125,1.7216934
AT5G13480,0.09998528,0.05808349,1.7214059
AT1G27595,0.11667701,0.06780277,1.7208292
AT3G55260,0.091256656,0.053038865,1.7205616
AT4G37020,0.11440788,0.066500165,1.7204149
AT1G17350,0.12479683,0.07254009,1.7203841
AT2G21710,0.1754772,0.10200035,1.7203587
AT4G34250,0.35443026,0.2060259,1.7203188
AT2G42090,0.30873165,0.17947565,1.7201867
AT1G02830,0.44549882,0.25899613,1.7200984
AT3G21840,0.25756854,0.14975548,1.7199272
AT1G52540,0.13567024,0.078882396,1.719905
AT5G58550,0.16218743,0.094305046,1.7198169
AT2G38680,0.13277455,0.07720381,1.7197925
AT5G51690,0.11186443,0.065045595,1.7197847
AT2G25570,0.10877913,0.0632533,1.7197382
AT1G30610,0.1499357,0.08718665,1.7197093
AT5G59530,0.35360026,0.20562477,1.7196383
AT3G42550,0.2297996,0.1336392,1.7195522
AT4G33140,0.13615161,0.07917901,1.7195415
AT3G29750,0.2587041,0.15045756,1.7194488
AT1G04160,0.18714158,0.10884077,1.7194068
AT2G21060,0.14162295,0.08236791,1.7193944
AT3G07710,0.25563106,0.14868607,1.7192669
AT1G57980,0.5317426,0.3093159,1.7190924
AT3G61200,0.09416152,0.054779038,1.7189331
AT4G34680,0.15761013,0.09169454,1.7188605
AT3G08880,0.21191783,0.123306386,1.718628
AT4G19370,0.41982564,0.24430475,1.7184505
AT5G08650,0.10434554,0.06072168,1.7184228
AT5G65460,0.114832975,0.06682829,1.7183286
AT4G17280,0.27398401,0.15945847,1.7182153
AT5G53250,0.3858237,0.22457911,1.7179855
AT2G06020,0.26781622,0.15589598,1.717916
AT2G35320,0.072727725,0.042335894,1.7178733
AT2G44430,0.13421492,0.078133166,1.7177713
AT3G10890,0.29206306,0.17004013,1.7176124
AT2G14270,0.36371267,0.21175617,1.7176012
AT1G57540,0.13415338,0.078106776,1.7175637
AT5G02220,0.4200534,0.24456856,1.7175281
AT4G18160,0.1396615,0.08131822,1.7174686
AT3G44560,0.3205809,0.18666399,1.7174222
AT2G34810,0.48123863,0.28022054,1.7173568
AT2G47680,0.19342512,0.1126363,1.7172538
AT3G62140,0.094421364,0.05498531,1.7172104
AT5G17080,0.20541048,0.11962424,1.7171308
AT5G64200,0.07265923,0.04231583,1.7170693
AT1G74370,0.13601924,0.0792186,1.7170112
AT5G27710,0.10881573,0.063378505,1.7169183
AT5G66080,0.286092,0.1666331,1.7168977
AT2G07110,0.22255827,0.12963249,1.71684
AT5G19590,0.15018749,0.08748236,1.7167743
AT3G51690,0.27234426,0.15865065,1.7166286
AT2G46040,0.18266635,0.10641089,1.7166132
AT5G19640,0.2027511,0.11811475,1.7165604
AT3G51040,0.102170765,0.059523206,1.716486
AT5G22950,0.08041833,0.046850935,1.7164719
AT1G08220,0.13887012,0.080909275,1.7163682
AT5G20090,0.111430995,0.064923644,1.716339
AT3G47940,0.1026266,0.05980057,1.7161472
AT2G34790,0.3203663,0.1866907,1.7160269
AT3G43210,0.18261696,0.1064193,1.7160134
AT3G22104,0.1497492,0.08726764,1.7159762
AT2G25200,0.39777452,0.23182246,1.7158583
AT3G46270,0.31883377,0.18588176,1.7152503
AT4G11175,0.14946206,0.08714146,1.7151657
AT5G10580,0.33021834,0.19254293,1.7150375
AT5G61560,0.23497978,0.13701186,1.7150322
AT4G38980,0.10314853,0.060144063,1.715024
AT5G58940,0.2000185,0.11663153,1.7149606
AT1G75110,0.24338338,0.14192355,1.7148906
AT1G72060,0.5571499,0.3249348,1.7146512
AT4G37990,0.62151504,0.36247513,1.7146419
AT1G63500,0.12788561,0.074587554,1.7145702
AT3G19590,0.14486535,0.08449182,1.7145487
AT4G24630,0.11236234,0.065534726,1.7145464
AT2G15000,0.15999496,0.09332048,1.7144676
AT1G33490,0.12767261,0.074476935,1.7142569
AT1G25470,0.12908514,0.07530546,1.7141535
AT1G51540,0.08600076,0.050181158,1.7138054
AT1G49190,0.17987104,0.10496072,1.7136985
AT3G21090,0.3298309,0.19247545,1.7136258
AT2G29340,0.29781708,0.17379759,1.7135856
AT1G63030,0.4840904,0.28254077,1.7133471
AT1G55000,0.15027988,0.08771306,1.7133123
AT4G14630,0.5317432,0.31039256,1.7131313
AT3G62880,0.09289375,0.05422457,1.7131299
AT1G80500,0.15231761,0.088914774,1.7130741
AT4G00450,0.10769415,0.06288877,1.7124541
AT1G09830,0.10095443,0.05895523,1.712391
AT1G02910,0.102535315,0.059880618,1.7123287
AT1G70990,0.34429106,0.20107538,1.7122487
AT5G02580,0.51263887,0.29939902,1.7122263
AT1G49410,0.17821687,0.10411061,1.711803
AT3G47460,0.14932388,0.087235145,1.7117398
AT1G04270,0.07114834,0.04157049,1.7115104
AT2G47770,0.5936926,0.34691206,1.7113634
AT1G30350,0.18986465,0.11095309,1.7112154
AT1G05940,0.08817488,0.05153292,1.7110394
AT3G62950,0.60141474,0.35164902,1.7102699
AT4G23080,0.21589732,0.1262408,1.7102021
AT5G24460,0.13554394,0.079257995,1.710161
AT5G65990,0.20930678,0.12239102,1.710148
AT1G70560,0.20071043,0.117378056,1.7099484
AT5G28720,0.2510968,0.14686011,1.7097685
AT1G76020,0.18398482,0.107611656,1.7097107
AT3G19810,0.11996945,0.070172496,1.7096362
AT2G35580,0.21341875,0.124839865,1.70954
AT4G14940,0.25332114,0.14818124,1.7095356
AT3G43190,0.38310614,0.22410052,1.7095281
AT4G20250,0.32407603,0.18959801,1.7092795
AT1G05205,0.0967271,0.05659768,1.7090291
AT5G02200,0.4072802,0.23832312,1.7089411
AT5G60450,0.13742222,0.080426596,1.7086662
AT3G32940,0.12992902,0.076042145,1.7086447
AT3G50920,0.14708719,0.08610179,1.708294
AT1G05190,0.116592154,0.068256944,1.708136
AT1G51310,0.10982836,0.06430581,1.707907
AT2G29720,0.29398882,0.17214654,1.7077821
AT5G17220,0.65254205,0.3822031,1.7073175
AT1G32930,0.16979925,0.09945761,1.7072524
AT5G07770,0.2508308,0.14693652,1.7070689
AT1G16510,0.36926895,0.2163352,1.7069294
AT5G08110,0.14015329,0.08210906,1.7069162
AT5G25220,0.19626749,0.11498521,1.7068932
AT5G45260,0.13161935,0.07711186,1.7068623
AT1G31480,0.12119741,0.07101204,1.7067161
AT2G45540,0.11878664,0.06961132,1.706427
AT2G36430,0.27200314,0.15942405,1.7061611
AT4G24760,0.10451019,0.061255988,1.7061217
AT5G18440,0.1178027,0.06904771,1.7061056
AT2G34520,0.12573355,0.0737034,1.7059395
AT3G18690,0.18386894,0.10778183,1.7059363
AT3G07430,0.12422285,0.072819404,1.7059029
AT1G18060,0.18473543,0.10829624,1.7058342
AT2G27110,0.0805693,0.04723219,1.7058129
AT5G04380,0.48608774,0.28498223,1.7056774
AT4G02390,0.22994749,0.13481738,1.7056218
AT4G37010,0.37655962,0.22079378,1.7054809
AT1G03050,0.43910256,0.2574682,1.7054633
AT3G58100,0.18346709,0.10757777,1.7054367
AT2G34140,0.21764715,0.12762918,1.7053086
AT5G17630,0.13718626,0.080452554,1.705182
AT5G23650,0.2207954,0.1295021,1.7049558
AT2G22100,0.15316153,0.089847386,1.7046852
AT2G38350,0.48137295,0.2824168,1.7044771
AT4G29100,0.09117738,0.053493112,1.7044692
AT1G77260,0.09926268,0.05824047,1.7043588
AT2G23030,0.3729593,0.21884295,1.7042325
AT2G20650,0.13654494,0.080123454,1.7041818
AT4G08040,0.64114136,0.37622,1.7041662
AT5G22270,0.376958,0.22121073,1.7040673
AT5G34830,0.4463759,0.261948,1.704063
AT5G39980,0.16903746,0.09919708,1.7040566
AT1G26260,0.19033523,0.11170258,1.7039465
AT3G02000,0.334048,0.19605121,1.7038813
AT3G17420,0.17843154,0.10473919,1.7035794
AT4G21180,0.15488131,0.09091851,1.7035178
AT3G02490,0.14024968,0.08233219,1.703461
AT5G02430,0.25884914,0.15196839,1.7033089
AT2G44840,0.53077585,0.311618,1.7032901
AT2G37180,0.34237283,0.20100683,1.7032894
AT1G26460,0.08918845,0.05236283,1.7032775
AT1G22110,0.47288886,0.2776348,1.7032766
AT1G50650,0.2743755,0.16108795,1.7032651
AT3G43960,0.2297696,0.13490324,1.7032176
AT4G35190,0.46887276,0.2752913,1.7031877
AT1G32740,0.24666767,0.14485396,1.7028712
AT3G46540,0.19744138,0.11597794,1.7024045
AT1G64620,0.16225064,0.095307864,1.7023845
AT3G47380,0.45819783,0.26915616,1.7023494
AT1G76360,0.20587209,0.12095067,1.702116
AT4G17560,0.12964068,0.076174125,1.701899
AT2G28380,0.072567396,0.042640902,1.7018255
AT5G22420,0.22080772,0.12975171,1.7017709
AT2G37790,0.13857828,0.08144101,1.7015785
AT5G09740,0.10524086,0.06184988,1.7015529
AT2G33410,0.07591201,0.044620823,1.7012683
AT1G10780,0.20901711,0.122861125,1.7012469
AT4G20440,0.095936514,0.056396194,1.7011164
AT1G48100,0.45982948,0.27035466,1.700838
AT2G33730,0.10446413,0.06142243,1.7007486
AT1G19320,0.5017235,0.29500827,1.70071
AT3G09070,0.17535472,0.10312455,1.7004167
AT1G47485,0.37719432,0.22183707,1.7003212
AT2G36840,0.13896379,0.08173695,1.700134
AT4G22250,0.17354193,0.102076896,1.7001097
AT2G47230,0.15891878,0.0934759,1.7001042
AT1G72600,0.26011014,0.15300198,1.7000442
AT3G21060,0.12231638,0.07195077,1.7000009
AT5G08340,0.119284645,0.07018435,1.6995902
AT2G36885,0.3177459,0.1869797,1.6993603
AT2G46590,0.19854958,0.11683902,1.699343
AT1G16650,0.14788562,0.087032445,1.6992009
AT5G18550,0.15016444,0.08838084,1.6990608
AT3G23300,0.11203601,0.0659402,1.6990546
AT4G11080,0.23230694,0.13673192,1.6989955
AT5G09530,0.387913,0.2283377,1.6988564
AT5G43020,0.19366696,0.114007115,1.6987269
AT1G79970,0.12304965,0.07244879,1.698436
AT3G48030,0.17031004,0.10028917,1.6981895
AT5G06690,0.44969139,0.26481402,1.6981404
AT5G52430,0.1259827,0.0741898,1.6981134
AT3G06750,0.20947585,0.123363145,1.6980423
AT2G23740,0.10067526,0.059298858,1.6977602
AT3G58290,0.25624007,0.15094054,1.6976224
AT3G16840,0.14085764,0.08297745,1.697541
AT2G19970,0.46490327,0.2738823,1.6974564
AT5G66040,0.13435693,0.07915312,1.6974305
AT3G56670,0.20066282,0.11821711,1.6974092
AT4G19830,0.19596155,0.115449764,1.6973749
AT1G43950,0.198918,0.11719586,1.6973124
AT5G15980,0.14783944,0.08710345,1.6972857
AT3G29380,0.26163462,0.15416108,1.6971507
AT4G34500,0.14002995,0.08250996,1.6971278
AT2G29630,0.20656693,0.121721156,1.6970502
AT1G66090,0.5795924,0.34153357,1.6970291
AT1G24560,0.06809231,0.040127963,1.6968788
AT4G23460,0.08841427,0.05210656,1.6967969
AT1G77630,0.20417997,0.12033996,1.696693
AT1G35230,0.60800165,0.35834846,1.6966772
AT4G27080,0.10037946,0.05916578,1.6965793
AT4G13050,0.14152864,0.08342598,1.6964575
AT2G36730,0.17858006,0.10526861,1.6964226
AT5G10510,0.19669536,0.115949176,1.6963928
AT3G05675,0.13760969,0.081119284,1.6963867
AT5G59540,0.312154,0.18402077,1.6962974
AT5G54610,0.6041378,0.35618496,1.696135
AT2G18380,0.2129247,0.12553586,1.6961263
AT2G27285,0.095683195,0.05641592,1.6960315
AT2G30430,0.21000423,0.1238215,1.6960238
AT1G13460,0.14271961,0.08416312,1.6957499
AT5G43920,0.11181306,0.06596286,1.695091
AT1G23670,0.18071009,0.10660996,1.6950581
AT3G53370,0.30012172,0.17705972,1.6950309
AT5G07420,0.20551206,0.121246986,1.6949868
AT2G32380,0.18390286,0.108516656,1.6946969
AT5G26780,0.12749337,0.075230956,1.6946927
AT3G08570,0.20171894,0.11905469,1.6943383
AT5G66060,0.10626587,0.06271908,1.6943148
AT5G46000,0.16598791,0.09797684,1.6941544
AT1G76510,0.06922594,0.04086432,1.6940432
AT4G18540,0.33408588,0.19722083,1.6939684
AT1G65410,0.09478446,0.055957682,1.6938593
AT1G23790,0.28721288,0.16957603,1.6937114
AT1G30260,0.3731142,0.22031264,1.6935668
AT1G31040,0.395277,0.2334069,1.6935102
AT4G23220,0.45150393,0.26662767,1.6933874
AT5G62150,0.39085993,0.23082101,1.6933463
AT4G22910,0.15922602,0.094040096,1.6931714
AT3G18510,0.31043124,0.18334915,1.6931151
AT1G44478,0.27377495,0.16170454,1.6930565
AT2G24170,0.17608874,0.10401744,1.6928769
AT4G25480,0.6628704,0.39161277,1.692668
AT2G02040,0.11292153,0.06671286,1.69265
AT1G31630,0.230839,0.13638762,1.6925215
AT5G61980,0.2084343,0.12315551,1.6924479
AT5G42140,0.12518957,0.073978126,1.6922511
AT3G04580,0.10834208,0.0640296,1.6920624
AT1G18670,0.19053401,0.1126061,1.6920397
AT2G14530,0.12236695,0.07233303,1.6917158
AT4G36370,0.32216558,0.19043787,1.6917095
AT3G06580,0.06444956,0.038100917,1.6915483
AT2G40460,0.31993216,0.1891402,1.6915078
AT1G16980,0.21688156,0.12822051,1.691473
AT5G44200,0.057200287,0.033822905,1.6911695
AT1G30760,0.30118516,0.17809786,1.6911216
AT5G45940,0.2236279,0.13224879,1.6909635
AT2G20270,0.1408799,0.08331497,1.6909312
AT5G40050,0.18960151,0.11213298,1.6908629
AT1G52080,0.18916367,0.11191879,1.6901867
AT5G58270,0.07036226,0.041632228,1.6900908
AT1G22870,0.09383247,0.05552495,1.6899152
AT3G18650,0.2119207,0.1254106,1.6898146
AT5G50335,0.54311943,0.3214092,1.6898067
AT1G21720,0.113628924,0.06724438,1.6897905
AT3G50280,0.42280114,0.2502314,1.6896408
AT2G18950,0.17495844,0.103554726,1.6895262
AT1G70890,0.32436234,0.19199342,1.689445
AT3G07400,0.14584464,0.08633384,1.6893101
AT5G65160,0.1983991,0.11744466,1.6892985
AT4G30360,0.09083687,0.05377845,1.6890938
AT2G25270,0.1545348,0.09149048,1.6890806
AT1G08350,0.12238602,0.072459854,1.6890181
AT4G10180,0.08542773,0.05058067,1.6889399
AT4G32800,0.37360257,0.22121856,1.6888391
AT1G75660,0.06896352,0.040845007,1.6884193
AT5G48850,0.63215727,0.37447622,1.6881106
AT3G20310,0.09168065,0.054313563,1.6879878
AT5G50390,0.15716128,0.09311184,1.6878762
AT1G06630,0.13313758,0.07887883,1.6878747
AT4G25670,0.30626503,0.18145476,1.6878312
AT5G39970,0.20965143,0.12421413,1.6878226
AT3G58590,0.27164942,0.16096391,1.6876416
AT2G37330,0.16400608,0.09718452,1.687574
AT4G27060,0.06686775,0.039624978,1.6875145
AT5G19980,0.15018351,0.089000374,1.687448
AT5G14310,0.09876848,0.058531415,1.6874436
AT4G18060,0.09977232,0.05912719,1.6874183
AT2G31240,0.11207026,0.06642003,1.6872959
AT5G37610,0.3001998,0.17792262,1.6872491
AT5G11720,0.089152046,0.052839153,1.6872343
AT1G53230,0.2923148,0.17327394,1.6870095
AT4G00310,0.2079817,0.12328796,1.6869587
AT2G20050,0.13125335,0.07780766,1.6868948
AT5G42960,0.12057165,0.07148741,1.6866136
AT1G52880,0.2349137,0.13928206,1.686604
AT1G72920,0.5004863,0.29675964,1.686504
AT4G25910,0.14502987,0.08599798,1.6864334
AT1G69500,0.37230682,0.22079594,1.6862031
AT2G22560,0.18306889,0.10857218,1.686149
AT3G59260,0.26119012,0.1549045,1.6861362
AT1G63740,0.1446258,0.085784264,1.6859244
AT2G19360,0.23704648,0.1406057,1.685895
AT4G01220,0.16536379,0.098089874,1.6858394
AT4G12460,0.12606679,0.07478327,1.6857617
AT3G56900,0.13271494,0.078730635,1.6856835
AT2G37640,0.32782724,0.19450879,1.6854109
AT5G08400,0.14459865,0.085802846,1.6852429
AT1G71850,0.2476053,0.14693026,1.685189
AT5G44110,0.3601683,0.21373372,1.6851262
AT5G36950,0.12871657,0.07638659,1.6850674
AT1G20780,0.1418179,0.084169425,1.6849097
AT5G64580,0.15947606,0.09465104,1.6848842
AT3G27000,0.10983504,0.06519014,1.6848413
AT1G22970,0.15114017,0.08970787,1.6848038
AT1G77480,0.12694563,0.07534815,1.6847874
AT3G54860,0.09028157,0.05358641,1.6847845
AT2G36300,0.091467164,0.0542955,1.6846175
AT2G22620,0.2660578,0.15793774,1.6845738
AT3G47980,0.25857022,0.1534979,1.6845194
AT5G15600,0.3374492,0.20033705,1.6844071
AT1G66900,0.12567396,0.07461179,1.6843712
AT3G18160,0.13460848,0.079918124,1.6843296
AT5G07710,0.12432021,0.07381299,1.684259
AT5G50860,0.10126034,0.0601357,1.6838638
AT1G75710,0.14551702,0.08642103,1.6838149
AT5G11700,0.11273461,0.066955835,1.6837158
AT2G23130,0.43063384,0.25577617,1.6836355
AT5G18990,0.18917257,0.112374075,1.6834182
AT1G79050,0.11258902,0.066888995,1.6832216
AT4G17520,0.08450572,0.05020573,1.6831884
AT3G46290,0.13210616,0.07848752,1.6831483
AT3G14470,0.20450054,0.12150122,1.683115
AT5G36160,0.16073899,0.095507614,1.6829965
AT3G03450,0.2881989,0.17124513,1.682961
AT1G67750,0.31273717,0.18583384,1.6828859
AT1G71980,0.1035833,0.061551873,1.6828616
AT3G52840,0.21448489,0.12745552,1.6828213
AT3G20090,0.20698485,0.12300483,1.6827375
AT3G02170,0.26225647,0.15585607,1.6826836
AT2G33470,0.10474232,0.062250204,1.6826017
AT1G77670,0.09630653,0.057237633,1.6825733
AT5G42670,0.112725735,0.067002654,1.6824068
AT3G28030,0.118379705,0.07036508,1.6823642
AT5G35370,0.1793661,0.106616735,1.6823446
AT2G46505,0.10801191,0.064206295,1.6822634
AT1G31450,0.22385041,0.13306716,1.6822362
AT2G17370,0.120655686,0.0717269,1.6821537
AT1G24450,0.13717031,0.081553645,1.681964
AT1G33400,0.08065979,0.04795844,1.6818681
AT3G49580,0.5038132,0.29956448,1.681819
AT4G12880,0.2421619,0.14402044,1.6814411
AT5G27620,0.13049033,0.077607185,1.6814206
AT5G59105,0.20641227,0.12276516,1.6813586
AT5G04890,0.16437022,0.097763084,1.6813116
AT2G24600,0.46910846,0.2790246,1.6812441
AT3G01980,0.10863614,0.06461778,1.681211
AT4G31210,0.1644662,0.097858824,1.6806475
AT1G74930,0.65168864,0.3877632,1.6806356
AT1G08210,0.11842723,0.07046776,1.6805872
AT4G31875,0.39918157,0.23752627,1.6805786
AT4G12240,0.1771117,0.10539984,1.6803792
AT2G25650,0.22946952,0.1365585,1.680375
AT5G09470,0.5389344,0.32072464,1.6803648
AT3G51530,0.14892863,0.08863087,1.6803244
AT5G01240,0.16969667,0.100993246,1.6802773
AT5G56100,0.4090317,0.24344353,1.6801912
AT3G21160,0.102650136,0.061094597,1.6801832
AT2G19600,0.10498196,0.06248636,1.6800777
AT2G36690,0.4747435,0.2826033,1.6798937
AT3G26990,0.102269225,0.060878757,1.6798832
AT3G52290,0.14251731,0.08484597,1.679718
AT1G47765,0.18005052,0.10719259,1.6796918
AT3G50380,0.11694931,0.069626935,1.679656
AT3G23210,0.22434348,0.13359642,1.6792625
AT4G34220,0.18164961,0.108174555,1.6792266
AT3G04130,0.16252266,0.096790284,1.6791215
AT4G34600,0.28441003,0.16938081,1.6791158
AT2G04060,0.21936059,0.1306574,1.6788988
AT2G07560,0.19167945,0.11417805,1.6787766
AT1G19430,0.083339095,0.04964879,1.678572
AT2G44560,0.2608512,0.15541974,1.6783658
AT4G28100,0.1325582,0.078986295,1.6782428
AT3G15070,0.118929155,0.07090059,1.677407
AT2G33360,0.1260373,0.07514548,1.6772437
AT3G12480,0.07346132,0.043799464,1.6772192
AT5G27610,0.18416056,0.10981507,1.6770061
AT1G60010,0.19376618,0.11554442,1.6769841
AT2G13500,0.23360589,0.13930671,1.6769176
AT4G26300,0.05476977,0.03266523,1.6766987
AT4G12250,0.13602428,0.081135415,1.6765091
AT3G18770,0.17875002,0.10662119,1.6764961
AT1G26340,0.13840318,0.08255569,1.6764824
AT5G02800,0.11161401,0.066584624,1.6762729
AT2G03170,0.287593,0.17156819,1.6762606
AT1G21640,0.114990674,0.068604596,1.6761364
AT1G08060,0.12720132,0.075892456,1.6760731
AT2G39050,0.21548437,0.12856737,1.6760422
AT1G70650,0.23964079,0.14299193,1.6759042
AT3G59040,0.12531215,0.07477414,1.6758754
AT5G09790,0.17310093,0.10329046,1.6758655
AT1G52470,0.2402769,0.1433851,1.6757451
AT1G74590,0.3761279,0.22448404,1.6755216
AT5G47650,0.16008358,0.09556199,1.6751803
AT4G03820,0.20436363,0.12200588,1.6750308
AT2G41770,0.14121175,0.084309645,1.6749179
AT2G43140,0.3829111,0.22864977,1.674662
AT5G49900,0.21133688,0.12620258,1.6745843
AT5G45040,0.22750959,0.13586156,1.674569
AT5G66290,0.11177064,0.06674694,1.674543
AT1G23830,0.3035126,0.18126324,1.6744299
AT1G79950,0.11431653,0.06827267,1.674411
AT1G67080,0.16224584,0.096905574,1.6742672
AT1G26170,0.08148942,0.04867639,1.6741053
AT1G79310,0.33035606,0.19737688,1.6737322
AT2G34510,0.27968007,0.16710594,1.6736691
AT1G29080,0.23021716,0.13757475,1.6733967
AT1G77120,0.46271044,0.2765722,1.6730186
AT1G11270,0.24042626,0.1437365,1.6726874
AT3G16000,0.14716859,0.087983996,1.6726744
AT4G28210,0.08612506,0.051497348,1.672417
AT1G73530,0.16536815,0.098889485,1.672252
AT5G52880,0.118558995,0.07089923,1.6722181
AT1G58190,0.2640941,0.1579312,1.6722097
AT5G38850,0.18083152,0.108139485,1.6722062
AT3G14680,0.285783,0.17093214,1.6719089
AT1G52280,0.1482307,0.08866241,1.671855
AT1G31380,0.26802194,0.1603168,1.6718268
AT2G17980,0.07395812,0.044240687,1.6717213
AT2G24762,0.35446858,0.21204989,1.6716281
AT4G08150,0.38884917,0.23263364,1.6715087
AT2G33530,0.1858531,0.11119386,1.671433
AT5G24360,0.09379851,0.056125376,1.6712314
AT5G62810,0.0715525,0.04282003,1.671005
AT1G70610,0.14276141,0.08545649,1.6705741
AT5G14260,0.101389855,0.06069206,1.6705618
AT1G33820,0.2541053,0.15210813,1.6705568
AT4G12480,0.57900333,0.34661368,1.6704572
AT3G14370,0.32549816,0.19487101,1.6703261
AT5G07070,0.19757208,0.11831142,1.6699324
AT4G22580,0.19542769,0.11704293,1.6697093
AT1G55080,0.15911464,0.09531173,1.6694129
AT1G44446,0.22032714,0.13197905,1.6694098
AT3G12810,0.14502928,0.086875804,1.6693861
AT2G31690,0.2440138,0.14617504,1.6693258
AT3G58890,0.1676492,0.10044152,1.6691222
AT2G36230,0.11866015,0.07111907,1.6684715
AT5G50110,0.15039217,0.09014932,1.6682562
AT3G06650,0.08106357,0.048595972,1.6681125
AT3G46660,0.5738779,0.34404433,1.6680347
AT2G17870,0.09875425,0.059204575,1.6680169
AT1G75780,0.23755947,0.14242812,1.6679252
AT3G18700,0.2325196,0.1394276,1.6676725
AT5G42250,0.36187,0.21701953,1.6674535
AT3G20720,0.11153775,0.066892155,1.6674262
AT2G41050,0.22021905,0.13208331,1.6672736
AT5G49680,0.18412212,0.11043865,1.667189
AT3G29020,0.27941903,0.1676364,1.6668159
AT3G56640,0.1274925,0.07649417,1.6666955
AT5G48450,0.24650119,0.14790234,1.6666481
AT4G33900,0.24156894,0.1449472,1.6665994
AT3G44510,0.29877943,0.17928487,1.6665065
AT5G10100,0.45269853,0.27166477,1.6663866
AT5G41450,0.29056603,0.17436983,1.6663778
AT1G15020,0.09562588,0.05739021,1.66624
AT3G46100,0.073031045,0.04382984,1.6662399
AT3G46690,0.31078282,0.18652104,1.6662077
AT1G60870,0.12551373,0.07532976,1.6661904
AT5G51380,0.20990233,0.12598154,1.6661354
AT3G23805,0.20435572,0.12265478,1.6661047
AT3G23190,0.30517703,0.18317059,1.6660808
AT5G03440,0.16440009,0.098681554,1.6659656
AT4G00230,0.14035478,0.08425388,1.6658553
AT4G07350,0.20974414,0.12591639,1.6657412
AT3G09920,0.118076615,0.0708885,1.6656666
AT2G47850,0.103986025,0.062429845,1.6656457
AT4G07990,0.10031803,0.060232166,1.6655222
AT3G21420,0.24754995,0.1486372,1.665464
AT3G48730,0.12484266,0.074969254,1.6652513
AT2G20790,0.08715138,0.052335896,1.6652311
AT1G74800,0.11557179,0.06940382,1.6652077
AT1G02930,0.5700272,0.3423528,1.6650285
AT2G31990,0.23808919,0.14299947,1.6649654
AT2G26470,0.12931696,0.07767046,1.6649437
AT3G05990,0.13603729,0.08173139,1.6644435
AT1G80110,0.2635589,0.15836094,1.6642921
AT2G28060,0.12571386,0.07553996,1.6642032
AT2G44030,0.18717209,0.1124699,1.6641971
AT4G16390,0.118643574,0.07130136,1.6639732
AT1G43730,0.20765787,0.12479985,1.6639272
AT4G15110,0.10134598,0.060912453,1.663797
AT5G15910,0.16746876,0.1006552,1.6637863
AT4G11830,0.16302836,0.09799367,1.663662
AT4G25160,0.31208625,0.18759775,1.6635926
AT5G59310,0.8832679,0.5309557,1.6635436
AT5G24580,0.24984911,0.15021569,1.6632689
AT4G08280,0.13121276,0.07889099,1.6632159
AT4G26510,0.11221869,0.06747311,1.6631614
AT3G18440,0.11338476,0.06817471,1.6631496
AT4G18570,0.15977818,0.09606978,1.663147
AT1G52180,0.20338923,0.12229277,1.6631336
AT2G24150,0.14331618,0.0861818,1.6629517
AT4G22920,0.19464476,0.117051885,1.6628929
AT1G77140,0.10767012,0.06475255,1.6627934
AT3G47670,0.13953987,0.083925664,1.6626601
AT4G36350,0.3356646,0.20189185,1.662596
AT3G22120,0.45344546,0.27274576,1.6625206
AT2G28410,0.2558785,0.15396512,1.6619251
AT1G09420,0.34304222,0.20641302,1.6619214
AT1G22720,0.21525696,0.12952363,1.6619124
AT4G21620,0.21141747,0.12722124,1.6618093
AT5G40540,0.22444414,0.13506667,1.6617283
AT5G42720,0.17246021,0.10380495,1.661387
AT5G13530,0.099519394,0.059902772,1.6613485
AT5G20540,0.15482785,0.09319409,1.6613482
AT5G39990,0.09244668,0.055651493,1.6611712
AT4G18170,0.4186345,0.25203288,1.6610314
AT1G01790,0.13682397,0.08237297,1.6610297
AT3G16500,0.15647794,0.094207115,1.6609991
AT5G23390,0.07702505,0.04637283,1.6609948
AT3G59950,0.087162636,0.05248465,1.660726
AT4G08800,0.2895668,0.17436321,1.6607103
AT2G18850,0.11272634,0.06788574,1.6605302
AT4G05250,0.20483366,0.123387836,1.6600797
AT5G42640,0.23154494,0.13947912,1.6600688
AT5G05510,0.25787652,0.15535603,1.6599065
AT5G59460,0.11264738,0.06786608,1.6598479
AT2G25300,0.1596775,0.096208625,1.6597004
AT5G03690,0.12800209,0.07713827,1.659385
AT5G27080,0.19059218,0.114860624,1.6593343
AT1G34260,0.13380404,0.080651015,1.6590495
AT1G74740,0.14507887,0.087454945,1.6588982
AT1G76400,0.11761674,0.07090565,1.6587781
AT5G08630,0.120995656,0.072946444,1.6586914
AT5G25390,0.4181548,0.2521031,1.6586659
AT5G23400,0.21295053,0.12838706,1.6586602
AT3G12260,0.11288751,0.0680613,1.6586151
AT5G49810,0.095905416,0.057826776,1.6584946
AT4G18530,0.15330127,0.09244346,1.6583246
AT1G59630,0.24216695,0.14603199,1.6583142
AT5G50020,0.07930541,0.047824953,1.658243
AT2G42900,0.32495978,0.19597256,1.6581901
AT1G53760,0.14745446,0.088929266,1.6581093
AT5G50250,0.10801325,0.065142415,1.6581092
AT4G15390,0.26987994,0.16279475,1.6577924
AT3G44980,0.19417304,0.11713058,1.6577483
AT3G49390,0.11009191,0.06641457,1.6576467
AT1G31540,0.23465616,0.14155987,1.6576458
AT3G25860,0.08634855,0.0520913,1.6576382
AT1G49000,0.436728,0.26346594,1.657626
AT3G20010,0.13863756,0.08364634,1.657425
AT5G05700,0.072818264,0.0439376,1.6573105
AT1G75980,0.14305109,0.08631732,1.6572696
AT3G46360,0.19210808,0.115924984,1.6571757
AT4G34340,0.13782483,0.08316885,1.6571687
AT4G26410,0.06044448,0.036474634,1.6571643
AT4G11130,0.13967222,0.084286034,1.6571215
AT1G65840,0.121297784,0.07320359,1.6569921
AT2G47910,0.17177913,0.10368565,1.6567299
AT1G10090,0.19558726,0.11805894,1.6566916
AT3G15660,0.08322766,0.05023742,1.6566861
AT3G05400,0.44391304,0.26796263,1.6566229
AT4G20420,0.4684414,0.28277767,1.6565714
AT5G55760,0.11774441,0.071081616,1.6564677
AT1G08310,0.4458604,0.2691651,1.656457
AT3G04650,0.17408068,0.10509315,1.6564417
AT3G55730,0.12957667,0.07823035,1.6563476
AT2G24630,0.16295038,0.098384894,1.6562539
AT3G01260,0.36452767,0.22012345,1.6560146
AT2G26460,0.08376701,0.050584376,1.6559855
AT5G11980,0.09017507,0.05445576,1.6559323
AT4G31750,0.10889065,0.06576936,1.6556439
AT1G80370,0.2279326,0.13767096,1.6556329
AT5G06210,0.10447628,0.06310951,1.6554759
AT4G39560,0.12460845,0.07528087,1.6552471
AT1G73090,0.14163607,0.08556878,1.6552306
AT3G05170,0.20039146,0.12107686,1.6550764
AT2G31700,0.28927484,0.17479813,1.654908
AT2G29790,0.26762515,0.16175002,1.6545601
AT1G01230,0.1316694,0.07957998,1.6545542
AT2G38270,0.114585444,0.06926895,1.6542106
AT2G31270,0.2352845,0.14223446,1.6542016
AT2G35730,0.35811225,0.21649149,1.654163
AT1G14450,0.18053891,0.10914267,1.654155
AT2G26680,0.14019069,0.08476342,1.6539054
AT5G07000,0.33106035,0.20020303,1.653623
AT2G34340,0.24602148,0.14877827,1.6536114
AT5G55320,0.24668466,0.14918558,1.653542
AT1G48280,0.15814115,0.09564074,1.6534914
AT5G07950,0.13363737,0.080824256,1.6534313
AT2G20100,0.16791993,0.101560935,1.6533909
AT2G23360,0.14566062,0.08809933,1.653368
AT5G42380,0.4403029,0.26636654,1.6529963
AT2G38480,0.2537751,0.1535256,1.652982
AT3G59840,0.11970703,0.07242677,1.6528007
AT4G01026,0.24792753,0.15001732,1.6526592
AT1G25375,0.1141654,0.06909456,1.6523064
AT3G04500,0.07664615,0.0463889,1.6522515
AT3G07130,0.14898063,0.09016947,1.6522292
AT1G80690,0.19464904,0.11783563,1.6518689
AT5G47690,0.09543695,0.057775594,1.6518555
AT5G14320,0.08191082,0.049595524,1.6515765
AT2G07040,0.2645026,0.1601536,1.6515558
AT2G37970,0.23336072,0.14131959,1.6512976
AT1G29750,0.11884365,0.071975246,1.6511738
AT5G38400,0.2704618,0.16380481,1.6511222
AT5G62090,0.113369845,0.06866615,1.6510293
AT1G71180,0.10830119,0.06559672,1.6510152
AT1G77780,0.19137064,0.11591753,1.6509204
AT3G42940,0.20247954,0.122663245,1.6506944
AT2G17540,0.12929773,0.078329384,1.6506925
AT2G43330,0.19014548,0.11519997,1.6505687
AT3G07080,0.1516875,0.0919018,1.6505388
AT1G27670,0.27944568,0.16930757,1.6505207
AT5G66960,0.23623604,0.1431346,1.6504467
AT1G76410,0.27666658,0.16764565,1.6503056
AT2G26340,0.09887685,0.059916615,1.6502405
AT3G55590,0.1773178,0.10746291,1.650037
AT3G19510,0.12122554,0.07348184,1.6497345
AT3G22040,0.19459039,0.11796535,1.6495554
AT4G09650,0.1495161,0.090653636,1.6493117
AT1G70180,0.09106308,0.055216763,1.6491923
AT5G38630,0.07724508,0.04683903,1.6491601
AT1G66770,0.25167817,0.15262188,1.6490306
AT1G22660,0.085446484,0.051820643,1.6488886
AT1G48560,0.17271248,0.10474482,1.6488879
AT5G54350,0.19167882,0.11625242,1.6488156
AT4G14660,0.17527527,0.106308326,1.6487443
AT5G03940,0.13942389,0.084565215,1.6487143
AT1G22140,0.15457231,0.09376237,1.6485537
AT3G18910,0.12451579,0.075546354,1.6482036
AT3G09480,0.30367002,0.18424787,1.6481602
AT1G79090,0.0806069,0.048907727,1.6481421
AT2G01780,0.23228116,0.14094344,1.6480451
AT5G51700,0.06818195,0.04137163,1.6480359
AT1G15530,0.21670815,0.13150798,1.6478705
AT4G31360,0.14676623,0.08907659,1.6476407
AT5G59050,0.20435877,0.12403625,1.6475729
AT3G14780,0.27640513,0.1677657,1.6475662
AT5G17510,0.09594487,0.058235068,1.6475441
AT3G03880,0.094707616,0.0574842,1.6475414
AT5G13570,0.099156186,0.06018726,1.647461
AT4G00335,0.15727888,0.09547527,1.6473258
AT1G23640,0.22209866,0.1348264,1.6472933
AT1G19250,0.6745363,0.409548,1.6470262
AT1G24490,0.10620448,0.06448766,1.646896
AT1G76270,0.14866444,0.09026987,1.6468887
AT1G68500,0.4177186,0.25367022,1.6466994
AT1G70870,0.3117549,0.18934451,1.6464955
AT5G64290,0.101914406,0.061900847,1.6464134
AT1G18630,0.12015208,0.072988994,1.6461669
AT2G44190,0.29702106,0.18043731,1.6461176
AT1G08470,0.105480134,0.06407813,1.6461173
AT1G15310,0.15377733,0.09342405,1.6460142
AT3G55480,0.07848453,0.047687728,1.645801
AT2G04410,0.102306746,0.06216272,1.6457891
AT4G25660,0.1259881,0.07655594,1.6456997
AT1G50620,0.11938147,0.072543055,1.6456635
AT2G34670,0.16490702,0.10021399,1.6455488
AT3G32150,0.23616709,0.14351973,1.6455373
AT5G24620,0.1322289,0.08035619,1.6455345
AT5G40290,0.21189837,0.12877366,1.6455101
AT5G37170,0.18212321,0.11068903,1.6453592
AT2G44900,0.08301811,0.05045785,1.6452959
AT3G11560,0.096035495,0.058369894,1.6452913
AT1G19530,0.49296165,0.29964966,1.6451267
AT3G27810,0.36327332,0.22084126,1.6449522
AT1G79880,0.12941739,0.07867587,1.6449436
AT5G05760,0.13386536,0.08138164,1.6449084
AT4G33380,0.076375976,0.046436876,1.6447264
AT1G27690,0.09294341,0.056511667,1.6446761
AT5G44580,0.3390651,0.2061605,1.6446656
AT2G17350,0.088024236,0.05352871,1.64443
AT5G10690,0.14900495,0.09062338,1.6442219
AT1G29460,0.3771215,0.22936298,1.6442125
AT2G19930,0.20720518,0.12603651,1.644009
AT3G14160,0.17021827,0.103547,1.6438744
AT1G21480,0.110021144,0.06693676,1.6436578
AT1G56100,0.2814954,0.17127237,1.6435539
AT1G30790,0.17931789,0.109116755,1.6433579
AT5G32470,0.08914504,0.054246712,1.6433258
AT1G19300,0.2146779,0.13064538,1.6432106
AT3G56250,0.25549123,0.15549913,1.6430395
AT2G45280,0.17038041,0.10369844,1.6430373
AT1G70330,0.08146388,0.049582634,1.6429918
AT5G41800,0.16765116,0.10204228,1.6429577
AT5G63590,0.3275433,0.19936444,1.6429373
AT4G31260,0.29623112,0.1803366,1.6426566
AT3G26900,0.110474825,0.067262605,1.6424403
AT4G38270,0.076994,0.046880905,1.6423315
AT3G60800,0.10736202,0.06537205,1.6423228
AT1G05810,0.18226251,0.11097976,1.642304
AT3G47630,0.11559813,0.07038917,1.6422714
AT1G40390,0.19466928,0.11854276,1.642186
AT2G31730,0.37761337,0.22998726,1.641888
AT1G19190,0.27810138,0.16938467,1.6418331
AT1G42190,0.26673287,0.16246831,1.6417531
AT2G01110,0.101266176,0.061692353,1.6414702
AT3G44400,0.229248,0.13966265,1.6414407
AT3G52040,0.23555073,0.14350429,1.6414193
AT5G57800,0.14666699,0.08935423,1.6414105
AT1G69200,0.20436178,0.12450877,1.6413444
AT3G14560,0.2881623,0.1755714,1.6412826
AT2G07671,0.5159284,0.31435627,1.6412219
AT2G24880,0.24829024,0.15129702,1.6410781
AT4G05340,0.24746501,0.15079963,1.6410185
AT4G35500,0.13052759,0.07954429,1.6409421
AT3G29100,0.18892592,0.115136094,1.6408921
AT3G28220,0.46420372,0.2829155,1.6407857
AT2G38050,0.11457195,0.06983264,1.6406646
AT3G24750,0.38077334,0.23209211,1.6406128
AT1G10960,0.1481325,0.09032273,1.6400355
AT2G25090,0.38370985,0.23397733,1.6399444
AT5G12900,0.18499736,0.1128136,1.6398498
AT3G19400,0.14655393,0.08937118,1.6398342
AT5G50870,0.08058584,0.04914421,1.6397827
AT1G78120,0.2290379,0.13968596,1.6396629
AT1G74240,0.14905944,0.09091233,1.6395954
AT2G47580,0.07014496,0.042784143,1.6395079
AT3G49600,0.09619227,0.05867541,1.6393964
AT4G25640,0.19757827,0.120520115,1.6393799
AT2G20840,0.11735252,0.071585044,1.639344
AT5G52440,0.11930632,0.07278015,1.63927
AT2G37510,0.26204696,0.15985793,1.639249
AT5G37510,0.064117104,0.039115798,1.6391609
AT3G60850,0.08900651,0.054301027,1.639131
AT1G64330,0.17274635,0.105398,1.6389906
AT3G11060,0.22244537,0.13573055,1.6388745
AT5G56470,0.21184935,0.12929371,1.6385123
AT3G06210,0.185041,0.11293313,1.6385005
AT4G38820,0.4584123,0.27985707,1.6380229
AT1G79350,0.065957904,0.040271625,1.6378253
AT1G51300,0.3006706,0.18364167,1.6372677
AT4G09560,0.15236536,0.09306249,1.637237
AT4G39910,0.08214713,0.05017637,1.6371672
AT4G15415,0.085621595,0.052299578,1.637137
AT3G55610,0.26481858,0.16178598,1.636845
AT3G02990,0.23063406,0.14090243,1.6368351
AT1G69670,0.10177639,0.062181685,1.6367581
AT1G51850,0.4003582,0.24460448,1.6367573
AT3G52620,0.39038226,0.23850957,1.6367571
AT1G16720,0.15758468,0.09628038,1.6367267
AT1G62200,0.1448016,0.08847318,1.6366721
AT5G58850,0.17800868,0.10876856,1.636582
AT3G59100,0.14645104,0.08948841,1.6365362
AT4G20000,0.38341066,0.23428507,1.6365134
AT3G18780,0.08909079,0.05444166,1.6364447
AT1G22520,0.12267167,0.07496309,1.6364274
AT1G55820,0.122418776,0.074834295,1.6358645
AT1G30500,0.22407271,0.13700585,1.6354972
AT1G69600,0.29696128,0.18161228,1.6351386
AT4G16900,0.18943357,0.115856655,1.6350684
AT1G80030,0.08548582,0.05228701,1.634934
AT5G51360,0.28112966,0.17195559,1.6348968
AT1G56500,0.087672316,0.053626012,1.6348838
AT1G78460,0.3353734,0.20513767,1.6348698
AT1G32760,0.17860687,0.10925092,1.6348317
AT3G25980,0.23847023,0.14588585,1.6346356
AT2G27460,0.09488024,0.058053087,1.63437
AT5G12180,0.34899426,0.21353705,1.6343497
AT1G53510,0.1180916,0.07226229,1.6342077
AT1G63490,0.11625704,0.07114133,1.6341699
AT5G06000,0.2070468,0.12669994,1.6341506
AT1G47270,0.13039757,0.07979575,1.6341417
AT3G14920,0.15315732,0.093736954,1.6339054
AT3G52960,0.112139985,0.06863711,1.6338097
AT4G30050,0.21274897,0.13021937,1.6337734
AT5G66330,0.23923846,0.1464389,1.6337082
AT3G15060,0.1816071,0.111164935,1.6336724
AT2G47070,0.15368561,0.094086505,1.63345
AT4G17250,0.3189698,0.19528647,1.6333429
AT5G49430,0.10204309,0.062487688,1.6330109
AT5G58030,0.09630481,0.05897672,1.632929
AT1G63240,0.18059768,0.11060252,1.632853
AT3G61150,0.1370789,0.08396804,1.6325126
AT3G56980,0.687209,0.42099378,1.6323496
AT4G20410,0.09223477,0.056506008,1.6322999
AT5G19280,0.09642712,0.05907934,1.6321628
AT3G01750,0.20398225,0.12498076,1.632109
AT5G45020,0.14132155,0.08658937,1.6320888
AT3G07740,0.101548746,0.06223203,1.631776
AT1G73330,0.37360996,0.228965,1.6317338
AT5G09230,0.12246042,0.07504968,1.6317245
AT5G37500,0.2517041,0.15426761,1.6316067
AT1G53770,0.08861507,0.05431291,1.6315651
AT3G23310,0.10250418,0.0628276,1.6315149
AT2G30400,0.34665334,0.21248226,1.6314459
AT5G48730,0.14214201,0.08712701,1.6314344
AT2G38640,0.26401675,0.16185756,1.631167
AT5G16230,0.21761508,0.13342127,1.6310372
AT5G38080,0.29650107,0.18178806,1.631026
AT5G11900,0.081189744,0.049778324,1.6310257
AT5G63890,0.07354594,0.04510344,1.6306057
AT2G33390,0.12880826,0.078998,1.6305255
AT4G10920,0.16434164,0.10079184,1.6305053
AT1G29270,0.39480534,0.24214318,1.6304623
AT5G10950,0.10973843,0.067313045,1.6302698
AT1G72890,0.26665214,0.16360457,1.6298573
AT5G44280,0.13861656,0.08505415,1.6297446
AT3G56290,0.3997198,0.24526559,1.6297426
AT2G42670,0.12898856,0.07915086,1.6296544
AT2G30590,0.11926139,0.073187456,1.629533
AT5G54800,0.08780128,0.053887405,1.6293466
AT1G80310,0.24417953,0.14987381,1.6292341
AT1G72560,0.1012829,0.06217103,1.6291009
AT5G04670,0.121098325,0.074336745,1.6290505
AT5G13450,0.08762114,0.0537896,1.6289603
AT3G33530,0.06855149,0.04208531,1.6288694
AT4G08670,0.22013338,0.1351527,1.6287751
AT3G08890,0.14993869,0.09205624,1.6287726
AT2G40770,0.12261038,0.07528094,1.628704
AT2G20440,0.12863588,0.07898424,1.6286271
AT4G31770,0.114995874,0.07062092,1.6283542
AT3G52220,0.08522948,0.05234182,1.6283244
AT2G02360,0.18630551,0.11441743,1.6282965
AT2G05320,0.13413782,0.082383096,1.6282201
AT1G27120,0.18922193,0.11621711,1.6281761
AT1G65540,0.131867,0.08099365,1.6281152
AT5G20500,0.11555979,0.07097955,1.6280714
AT2G02080,0.17233633,0.10585542,1.6280348
AT3G21780,0.47727165,0.29316336,1.6280057
AT2G18660,0.68834287,0.42286417,1.6278108
AT3G54130,0.110232525,0.06772102,1.6277446
AT2G28430,0.23634563,0.14519928,1.6277326
AT4G34265,0.10069838,0.061866723,1.627666
AT5G56270,0.13080503,0.08036371,1.6276627
AT5G02620,0.14652924,0.090029374,1.6275713
AT1G07135,0.3757501,0.23087834,1.6274809
AT3G15350,0.19151907,0.11770889,1.6270568
AT3G45860,0.56113833,0.3448919,1.6269977
AT1G09700,0.1127128,0.06928109,1.6268911
AT5G09690,0.16327496,0.100365154,1.6268091
AT5G20570,0.06893783,0.04238206,1.62658
AT5G56130,0.095345706,0.058618225,1.6265537
AT1G33330,0.10022061,0.06161874,1.6264628
AT4G38350,0.0786467,0.048356712,1.626386
AT1G55740,0.23744054,0.14602265,1.6260527
AT1G67070,0.25687924,0.15798824,1.6259389
AT3G25470,0.08531666,0.052473262,1.625907
AT2G33380,0.47493792,0.2921525,1.6256508
AT5G03930,0.29132843,0.1792111,1.625616
AT5G52980,0.13185897,0.08112069,1.6254665
AT5G24380,0.20395857,0.12548582,1.6253513
AT3G14750,0.11660797,0.07174467,1.6253188
AT4G04480,0.32863703,0.20220043,1.6253033
AT3G25090,0.19940092,0.122685455,1.625302
AT2G44800,0.4561564,0.28068164,1.6251737
AT3G42990,0.18408369,0.113274254,1.6251149
AT3G32160,0.258436,0.15902697,1.6251079
AT1G48120,0.16478753,0.10140186,1.6250937
AT5G57830,0.16850701,0.10369133,1.6250827
AT1G80050,0.21016197,0.12932532,1.6250643
AT1G07770,0.106018335,0.06524025,1.6250447
AT5G51710,0.103859305,0.06391464,1.6249688
AT5G05180,0.20910853,0.12870236,1.624745
AT5G24350,0.12583968,0.07745777,1.624623
AT3G63240,0.1525516,0.0938999,1.6246194
AT4G12300,0.16017844,0.09860568,1.6244341
AT3G02840,0.5202236,0.32028338,1.6242604
AT2G14680,0.09881367,0.06083836,1.6241997
AT5G18060,0.39152333,0.24107118,1.6240983
AT5G47330,0.44849607,0.27616876,1.6239928
AT5G55860,0.104076944,0.06410439,1.6235539
AT3G60730,0.35089275,0.21614787,1.623392
AT2G25355,0.15555538,0.09582722,1.62329
AT1G68270,0.1755571,0.108151175,1.6232564
AT5G01270,0.14434205,0.088923685,1.6232125
AT3G06330,0.15567385,0.09590635,1.623186
AT5G57940,0.06403656,0.039452933,1.6231124
AT5G55640,0.112278074,0.06918472,1.6228737
AT3G18295,0.13889481,0.08558713,1.6228468
AT5G66490,0.24892859,0.15339234,1.6228226
AT3G63230,0.22428262,0.13822086,1.6226393
AT5G40640,0.15767299,0.0971709,1.6226358
AT3G48950,0.17831554,0.1098939,1.6226152
AT3G47510,0.28135443,0.17340988,1.622482
AT2G39140,0.14979415,0.092328876,1.6223974
AT4G35230,0.08325698,0.051321264,1.6222703
AT1G76340,0.10917918,0.067301534,1.6222389
AT4G31300,0.06550475,0.04038206,1.6221246
AT5G49180,0.27704033,0.17080279,1.6219894
AT2G46650,0.28658915,0.17669126,1.6219767
AT4G15790,0.1551133,0.09563434,1.6219412
AT1G76060,0.10593837,0.06533598,1.6214397
AT4G27710,0.18232253,0.11244801,1.6213939
AT4G21600,0.21982096,0.13557594,1.621386
AT1G56650,0.54092747,0.33362463,1.6213655
AT5G20590,0.104033366,0.064165816,1.6213205
AT5G12840,0.088844985,0.054810718,1.6209415
AT4G22430,0.19842446,0.122425176,1.6207814
AT1G01370,0.19770259,0.12198147,1.620759
AT2G36470,0.23547111,0.14528921,1.620706
AT2G18030,0.083322346,0.051419266,1.6204495
AT2G01290,0.17198263,0.106148854,1.6202023
AT5G14700,0.34135962,0.21070124,1.620112
AT4G12470,0.5406105,0.33368865,1.6201046
AT3G19370,0.27292508,0.16846718,1.6200489
AT3G60390,0.21109849,0.1303086,1.6199888
AT4G13160,0.20822509,0.12853569,1.6199785
AT5G50375,0.145329,0.089715585,1.6198856
AT1G75040,0.5385613,0.33256808,1.6194016
AT5G57070,0.16330852,0.10084635,1.6193794
AT1G55150,0.06120923,0.037799977,1.6192924
AT2G29820,0.1905107,0.117656186,1.6192153
AT4G25130,0.10020754,0.061893214,1.6190389
AT5G04520,0.10353932,0.06395278,1.6189961
AT5G47400,0.09559557,0.05904774,1.6189536
AT5G54010,0.22724195,0.14037126,1.6188636
AT5G11480,0.09503667,0.058707885,1.6188055
AT1G79940,0.06528406,0.040329725,1.6187574
AT1G11330,0.27893993,0.17233928,1.618551
AT3G53080,0.18627581,0.115092315,1.6184903
AT2G36010,0.17088321,0.10560177,1.6181849
AT3G02830,0.20680414,0.12780291,1.6181488
AT1G16800,0.13240448,0.08182504,1.6181412
AT3G22680,0.16771373,0.10365551,1.6179913
AT1G28480,0.47893584,0.29603317,1.6178452
AT1G18030,0.1258439,0.077790014,1.6177382
AT2G47830,0.115921706,0.07166725,1.6174989
AT4G30993,0.1468331,0.090783924,1.6173909
AT4G10840,0.066690706,0.041236494,1.6172734
AT1G27330,0.28640646,0.17710155,1.6171876
AT1G53345,0.23899485,0.14779142,1.617109
AT4G14050,0.23349223,0.14438927,1.6171021
AT2G15740,0.1971712,0.12193364,1.6170368
AT3G04550,0.19767205,0.12224416,1.6170264
AT3G23880,0.40428746,0.25003737,1.6169081
AT3G05100,0.11692722,0.072316855,1.6168735
AT5G13590,0.124939784,0.077277154,1.616775
AT5G22970,0.17113972,0.10585851,1.6166835
AT2G44850,0.17033017,0.10536609,1.6165557
AT3G19080,0.16601248,0.102699704,1.6164844
AT2G45740,0.190048,0.11757989,1.6163306
AT2G40280,0.09841598,0.060896188,1.6161268
AT2G14880,0.14741085,0.09122197,1.6159576
AT1G80810,0.15855953,0.09813357,1.6157521
AT4G33250,0.06361595,0.039372995,1.6157249
AT3G20820,0.17295805,0.1070512,1.6156571
AT2G44230,0.3056954,0.1892192,1.6155622
AT1G03160,0.11753178,0.07275064,1.6155427
AT4G03520,0.11892867,0.07362679,1.6152906
AT3G07530,0.16322297,0.101049684,1.6152743
AT1G51580,0.07505631,0.046467066,1.6152577
AT4G10030,0.0891568,0.055202216,1.6150942
AT5G22990,0.28269485,0.17504191,1.6150122
AT3G18030,0.12086335,0.07483778,1.6150043
AT5G17730,0.18247645,0.11298938,1.6149875
AT4G27460,0.328898,0.20365767,1.6149551
AT1G61280,0.2597761,0.16086744,1.6148455
AT5G06610,0.1924408,0.119170934,1.6148299
AT4G30460,0.2380204,0.1473966,1.6148295
AT1G12090,0.19559295,0.12113064,1.6147273
AT5G18800,0.08351561,0.05172159,1.6147143
AT4G26850,0.22377469,0.13860998,1.6144196
AT1G49980,0.10738243,0.06651923,1.6143064
AT4G24490,0.08736556,0.054119978,1.6142937
AT5G47280,0.19586217,0.12134206,1.6141324
AT1G79490,0.12066426,0.074755214,1.6141249
AT3G26060,0.23251987,0.14405437,1.6141117
AT5G41580,0.10393498,0.06439322,1.614067
AT5G26940,0.11202408,0.06940523,1.614058
AT2G41070,0.19567543,0.12124321,1.6139083
AT5G66810,0.06817547,0.042243898,1.6138533
AT2G36310,0.08377708,0.05192296,1.6134878
AT5G19850,0.19395483,0.120221704,1.6133095
AT4G21070,0.22387339,0.13877077,1.6132601
AT1G03250,0.11394211,0.07063343,1.613147
AT3G25290,0.23578116,0.14617243,1.6130342
AT1G18680,0.14364947,0.08905602,1.6130235
AT4G12000,0.25843298,0.16022114,1.6129767
AT5G14440,0.117320575,0.07275082,1.6126356
AT3G22550,0.3138978,0.19465564,1.6125798
AT2G44650,0.11410476,0.07076014,1.6125569
AT4G07515,0.18663436,0.115740925,1.6125182
AT1G30040,0.36503923,0.22639452,1.612403
AT4G39990,0.08358046,0.05183613,1.6123973
AT1G04790,0.09229747,0.057244934,1.6123253
AT3G12650,0.1047732,0.06498349,1.6123048
AT4G18640,0.22216545,0.13780202,1.6122073
AT1G33270,0.087147094,0.05406446,1.6119106
AT3G32960,0.21248625,0.13183315,1.6117815
AT5G09770,0.08637606,0.053590484,1.6117796
AT4G36390,0.08982017,0.055733506,1.6116006
AT5G03650,0.1078498,0.06692262,1.6115595
AT2G37770,0.5962246,0.36999205,1.6114525
AT2G31320,0.1162462,0.07214589,1.6112657
AT3G13780,0.14472683,0.089848354,1.6107898
AT1G06110,0.10896382,0.067652546,1.6106386
AT1G48380,0.07917959,0.049161725,1.6105939
AT5G11920,0.41572797,0.2581227,1.6105827
AT5G15800,0.45395923,0.28187448,1.6105013
AT2G35155,0.16290921,0.10115665,1.6104645
AT3G51100,0.07701048,0.04781929,1.6104476
AT4G33410,0.067110576,0.04167662,1.6102688
AT2G29700,0.07714083,0.04790728,1.6102105
AT4G26555,0.13364598,0.08299992,1.610194
AT3G63380,0.35512754,0.22055128,1.6101812
AT3G53250,0.43923295,0.27282053,1.6099702
AT5G16010,0.20454495,0.12705533,1.6098886
AT3G60810,0.1272593,0.0790584,1.6096871
AT3G32130,0.2024917,0.12581983,1.6093781
AT5G12430,0.115225725,0.07162592,1.6087153
AT1G01340,0.2550425,0.15854761,1.6086175
AT1G33290,0.08559358,0.0532124,1.6085266
AT1G10120,0.19400774,0.12061254,1.6085204
AT4G16000,0.41956857,0.26085624,1.6084284
AT2G22200,0.46587807,0.28971958,1.608031
AT1G69490,0.5014397,0.3118407,1.6079994
AT5G53280,0.16843496,0.104764014,1.6077558
AT3G63110,0.26267895,0.16338372,1.6077423
AT1G78430,0.19242908,0.119693756,1.6076784
AT3G25500,0.13881893,0.08634809,1.6076665
AT5G36910,0.51238567,0.31872404,1.6076154
AT2G30710,0.10408239,0.06474781,1.6075042
AT3G15620,0.22973727,0.14291576,1.6075011
AT1G49740,0.15119638,0.09406626,1.6073389
AT1G04420,0.12645157,0.07867257,1.6073143
AT4G26310,0.080765985,0.05024964,1.6072944
AT2G32430,0.17213996,0.10711431,1.6070677
AT1G16690,0.10273765,0.0639346,1.6069176
AT3G28830,0.340563,0.21193896,1.6068918
AT1G15730,0.13977678,0.08698913,1.6068304
AT2G38960,0.11073137,0.0689132,1.6068237
AT3G48000,0.07251744,0.04513821,1.6065639
AT1G70690,0.24879941,0.15487641,1.6064383
AT1G60570,0.19888228,0.123807885,1.6063781
AT5G51510,0.081020996,0.0504418,1.6062269
AT5G58160,0.17095028,0.106438704,1.6060913
AT5G15560,0.24644637,0.15344694,1.6060688
AT2G32450,0.12627918,0.07863102,1.6059713
AT5G08510,0.10995481,0.06846941,1.6058966
AT1G79340,0.058223486,0.036258306,1.6057967
AT2G33220,0.07678548,0.04782332,1.6056072
AT5G06850,0.17554303,0.10933228,1.6055918
AT2G41460,0.13697287,0.08530997,1.6055903
AT1G27850,0.09808814,0.061093923,1.6055299
AT2G16595,0.17485711,0.10891791,1.6054027
AT3G45320,0.31047085,0.1933965,1.6053591
AT3G15180,0.12396128,0.077230394,1.605084
AT2G35020,0.10985361,0.06844163,1.6050699
AT1G34355,0.250114,0.1558432,1.6049079
AT5G51660,0.09153727,0.05703645,1.6048905
AT2G19390,0.11842249,0.073790535,1.6048465
AT5G57170,0.19897342,0.123999745,1.6046275
AT1G60620,0.09318718,0.05808226,1.6043998
AT4G05260,0.20387477,0.12707506,1.6043648
AT5G04750,0.1073973,0.06694148,1.604346
AT1G09330,0.10342128,0.06446392,1.6043279
AT1G60220,0.094143,0.05868271,1.6042713
AT5G52120,0.27858433,0.17365518,1.6042384
AT2G27660,0.31145453,0.19415125,1.6041849
AT1G30720,0.4626224,0.28840816,1.6040545
AT3G03380,0.100740544,0.06280747,1.6039578
AT4G31010,0.11293297,0.0704221,1.603658
AT1G44224,0.2497941,0.15582344,1.6030583
AT4G18400,0.19120009,0.119290605,1.6028092
AT4G32460,0.17027417,0.1062398,1.6027341
AT2G17845,0.30015826,0.18728054,1.6027199
AT5G01200,0.27622455,0.17235197,1.602677
AT4G31270,0.200122,0.12487419,1.6025889
AT5G47455,0.15148182,0.09452856,1.6024977
AT5G53180,0.052897863,0.033012647,1.602351
AT3G47500,0.26636598,0.16624068,1.6022911
AT1G67700,0.103689596,0.06471374,1.6022809
AT3G03710,0.14904827,0.09302259,1.6022801
AT2G37240,0.18069786,0.11278074,1.6022048
AT1G74850,0.13031794,0.0813517,1.601908
AT5G26910,0.106980376,0.06678833,1.6017823
AT4G37190,0.11551833,0.07212246,1.6016968
AT4G26550,0.14818816,0.092523836,1.6016213
AT3G06890,0.33326223,0.20809077,1.6015233
AT2G01400,0.22821915,0.14254446,1.6010382
AT2G22270,0.09222839,0.05760616,1.6010158
AT5G41720,0.20623952,0.1288542,1.6005648
AT4G14950,0.12317164,0.07695704,1.6005245
AT4G34540,0.08589763,0.0536744,1.6003461
AT1G03300,0.25872505,0.1616916,1.6001141
AT2G18210,0.34753692,0.21719766,1.600095
AT3G19660,0.30015618,0.18759467,1.6000249
AT5G52410,0.20075472,0.12546994,1.6000222
AT4G29430,0.17274198,0.107964985,1.5999814
AT1G23690,0.23448564,0.14656273,1.5998994
AT5G55050,0.3555143,0.2222127,1.5998827
AT3G47210,0.2125041,0.13283093,1.5998087
AT1G47400,0.7775932,0.48611307,1.5996138
AT5G15490,0.13093875,0.08185892,1.599566
AT5G25100,0.12122028,0.075790465,1.5994133
AT1G69580,0.19078018,0.11928224,1.5994012
AT1G34500,0.29907963,0.18700403,1.5993217
AT1G28135,0.39892223,0.2494372,1.5992892
AT5G14330,0.31450093,0.19665812,1.5992266
AT5G66320,0.14125139,0.088327415,1.5991793
AT5G01040,0.3301269,0.20643707,1.5991648
AT3G50850,0.22303237,0.13947798,1.5990505
AT3G58230,0.21736732,0.13594277,1.5989618
AT3G02250,0.15374546,0.09615807,1.5988823
AT5G24710,0.073140934,0.04575528,1.5985241
AT2G44440,0.0979882,0.061300922,1.5984782
AT3G19440,0.20325445,0.1271627,1.5983809
AT2G47570,0.31986046,0.20011689,1.598368
AT3G56170,0.13786286,0.08625768,1.5982676
AT3G19790,0.14781782,0.09249042,1.5981959
AT2G46510,0.20997012,0.13142794,1.5976062
AT1G59610,0.05370886,0.033621654,1.5974479
AT4G13200,0.14166988,0.08868616,1.5974293
AT3G14300,0.21480027,0.13447712,1.5972996
AT3G12380,0.073225684,0.04584912,1.5971009
AT2G47840,0.10506385,0.065787636,1.5970149
AT3G62040,0.30255175,0.18945168,1.5969862
AT5G03530,0.14819287,0.09279931,1.5969176
AT2G42180,0.21089344,0.13207853,1.5967275
AT3G45560,0.187,0.117116325,1.596703
AT5G11460,0.18900897,0.11838698,1.596535
AT4G11590,0.32828784,0.20564094,1.5964128
AT1G33830,0.23237912,0.14556408,1.5964042
AT3G42860,0.20971261,0.13136624,1.5963963
AT3G17590,0.1347974,0.08443868,1.5963937
AT3G54390,0.22110465,0.13851336,1.5962694
AT5G60730,0.29883006,0.18720615,1.5962619
AT1G01990,0.10224567,0.064055786,1.5961971
AT1G04910,0.088050745,0.055165514,1.596119
AT4G11330,0.20559879,0.12882027,1.5960125
AT3G43250,0.4686525,0.29363993,1.5960108
AT1G17360,0.20144056,0.1262185,1.5959668
AT3G26700,0.16201255,0.10153345,1.5956568
AT1G08040,0.08065444,0.05054916,1.5955641
AT2G41020,0.056112003,0.03516755,1.5955614
AT3G44180,0.22359401,0.14014603,1.5954357
AT1G49320,0.26964128,0.16901268,1.5953907
AT3G25660,0.12665635,0.079389006,1.5953889
AT2G04300,0.20411296,0.12794484,1.5953197
AT1G07220,0.12284163,0.077004254,1.5952575
AT3G06483,0.10455,0.06554311,1.5951332
AT3G16860,0.3048365,0.191115,1.5950421
AT3G03750,0.19491668,0.122204706,1.5950013
AT2G44300,0.25889847,0.1623195,1.5949929
AT5G12890,0.1779587,0.11157944,1.5949057
AT1G65510,0.41184452,0.2582289,1.5948817
AT2G24620,0.18997025,0.11911316,1.594872
AT1G80580,0.33525404,0.21021922,1.594783
AT3G22231,0.7445489,0.4669138,1.5946175
AT3G19780,0.19383346,0.1215673,1.5944538
AT2G32980,0.08822317,0.05533377,1.5943817
AT1G72240,0.42577422,0.26704726,1.5943778
AT2G03340,0.15229116,0.095520146,1.5943354
AT5G64080,0.29440624,0.18467015,1.5942274
AT2G44760,0.13143724,0.08244759,1.5941913
AT5G01590,0.11412806,0.07159154,1.5941556
AT3G48900,0.2533396,0.15892524,1.5940802
AT5G27510,0.26445976,0.16590273,1.594065
AT3G47560,0.20264398,0.12713712,1.5939007
AT5G01540,0.5408089,0.3393013,1.59389
AT5G26120,0.25154343,0.15781881,1.5938747
AT1G71500,0.11921211,0.07479961,1.593753
AT4G16480,0.1481266,0.09294206,1.593752
AT1G22540,0.14241523,0.08937219,1.593507
AT1G05440,0.29088932,0.18255614,1.5934238
AT5G49945,0.07762421,0.04871719,1.5933635
AT1G36060,0.2798835,0.17568582,1.5930909
AT3G20970,0.12791134,0.08029399,1.5930375
AT1G26100,0.19529681,0.122617036,1.5927379
AT1G47730,0.21765974,0.1366581,1.5927318
AT2G01660,0.18847781,0.11834211,1.5926521
AT2G27060,0.13811712,0.086723596,1.5926127
AT3G23980,0.07592833,0.0476775,1.5925398
AT1G32730,0.15473098,0.09716863,1.5923963
AT1G30810,0.1312172,0.08240342,1.5923754
AT5G06040,0.23452789,0.1473361,1.5917882
AT2G37890,0.18056914,0.11343796,1.5917876
AT1G17980,0.11466652,0.072053894,1.5913992
AT4G39780,0.26387438,0.16582657,1.591267
AT4G01950,0.37694708,0.23689282,1.5912135
AT1G23890,0.15408832,0.096838035,1.5911962
AT3G15500,0.3846994,0.24177344,1.5911565
AT2G02170,0.12761319,0.08020403,1.5911068
AT3G58740,0.25646508,0.16119006,1.5910723
AT1G60490,0.09367759,0.058878973,1.591019
AT3G20150,0.2055903,0.12922873,1.5909022
AT3G57710,0.13078947,0.082212366,1.5908734
AT4G00750,0.23243275,0.1461093,1.5908141
AT4G29940,0.14468594,0.09095383,1.5907624
AT1G21110,0.4471362,0.28108418,1.5907555
AT4G09550,0.16278864,0.10233617,1.5907243
AT2G35650,0.1315688,0.08271662,1.5905968
AT1G11100,0.24041976,0.15115589,1.5905416
AT2G04630,0.12763236,0.080244794,1.5905374
AT1G34340,0.13690436,0.08607571,1.5905108
AT1G68340,0.17542596,0.11030501,1.5903715
AT1G19200,0.404369,0.25426826,1.5903243
AT3G51400,0.46059933,0.28963125,1.5902957
AT2G39750,0.0888512,0.05587424,1.5901994
AT4G39955,0.16884768,0.10618859,1.5900736
AT3G51720,0.18307357,0.11515282,1.5898312
AT4G26340,0.16107714,0.101320796,1.5897737
AT3G09020,0.36434662,0.22920892,1.589583
AT3G54230,0.08266603,0.052010905,1.5893977
AT1G67050,0.18664555,0.11745332,1.5891039
AT3G49620,0.64928204,0.4086126,1.5889916
AT5G01090,0.15660156,0.09856324,1.5888433
AT1G52810,0.38411546,0.24177146,1.5887543
AT5G18610,0.21941082,0.1381086,1.5886831
AT4G34430,0.08323471,0.052405316,1.5882872
AT1G47750,0.14170668,0.08923079,1.5880915
AT4G03040,0.26301405,0.16563383,1.5879246
AT3G55670,0.22421868,0.1412087,1.5878531
AT1G15850,0.22150798,0.13950469,1.5878173
AT2G02515,0.28358787,0.17863639,1.5875145
AT5G61410,0.109639436,0.0690654,1.5874726
AT5G40170,0.22394697,0.1410722,1.5874634
AT1G03190,0.120322146,0.07580577,1.5872425
AT1G64810,0.099560305,0.06273191,1.5870758
AT1G68490,0.1525641,0.09613004,1.5870594
AT2G02970,0.11652828,0.0734255,1.5870272
AT4G30800,0.21742481,0.13703364,1.5866526
AT1G48350,0.11554424,0.07283317,1.586423
AT1G54410,0.12175073,0.07674603,1.5864105
AT1G66370,0.41382262,0.2608711,1.5863106
AT5G57000,0.1723308,0.10864293,1.5862126
AT4G12010,0.1300899,0.08201608,1.5861509
AT5G06530,0.28201303,0.17780478,1.5860822
AT1G21880,0.18093808,0.11408597,1.5859799
AT5G49690,0.43067312,0.2716067,1.5856497
AT1G71480,0.26087284,0.16452177,1.5856432
AT3G44210,0.26455218,0.16684784,1.5855893
AT1G29140,0.38391843,0.24213281,1.5855695
AT2G01300,0.54452246,0.3435602,1.5849406
AT4G32320,0.11884966,0.07499808,1.5847025
AT1G13110,0.2512247,0.15853213,1.5846925
AT2G25660,0.102369376,0.06460186,1.5846194
AT1G20070,0.58499974,0.3691936,1.5845337
AT1G79760,0.23508848,0.14836451,1.584533
AT4G32970,0.121881016,0.07692673,1.5843778
AT2G03350,0.16292949,0.102840364,1.584295
AT1G12790,0.21482217,0.13560423,1.5841846
AT4G23010,0.11234945,0.07091987,1.5841743
AT1G33040,0.082859814,0.052307148,1.5841008
AT1G04230,0.103216216,0.065159865,1.5840458
AT3G49120,0.4170016,0.26325476,1.584023
AT5G48220,0.11187634,0.07062941,1.5839907
AT1G75020,0.1459776,0.09216374,1.5838939
AT5G07360,0.11192082,0.07066465,1.5838301
AT3G53710,0.09039292,0.057081513,1.5835757
AT1G78960,0.1303599,0.082321554,1.5835451
AT1G54720,0.2308459,0.14577803,1.5835437
AT1G03000,0.11422825,0.0721407,1.5834091
AT3G17930,0.13721685,0.08666196,1.5833572
AT1G75520,0.27847624,0.17590843,1.5830748
AT3G16430,0.3311416,0.20917954,1.5830495
AT1G59640,0.20726278,0.13093017,1.5830023
AT1G11890,0.090441,0.05713759,1.5828632
AT5G19910,0.121089615,0.076506436,1.5827374
AT1G04260,0.10094532,0.0637822,1.5826565
AT1G02280,0.12998445,0.08213142,1.5826396
AT4G12340,0.12640373,0.07987318,1.5825553
AT1G02140,0.08937079,0.056475736,1.5824631
AT5G44030,0.24774303,0.15658757,1.5821371
AT1G09020,0.08302927,0.05248409,1.5819889
AT5G55380,0.21019065,0.13286999,1.5819271
AT2G13430,0.36723208,0.23214404,1.5819147
AT5G38900,0.44520712,0.28143644,1.58191
AT2G07505,0.24040423,0.15197764,1.5818393
AT3G62170,0.32501954,0.20551856,1.5814607
AT1G15140,0.094118774,0.059515454,1.5814171
AT3G02760,0.14708105,0.09301098,1.5813298
AT1G69550,0.19328837,0.122241735,1.5811977
AT4G33600,0.2369957,0.14988865,1.5811449
AT2G27330,0.14984228,0.094770856,1.5811007
AT5G58520,0.106720984,0.06751925,1.5806007
AT2G48060,0.14626195,0.09254037,1.5805203
AT4G34660,0.11040135,0.06986923,1.5801139
AT3G27010,0.11404909,0.07218684,1.579915
AT5G08540,0.08164096,0.05167653,1.5798457
AT4G33010,0.1281102,0.081092864,1.5797961
AT4G08930,0.20507814,0.1298142,1.5797819
AT4G22000,0.09290019,0.05881356,1.5795705
AT3G19120,0.114630684,0.07257447,1.5794904
AT2G30470,0.11937277,0.07558155,1.5793902
AT3G10050,0.10675369,0.06759215,1.5793798
AT2G35170,0.16065459,0.1017263,1.5792826
AT5G55520,0.25677413,0.16259901,1.5791861
AT1G65470,0.17748384,0.112396725,1.5790837
AT5G44860,0.10890877,0.068975404,1.5789506
AT3G28540,0.452883,0.28682762,1.5789379
AT2G35410,0.11510988,0.07290954,1.5788039
AT4G23640,0.062586434,0.039643597,1.578727
AT2G06210,0.084485695,0.053515468,1.5787151
AT1G19640,0.37583983,0.2380747,1.5786633
AT4G36710,0.18357548,0.11630245,1.5784316
AT5G65685,0.1148468,0.07277191,1.5781748
AT2G30290,0.22400038,0.141942,1.5781119
AT5G20130,0.112134725,0.07105944,1.578041
AT1G43130,0.07637988,0.048403632,1.5779779
AT3G05710,0.10040768,0.06363097,1.5779686
AT5G01700,0.2163976,0.13716254,1.5776726
AT3G13340,0.07322645,0.046419926,1.5774785
AT1G36180,0.22801143,0.14454941,1.5773941
AT5G13890,0.13305546,0.08435311,1.5773627
AT4G17610,0.12414858,0.07870722,1.5773467
AT4G18593,0.12555206,0.07960248,1.5772378
AT1G08880,0.075562544,0.04792105,1.5768129
AT1G15200,0.110775486,0.070253834,1.576789
AT5G05550,0.18050936,0.11447949,1.5767833
AT4G23710,0.0923245,0.058553107,1.576765
AT2G16990,0.26680824,0.16921906,1.5767031
AT5G13760,0.10330483,0.0655409,1.5761886
AT3G43110,0.45449787,0.28837824,1.5760478
AT4G14400,0.40354612,0.25605458,1.5760161
AT1G06960,0.1257191,0.079772756,1.5759652
AT4G17040,0.08316042,0.052768614,1.5759444
AT1G74860,0.105865635,0.067186125,1.5757066
AT1G08630,0.45043698,0.28587088,1.5756658
AT2G32990,0.30064553,0.1908166,1.5755732
AT5G44170,0.14614399,0.09275817,1.5755374
AT4G36420,0.107677765,0.0683439,1.5755284
AT3G24320,0.14946152,0.094869934,1.575436
AT4G00240,0.1813749,0.1151556,1.5750418
AT2G45520,0.09478221,0.060184292,1.5748659
AT4G28025,0.093539305,0.059396885,1.574818
AT1G48440,0.11189029,0.07106153,1.5745549
AT2G35330,0.067442484,0.042836744,1.5744069
AT1G62020,0.06941001,0.04409017,1.5742737
AT4G01790,0.2048791,0.13015544,1.5741107
AT5G05320,0.30664584,0.19481063,1.5740713
AT4G39920,0.12683567,0.08058852,1.5738677
AT3G57250,0.22917491,0.14562696,1.573712
AT4G38500,0.07725,0.049090624,1.5736198
AT1G65070,0.10160676,0.064574264,1.5734867
AT3G10810,0.079995416,0.05084151,1.5734268
AT3G63440,0.24364169,0.15485398,1.5733639
AT1G10500,0.111333534,0.07076745,1.5732307
AT2G22650,0.12510173,0.07953516,1.5729109
AT3G13380,0.1452571,0.09235824,1.5727572
AT5G51060,0.27414447,0.17431672,1.5726801
AT5G09290,0.36182207,0.2300683,1.5726724
AT3G46590,0.10629497,0.06759418,1.572546
AT2G01790,0.1993758,0.1267931,1.5724497
AT1G08540,0.122595996,0.077968664,1.572375
AT5G15410,0.17215401,0.10950289,1.5721412
AT5G65730,0.35958505,0.22875845,1.5718983
AT1G67940,0.14934969,0.0950174,1.571814
AT3G23560,0.17599227,0.1119689,1.571796
AT1G80570,0.18092279,0.11511004,1.5717376
AT3G55190,0.2234986,0.14220169,1.5717013
AT5G54430,0.07542298,0.0479895,1.5716555
AT2G06000,0.11799744,0.07507989,1.571625
AT4G34310,0.092825174,0.05906355,1.571615
AT4G11010,0.1253654,0.07977859,1.5714165
AT3G63300,0.1834476,0.11674582,1.5713418
AT5G24390,0.19834858,0.12623058,1.5713193
AT4G25870,0.12456942,0.07928033,1.5712523
AT5G56570,0.21630903,0.13766879,1.5712277
AT1G74700,0.15812273,0.10064318,1.571122
AT1G50240,0.16969752,0.1080131,1.5710827
AT3G59050,0.10879484,0.06925047,1.5710337
AT4G21323,0.39514223,0.25157273,1.5706879
AT1G80720,0.1782439,0.11348593,1.5706254
AT4G34520,0.23864448,0.15194419,1.570606
AT3G18280,0.2108874,0.13428879,1.570402
AT2G17620,0.25272682,0.16093868,1.5703298
AT5G11820,0.3416573,0.2175708,1.5703269
AT4G19490,0.08837474,0.056281578,1.5702248
AT3G23070,0.1322087,0.084206246,1.570058
AT5G36210,0.08436654,0.053734943,1.5700495
AT5G20650,0.15029795,0.095736235,1.569917
AT2G18250,0.07710493,0.04911538,1.5698732
AT3G10820,0.20034528,0.1276309,1.5697237
AT1G67880,0.17214954,0.109669365,1.569714
AT4G08180,0.06949391,0.044271752,1.5697118
AT5G49400,0.07873635,0.050161574,1.5696543
AT3G43990,0.18243328,0.11623076,1.5695782
AT2G27820,0.11721421,0.074683,1.5694896
AT2G02410,0.20686138,0.13180828,1.5694109
AT2G41200,0.15060422,0.095962636,1.5694046
AT5G65720,0.095559366,0.0608899,1.5693793
AT5G16820,0.13152933,0.083813116,1.5693166
AT2G24850,0.6964377,0.44388995,1.5689423
AT5G26980,0.13362671,0.085204326,1.568309
AT3G04610,0.06060114,0.038641687,1.5682836
AT4G14580,0.17175701,0.109521896,1.5682435
AT2G39010,0.20433974,0.13031657,1.5680256
AT2G23890,0.11875012,0.07573249,1.5680206
AT2G22640,0.11630351,0.0741768,1.5679228
AT5G56480,0.20054793,0.12790745,1.5679141
AT1G78000,0.24516119,0.15636826,1.5678449
AT2G41350,0.09145291,0.05833538,1.567709
AT3G30380,0.10677916,0.06812939,1.5672992
AT3G50120,0.43536025,0.2777804,1.5672821
AT4G11030,0.17842658,0.11385776,1.5671006
AT4G21390,0.274906,0.17543177,1.5670251
AT2G44870,0.09446505,0.060284965,1.566975
AT3G51710,0.1901137,0.121333696,1.5668663
AT5G64670,0.09312477,0.05944185,1.566653
AT2G19130,0.17261353,0.110184625,1.5665845
AT3G04200,0.36908007,0.23559877,1.5665618
AT3G47130,0.27334765,0.17450394,1.5664266
AT5G64150,0.11370277,0.072589636,1.5663773
AT5G55550,0.11823027,0.075480424,1.5663698
AT1G32660,0.20595828,0.13148898,1.5663538
AT5G08120,0.13692954,0.08742114,1.5663205
AT1G75210,0.08991767,0.057410147,1.5662327
AT2G17240,0.11462992,0.07318916,1.5662142
AT5G06800,0.23286425,0.14867984,1.5662125
AT4G32180,0.05835656,0.037261847,1.5661205
AT3G19980,0.084627576,0.054041985,1.5659595
AT5G15640,0.12311305,0.0786205,1.5659152
AT4G21060,0.14325342,0.09149154,1.5657557
AT2G16570,0.18792637,0.120027445,1.5656949
AT5G17190,0.174372,0.11137844,1.5655812
AT3G61770,0.12677705,0.08097981,1.5655389
AT1G60720,0.38683623,0.24709953,1.5655077
AT4G01430,0.41013157,0.2619803,1.5655054
AT4G28990,0.086431935,0.05521394,1.5654004
AT2G20142,0.43577665,0.2784093,1.5652374
AT2G32100,0.41051593,0.26227444,1.5652151
AT2G40090,0.11798703,0.07538083,1.5652125
AT5G36170,0.0871911,0.055716597,1.5649031
AT3G26150,0.31081167,0.19861767,1.564874
AT5G28640,0.25203624,0.16105913,1.5648676
AT5G25490,0.2244413,0.14343923,1.5647134
AT5G43320,0.050228123,0.032100994,1.56469
AT5G16150,0.099000886,0.06328284,1.5644189
AT3G50000,0.07121757,0.045523822,1.5644017
AT2G04430,0.2117423,0.13537808,1.564081
AT1G53500,0.114159994,0.072990894,1.5640304
AT2G47120,0.25575367,0.16352488,1.5640044
AT3G28910,0.19621073,0.1254604,1.5639254
AT5G64280,0.097516276,0.06236002,1.5637625
AT1G22310,0.118716575,0.075923435,1.5636353
AT4G39170,0.07461178,0.047719378,1.5635527
AT1G79470,0.16532364,0.10574486,1.56342
AT1G25350,0.053042706,0.033929616,1.5633153
AT4G36170,0.26635817,0.17038535,1.5632691
AT4G14350,0.09800546,0.06269785,1.5631388
AT3G21280,0.07901345,0.050552763,1.5629895
AT5G37030,0.17866191,0.11433251,1.5626518
AT4G26220,0.19354661,0.123878725,1.5623877
AT1G20940,0.18923499,0.12116332,1.5618173
AT3G52480,0.21050403,0.13479133,1.5617028
AT4G23400,0.1893529,0.12125031,1.5616693
AT2G37860,0.103014015,0.065965824,1.5616269
AT3G16060,0.08857595,0.056722883,1.5615556
AT1G73750,0.25277317,0.16187407,1.5615419
AT1G31940,0.13046815,0.0835651,1.5612754
AT1G52190,0.29180425,0.18692352,1.5610889
AT2G41060,0.08845148,0.05666363,1.5609919
AT1G21070,0.1499561,0.09607267,1.5608612
AT3G58530,0.108016655,0.069207944,1.560755
AT3G13630,0.2906321,0.18623336,1.5605801
AT4G30080,0.1302512,0.08346485,1.5605513
AT4G14410,0.075329326,0.048275325,1.5604101
AT4G14870,0.14272131,0.091466896,1.5603602
AT5G03000,0.19657652,0.1259838,1.5603315
AT4G38090,0.10563721,0.06771104,1.5601177
AT5G22510,0.08810929,0.056476578,1.5601029
AT3G21220,0.11923739,0.07643084,1.560069
AT2G37910,0.22517903,0.14434645,1.5599899
AT1G67910,0.3756648,0.240816,1.5599661
AT1G68400,0.12305162,0.07888145,1.5599562
AT1G64740,0.101863116,0.065299705,1.5599321
AT5G27680,0.15033008,0.096369974,1.5599264
AT5G40100,0.23056117,0.14780349,1.5599169
AT1G07140,0.06319578,0.040512662,1.5599015
AT4G16090,0.20027816,0.12840328,1.5597588
AT1G33055,0.69387364,0.44489235,1.5596439
AT5G12190,0.14267056,0.09149233,1.5593716
AT4G38480,0.16681662,0.10697835,1.5593493
AT5G61710,0.17734332,0.113733165,1.5592929
AT1G27540,0.457915,0.29368636,1.5591974
AT5G10030,0.15071893,0.096667945,1.5591406
AT2G46880,0.44863978,0.28775308,1.5591137
AT5G25950,0.23504563,0.15076907,1.5589776
AT3G61860,0.07642603,0.04902893,1.5587943
AT3G50830,0.16941701,0.10868843,1.5587399
AT2G26260,0.1261403,0.08092725,1.5586873
AT5G62790,0.11043254,0.07085308,1.5586131
AT4G13710,0.1952957,0.12533365,1.5582063
AT5G18120,0.12992772,0.08338727,1.5581241
AT1G01730,0.10426613,0.066931665,1.5577996
AT5G49650,0.09057365,0.058146767,1.5576727
AT4G15750,0.31714967,0.2036074,1.5576528
AT1G30290,0.10853634,0.06968094,1.5576187
AT2G41490,0.116484374,0.07479392,1.5574042
AT1G73440,0.1029719,0.06612087,1.557328
AT5G49220,0.1006857,0.06465519,1.5572715
AT1G78895,0.16537556,0.1062266,1.5568186
AT1G07590,0.20229527,0.12994553,1.5567696
AT1G30330,0.0959467,0.06163479,1.5566968
AT2G05120,0.13554622,0.08707768,1.5566126
AT2G29760,0.1808904,0.11621788,1.5564764
AT2G26780,0.080008134,0.0514084,1.5563239
AT3G20860,0.23230772,0.1492763,1.5562263
AT5G07270,0.081939206,0.052655913,1.5561252
AT5G26920,0.4248445,0.2730207,1.5560889
AT3G16970,0.20976794,0.13482632,1.555838
AT2G41140,0.1011032,0.064985774,1.5557742
AT4G11410,0.11767783,0.07564464,1.5556663
AT1G32150,0.09656368,0.062081803,1.5554262
AT3G49250,0.108819835,0.06996958,1.5552448
AT4G37670,0.17993356,0.1157025,1.5551397
AT5G48460,0.15386087,0.09893713,1.5551376
AT1G51090,0.5146705,0.33099362,1.5549257
AT3G09670,0.11611214,0.07467513,1.554897
AT1G26900,0.15831785,0.101819515,1.5548869
AT5G39960,0.10963362,0.07051223,1.554817
AT2G33640,0.21894953,0.14082977,1.5547104
AT3G04460,0.11595953,0.07459764,1.5544664
AT3G24090,0.1955394,0.12579565,1.5544208
AT5G56640,0.2285695,0.14704563,1.5544119
AT2G40440,0.38074234,0.24496216,1.5542904
AT4G36050,0.1279155,0.082298785,1.5542816
AT1G12960,0.26257852,0.16895412,1.5541408
AT2G40620,0.108251974,0.06965451,1.5541271
AT3G54220,0.12160017,0.07824379,1.554119
AT1G64860,0.17704721,0.11392675,1.5540441
AT3G62060,0.13071463,0.0841182,1.5539397
AT1G05100,0.43962932,0.28291777,1.553912
AT5G48470,0.1915755,0.12328675,1.5539017
AT3G44300,0.4835285,0.31117728,1.5538682
AT2G35060,0.14437577,0.09291807,1.5537964
AT4G19470,0.24711455,0.15904185,1.5537704
AT1G24310,0.119611815,0.07698395,1.5537239
AT5G66055,0.080096744,0.051552452,1.5536938
AT1G72310,0.14387396,0.09260198,1.5536811
AT4G37220,0.4744374,0.30538142,1.5535896
AT3G17030,0.16206329,0.10432281,1.5534787
AT5G02280,0.16610107,0.10692482,1.5534378
AT3G26140,0.20100687,0.12940499,1.553316
AT1G07910,0.10823222,0.06968225,1.553225
AT1G17880,0.08236327,0.05302837,1.5531923
AT2G33560,0.23715916,0.15270257,1.5530789
AT5G42880,0.17080303,0.10998,1.553037
AT3G63520,0.073463425,0.047305927,1.552943
AT2G37460,0.31677765,0.20398845,1.5529194
AT1G52950,0.37395498,0.2408084,1.552915
AT4G08270,0.22863577,0.14723548,1.5528576
AT4G17060,0.08607019,0.055431217,1.5527382
AT1G77640,0.55314046,0.35625353,1.5526596
AT1G65390,0.5266405,0.33919424,1.5526221
AT2G16890,0.37564144,0.24194276,1.5526044
AT4G21350,0.13561645,0.08735888,1.552406
AT1G47350,0.19458467,0.12534505,1.5523919
AT5G18950,0.16074504,0.10355465,1.5522724
AT5G59240,0.2770039,0.17846054,1.5521857
AT3G05690,0.26101393,0.16816175,1.5521598
AT4G07390,0.113473766,0.073107414,1.5521511
AT4G35740,0.11926876,0.07685136,1.5519407
AT3G17140,0.22269458,0.14350723,1.5518003
AT5G10770,0.24088863,0.15524659,1.5516515
AT2G23210,0.29652423,0.19111975,1.5515101
AT3G51700,0.18367381,0.11838569,1.5514866
AT3G55970,0.61751664,0.39804697,1.5513662
AT1G49380,0.16526897,0.10653595,1.5512975
AT3G03180,0.19686899,0.12692206,1.5511013
AT3G09910,0.3330475,0.21473007,1.5510054
AT5G45620,0.095109776,0.061339214,1.5505539
AT3G20240,0.15359238,0.09905996,1.550499
AT5G66340,0.27071643,0.17460184,1.5504786
AT1G76350,0.12536521,0.080858916,1.550419
AT1G35150,0.1819384,0.11734819,1.5504149
AT4G02410,0.2872279,0.18526326,1.5503769
AT1G20970,0.15891509,0.102503836,1.5503329
AT2G20725,0.10269625,0.066242665,1.5503035
AT5G09760,0.13910899,0.08973196,1.5502723
AT3G06680,0.13312475,0.085872635,1.550258
AT5G63650,0.17922089,0.1156212,1.5500693
AT4G20140,0.22413741,0.14460142,1.5500358
AT5G15540,0.08615211,0.055585064,1.5499144
AT3G05460,0.28046495,0.18095651,1.5499023
AT3G52380,0.108069405,0.06973076,1.5498096
AT3G30300,0.113583736,0.07329072,1.5497695
AT5G05610,0.0704223,0.045443892,1.5496534
AT2G04040,0.48561212,0.31337097,1.5496398
AT1G11720,0.13277927,0.08568411,1.5496368
AT2G03810,0.1365479,0.088122,1.5495322
AT2G20320,0.13282461,0.085720725,1.5495039
AT1G63750,0.2582305,0.16667037,1.5493485
AT1G20670,0.08850884,0.05712871,1.5492879
AT1G30570,0.15297729,0.09874354,1.5492383
AT1G15220,0.1257848,0.08119228,1.549221
AT3G21360,0.14355746,0.092669316,1.5491368
AT5G18250,0.13340393,0.086116485,1.54911
AT5G03050,0.21429844,0.13833754,1.5490981
AT2G18600,0.2131087,0.13757053,1.5490867
AT5G43340,0.14851476,0.09587445,1.5490545
AT4G18870,0.33816367,0.21833807,1.5488075
AT1G64610,0.13318433,0.08600521,1.548561
AT3G20650,0.07225891,0.046662122,1.5485557
AT5G52810,0.38327938,0.24751376,1.5485175
AT5G10270,0.06412621,0.041411817,1.5484998
AT4G28180,0.21782798,0.14071406,1.5480183
AT1G33350,0.21942398,0.14174682,1.5479991
AT1G15710,0.117530964,0.07592606,1.547966
AT1G28030,0.25092155,0.16210197,1.5479239
AT4G29270,0.20854011,0.1347244,1.5479015
AT1G06380,0.1407984,0.090968505,1.5477707
AT5G11530,0.11331117,0.07320985,1.5477583
AT5G57840,0.14673282,0.094803974,1.5477495
AT4G27970,0.26035327,0.16822149,1.5476812
AT5G02830,0.17987433,0.11622801,1.5475987
AT3G57380,0.2778015,0.17952456,1.547429
AT3G43220,0.08794039,0.05683972,1.5471641
AT2G44530,0.08379764,0.05416673,1.5470313
AT5G04840,0.23803888,0.15387969,1.5469154
AT2G18990,0.13241474,0.08560328,1.5468417
AT3G10690,0.11312266,0.0731371,1.5467205
AT5G13500,0.084571145,0.054696348,1.5461934
AT3G21300,0.21407917,0.13846226,1.5461191
AT5G18820,0.18878403,0.12210665,1.5460585
AT5G15470,0.11268911,0.07289552,1.5458988
AT5G11100,0.23629153,0.15288517,1.5455489
AT1G22420,0.21420169,0.13859951,1.545472
AT1G32450,0.30137223,0.19504564,1.5451369
AT5G04460,0.08244335,0.053357754,1.545105
AT2G41290,0.21958217,0.14211553,1.545096
AT1G54290,0.1462523,0.094658464,1.5450524
AT4G04020,0.23015562,0.14898902,1.5447823
AT2G34870,0.33313194,0.2156696,1.5446401
AT1G79520,0.2728845,0.17668019,1.5445108
AT4G36400,0.10395208,0.06730537,1.544484
AT1G78690,0.10165385,0.06581849,1.5444572
AT1G54990,0.07376531,0.04776557,1.5443193
AT3G18800,0.14174373,0.091789894,1.5442193
AT4G29140,0.20430258,0.13230236,1.5442095
AT5G63460,0.08796518,0.056964613,1.5442072
AT5G54730,0.11128656,0.07208623,1.5437976
AT5G02460,0.28953478,0.18756141,1.5436798
AT1G20960,0.06628346,0.04293933,1.5436532
AT5G59380,0.08163603,0.052887224,1.5435866
AT1G06810,0.4421208,0.2864341,1.543534
AT5G23880,0.09208784,0.05966072,1.5435252
AT2G18300,0.30084655,0.19492206,1.5434196
AT1G66530,0.064677276,0.041906662,1.5433646
AT5G39670,0.52959543,0.3431753,1.5432214
AT3G18270,0.10900455,0.070641145,1.5430744
AT5G47550,0.2189163,0.14187664,1.5430044
AT3G02650,0.14404589,0.09336002,1.5429075
AT1G63720,0.22039899,0.14285272,1.5428405
AT5G08580,0.10379504,0.06729305,1.5424331
AT3G28950,0.115370594,0.07480395,1.5423061
AT5G54660,0.14027572,0.090963036,1.5421177
AT3G45710,0.28650594,0.18579161,1.5420821
AT4G16780,0.20373608,0.13213807,1.5418422
AT5G06660,0.11541174,0.07486545,1.5415887
AT5G40300,0.117197424,0.076024935,1.5415654
AT1G13930,0.20249204,0.1313662,1.5414318
AT4G17340,0.23912497,0.15515552,1.5411952
AT1G71790,0.094713755,0.06145863,1.5410975
AT5G16300,0.0940357,0.06102079,1.5410433
AT2G05260,0.09280999,0.060235906,1.540775
AT1G67850,0.1840306,0.1194419,1.5407541
AT1G23800,0.26441056,0.17161766,1.5406954
AT1G21560,0.12078809,0.07840502,1.5405656
AT3G09620,0.25804418,0.16755174,1.5400864
AT5G06340,0.09079063,0.05895248,1.5400643
AT4G33480,0.13688122,0.08888621,1.53996
AT1G51800,0.39272714,0.25504765,1.5398186
AT4G24610,0.11309397,0.07344769,1.5397892
AT1G70100,0.12591583,0.08178435,1.5396076
AT2G38650,0.09186632,0.05966981,1.5395776
AT3G05570,0.12451505,0.080889344,1.5393256
AT2G13290,0.12525517,0.08137224,1.5392861
AT1G23410,0.42532438,0.2763443,1.5391104
AT5G13290,0.15410505,0.100137234,1.5389385
AT1G29450,0.35295978,0.22936778,1.5388376
AT1G20910,0.09550924,0.0620789,1.5385134
AT5G48230,0.068314426,0.04440403,1.5384731
AT5G01910,0.23919508,0.15547717,1.5384578
AT5G02890,0.34468588,0.22411568,1.5379819
AT4G11270,0.08833478,0.057439603,1.5378721
AT2G34190,0.18808141,0.12230185,1.537846
AT5G18340,0.43138373,0.28052208,1.5377889
AT1G11740,0.2705845,0.17595762,1.5377821
AT5G62410,0.13293384,0.08644643,1.5377597
AT1G01930,0.09462516,0.0615388,1.5376501
AT1G28140,0.11354479,0.073846914,1.5375698
AT1G74380,0.12528501,0.081485875,1.5375057
AT4G08730,0.19806933,0.12883405,1.5373987
AT3G18990,0.09123243,0.05934257,1.5373856
AT3G09300,0.05805089,0.037759565,1.5373819
AT4G27620,0.1309361,0.08517148,1.5373231
AT2G39920,0.5459554,0.35518906,1.537084
AT3G46130,0.37263206,0.24244568,1.5369712
AT3G27550,0.21555278,0.14025372,1.5368773
AT1G06770,0.12715611,0.082739405,1.5368264
AT5G24090,0.29483908,0.19186457,1.5367041
AT2G21420,0.30260783,0.19692549,1.5366615
AT3G61130,0.08534223,0.055545606,1.536435
AT4G29750,0.111836605,0.072791934,1.5363872
AT3G43860,0.31099513,0.20247425,1.5359737
AT1G73060,0.08634301,0.056214817,1.5359473
AT3G26390,0.22490962,0.14643173,1.5359348
AT4G12130,0.12245016,0.07972387,1.5359282
AT1G75350,0.11223664,0.07307425,1.5359259
AT4G37040,0.09685818,0.06306691,1.5358002
AT2G15970,0.328864,0.21413575,1.5357734
AT1G75960,0.40448245,0.2633846,1.5357103
AT3G01010,0.2765681,0.18009901,1.5356447
AT5G10470,0.12972578,0.08447962,1.5355866
AT2G42080,0.11910611,0.07756928,1.5354801
AT4G05400,0.11485075,0.07480125,1.5354121
AT4G20820,0.3916946,0.25512847,1.5352838
AT5G39520,0.58769876,0.38284633,1.5350775
AT1G66430,0.12392767,0.080731526,1.535059
AT3G13070,0.08665209,0.056449886,1.5350266
AT5G24840,0.12698613,0.0827299,1.5349483
AT1G49390,0.29541433,0.19246338,1.5349118
AT4G39080,0.06393462,0.041666534,1.5344353
AT1G07920,0.09991501,0.06511646,1.5344048
AT3G59680,0.1461023,0.09522012,1.5343636
AT2G39670,0.11374576,0.07414215,1.5341576
AT5G33280,0.13445012,0.08764416,1.5340453
AT2G20720,0.37522912,0.24464282,1.5337834
AT5G58140,0.14283504,0.09313713,1.5335991
AT3G45990,0.20930879,0.1364822,1.5335976
AT2G31050,0.19367579,0.12628858,1.5335969
AT4G21860,0.093080014,0.060696118,1.5335412
AT1G19710,0.1450876,0.09461317,1.533482
AT1G74010,0.3500359,0.22827038,1.5334266
AT3G15351,0.11447535,0.07465662,1.5333581
AT2G19830,0.09297218,0.06063679,1.5332633
AT5G38710,0.35778648,0.23336151,1.5331854
AT3G42170,0.08829129,0.057587218,1.5331748
AT3G53980,0.31221184,0.20364724,1.5331012
AT4G38690,0.23658665,0.15432364,1.533055
AT5G23330,0.09528187,0.06215529,1.5329645
AT5G07260,0.32305253,0.21077587,1.5326825
AT4G05270,0.23796993,0.15526862,1.5326337
AT1G73660,0.14548047,0.09492756,1.5325419
AT2G39795,0.1677143,0.10944247,1.5324425
AT1G69330,0.1105774,0.072160415,1.5323828
AT4G37660,0.13125026,0.08565173,1.5323713
AT2G37280,0.19646724,0.12821461,1.5323309
AT4G05440,0.13785693,0.08996685,1.532308
AT1G80510,0.123064965,0.08031643,1.5322512
AT5G63480,0.18322611,0.11958274,1.5322119
AT5G07730,0.14902337,0.09726262,1.5321751
AT3G52260,0.08350245,0.05450255,1.532083
AT2G16390,0.1512713,0.09874696,1.5319083
AT5G08020,0.2208419,0.1441785,1.5317255
AT3G02640,0.23296824,0.15210181,1.5316597
AT1G09730,0.067886785,0.044326488,1.5315169
AT1G75510,0.08399258,0.05485008,1.5313116
AT1G66670,0.10269225,0.06706431,1.5312502
AT1G75840,0.11748735,0.07673102,1.5311583
AT5G67470,0.1385654,0.09049947,1.5311183
AT3G19380,0.16790116,0.1096637,1.5310549
AT3G15990,0.28091806,0.18348573,1.5310075
AT1G31870,0.081160486,0.05301404,1.5309241
AT3G59140,0.28642902,0.18709855,1.530899
AT2G43950,0.10487528,0.06851213,1.5307548
AT1G17730,0.080751926,0.052758444,1.5305969
AT3G01250,0.25882986,0.16910659,1.5305722
AT5G19570,0.11358604,0.07421207,1.5305601
AT1G65360,0.29085216,0.19004387,1.5304474
AT3G13175,0.3081472,0.20135713,1.5303514
AT5G47820,0.086453244,0.05649618,1.530249
AT4G00500,0.15349624,0.10031446,1.5301505
AT4G22150,0.098710254,0.06452245,1.5298588
AT4G04650,0.21892577,0.14312138,1.5296509
AT2G13350,0.277815,0.18163612,1.529514
AT5G16690,0.1817602,0.11883969,1.529457
AT5G28620,0.1934909,0.12651275,1.5294179
AT3G53390,0.08916079,0.058301464,1.5293059
AT4G32700,0.16805127,0.10988976,1.5292714
AT1G75680,0.13154843,0.08602337,1.5292174
AT1G55110,0.1599403,0.10461146,1.5288985
AT2G36450,0.23739512,0.15528765,1.5287442
AT3G22220,0.0832658,0.05446858,1.5286938
AT3G60590,0.118833095,0.07773644,1.5286665
AT2G33180,0.17679952,0.115662664,1.5285789
AT2G26850,0.30015558,0.19636817,1.5285347
AT5G13510,0.11494355,0.07520391,1.528425
AT5G59740,0.15406547,0.10081016,1.5282731
AT5G13960,0.15019114,0.098276414,1.528252
AT3G10210,0.12890896,0.084350914,1.528246
AT3G50900,0.2867245,0.18762931,1.5281433
AT2G42810,0.08524002,0.05578315,1.5280601
AT3G25170,0.28438127,0.18612865,1.5278747
AT2G02990,0.5744278,0.375969,1.5278594
AT4G36020,0.09789302,0.06407806,1.5277148
AT3G57840,0.1728667,0.113160565,1.527623
AT1G30890,0.08268392,0.05412616,1.5276145
AT5G62500,0.17191151,0.11254325,1.5275149
AT1G69420,0.109587565,0.07174345,1.527492
AT5G38760,0.26497924,0.17348355,1.5274025
AT1G10070,0.39270183,0.2571415,1.5271819
AT4G22470,0.6136033,0.40188372,1.526818
AT3G58140,0.08826595,0.05781477,1.5267022
AT2G26670,0.09514339,0.062321503,1.5266541
AT1G01480,0.3777668,0.24746111,1.5265702
AT3G45630,0.07449829,0.048809167,1.5263172
AT4G19910,0.18753976,0.12287263,1.5262939
AT1G12120,0.12275492,0.0804278,1.5262746
AT4G14340,0.066013016,0.043255717,1.5261104
AT3G62220,0.112651736,0.07383935,1.5256326
AT1G73805,0.42681122,0.27977794,1.5255356
AT1G64850,0.11501014,0.07539903,1.5253528
AT1G08550,0.17777206,0.116548814,1.5253012
AT5G20410,0.3081983,0.20205855,1.5252919
AT3G61710,0.11719578,0.07683787,1.5252345
AT2G24090,0.11252153,0.07378295,1.5250341
AT2G30020,0.37794814,0.24783084,1.5250245
AT1G75410,0.15027396,0.09855295,1.5248042
AT3G08920,0.15036257,0.09861346,1.524767
AT2G14260,0.06723655,0.044100277,1.5246284
AT4G23700,0.39696866,0.26040876,1.524406
AT5G43130,0.07603914,0.049881462,1.5243965
AT3G15780,0.1734392,0.11378826,1.5242275
AT3G12830,0.2977486,0.19534922,1.5241861
AT4G02820,0.14448391,0.09479433,1.5241829
AT1G08720,0.078992315,0.05182825,1.5241166
AT3G56270,0.1587973,0.10419428,1.5240499
AT4G20130,0.108841255,0.07141605,1.5240446
AT2G31260,0.088433765,0.05802935,1.5239487
AT1G06540,0.5734725,0.37632453,1.5238775
AT4G20930,0.1758591,0.1154043,1.5238521
AT5G60590,0.11579162,0.07599651,1.5236437
AT3G20230,0.13024801,0.08549418,1.5234721
AT3G14740,0.22103295,0.1450954,1.5233628
AT4G10270,0.67583627,0.44371426,1.523134
AT2G19300,0.30473775,0.20007494,1.5231179
AT3G17950,0.15128161,0.09932569,1.5230863
AT5G44450,0.10688115,0.070178084,1.5229988
AT5G47340,0.19362307,0.1271354,1.5229672
AT5G41920,0.16574773,0.10883694,1.5228995
AT3G11930,0.18299125,0.120167956,1.5227957
AT2G04750,0.1795646,0.117918015,1.5227917
AT1G16080,0.09567891,0.06283398,1.5227255
AT1G69210,0.14490844,0.09516784,1.5226618
AT3G23550,0.541036,0.35534644,1.5225593
AT5G17950,0.22178343,0.1456664,1.5225433
AT5G36890,0.14403181,0.09460284,1.5224892
AT3G14600,0.08926328,0.05863004,1.5224833
AT3G05750,0.17686884,0.11617852,1.5223883
AT2G45290,0.1250593,0.08215161,1.5222988
AT4G09040,0.11936276,0.07841127,1.5222651
AT5G23750,0.26846245,0.17636049,1.5222368
AT5G52060,0.13287555,0.087308615,1.5219064
AT4G17540,0.12584203,0.08268758,1.5218976
AT5G64920,0.09188071,0.06037438,1.521849
AT5G48280,0.19875701,0.13060512,1.5218163
AT5G26880,0.08509565,0.05592412,1.5216267
AT4G01810,0.10726553,0.070502475,1.5214434
AT4G14020,0.25506872,0.1676531,1.5214076
AT3G21830,0.26184845,0.17211145,1.5213888
AT1G29350,0.22924517,0.15068361,1.5213675
AT4G38380,0.1597491,0.10501631,1.5211836
AT4G22120,0.1317584,0.08661986,1.5211107
AT2G22160,0.23599914,0.1551562,1.5210421
AT3G06730,0.15145062,0.09957656,1.5209464
AT3G06190,0.07465147,0.04908602,1.5208293
AT1G35030,0.20968501,0.13789713,1.52059
AT4G16150,0.06712026,0.044141702,1.5205631
AT3G46280,0.38128024,0.2507696,1.5204406
AT1G54440,0.111876905,0.07358626,1.5203502
AT1G77220,0.08410441,0.055320136,1.5203215
AT5G55000,0.09041068,0.059469577,1.5202843
AT4G05590,0.22035366,0.14494245,1.5202837
AT4G36780,0.112524435,0.07401785,1.5202335
AT1G72470,0.1770118,0.11646909,1.5198177
AT1G62940,0.32053727,0.2109159,1.5197396
AT4G20880,0.10785743,0.07097188,1.5197206
AT3G01170,0.1268378,0.08346919,1.5195762
AT4G02620,0.082516946,0.054305203,1.5195032
AT5G55660,0.10927609,0.071916595,1.5194836
AT2G13150,0.21480325,0.14136596,1.5194833
AT4G38520,0.08426168,0.055457983,1.5193784
AT3G21390,0.15446433,0.10166441,1.5193549
AT4G33666,0.5299692,0.34882468,1.5192996
AT4G36580,0.23119736,0.15218495,1.5191866
AT3G13445,0.094024286,0.061891194,1.5191865
AT4G37360,0.18230543,0.120004565,1.519154
AT1G23140,0.41255948,0.2715749,1.5191369
AT3G28270,0.48174393,0.3171221,1.5191119
AT4G15850,0.11081022,0.07294905,1.5190082
AT3G20440,0.2292113,0.15091383,1.5188222
AT3G20330,0.09688206,0.06379081,1.5187461
AT5G59090,0.23095953,0.15208548,1.5186164
AT1G71310,0.084051974,0.05534831,1.5186002
AT4G14200,0.14967376,0.09857567,1.5183641
AT3G16770,0.19670965,0.12955754,1.5183187
AT1G42470,0.12517786,0.08244919,1.5182424
AT1G25540,0.06816398,0.04489769,1.5182065
AT3G03490,0.14068745,0.09266901,1.5181714
AT1G12020,0.17907393,0.117970906,1.5179498
AT5G24340,0.12412469,0.08177735,1.5178369
AT3G47730,0.07710365,0.050802324,1.5177187
AT2G35940,0.16065158,0.1058514,1.5177085
AT4G17690,0.24777517,0.16326354,1.5176392
AT5G62580,0.12792884,0.08429463,1.517639
AT5G14850,0.12141001,0.08000296,1.5175688
AT4G16790,0.14727794,0.097052015,1.5175154
AT5G49555,0.09251925,0.060972463,1.5173938
AT1G31230,0.12946655,0.08532414,1.5173495
AT4G33680,0.09564081,0.06303502,1.5172645
AT3G03410,0.200334,0.13203847,1.5172395
AT3G10070,0.14880341,0.09809244,1.5169712
AT1G60670,0.089950725,0.05930063,1.5168592
AT1G51790,0.3434573,0.2264318,1.5168245
AT5G05370,0.19314606,0.12734035,1.5167702
AT2G43500,0.22820792,0.15047732,1.5165601
AT5G40950,0.15929909,0.10504899,1.5164266
AT2G42960,0.18393303,0.121296346,1.5163938
AT2G18280,0.10528312,0.06943479,1.5162876
AT5G14460,0.09495744,0.06262922,1.5161841
AT1G64190,0.06915476,0.04561233,1.5161414
AT5G04820,0.17754497,0.1171081,1.5160775
AT2G43550,0.41923815,0.27653256,1.5160534
AT5G03080,0.12928455,0.08527896,1.5160191
AT1G35820,0.14571373,0.09611607,1.5160183
AT1G36940,0.30171657,0.19902493,1.5159736
AT5G58900,0.17546128,0.11574307,1.5159549
AT4G30630,0.11999557,0.07915672,1.5159239
AT5G27350,0.24339265,0.16056164,1.5158828
AT3G62100,0.36665994,0.2419462,1.5154605
AT5G59000,0.17044665,0.11249854,1.515101
AT3G28345,0.2924524,0.19304547,1.5149404
AT4G00740,0.10126538,0.06684782,1.5148641
AT2G35080,0.20759696,0.13704506,1.5148079
AT4G04210,0.089804724,0.05928543,1.5147855
AT1G14230,0.27595654,0.1821857,1.5146992
AT1G65580,0.06512708,0.042997397,1.5146745
AT5G08080,0.09102788,0.06010617,1.5144513
AT2G06005,0.16663875,0.110033095,1.514442
AT1G72480,0.101969615,0.067336634,1.5143259
AT3G53500,0.055519667,0.036664955,1.5142429
AT5G59980,0.15317649,0.101158775,1.5142183
AT1G20760,0.06343235,0.04189712,1.5140022
AT4G23040,0.11211304,0.0740643,1.5137256
AT4G11650,0.43502197,0.28740576,1.5136161
AT1G63180,0.27282467,0.18026006,1.5135058
AT5G03190,0.23681378,0.1564698,1.513479
AT3G60550,0.31407169,0.20752251,1.5134342
AT4G30160,0.08828141,0.058333155,1.5134
AT3G24330,0.17222114,0.11380313,1.513325
AT3G07440,0.10125376,0.06691343,1.5132052
AT4G29160,0.061289243,0.040506385,1.5130757
AT5G17140,0.21383375,0.14133441,1.5129629
AT1G32410,0.08716793,0.057623673,1.5127102
AT5G11450,0.115837656,0.07659586,1.5123225
AT1G54770,0.12560777,0.08305722,1.512304
AT3G51620,0.09046084,0.05981703,1.512292
AT2G14660,0.2725823,0.18024649,1.5122751
AT4G31100,0.21516293,0.14230087,1.512028
AT3G51150,0.14299244,0.09457669,1.5119205
AT3G49240,0.3122314,0.2065149,1.5119072
AT4G33160,0.1933123,0.12786734,1.511819
AT2G36240,0.1014349,0.06711742,1.5113049
AT4G20480,0.27150157,0.17965296,1.5112556
AT2G31460,0.20133111,0.13323301,1.5111202
AT2G32970,0.12550986,0.08305936,1.5110861
AT4G33520,0.07354963,0.048676375,1.5109919
AT5G59040,0.30798584,0.20386408,1.510741
AT1G21580,0.0983137,0.065082625,1.5105981
AT5G49100,0.18381809,0.12169049,1.5105377
AT4G12230,0.057653435,0.03817149,1.5103791
AT1G35040,0.21333389,0.14126998,1.5101147
AT3G21890,0.5457702,0.36148453,1.5098025
AT5G07820,0.19929332,0.13200715,1.5097159
AT1G29060,0.117521875,0.07784441,1.509702
AT3G44630,0.24925318,0.16512917,1.5094435
AT1G63470,0.098242745,0.06508619,1.509425
AT2G33990,0.12968373,0.08591839,1.5093826
AT4G14150,0.19939183,0.13210355,1.50936
AT3G26740,0.3590607,0.23789555,1.5093207
AT5G14880,0.14119631,0.09355109,1.5092961
AT2G04690,0.17679745,0.11713965,1.5092877
AT1G04240,0.3183686,0.21095462,1.5091804
AT1G74040,0.09338139,0.061880417,1.5090618
AT1G63900,0.08736723,0.057896227,1.5090312
AT1G13000,0.11284964,0.07478544,1.5089786
AT4G29060,0.11086606,0.0734904,1.5085787
AT2G28470,0.23893583,0.15838544,1.5085717
AT5G62730,0.48636648,0.3224201,1.5084869
AT1G02740,0.1400242,0.092826575,1.5084493
AT2G28090,0.23676014,0.1569814,1.5082049
AT5G63710,0.18507558,0.122712925,1.5081995
AT5G09800,0.29754555,0.19728662,1.5081891
AT1G59740,0.27164176,0.18011703,1.5081402
AT1G44810,0.13636427,0.09042306,1.5080694
AT5G12450,0.39466885,0.26171115,1.5080322
AT1G78010,0.09837273,0.06523335,1.5080127
AT5G64360,0.089988634,0.059681576,1.5078124
AT1G54140,0.11234083,0.07450988,1.5077305
AT3G47440,0.28966102,0.19212212,1.5076921
AT1G48900,0.053615324,0.035561554,1.5076761
AT5G14540,0.077342555,0.05130088,1.5076259
AT5G34930,0.11952051,0.07928108,1.5075539
AT4G04870,0.11977519,0.079451874,1.5075186
AT4G37490,0.24858102,0.1649174,1.5073061
AT1G31817,0.11754176,0.07798928,1.5071527
AT3G46020,0.24592234,0.16318703,1.5069968
AT5G46830,0.45903692,0.30463028,1.5068657
AT5G02130,0.11646903,0.07730875,1.5065439
AT2G34640,0.12151681,0.08066118,1.5065091
AT1G33060,0.10072884,0.06686821,1.5063784
AT4G31050,0.19493851,0.12941188,1.5063416
AT5G25750,0.4122631,0.2737158,1.5061721
AT4G02660,0.2047665,0.13595986,1.5060803
AT4G31420,0.07524919,0.0499647,1.5060467
AT1G72530,0.19643188,0.13042991,1.5060338
AT3G06060,0.086358786,0.05734857,1.5058573
AT4G11530,0.19624673,0.13032323,1.5058459
AT3G12520,0.20578666,0.13666692,1.505753
AT4G04080,0.21467882,0.14258836,1.5055844
AT4G31990,0.076535724,0.050838146,1.5054779
AT3G14060,0.35226476,0.23399958,1.5054076
AT1G22330,0.2823205,0.18754546,1.5053442
AT4G33500,0.12476801,0.08289371,1.5051565
AT4G30900,0.07255845,0.048208825,1.5050861
AT5G02740,0.07019175,0.046636906,1.5050684
AT2G26770,0.09268151,0.06158082,1.5050384
AT1G20650,0.15915854,0.10575572,1.5049639
AT2G31890,0.117838755,0.0783005,1.5049552
AT5G58380,0.10706834,0.0711461,1.5049078
AT5G53960,0.19879328,0.13211721,1.5046734
AT1G50670,0.13540567,0.08999044,1.5046673
AT5G64030,0.091250755,0.060653377,1.5044626
AT3G42780,0.17442971,0.1159519,1.5043281
AT3G09900,0.11458598,0.07617227,1.5043004
AT2G15610,0.25551036,0.1698549,1.5042859
AT5G41960,0.12351429,0.082109,1.5042721
AT5G17410,0.10758791,0.07152208,1.5042614
AT3G10310,0.22690059,0.15085292,1.5041178
AT4G23970,0.27056414,0.17988516,1.5040935
AT1G71100,0.120972216,0.08042895,1.5040878
AT3G21970,0.19560708,0.13005136,1.5040754
AT3G23820,0.10239733,0.06809141,1.5038215
AT2G40480,0.16148716,0.10739108,1.5037296
AT1G22060,0.1188448,0.079039186,1.5036186
AT5G67210,0.31182417,0.2073907,1.503559
AT2G35780,0.12227496,0.0813275,1.5034883
AT2G37400,0.14623637,0.09726589,1.5034702
AT3G13228,0.16694193,0.111038715,1.5034568
AT3G29130,0.13283479,0.088361174,1.5033162
AT1G16540,0.12478702,0.083009,1.503295
AT2G42940,0.37918708,0.25225684,1.5031786
AT4G23840,0.13332129,0.088693276,1.5031723
AT1G05800,0.27727774,0.1844957,1.5028952
AT5G06290,0.11471926,0.076332405,1.5028905
AT5G57440,0.10913312,0.07261825,1.502833
AT3G24530,0.12272306,0.08166139,1.5028284
AT4G04955,0.25218323,0.16781358,1.502758
AT4G32300,0.13308582,0.08857363,1.5025444
AT2G47200,0.36226335,0.24110702,1.5025002
AT2G34860,0.11382148,0.07575549,1.5024847
AT5G14210,0.11265979,0.07498466,1.5024376
AT4G35900,0.27520812,0.18317458,1.502436
AT1G02550,0.22818613,0.15189129,1.5022988
AT2G06090,0.20999639,0.13980417,1.5020751
AT1G53830,0.3485351,0.23204552,1.5020117
AT5G62080,0.44636217,0.29725298,1.5016239
AT3G01360,0.12574288,0.083742365,1.5015444
AT5G44410,0.25300604,0.16850145,1.5015064
AT4G29170,0.17833164,0.11879146,1.5012159
AT4G31720,0.09716474,0.0647278,1.5011283
AT5G16660,0.11066949,0.07372547,1.5011024
AT3G28790,0.28967035,0.19298936,1.5009652
AT5G48490,0.40525007,0.26999423,1.5009583
AT1G22030,0.16461606,0.10967613,1.5009288
AT4G31390,0.14403154,0.09596438,1.5008854
AT5G38690,0.13680212,0.09114971,1.5008508
AT1G53110,0.16429275,0.10947504,1.5007324
AT3G16785,0.089152485,0.05941074,1.500612
AT3G16580,0.1673703,0.11154216,1.5005115
AT5G28040,0.083127975,0.05540381,1.5004015
AT5G19760,0.06952699,0.04633999,1.5003667
AT3G46820,0.11514851,0.07677327,1.4998513
AT3G60140,0.5950675,0.39677885,1.499746
AT1G07615,0.1210895,0.080744825,1.4996563
AT3G06620,0.12285677,0.08192386,1.4996457
AT3G12640,0.06558877,0.043737724,1.4995923
AT3G33520,0.07681237,0.051222418,1.4995847
AT2G39100,0.1421701,0.094809085,1.4995408
AT2G15830,0.41951612,0.27978736,1.4994105
AT1G63430,0.07584544,0.050586842,1.4993113
AT5G62430,0.32094312,0.21406709,1.4992641
AT1G29070,0.09458272,0.06308708,1.4992405
AT1G17120,0.1031942,0.06883763,1.4990957
AT4G03180,0.10856578,0.072422005,1.4990715
AT1G63650,0.240104,0.16016898,1.4990667
AT1G55830,0.085685,0.05715917,1.4990592
AT2G24120,0.15512514,0.10348791,1.4989686
AT5G26180,0.122022256,0.08140553,1.498943
AT3G46860,0.26453677,0.17648481,1.4989208
AT2G38740,0.16764359,0.11186635,1.498606
AT1G10940,0.06674187,0.04453945,1.4984884
AT3G25210,0.123986326,0.08274839,1.4983532
AT1G72070,0.38835582,0.25919318,1.4983257
AT1G62850,0.10050628,0.06709377,1.4979972
AT1G06510,0.12102765,0.080799185,1.4978819
AT4G35040,0.07268923,0.04853249,1.4977432
AT5G11730,0.07196875,0.048054032,1.4976627
AT5G09850,0.113669366,0.07591653,1.4972938
AT4G29580,0.2621745,0.17509967,1.497287
AT2G31110,0.2682512,0.17919372,1.4969898
AT1G04970,0.09990122,0.06674995,1.4966484
AT1G60610,0.16176182,0.108088695,1.4965655
AT4G35670,0.18160117,0.12135562,1.4964379
AT3G04390,0.26731494,0.17865267,1.4962828
AT4G13960,0.19678895,0.1315239,1.4962218
AT1G04030,0.1691475,0.11305363,1.4961704
AT3G49450,0.18826102,0.12582985,1.4961554
AT2G13650,0.11561252,0.077274434,1.4961288
AT1G62520,0.20860173,0.13944548,1.4959373
AT3G53030,0.08238013,0.055071842,1.4958663
AT1G44920,0.124323405,0.083111696,1.4958591
AT5G39910,0.18925375,0.1265261,1.4957682
AT2G31400,0.067927964,0.045418818,1.4955904
AT5G22310,0.25782558,0.17242453,1.4952952
AT2G32010,0.16068073,0.10745851,1.4952815
AT1G65700,0.14652556,0.09800841,1.4950304
AT3G59810,0.13701768,0.09165161,1.4949838
AT1G35220,0.09560712,0.06395344,1.4949486
AT1G69160,0.3032601,0.20287491,1.4948131
AT5G19960,0.0770419,0.051540982,1.4947695
AT1G19730,0.13417734,0.089764565,1.4947695
AT5G59080,0.3799322,0.25417534,1.4947642
AT2G01860,0.19962607,0.13355184,1.4947459
AT1G08190,0.07840704,0.052455634,1.4947302
AT5G27820,0.15984815,0.10694877,1.4946234
AT2G01060,0.07751286,0.05186336,1.4945588
AT2G25740,0.08612501,0.057628218,1.4944934
AT1G20980,0.086132236,0.05763525,1.4944364
AT5G58450,0.07332385,0.049067486,1.4943467
AT5G53590,0.20409974,0.13658348,1.4943222
AT5G26220,0.57820344,0.386943,1.4942858
AT3G01860,0.17226917,0.11529561,1.4941518
AT4G29230,0.19134311,0.12806235,1.49414
AT2G47110,0.143062,0.09575677,1.4940143
AT1G49650,0.20663093,0.13830636,1.4940087
AT2G29150,0.38067886,0.2548294,1.4938576
AT5G67530,0.058854207,0.039399978,1.493762
AT1G37020,0.18720505,0.1253384,1.4935967
AT1G30600,0.1510521,0.10116044,1.4931934
AT5G45160,0.10722498,0.07181155,1.4931438
AT2G28510,0.14027171,0.09394828,1.4930736
AT1G70250,0.23531164,0.15760663,1.4930313
AT3G11710,0.07078296,0.047411177,1.492959
AT1G56030,0.2145089,0.14370048,1.4927499
AT4G00440,0.124565385,0.08345017,1.4926918
AT3G18380,0.06458439,0.043268353,1.4926469
AT3G15790,0.14335465,0.09604263,1.4926146
AT2G42840,0.38731498,0.2595445,1.4922874
AT3G10040,0.38554618,0.25837433,1.4922
AT3G56480,0.12791367,0.08572599,1.4921222
AT5G07840,0.10605533,0.07107951,1.492066
AT2G42360,0.49390477,0.33102822,1.4920322
AT4G14110,0.096711785,0.064821936,1.4919605
AT1G14000,0.06485773,0.04347399,1.491874
AT3G06470,0.23490849,0.15746228,1.4918396
AT1G57620,0.1126281,0.07549713,1.4918195
AT4G20390,0.27764922,0.1861182,1.4917896
AT5G22875,0.16405337,0.10997493,1.4917341
AT5G16940,0.20070674,0.13454643,1.4917283
AT2G27760,0.12440684,0.083405666,1.4915873
AT3G27020,0.13741006,0.09212778,1.491516
AT3G27310,0.08175745,0.05481926,1.4913998
AT5G11800,0.11596215,0.07775431,1.4913918
AT5G40270,0.123201184,0.08261115,1.4913383
AT5G63840,0.05716096,0.038330473,1.4912663
AT3G29250,0.33772197,0.22647794,1.4911914
AT5G13380,0.25263506,0.16943122,1.4910772
AT3G04240,0.07332699,0.049179558,1.4910052
AT5G15570,0.08961452,0.06010416,1.4909866
AT1G01725,0.23993042,0.16093053,1.4908942
AT5G39020,0.30097124,0.20189382,1.4907401
AT2G14690,0.26197845,0.17573768,1.4907357
AT4G27720,0.17180973,0.115255445,1.4906864
AT3G27610,0.14336388,0.09617434,1.4906665
AT1G49200,0.4138733,0.2776503,1.490628
AT2G22860,0.402309,0.26990283,1.4905698
AT3G01910,0.055386815,0.037163228,1.4903656
AT2G37080,0.1256452,0.08431633,1.4901644
AT4G30400,0.15821004,0.10617122,1.4901404
AT4G28770,0.0959995,0.06443745,1.489809
AT3G20780,0.122517355,0.08223988,1.4897559
AT2G01620,0.1508313,0.10125051,1.4896842
AT1G78790,0.14302854,0.09601267,1.489684
AT5G62770,0.1620198,0.108770676,1.4895539
AT2G23900,0.33474484,0.2247348,1.4895104
AT1G10550,0.5246518,0.35224962,1.4894319
AT1G65740,0.18527254,0.1244,1.4893291
AT2G18750,0.1113863,0.074795276,1.4892155
AT1G77570,0.2678174,0.17986955,1.4889535
AT2G03390,0.11001995,0.07391109,1.4885443
AT5G11910,0.11672984,0.07842284,1.4884673
AT3G18350,0.096829385,0.06506045,1.4882985
AT2G15320,0.1956286,0.1314581,1.4881439
AT3G55680,0.17575002,0.11810069,1.488137
AT3G02700,0.13359056,0.08977111,1.4881241
AT1G64650,0.12306746,0.08269988,1.4881213
AT4G03240,0.12857176,0.08640874,1.4879484
AT5G64640,0.18790963,0.12629308,1.4878852
AT1G69010,0.11180109,0.07515206,1.4876648
AT2G16270,0.21440542,0.14416073,1.4872663
AT2G24580,0.15078746,0.10138901,1.4872168
AT5G49540,0.110787846,0.074503236,1.4870205
AT4G35140,0.11181405,0.07520321,1.4868253
AT4G02790,0.11915405,0.08014193,1.4867877
AT1G13470,0.58460027,0.39330867,1.4863651
AT3G17750,0.08333188,0.056064207,1.4863648
AT5G35180,0.09204618,0.06192999,1.4862938
AT3G13570,0.063803986,0.042929593,1.4862467
AT5G55500,0.09364312,0.06300778,1.486215
AT3G23580,0.11131033,0.07489585,1.4862014
AT3G57420,0.09219372,0.062034372,1.4861714
AT4G29630,0.20938413,0.1408944,1.4861066
AT4G24200,0.069425195,0.04671796,1.486049
AT3G12280,0.07319604,0.049256917,1.486005
AT3G20700,0.1482969,0.0997968,1.4859883
AT1G56120,0.4192482,0.28213805,1.4859682
AT5G54970,0.26615104,0.17913163,1.4857846
AT1G62310,0.15533057,0.10454528,1.485773
AT1G21120,0.45169568,0.30402955,1.4856967
AT4G30060,0.15645087,0.10530818,1.4856477
AT2G03450,0.13357523,0.08991523,1.4855683
AT3G51210,0.25589496,0.17225577,1.4855522
AT2G25640,0.13652244,0.091901995,1.4855219
AT1G55510,0.17636122,0.11873864,1.4852891
AT5G60660,0.24991536,0.16826321,1.4852643
AT5G03590,0.24810052,0.16704926,1.4851936
AT2G25000,0.30829528,0.20758529,1.4851499
AT1G76320,0.09784442,0.06588492,1.4850806
AT2G43850,0.14737532,0.0992375,1.4850768
AT4G24270,0.10602944,0.071396686,1.485075
AT1G42960,0.08523145,0.05739385,1.4850273
AT3G03400,0.26597333,0.17910562,1.4850081
AT5G42520,0.06347092,0.042741295,1.4850019
AT3G54540,0.06322152,0.04258482,1.4846019
AT2G23430,0.19564794,0.13179357,1.4845027
AT3G42770,0.14897197,0.10035546,1.4844431
AT5G67520,0.2444631,0.16472732,1.484047
AT5G61720,0.2554729,0.17215948,1.4839315
AT4G36560,0.2557427,0.17235026,1.4838543
AT5G61030,0.16802254,0.113236874,1.4838146
AT5G41880,0.19964588,0.1345764,1.4835131
AT1G26750,0.098391734,0.066323996,1.4835012
AT5G16600,0.29060432,0.19589421,1.4834757
AT3G02900,0.10510738,0.0708597,1.4833167
AT4G15930,0.08849205,0.05966479,1.4831533
AT3G23430,0.19560291,0.13188452,1.4831376
AT3G10350,0.07401403,0.04990526,1.4830905
AT5G60570,0.06666758,0.044952154,1.4830782
AT3G06930,0.13972059,0.09421927,1.48293
AT1G66490,0.27116758,0.18288405,1.4827293
AT5G02530,0.06792556,0.045815565,1.4825866
AT5G13160,0.056553133,0.038145818,1.4825509
AT1G14830,0.046733674,0.031522848,1.4825329
AT3G51990,0.101228744,0.06828558,1.4824321
AT3G07340,0.2401147,0.1619798,1.4823743
AT3G23200,0.17614911,0.118832216,1.4823346
AT1G52410,0.3553462,0.23975961,1.4820936
AT5G66770,0.13250291,0.08940418,1.482066
AT2G39780,0.09580467,0.06464805,1.481942
AT3G20270,0.18027186,0.12164861,1.4819064
AT1G76170,0.20277973,0.13685617,1.4816993
AT3G07540,0.21064278,0.14217092,1.4816164
AT3G17880,0.054610383,0.036859144,1.4815962
AT5G23940,0.279027,0.18835297,1.4814047
AT2G34050,0.13971269,0.09431696,1.4813102
AT1G20270,0.15002367,0.10128017,1.4812738
AT4G09680,0.12346997,0.083357096,1.4812171
AT1G68570,0.31137225,0.21022607,1.4811304
AT3G13650,0.2615844,0.17662224,1.4810387
AT5G03910,0.08247511,0.05570275,1.4806287
AT1G05520,0.08322886,0.056211956,1.4806253
AT1G80530,0.11507156,0.07771917,1.480607
AT5G12350,0.09188416,0.06205986,1.4805728
AT4G01650,0.127113,0.085856594,1.4805268
AT4G25520,0.10872677,0.07344492,1.4803851
AT5G57760,0.53129596,0.3588928,1.480375
AT3G52180,0.24632603,0.166397,1.4803512
AT5G08740,0.13944095,0.094203606,1.4802082
AT3G22460,0.2876537,0.19435547,1.4800391
AT1G48040,0.121710606,0.08224416,1.4798691
AT1G70810,0.27900642,0.18855423,1.4797144
AT5G59350,0.18930367,0.12794048,1.4796228
AT4G00270,0.19501424,0.13180377,1.47958
AT3G43500,0.17136532,0.115820244,1.4795799
AT1G66480,0.14437602,0.09758371,1.4795094
AT4G15020,0.11260541,0.07611103,1.4794885
AT3G57570,0.0945169,0.063888036,1.4794146
AT4G24560,0.08565796,0.05790584,1.4792626
AT3G13100,0.2387732,0.16143368,1.479079
AT4G25940,0.25670716,0.1735685,1.4789962
AT5G16960,0.4892469,0.33080435,1.4789616
AT4G33130,0.22163047,0.14987509,1.4787678
AT2G38090,0.17348893,0.11736663,1.4781793
AT1G61667,0.29953587,0.20265251,1.4780761
AT1G73170,0.11354977,0.07682475,1.4780362
AT1G31250,0.2669828,0.18063834,1.4779961
AT3G03130,0.20779668,0.14059372,1.4779938
AT5G25090,0.32456708,0.21960315,1.4779708
AT2G27290,0.13569312,0.09181737,1.4778588
AT4G04630,0.30545714,0.20669076,1.477846
AT5G58470,0.0643704,0.043557484,1.4778261
AT1G12800,0.11684139,0.07907181,1.4776616
AT1G20630,0.1801542,0.121921256,1.4776274
AT4G05490,0.25538963,0.1728465,1.4775516
AT2G39280,0.12468978,0.08439652,1.4774278
AT3G50780,0.11191161,0.07574865,1.4774071
AT3G51140,0.08514709,0.057647258,1.477036
AT4G31120,0.11063746,0.074915305,1.4768338
AT1G05470,0.1643299,0.11127411,1.4768026
AT1G31810,0.097728066,0.06617618,1.4767859
AT1G71710,0.14687672,0.099467814,1.4766256
AT5G65205,0.16248989,0.110042766,1.4766066
AT1G71990,0.15802003,0.10703544,1.4763336
AT5G10550,0.14197502,0.0961732,1.4762429
AT3G13740,0.11826123,0.08011186,1.4762012
AT5G28680,0.22478715,0.15231518,1.4758024
AT5G48810,0.097699754,0.066202305,1.4757756
AT4G25470,0.47558483,0.3222654,1.4757552
AT4G13530,0.11276149,0.07641678,1.4756114
AT3G57990,0.068846196,0.046664387,1.4753474
AT5G24540,0.38059506,0.2580577,1.4748447
AT4G17080,0.11664776,0.07909696,1.4747437
AT3G08940,0.18925223,0.12833683,1.4746523
AT1G69440,0.2134728,0.14476815,1.4745839
AT3G44050,0.22953095,0.15568739,1.4743065
AT5G45670,0.33449715,0.22689484,1.4742386
AT5G45060,0.15277901,0.10363334,1.4742264
AT1G23060,0.33651015,0.2282697,1.4741778
AT3G52340,0.17884912,0.121324606,1.4741371
AT5G40250,0.11849039,0.08038263,1.4740794
AT3G53380,0.15567237,0.10560757,1.4740645
AT2G05540,0.44569716,0.30237392,1.4739934
AT1G02790,0.42716473,0.2898128,1.4739332
AT1G01140,0.24585833,0.16681106,1.4738729
AT3G52030,0.10698029,0.072585344,1.473855
AT2G37585,0.11534315,0.078263454,1.4737804
AT2G39310,0.38332242,0.2601444,1.4734986
AT5G55540,0.07309227,0.049607422,1.4734136
AT4G01310,0.102564596,0.06963246,1.4729421
AT3G55660,0.25195944,0.17106815,1.47286
AT2G44680,0.098984666,0.0672104,1.472758
AT3G23490,0.102043904,0.069290735,1.4726918
AT5G53900,0.122970626,0.08351532,1.4724318
AT2G47020,0.14075248,0.09559623,1.4723642
AT1G48720,0.4527547,0.3075114,1.4723185
AT2G47550,0.33521798,0.2276941,1.4722295
AT3G14860,0.07292439,0.049533464,1.4722244
AT3G05520,0.08428055,0.057254095,1.4720438
AT4G24770,0.08108743,0.05508649,1.4720019
AT5G57770,0.25246984,0.1715219,1.4719392
AT3G13845,0.12539993,0.0852046,1.4717506
AT5G53500,0.15491728,0.105262615,1.4717216
AT4G30070,0.1969571,0.13383326,1.4716601
AT2G22490,0.07874394,0.053508714,1.4716094
AT4G27420,0.19921844,0.13537584,1.471595
AT1G56180,0.099864125,0.06786868,1.4714315
AT1G35660,0.16267914,0.110567555,1.4713098
AT1G01960,0.06564507,0.044616822,1.4713072
AT5G18520,0.1132388,0.076976635,1.47108
AT1G10370,0.40091524,0.27253163,1.4710778
AT1G04360,0.23993622,0.16311052,1.4710038
AT3G07300,0.09165045,0.062307075,1.4709475
AT2G32190,0.3580271,0.24341828,1.4708307
AT5G46640,0.15066862,0.10244998,1.4706553
AT1G01050,0.106088415,0.07213755,1.4706405
AT1G80860,0.11060014,0.07521203,1.4705112
AT4G33890,0.08220552,0.05590365,1.4704854
AT2G17640,0.113666825,0.07730697,1.4703307
AT5G50480,0.20630673,0.14031473,1.4703139
AT1G21370,0.07642443,0.051979072,1.470292
AT5G07460,0.19340445,0.13155071,1.4701891
AT1G17160,0.09048199,0.06154791,1.4701064
AT5G59670,0.44919538,0.3055566,1.470089
AT2G34150,0.18671714,0.12703513,1.469807
AT1G77500,0.10691564,0.07274852,1.4696605
AT3G07570,0.138505,0.09425361,1.4694927
AT4G15840,0.057216667,0.038936634,1.4694812
AT1G31530,0.18246616,0.12418019,1.4693661
AT5G16250,0.18951504,0.12897907,1.469347
AT3G59800,0.10188527,0.069344185,1.4692689
AT4G18130,0.09860505,0.06711338,1.4692308
AT2G26180,0.1646999,0.11212391,1.4689096
AT5G11230,0.1611211,0.10969252,1.468843
AT5G10380,0.32088426,0.21848477,1.46868
AT4G08310,0.10478336,0.07135144,1.4685527
AT1G67550,0.10445742,0.07113335,1.4684731
AT1G13960,0.079848245,0.054382633,1.4682671
AT2G42690,0.21619372,0.14724559,1.4682525
AT1G63420,0.16207272,0.11038763,1.4682144
AT4G14360,0.102826394,0.070035204,1.46821
AT1G11610,0.22062618,0.15027024,1.4681959
AT5G60460,0.1769129,0.12049745,1.4681878
AT4G21680,0.50122166,0.34142604,1.4680241
AT2G41000,0.15854022,0.10800723,1.4678667
AT5G59450,0.13471913,0.09178006,1.4678475
AT5G52240,0.058743488,0.04002266,1.4677553
AT3G11650,0.18419607,0.12550306,1.4676617
AT5G42300,0.095592536,0.06513473,1.4676123
AT2G21300,0.097330205,0.06631998,1.4675848
AT3G02320,0.119282804,0.081288606,1.4673986
AT3G57830,0.15436469,0.10520118,1.4673284
AT4G37330,0.11267443,0.07679195,1.4672686
AT3G01420,0.32611194,0.22225921,1.4672594
AT3G15610,0.087896615,0.05990788,1.467196
AT1G75870,0.2518829,0.17167778,1.467184
AT2G17900,0.21831194,0.14880149,1.4671353
AT2G42320,0.16362262,0.11152641,1.4671198
AT5G02590,0.17837566,0.12158879,1.4670403
AT5G58800,0.096958816,0.0660934,1.4669968
AT5G37870,0.20798814,0.14178313,1.4669454
AT1G54120,0.37796968,0.2576755,1.4668437
AT3G59990,0.07238902,0.04935108,1.466817
AT4G13700,0.24156453,0.16470619,1.4666389
AT1G49580,0.1099692,0.07498116,1.4666243
AT4G32590,0.1358471,0.09262788,1.4665897
AT1G05260,0.20151505,0.13741598,1.46646
AT1G17760,0.09314114,0.06352066,1.4663123
AT5G23130,0.16662847,0.11364,1.4662834
AT4G32915,0.11424956,0.07793299,1.4659972
AT3G51480,0.13663729,0.0932105,1.4659
AT5G06130,0.07362606,0.05022781,1.4658421
AT1G54230,0.18866166,0.12872101,1.4656631
AT5G19630,0.082095064,0.056014635,1.4656
AT5G25240,0.33835474,0.23087187,1.465552
AT4G05230,0.19082071,0.13021947,1.4653774
AT5G04330,0.2008069,0.13704179,1.4652966
AT2G24410,0.30824497,0.21038404,1.4651537
AT4G11760,0.19323164,0.13192172,1.4647446
AT4G20330,0.06629765,0.045262452,1.464738
AT3G01150,0.07563222,0.051635362,1.4647366
AT4G00520,0.13811721,0.09431569,1.4644138
AT5G41350,0.10743157,0.073368564,1.4642723
AT5G54600,0.109449826,0.074747615,1.4642583
AT1G02270,0.15784004,0.10780521,1.4641225
AT3G59690,0.12712795,0.08683404,1.4640334
AT3G13662,0.2824588,0.19293435,1.464015
AT4G32830,0.18687527,0.12764671,1.4640036
AT5G43270,0.1816373,0.124081925,1.4638498
AT5G06020,0.24081543,0.16451411,1.4637979
AT3G19210,0.19155172,0.1308675,1.4637072
AT1G14910,0.061531283,0.04203967,1.4636477
AT4G38440,0.086482085,0.059089497,1.4635776
AT5G07250,0.122901745,0.083979346,1.4634757
AT4G05190,0.2080581,0.14218535,1.4632878
AT2G42190,0.16504388,0.112805225,1.4630871
AT2G07280,0.1949734,0.13327302,1.462962
AT1G23220,0.12569694,0.08592194,1.4629201
AT4G10100,0.1371971,0.0937955,1.4627258
AT1G03180,0.20904812,0.14293945,1.4624941
AT5G14470,0.4204475,0.28753656,1.4622401
AT1G56410,0.23210314,0.15875001,1.4620668
AT1G51745,0.09636789,0.06591503,1.4620014
AT5G10070,0.102388784,0.070046894,1.4617175
AT5G04980,0.17297728,0.11833878,1.4617125
AT5G41620,0.17179827,0.117543,1.461578
AT1G73950,0.07988946,0.054663412,1.4614793
AT3G25165,0.27090922,0.18538958,1.4612968
AT5G56020,0.11107331,0.07601275,1.4612455
AT1G69450,0.133539,0.09139289,1.461153
AT4G33910,0.0737981,0.05050806,1.461115
AT2G46560,0.07570063,0.051810883,1.4610949
AT5G19660,0.075644255,0.051778197,1.4609284
AT2G29740,0.23533742,0.1611015,1.460802
AT2G32590,0.2514926,0.17216155,1.4607941
AT1G76710,0.10285355,0.07041932,1.460587
AT4G37520,0.23418841,0.16034646,1.4605148
AT2G01210,0.19854051,0.13595453,1.4603448
AT4G03100,0.2464524,0.16876644,1.4603163
AT5G47780,0.06845458,0.046878256,1.4602625
AT4G31450,0.10040263,0.06876024,1.4601843
AT1G32490,0.100391164,0.06875304,1.4601704
AT5G13050,0.073868304,0.05058901,1.4601648
AT4G36970,0.11743623,0.08042802,1.4601406
AT3G42160,0.23491435,0.16088809,1.4601101
AT4G02850,0.4443689,0.30434325,1.4600912
AT5G44480,0.25254956,0.17297938,1.4599979
AT3G32050,0.17732619,0.121457644,1.4599837
AT2G04305,0.12919518,0.08849365,1.4599372
AT1G28200,0.06609961,0.04527603,1.4599246
AT3G42830,0.2517709,0.17246003,1.4598796
AT2G45620,0.0727779,0.049852002,1.4598788
AT4G14390,0.32512754,0.22272965,1.4597406
AT4G37200,0.11323002,0.077574484,1.4596295
AT4G10810,0.095404565,0.065370396,1.4594458
AT5G19070,0.13943289,0.09554041,1.4594126
AT3G12140,0.057645127,0.03949888,1.4594113
AT1G18190,0.106797844,0.07317898,1.4594059
AT1G64630,0.08780875,0.060169432,1.4593579
AT5G12340,0.41889447,0.2870488,1.4593146
AT5G19600,0.35868564,0.24581054,1.4591955
AT2G27775,0.18393762,0.12605943,1.459134
AT3G11490,0.14798552,0.101423524,1.4590846
AT5G60270,0.27130076,0.18595089,1.4589914
AT3G14650,0.18293482,0.12541322,1.4586564
AT5G27410,0.11196242,0.076765604,1.4584972
AT1G76140,0.068565615,0.047012705,1.4584483
AT3G13000,0.16767608,0.11497198,1.4584081
AT1G64030,0.19430149,0.1332361,1.4583246
AT3G20120,0.12435703,0.085277095,1.4582698
AT3G11500,0.13522725,0.0927786,1.4575262
AT4G09580,0.08189088,0.05618552,1.4575083
AT3G17440,0.10133201,0.06953055,1.4573739
AT4G09620,0.11287412,0.077453196,1.4573202
AT3G15160,0.08806814,0.060434874,1.4572402
AT5G04950,0.49630964,0.34059158,1.4571987
AT1G74230,0.07065852,0.048496425,1.4569838
AT4G27690,0.081730105,0.056098238,1.4569101
AT2G31170,0.099195294,0.06809846,1.456645
AT5G42690,0.18713762,0.1284939,1.4563928
AT2G26970,0.1236294,0.08489074,1.4563354
AT5G63950,0.11892721,0.08166206,1.4563336
AT4G13780,0.0704517,0.048384238,1.4560875
AT3G53940,0.2148622,0.1475625,1.4560757
AT1G46264,0.16165547,0.11102458,1.4560331
AT4G10620,0.10715364,0.07359804,1.4559305
AT1G50440,0.09917072,0.06813136,1.4555811
AT5G61605,0.20406094,0.14019842,1.455515
AT4G03200,0.10515795,0.072248384,1.4555057
AT4G09520,0.08658193,0.059487857,1.4554553
AT3G28930,0.296475,0.20370014,1.455448
AT4G27600,0.078889936,0.05420643,1.4553609
AT2G17480,0.1566379,0.107641116,1.4551865
AT5G04710,0.09588006,0.0658886,1.4551842
AT5G15860,0.17693517,0.12160108,1.4550459
AT2G43535,0.29454258,0.20243242,1.4550167
AT1G18330,0.41681775,0.2864813,1.4549563
AT1G07790,0.11001497,0.075632274,1.4546033
AT3G54000,0.19184278,0.13190359,1.4544165
AT3G17490,0.1726833,0.118731566,1.4544008
AT5G22570,0.61601156,0.42356655,1.4543442
AT3G11200,0.049265288,0.03387503,1.4543241
AT2G30580,0.092354566,0.06350464,1.4542962
AT5G36080,0.2050919,0.14102666,1.4542773
AT4G00700,0.2956308,0.20329744,1.4541787
AT4G00570,0.09800495,0.0674003,1.4540728
AT3G47780,0.22639602,0.15570374,1.4540178
AT1G02360,0.26121485,0.17974333,1.4532658
AT1G05460,0.13064402,0.089897856,1.4532495
AT1G18580,0.095360875,0.065619834,1.4532323
AT3G57870,0.05983116,0.04117118,1.4532288
AT1G76310,0.22452657,0.15451698,1.4530866
AT1G61850,0.08517586,0.058625147,1.4528892
AT3G17330,0.15979013,0.10998714,1.4528073
AT3G07020,0.062676944,0.04314625,1.4526622
AT2G38800,0.18590632,0.12798189,1.4525986
AT2G37020,0.12830703,0.08833382,1.4525242
AT2G34900,0.123244606,0.08484956,1.4525073
AT3G15020,0.11491087,0.079114266,1.452467
AT4G15180,0.095307305,0.06561901,1.4524343
AT2G01260,0.13403313,0.09228778,1.4523387
AT4G39756,0.18280524,0.12586993,1.4523343
AT2G41680,0.08293293,0.057107247,1.4522309
AT1G51290,0.18194562,0.12530568,1.452014
AT5G55390,0.10620981,0.07314759,1.4519931
AT4G29530,0.1310262,0.09024103,1.451958
AT2G41730,0.5021416,0.34586912,1.4518255
AT4G10050,0.0841314,0.057955187,1.4516627
AT2G42930,0.29424068,0.20269406,1.4516492
AT5G60600,0.06440946,0.04437296,1.451547
AT2G22840,0.1817621,0.12522367,1.4514995
AT3G24260,0.18448085,0.1270972,1.451494
AT1G20430,0.15106066,0.10408408,1.4513328
AT5G21070,0.09917515,0.06833917,1.4512196
AT1G21660,0.09545966,0.065779954,1.4511967
AT2G38250,0.28960097,0.19958262,1.4510329
AT2G41310,0.20642678,0.14227252,1.4509251
AT4G38950,0.19067043,0.13141644,1.4508871
AT1G28510,0.11232058,0.07741859,1.4508218
AT2G46820,0.1410549,0.09722698,1.4507793
AT1G33560,0.1662971,0.114629865,1.4507309
AT1G33070,0.19225253,0.13252674,1.4506695
AT2G33800,0.10057112,0.069327496,1.4506669
AT3G12760,0.10000574,0.06894467,1.4505215
AT5G17650,0.1413607,0.09747449,1.4502326
AT3G19490,0.098510675,0.067938045,1.4500073
AT1G68830,0.13825543,0.09534927,1.4499893
AT5G20885,0.12986037,0.08956082,1.4499683
AT1G56530,0.26026404,0.1795026,1.4499178
AT4G18465,0.09892579,0.06823383,1.4498054
AT4G18520,0.18782085,0.12956427,1.4496344
AT5G58790,0.22458035,0.15492615,1.4495959
AT5G52620,0.26657638,0.18392284,1.4493923
AT2G38020,0.08649704,0.059678823,1.4493755
AT1G06200,0.09353613,0.064545244,1.4491559
AT5G13840,0.16596146,0.11452342,1.4491485
AT5G52910,0.20464824,0.1412247,1.4490966
AT1G48140,0.112783775,0.07784191,1.4488823
AT5G17130,0.20003603,0.13806693,1.4488336
AT2G21655,0.20330748,0.14033845,1.4486939
AT1G05910,0.09206821,0.06356277,1.448461
AT5G24520,0.09858663,0.06806494,1.4484198
AT4G20070,0.1521857,0.105074875,1.4483546
AT5G01970,0.11083693,0.0765281,1.4483166
AT5G47610,0.38390973,0.26509282,1.4482087
AT5G02790,0.12996933,0.089748286,1.4481537
AT1G05430,0.09384618,0.06480542,1.4481223
AT3G17860,0.1878272,0.12970701,1.4480882
AT5G53060,0.10865822,0.075037286,1.4480562
AT1G31650,0.13395828,0.09251515,1.4479604
AT3G20980,0.18745492,0.1294693,1.4478713
AT3G14190,0.2315492,0.15994768,1.4476558
AT5G27330,0.18457298,0.12749872,1.4476457
AT3G57170,0.1105412,0.07636595,1.4475194
AT4G15040,0.25796524,0.1782206,1.447449
AT3G02060,0.14698727,0.101566695,1.4471995
AT1G68060,0.08589211,0.05935155,1.4471753
AT5G20230,0.40284026,0.27837324,1.4471228
AT5G03320,0.08564097,0.05918253,1.4470648
AT3G20100,0.19107841,0.13204746,1.4470433
AT3G20960,0.17729343,0.122528255,1.4469595
AT2G36810,0.09250866,0.06393327,1.4469564
AT1G19480,0.10620119,0.07339725,1.4469367
AT2G40150,0.18693605,0.12922058,1.4466429
AT4G31730,0.27511087,0.19018489,1.4465442
AT1G14970,0.22044536,0.15240814,1.4464145
AT1G32500,0.07864568,0.054373987,1.446384
AT1G02810,0.2316488,0.16016206,1.44634
AT1G07720,0.2682193,0.18546145,1.4462266
AT2G03070,0.13160355,0.09099928,1.4462042
AT4G30610,0.2348801,0.16241962,1.4461312
AT5G57710,0.12465447,0.08620149,1.4460825
AT2G38760,0.28751764,0.19883434,1.4460158
AT1G56080,0.16471082,0.113911346,1.4459561
AT2G36120,0.17437974,0.120607264,1.4458476
AT5G62000,0.101762295,0.07038847,1.4457237
AT1G17110,0.12488619,0.086387716,1.4456475
AT1G16880,0.11783562,0.08151298,1.4456054
AT3G13510,0.15092489,0.10440734,1.445539
AT3G21650,0.10606895,0.07337984,1.445478
AT1G22440,0.18281275,0.12648001,1.4453883
AT2G44020,0.08873212,0.061392307,1.4453294
AT1G78700,0.09427707,0.06522913,1.4453213
AT4G32050,0.13494304,0.09336802,1.4452809
AT5G01290,0.10365474,0.071727686,1.4451147
AT3G47836,0.1216744,0.08419762,1.445105
AT4G27654,0.6914513,0.4784788,1.4451034
AT1G13560,0.09286148,0.06426793,1.4449114
AT3G16960,0.2344567,0.16228089,1.4447584
AT2G39590,0.30020413,0.20779224,1.4447321
AT1G25530,0.2263737,0.15669465,1.4446803
AT4G25570,0.08219057,0.05689568,1.4445834
AT1G10720,0.0827194,0.05726308,1.44455
AT4G18500,0.3626267,0.25104162,1.4444884
AT1G05070,0.1037351,0.0718303,1.4441688
AT5G17050,0.255056,0.17665058,1.4438444
AT4G25100,0.23600928,0.16346204,1.4438169
AT4G30040,0.17155811,0.118824154,1.4437982
AT3G22400,0.15749097,0.10908651,1.4437252
AT1G42980,0.36003354,0.24938047,1.4437118
AT3G53190,0.13502946,0.0935306,1.4436928
AT5G45350,0.09488594,0.0657262,1.4436545
AT3G32280,0.17463274,0.120967306,1.4436358
AT3G60220,0.18767218,0.13000852,1.4435375
AT5G16200,0.2623479,0.18174554,1.44349
AT1G27870,0.22356248,0.15488061,1.4434502
AT2G39520,0.28040347,0.19426505,1.4434065
AT5G20380,0.14218934,0.09851305,1.4433552
AT4G30680,0.21327639,0.14776437,1.4433545
AT4G33740,0.1288919,0.089309186,1.4432098
AT3G06420,0.22285739,0.15441859,1.443203
AT3G54170,0.11293541,0.07825411,1.4431881
AT4G16510,0.13431692,0.09307567,1.4430937
AT1G11020,0.06974262,0.048328664,1.4430898
AT1G17440,0.09685325,0.0671179,1.4430314
AT3G02130,0.10543575,0.07308236,1.4426975
AT3G11740,0.39281076,0.27229515,1.4425919
AT2G27420,0.53310996,0.36955035,1.4425908
AT4G19710,0.10720593,0.074316375,1.4425611
AT5G08320,0.13033943,0.090354726,1.4425302
AT5G09900,0.06162496,0.04273108,1.4421574
AT1G61990,0.11749782,0.08149089,1.4418521
AT5G54460,0.1888735,0.13099636,1.4418223
AT5G16620,0.08977257,0.062264893,1.4417844
AT2G41880,0.15088531,0.10465298,1.4417679
AT4G31150,0.103439085,0.07174855,1.4416888
AT1G25520,0.119525835,0.082907096,1.4416839
AT4G20460,0.17461872,0.1211254,1.4416357
AT2G10920,0.2907831,0.20170595,1.4416188
AT1G55805,0.10339083,0.0717208,1.4415736
AT2G40650,0.09162991,0.0635662,1.4414877
AT5G53520,0.19715263,0.13677074,1.4414823
AT4G18395,0.28692886,0.1990537,1.4414644
AT2G14390,0.15928456,0.11051013,1.441357
AT4G30810,0.07499455,0.05203295,1.4412892
AT3G20260,0.18633799,0.12929118,1.4412273
AT1G15860,0.090091534,0.06251415,1.4411381
AT3G01930,0.12824862,0.088997416,1.4410374
AT2G33490,0.113638476,0.07886078,1.4410009
AT4G10730,0.107867174,0.07485705,1.4409753
AT4G38640,0.08459819,0.058715876,1.4408058
AT5G04850,0.065175906,0.04523682,1.4407709
AT4G27730,0.24030934,0.16679369,1.4407579
AT3G19990,0.10419839,0.07233698,1.4404579
AT3G10910,0.30242372,0.20995432,1.4404261
AT5G60240,0.26417845,0.18340516,1.440409
AT1G47885,0.19768852,0.13727377,1.4401039
AT1G32030,0.18822277,0.13070726,1.4400327
AT1G49270,0.19046259,0.13226536,1.4400034
AT2G34310,0.09598692,0.06665896,1.4399701
AT2G20870,0.3675621,0.25527865,1.4398465
AT1G34070,0.1705724,0.118475586,1.4397261
AT1G07840,0.09161836,0.0636418,1.4395939
AT1G21770,0.15999323,0.11113833,1.4395864
AT3G50520,0.11694999,0.081241526,1.4395345
AT1G05320,0.16948836,0.11774451,1.4394585
AT5G42270,0.09344808,0.064920016,1.4394338
AT4G16190,0.1793938,0.12463082,1.4394015
AT1G12450,0.14609997,0.10150831,1.4392906
AT4G02120,0.10564088,0.07339789,1.4392903
AT2G26550,0.102398105,0.07114557,1.4392757
AT3G07630,0.08684147,0.060337745,1.439256
AT2G35230,0.1173526,0.081538446,1.4392301
AT1G60890,0.15023324,0.10438614,1.4392066
AT1G08770,0.117465,0.08161796,1.4392052
AT2G04520,0.1388042,0.09645315,1.4390839
AT1G08580,0.14097133,0.09796468,1.4390014
AT4G01940,0.12618063,0.08769922,1.4387884
AT3G60770,0.078808926,0.054774523,1.4387877
AT1G72810,0.13591947,0.09447317,1.4387096
AT3G24515,0.22937983,0.1594485,1.4385824
AT3G54680,0.12767921,0.088755175,1.438555
AT5G16800,0.099312656,0.0690377,1.4385277
AT1G17100,0.1850158,0.1286256,1.4384055
AT4G02280,0.26742253,0.18591863,1.4383847
AT3G15140,0.19563739,0.1360165,1.4383355
AT3G03560,0.117541745,0.08174,1.4379953
AT2G22570,0.13433808,0.09342279,1.4379582
AT4G21090,0.11693655,0.081327744,1.4378431
AT1G61210,0.1250532,0.0869744,1.437816
AT3G61690,0.078734,0.05476487,1.4376732
AT5G15110,0.2580176,0.17948548,1.43754
AT5G26060,0.20898525,0.14538424,1.4374683
AT5G56900,0.08549082,0.059477568,1.4373622
AT3G62940,0.056695063,0.039443854,1.4373608
AT2G26530,0.3518112,0.24476826,1.4373236
AT2G41780,0.14025156,0.09758502,1.4372241
AT3G43170,0.23831563,0.16583106,1.4370987
AT5G64100,0.23489624,0.1634627,1.437002
AT1G55190,0.21367891,0.1487004,1.4369758
AT1G31410,0.083620675,0.058192197,1.4369737
AT3G53570,0.061771516,0.04298922,1.4369067
AT1G58110,0.111575656,0.07765275,1.4368536
AT4G38150,0.12730984,0.0886185,1.4366056
AT1G79920,0.23211879,0.16158323,1.4365276
AT5G16180,0.13068376,0.090976164,1.4364614
AT1G18700,0.08083201,0.056279056,1.4362713
AT4G18010,0.24225181,0.16866896,1.4362559
AT4G39160,0.08850586,0.061635546,1.4359545
AT2G38660,0.07830106,0.054530893,1.4359025
AT1G32160,0.08847762,0.06162025,1.4358526
AT1G60800,0.08210248,0.057180822,1.4358392
AT3G15095,0.08892272,0.061940413,1.4356169
AT5G51650,0.20245568,0.14103542,1.4354951
AT5G64550,0.21337882,0.14867108,1.4352409
AT2G36700,0.17052484,0.1188178,1.4351791
AT1G70520,0.19542119,0.13616885,1.4351386
AT4G31920,0.11579492,0.08068851,1.4350855
AT1G11940,0.16197471,0.112867914,1.435082
AT5G39860,0.35063532,0.24436435,1.4348873
AT5G19855,0.11677291,0.08138266,1.4348621
AT3G23930,0.37394226,0.26064467,1.4346821
AT5G57480,0.25368598,0.17683005,1.4346315
AT3G07140,0.09601279,0.06692988,1.434528
AT3G04830,0.074842185,0.052175254,1.434438
AT4G15920,0.25640535,0.17875054,1.4344311
AT3G62270,0.17294693,0.120569445,1.4344175
AT3G15880,0.061454087,0.042842984,1.4344022
AT3G55460,0.04775502,0.03329304,1.4343841
AT3G24315,0.09053274,0.0631171,1.4343613
AT1G05500,0.08386321,0.05847197,1.4342462
AT3G60250,0.113437764,0.0790927,1.4342381
AT4G36730,0.09460864,0.065967955,1.4341605
AT5G05050,0.19885136,0.13865846,1.434109
AT5G43070,0.15816794,0.11029454,1.4340504
AT1G63000,0.099580854,0.069440864,1.434038
AT3G08020,0.10234489,0.07137164,1.4339713
AT4G34410,0.5866844,0.40914014,1.4339448
AT3G56590,0.12468373,0.08697221,1.4336042
AT1G66390,0.5375236,0.37496087,1.433546
AT1G75750,0.25825158,0.18015288,1.4335134
AT5G59400,0.18815224,0.1312547,1.4334893
AT5G57370,0.07367202,0.051397055,1.4333895
AT3G17350,0.1483271,0.10348834,1.4332734
AT5G61220,0.1372043,0.095735535,1.4331595
AT1G74690,0.06893612,0.04810309,1.4330909
AT5G50440,0.12801342,0.08933007,1.4330382
AT4G11120,0.09687831,0.067612655,1.4328427
AT4G03630,0.19074726,0.13313934,1.4326887
AT3G53100,0.19769537,0.13799244,1.4326535
AT5G22340,0.112878054,0.07878968,1.4326501
AT1G02400,0.36595845,0.25546092,1.4325418
AT4G17570,0.11786798,0.08228613,1.432416
AT3G26590,0.20337924,0.1419947,1.4323015
AT3G27420,0.14386141,0.10044191,1.4322846
AT4G33640,0.13059564,0.09118111,1.4322664
AT1G53300,0.12797435,0.089357175,1.4321663
AT5G02600,0.19147687,0.1337025,1.4321111
AT1G19485,0.10638018,0.07428344,1.4320846
AT2G01720,0.09759378,0.06814953,1.4320534
AT1G63100,0.21112049,0.14744401,1.4318687
AT1G27430,0.060791034,0.042459358,1.4317461
AT1G50710,0.087717146,0.061273754,1.4315612
AT1G22990,0.34198,0.23889087,1.4315323
AT3G01800,0.14512554,0.10139201,1.431331
AT4G30010,0.12097578,0.08452959,1.4311646
AT4G09720,0.07972331,0.055705544,1.4311556
AT4G28020,0.14747116,0.10304934,1.4310732
AT1G27620,0.19359194,0.13528165,1.4310286
AT1G66400,0.3452053,0.24127226,1.4307708
AT2G19080,0.10010659,0.06997804,1.4305427
AT1G77280,0.16566066,0.115804054,1.4305255
AT2G46735,0.14714485,0.10286955,1.4304024
AT5G23290,0.09351914,0.06538386,1.430309
AT3G46790,0.0930492,0.06506064,1.4301918
AT3G04980,0.17797504,0.124448776,1.4301068
AT5G18690,0.20044263,0.14018054,1.429889
AT4G25680,0.074150234,0.051859163,1.4298383
AT1G49470,0.30897567,0.21612382,1.4296232
AT1G23120,0.34599188,0.24203022,1.4295399
AT2G28790,0.20958376,0.1466421,1.4292194
AT3G06290,0.11411023,0.07985121,1.4290355
AT1G02120,0.08171108,0.057182696,1.4289474
AT1G80350,0.05290819,0.03703007,1.4287894
AT1G49450,0.37707964,0.2639441,1.4286345
AT5G57460,0.07091005,0.049637616,1.4285544
AT4G31560,0.0996016,0.06973563,1.4282739
AT5G47320,0.09553679,0.06689689,1.4281199
AT3G59170,0.17479904,0.1224035,1.4280558
AT1G77350,0.10781356,0.07550135,1.4279685
AT2G36570,0.18241131,0.12774877,1.4278908
AT5G54650,0.11584952,0.08113579,1.4278471
AT1G29390,0.11094995,0.07771336,1.4276816
AT1G01280,0.250988,0.17581098,1.4276013
AT3G05320,0.29284787,0.20513849,1.4275616
AT5G66560,0.12968631,0.090846755,1.4275281
AT1G32600,0.20332903,0.14244477,1.4274234
AT4G05330,0.22683744,0.15893249,1.4272565
AT5G23910,0.24330907,0.1704992,1.4270391
AT1G79590,0.08701421,0.060979884,1.4269328
AT3G59610,0.21042503,0.14749256,1.4266822
AT1G22015,0.18592948,0.13034047,1.4264905
AT2G25250,0.17283927,0.12117121,1.4264053
AT1G18150,0.10234255,0.0717516,1.4263451
AT3G48110,0.10291303,0.07215247,1.426327
AT1G66680,0.061478734,0.043104608,1.4262679
AT2G41600,0.08956272,0.06279878,1.4261855
AT5G16390,0.07912063,0.055479515,1.426123
AT3G61490,0.21369326,0.14984708,1.4260755
AT1G55160,0.09567623,0.06709722,1.4259342
AT1G63850,0.11159899,0.078263886,1.425932
AT2G07020,0.1797573,0.12606952,1.4258584
AT1G54710,0.08479164,0.059470072,1.4257864
AT5G54280,0.15161514,0.106346026,1.4256774
AT4G17150,0.09127991,0.06402587,1.425672
AT5G49830,0.06302738,0.04420903,1.4256673
AT1G71090,0.076407135,0.05360946,1.4252543
AT3G11840,0.26547623,0.18626806,1.4252374
AT1G80160,0.5035448,0.35333544,1.4251183
AT4G14330,0.22770879,0.15979083,1.4250427
AT4G25260,0.20685679,0.14517194,1.4249088
AT1G12990,0.15504117,0.108812034,1.4248531
AT4G29360,0.14043544,0.098574005,1.42467
AT3G06050,0.069705226,0.048927553,1.4246616
AT2G23770,0.266431,0.1870207,1.4246069
AT3G09700,0.13487908,0.09467933,1.4245883
AT1G69960,0.111257195,0.078106016,1.4244381
AT3G42960,0.23813218,0.16717996,1.4244062
AT1G50170,0.07715482,0.054168597,1.4243457
AT1G66660,0.1908288,0.13397798,1.4243294
AT4G22130,0.13913414,0.09768509,1.4243128
AT1G37010,0.27835953,0.19545649,1.4241508
AT1G11820,0.09830962,0.069039404,1.4239638
AT5G54200,0.1256583,0.088247694,1.4239272
AT3G06130,0.10212875,0.07172355,1.423922
AT3G05350,0.09633347,0.06765525,1.4238874
AT3G59980,0.09275633,0.0651475,1.4237895
AT3G22980,0.07660272,0.053803056,1.4237612
AT3G05050,0.08398323,0.058988478,1.4237223
AT1G64040,0.05716059,0.040150777,1.423648
AT1G20800,0.14708462,0.10332276,1.4235451
AT3G59000,0.15156,0.106468044,1.4235256
AT1G11200,0.10867069,0.07634236,1.423465
AT3G63190,0.10480892,0.07363668,1.4233247
AT2G23940,0.12167173,0.08548571,1.4232988
AT1G27510,0.077258885,0.054286517,1.4231687
AT4G36690,0.06849825,0.04813463,1.4230552
AT2G46060,0.09641691,0.067761116,1.4228942
AT3G22930,0.33552864,0.23580796,1.4228894
AT1G42480,0.13907595,0.09774361,1.4228648
AT1G06060,0.08872575,0.06236161,1.4227622
AT1G17970,0.18268271,0.1284124,1.4226251
AT5G52130,0.19068207,0.13403887,1.4225878
AT4G15010,0.10041899,0.070589714,1.4225725
AT1G02300,0.32341063,0.22737108,1.4223912
AT1G32370,0.108355455,0.07620354,1.4219214
AT3G44460,0.2995581,0.2106791,1.421869
AT1G17510,0.116286464,0.08178604,1.4218374
AT3G05210,0.08104359,0.057001125,1.421789
AT5G14000,0.22377816,0.15740614,1.4216608
AT4G24050,0.19824423,0.13945091,1.4216057
AT1G30130,0.09622443,0.06768732,1.4216019
AT2G18240,0.12821099,0.09019216,1.4215313
AT4G12920,0.17289641,0.121630594,1.4214878
AT5G09880,0.09069409,0.06380361,1.4214568
AT5G26150,0.20382331,0.14341298,1.4212333
AT2G46210,0.3475516,0.24454612,1.4212109
AT3G10400,0.24472855,0.1722024,1.421168
AT2G47590,0.085549064,0.06020026,1.4210744
AT1G22860,0.081967615,0.057682294,1.4210184
AT2G41190,0.3872925,0.27256665,1.4209094
AT1G68920,0.08435762,0.05937881,1.4206685
AT5G03920,0.30471197,0.21449655,1.4205914
AT4G34120,0.12702407,0.089418106,1.4205631
AT5G41270,0.14409162,0.10143495,1.4205321
AT5G20300,0.06152506,0.043314323,1.4204319
AT4G02590,0.09176947,0.06461208,1.4203142
AT2G14910,0.08548685,0.06019061,1.4202687
AT1G69080,0.23251924,0.16373703,1.4200772
AT1G75150,0.18612692,0.13107382,1.4200158
AT1G70200,0.13727818,0.09667695,1.4199679
AT2G26440,0.37553138,0.26449367,1.4198123
AT1G24150,0.17658727,0.12437466,1.419801
AT1G21090,0.14954971,0.10533504,1.4197526
AT5G19320,0.10130689,0.07136267,1.4196062
AT1G66200,0.14805202,0.10429179,1.4195942
AT1G22010,0.20261312,0.14274184,1.4194373
AT1G20410,0.10797352,0.076069795,1.4194006
AT5G56460,0.12081514,0.08511717,1.419398
AT2G40230,0.21660812,0.15260966,1.4193604
AT1G74680,0.12206867,0.086004086,1.4193356
AT5G01880,0.27795812,0.19586352,1.4191418
AT2G20390,0.10795661,0.07607236,1.4191304
AT3G57940,0.1407866,0.09920861,1.4190966
AT3G62370,0.0903934,0.06370167,1.4190114
AT3G59910,0.083524704,0.058862194,1.418987
AT5G51350,0.13977495,0.098508656,1.4189103
AT1G73880,0.118710674,0.08367079,1.4187827
AT1G04000,0.12640862,0.08910747,1.4186084
AT2G28630,0.36655945,0.25840247,1.4185601
AT3G53700,0.11815637,0.08329842,1.4184706
AT3G12680,0.05179379,0.036515426,1.418408
AT4G30990,0.16699652,0.11774176,1.4183286
AT5G49720,0.055870052,0.039393734,1.4182467
AT1G13870,0.1266877,0.08933234,1.4181616
AT4G16670,0.2043438,0.14410365,1.4180334
AT1G59600,0.09637283,0.06797134,1.4178449
AT1G09320,0.11433513,0.08064521,1.4177545
AT3G19360,0.13367932,0.0942897,1.417751
AT5G08200,0.11312283,0.079799764,1.4175833
AT3G47990,0.08006205,0.05647808,1.417577
AT5G17210,0.1393446,0.09830868,1.417419
AT1G10240,0.1149264,0.08108149,1.4174184
AT5G18680,0.07909874,0.055817716,1.4170899
AT2G13100,0.112547986,0.07943047,1.4169371
AT3G23790,0.13624972,0.096164696,1.4168371
AT2G24280,0.124920286,0.08817334,1.416758
AT2G42110,0.29999393,0.21181698,1.4162883
AT5G51190,0.45452666,0.32094947,1.4161938
AT3G59220,0.32190636,0.22730628,1.4161788
AT5G42990,0.14218271,0.100399844,1.4161645
AT3G27050,0.17443241,0.12318279,1.4160452
AT1G44000,0.15052104,0.10629764,1.4160336
AT3G17940,0.069657244,0.04919374,1.4159775
AT5G46010,0.32378486,0.22868708,1.4158423
AT2G04850,0.18942073,0.13379003,1.4158058
AT3G58640,0.07942958,0.056103464,1.4157693
AT1G27970,0.13664481,0.09651693,1.4157599
AT4G02075,0.29913124,0.21129167,1.4157265
AT3G28130,0.2517845,0.17785084,1.4157059
AT3G18640,0.12211411,0.08628155,1.4152979
AT4G07380,0.22414231,0.15838042,1.4152147
AT5G51140,0.069202065,0.048899367,1.4151932
AT1G70350,0.15638028,0.11050279,1.4151704
AT1G10910,0.11301093,0.079865865,1.415009
AT3G11660,0.20087594,0.14197141,1.414904
AT4G14990,0.098333314,0.06950306,1.4148054
AT2G36960,0.06697364,0.047347173,1.4145222
AT1G20370,0.0925394,0.065424524,1.4144449
AT1G35620,0.05947199,0.042048912,1.4143523
AT3G26810,0.06430924,0.045469996,1.4143221
AT3G08840,0.112257116,0.07937372,1.4142855
AT3G27080,0.07437815,0.05259138,1.4142647
AT5G13680,0.08330708,0.058907993,1.4141895
AT3G59900,0.4386569,0.31019378,1.4141383
AT2G20300,0.09145228,0.06467061,1.4141241
AT4G27040,0.080648534,0.057032418,1.414082
AT4G15410,0.08770194,0.062026262,1.4139482
AT2G40660,0.07547193,0.053378884,1.4138908
AT5G43180,0.3022012,0.2137435,1.4138498
AT1G21010,0.22730713,0.16079186,1.4136729
AT3G53210,0.20695536,0.14640078,1.4136218
AT2G04840,0.3028365,0.21423043,1.4136016
AT1G04190,0.09227784,0.06528927,1.413369
AT5G50400,0.101119615,0.07155645,1.4131446
AT1G78650,0.11135407,0.07880321,1.413065
AT4G38460,0.10045537,0.07109475,1.4129786
AT2G37150,0.13396673,0.09481486,1.4129295
AT4G16440,0.09817757,0.069486536,1.4129004
AT1G36030,0.24624889,0.17429127,1.4128582
AT3G12850,0.15401909,0.10904306,1.412461
AT4G38220,0.075019315,0.053113144,1.4124432
AT2G22310,0.10945334,0.07749337,1.412422
AT3G60440,0.1588803,0.11248869,1.4124112
AT3G48210,0.14924715,0.105668545,1.4124085
AT2G29530,0.16951837,0.1200223,1.4123906
AT1G25500,0.14900829,0.10551436,1.4122084
AT3G06440,0.08349962,0.05913082,1.4121164
AT1G10340,0.36330476,0.25729865,1.4119964
AT5G57780,0.3496826,0.24765211,1.4119911
AT2G44050,0.08517196,0.06032591,1.4118634
AT4G38260,0.08487632,0.060116798,1.4118568
AT1G29195,0.30058828,0.21293974,1.4116118
AT4G16680,0.30809844,0.2182713,1.4115388
AT2G20000,0.08504547,0.06025642,1.4113925
AT1G53170,0.19176754,0.13587552,1.411347
AT4G40070,0.19051136,0.13498682,1.411333
AT2G44380,0.33343416,0.23627414,1.4112172
AT4G23740,0.114788674,0.08134364,1.4111571
AT2G43430,0.0896418,0.06353047,1.4110048
AT3G10080,0.22755155,0.1612773,1.4109335
AT5G05310,0.16096063,0.11408839,1.4108413
AT3G57030,0.085549645,0.06064084,1.4107592
AT1G55490,0.13825634,0.098005526,1.4106994
AT4G20110,0.22136828,0.15693526,1.4105706
AT1G51740,0.09359874,0.066356145,1.4105511
AT4G02330,0.47733065,0.33840373,1.410536
AT1G12320,0.2555333,0.1811774,1.4104038
AT3G56490,0.074857995,0.05307809,1.4103367
AT2G23700,0.1428871,0.10132899,1.4101304
AT5G64240,0.13936539,0.09883607,1.410066
AT5G13410,0.12048452,0.08545459,1.4099244
AT1G19680,0.15710895,0.11143697,1.4098457
AT2G03270,0.107848406,0.07650233,1.40974
AT1G03030,0.10985617,0.07792973,1.4096824
AT3G21510,0.22609937,0.16039306,1.409658
AT3G06960,0.07792286,0.055282243,1.4095457
AT3G28450,0.09853891,0.06991535,1.4094031
AT3G12100,0.08508399,0.060369283,1.4093919
AT4G34990,0.23058636,0.16364609,1.409055
AT3G24250,0.17539704,0.12448295,1.4090044
AT3G54080,0.0825668,0.058599472,1.4090022
AT1G16740,0.08963481,0.063616134,1.4089948
AT1G74640,0.111679934,0.07926377,1.4089656
AT2G36330,0.09814025,0.069656044,1.4089264
AT5G54840,0.18374662,0.13042036,1.4088798
AT5G65250,0.07216745,0.051225107,1.4088293
AT5G22370,0.0822292,0.058370445,1.4087468
AT1G47870,0.09529073,0.06764276,1.4087348
AT1G06460,0.23624107,0.16770676,1.4086555
AT2G40765,0.07917852,0.056209978,1.4086201
AT4G18800,0.14680438,0.10423873,1.4083476
AT2G01170,0.15161547,0.10766216,1.408252
AT2G30160,0.086365215,0.06133008,1.408203
AT1G48840,0.1350181,0.09588054,1.4081907
AT5G20120,0.088340886,0.06274591,1.4079145
AT4G04860,0.101506345,0.072103,1.4077963
AT4G16845,0.104231626,0.074044034,1.4076977
AT1G61065,0.1892466,0.13444698,1.4075927
AT5G10630,0.08095403,0.05751291,1.4075799
AT5G48930,0.087993085,0.062526934,1.4072827
AT4G28610,0.07676479,0.054551292,1.4072037
AT5G19150,0.07865068,0.05589913,1.4070107
AT5G41810,0.12831204,0.091196865,1.4069785
AT5G48720,0.12674929,0.090093195,1.4068686
AT3G43120,0.24543478,0.17449561,1.4065382
AT4G24370,0.16796947,0.11942142,1.406527
AT2G36990,0.12173131,0.08655093,1.4064702
AT1G77760,0.2761146,0.19633642,1.406334
AT5G06670,0.17295773,0.123000346,1.4061564
AT2G27970,0.16757451,0.119183965,1.4060155
AT4G12500,0.609884,0.43377,1.4060079
AT5G03670,0.21079323,0.14994541,1.4057996
AT4G23450,0.21745345,0.15473506,1.4053274
AT2G26900,0.0948774,0.06751586,1.4052608
AT4G24730,0.0998765,0.07107362,1.405254
AT3G12510,0.46353632,0.32988822,1.4051315
AT5G52500,0.1779242,0.12662524,1.4051242
AT2G32250,0.107722044,0.0766661,1.4050803
AT5G47520,0.07119797,0.050673127,1.4050436
AT2G30980,0.06938289,0.049386017,1.4049094
AT1G03550,0.207507,0.14771369,1.4047918
AT5G42870,0.08830726,0.062863655,1.4047426
AT1G02340,0.42366695,0.3016116,1.4046773
AT3G51050,0.05732492,0.040811714,1.4046189
AT3G10190,0.19877213,0.1415282,1.40447
AT2G40060,0.059883587,0.042642828,1.4043058
AT4G39880,0.07188117,0.051186536,1.4042981
AT4G35730,0.17891985,0.1274177,1.4041992
AT4G13410,0.343339,0.24451667,1.4041537
AT5G66590,0.23293161,0.16589127,1.404122
AT2G29890,0.1549433,0.110363856,1.4039315
AT1G21520,0.42923304,0.3057386,1.4039217
AT3G44340,0.07258534,0.05170265,1.4038994
AT1G51680,0.19619755,0.13975938,1.4038237
AT3G63490,0.078686796,0.056053847,1.4037713
AT5G14220,0.091988616,0.06553114,1.4037387
AT5G14620,0.09364439,0.06671166,1.4037184
AT4G00940,0.24843024,0.17703654,1.4032708
AT2G42160,0.101658195,0.0724469,1.4032097
AT1G53200,0.10874832,0.07750217,1.4031647
AT2G45450,0.2286898,0.16298692,1.4031174
AT2G29770,0.18255106,0.13010415,1.4031146
AT1G09230,0.13108377,0.09342964,1.4030211
AT5G05110,0.15142466,0.10793954,1.4028654
AT1G16810,0.1134089,0.080841295,1.4028584
AT1G11870,0.09156152,0.06526794,1.4028558
AT5G33300,0.19104843,0.13618872,1.4028212
AT3G54720,0.15995622,0.11403115,1.4027413
AT2G45160,0.10401761,0.07415762,1.4026556
AT2G28250,0.16945021,0.12081588,1.402549
AT2G31305,0.11541849,0.08229785,1.4024483
AT3G11850,0.13105792,0.09346077,1.4022772
AT2G21520,0.06846851,0.048829526,1.4021946
AT5G59180,0.13339815,0.09513706,1.4021679
AT2G18940,0.12347848,0.08806638,1.4021069
AT5G55820,0.1718192,0.12254712,1.4020662
AT2G37730,0.17700708,0.12626661,1.4018517
AT4G32010,0.06073057,0.04332178,1.4018481
AT1G16680,0.10118726,0.07218995,1.4016806
AT1G49780,0.192026,0.1369978,1.401672
AT5G53800,0.10104079,0.072091594,1.4015611
AT2G35840,0.08994383,0.06417748,1.4014857
AT1G21130,0.36514458,0.26057762,1.4012891
AT3G50560,0.37614438,0.26844537,1.4011953
AT3G56850,0.059134427,0.042203706,1.4011663
AT1G01070,0.35291755,0.25189573,1.4010462
AT4G32130,0.0865706,0.061792612,1.400986
AT4G26370,0.18364346,0.13108444,1.4009553
AT5G11040,0.08086164,0.05771919,1.4009488
AT3G57785,0.09618363,0.06865791,1.4009109
AT1G56210,0.14013553,0.100032724,1.4008967
AT4G05310,0.18879634,0.13477181,1.4008591
AT1G31370,0.26880395,0.19189231,1.4008062
AT1G70410,0.16187438,0.115560725,1.4007733
AT4G00550,0.12185983,0.08700761,1.400565
AT2G31725,0.21308887,0.15215261,1.4004942
AT4G33650,0.08126414,0.058027394,1.4004441
AT5G07910,0.10026629,0.07159993,1.4003685
AT5G22280,0.10190941,0.07277817,1.4002742
AT3G18790,0.075216904,0.053716604,1.400254
AT2G18730,0.08937369,0.06382783,1.4002306
AT2G40330,0.3528871,0.25202125,1.4002275
AT3G08580,0.062379964,0.04455435,1.4000866
AT3G27560,0.109912224,0.078507245,1.4000264
AT2G03670,0.14113542,0.10080978,1.400017
AT1G27550,0.20321056,0.14515534,1.3999522
AT3G04770,0.13671273,0.0976596,1.3998902
AT4G16180,0.123913236,0.0885174,1.3998742
AT1G27930,0.122615226,0.087592386,1.3998387
AT4G00950,0.2648949,0.18926452,1.3996013
AT5G22380,0.5152076,0.36817133,1.3993691
AT5G18750,0.14306493,0.10223659,1.3993515
AT5G51610,0.29693562,0.2122094,1.3992575
AT3G17060,0.2526223,0.18054439,1.3992254
AT5G54540,0.07413324,0.05298232,1.3992069
AT3G10370,0.08666557,0.0619406,1.3991721
AT1G14670,0.08398408,0.060027752,1.3990872
AT1G08500,0.26785958,0.19145465,1.3990757
AT2G30210,0.28178862,0.2014194,1.3990142
AT1G24360,0.066338256,0.047421973,1.3988924
AT1G46336,0.24814638,0.17740376,1.398766
AT4G33350,0.103054546,0.073681414,1.3986503
AT1G09800,0.14847258,0.10616672,1.3984851
AT3G42310,0.24464796,0.17495649,1.3983359
AT1G33420,0.17584412,0.12575841,1.398269
AT5G51960,0.13105212,0.09372647,1.3982401
AT3G23570,0.16528696,0.11821812,1.3981525
AT3G50770,0.5230198,0.37409687,1.3980865
AT5G52830,0.21062592,0.15065376,1.3980792
AT4G28080,0.12560809,0.08984516,1.3980505
AT1G56600,0.48250958,0.34516218,1.3979213
AT3G58730,0.096643604,0.069135904,1.3978785
AT1G01220,0.13811664,0.09881071,1.3977901
AT5G39580,0.4761308,0.34065482,1.3976929
AT1G77720,0.12105369,0.08660996,1.3976877
AT5G12170,0.15307039,0.10952228,1.3976187
AT3G09735,0.13198711,0.094445035,1.3975017
AT1G78290,0.34687978,0.24821545,1.3974947
AT3G19540,0.08753072,0.062639825,1.3973651
AT2G38840,0.07763852,0.055566274,1.3972236
AT5G11690,0.113003284,0.08087893,1.3971906
AT2G44520,0.0811192,0.05806058,1.3971474
AT5G20170,0.0686021,0.049104236,1.3970706
AT5G42980,0.08682402,0.062148053,1.3970511
AT2G07707,0.52200335,0.37366557,1.39698
AT3G48540,0.31044093,0.22223489,1.3969045
AT1G49590,0.08454833,0.060526032,1.3968918
AT1G61700,0.2796628,0.20021656,1.3968014
AT3G06090,0.33368602,0.23891778,1.3966562
AT5G64730,0.07987861,0.05719475,1.3966072
AT5G01830,0.17451245,0.12497849,1.3963398
AT1G76850,0.07436446,0.053263966,1.3961493
AT3G54650,0.1016124,0.07279056,1.3959554
AT4G26660,0.2332258,0.1670829,1.3958685
AT2G22870,0.14925496,0.106928214,1.3958426
AT4G22890,0.11875395,0.08508,1.3957915
AT2G41530,0.1048852,0.07514442,1.3957815
AT3G58710,0.09788443,0.07013047,1.3957474
AT2G24790,0.07474707,0.053554032,1.3957316
AT5G29210,0.21552391,0.15442234,1.3956782
AT5G22400,0.07986873,0.057233084,1.395499
AT1G15340,0.08513573,0.061007768,1.3954897
AT1G53320,0.08709628,0.062414616,1.3954467
AT2G04740,0.09224293,0.06610827,1.3953309
AT1G52910,0.18416435,0.13199385,1.3952494
AT5G23070,0.15566178,0.11157489,1.3951327
AT5G49280,0.18138672,0.13003683,1.3948871
AT1G04900,0.12610278,0.09040383,1.3948829
AT3G54030,0.10458296,0.07497772,1.3948537
AT5G07960,0.07563612,0.054227125,1.394802
AT4G22300,0.12627938,0.09053577,1.3948009
AT3G50240,0.16299275,0.11685997,1.3947695
AT4G31980,0.1275647,0.091465615,1.3946737
AT1G34400,0.19809817,0.14204182,1.3946466
AT3G23740,0.20978396,0.150421,1.3946453
AT5G05480,0.10572169,0.07581529,1.3944638
AT5G64170,0.27440873,0.19679104,1.3944167
AT4G36790,0.1314969,0.094303876,1.3943955
AT1G55900,0.09163828,0.065719076,1.3943938
AT1G70210,0.19124673,0.13716207,1.3943119
AT4G19140,0.10218037,0.07328384,1.3943095
AT5G63510,0.051364444,0.036841832,1.3941877
AT3G16100,0.101930186,0.073112056,1.3941637
AT3G21175,0.06116029,0.043876044,1.3939332
AT3G28430,0.11522078,0.08266464,1.3938338
AT1G71410,0.0758688,0.054436676,1.3937072
AT1G19690,0.1336016,0.095861025,1.3937008
AT4G01450,0.27524123,0.19749483,1.3936628
AT4G38930,0.07144352,0.051266298,1.3935765
AT3G16260,0.09112676,0.06539325,1.3935193
AT3G42670,0.1349382,0.096834645,1.3934908
AT1G11480,0.06314167,0.045316577,1.3933456
AT2G45830,0.13760741,0.098773524,1.3931608
AT4G15830,0.2110124,0.15146999,1.3930969
AT2G24060,0.10885042,0.07813778,1.3930573
AT1G43260,0.21769571,0.15627506,1.393029
AT4G35530,0.106037,0.07612195,1.3929883
AT1G09770,0.07415609,0.053245872,1.3927103
AT1G78140,0.13329776,0.09572037,1.3925744
AT5G19370,0.085309856,0.061261814,1.3925451
AT1G47960,0.22405839,0.16090086,1.3925244
AT5G54470,0.43184185,0.31011894,1.392504
AT1G23180,0.12173177,0.08742181,1.3924644
AT3G07910,0.08975383,0.06446448,1.3922988
AT4G21470,0.105096154,0.075484715,1.3922838
AT5G66120,0.06673181,0.047930796,1.392253
AT3G58300,0.20180905,0.14497034,1.3920711
AT5G51820,0.12054923,0.086604096,1.3919575
AT2G31955,0.19711873,0.14161706,1.3919135
AT5G14780,0.16224153,0.11658034,1.3916714
AT5G22980,0.16569653,0.1190633,1.3916675
AT3G09780,0.1787841,0.12847717,1.391563
AT1G72170,0.1037772,0.07461202,1.390891
AT1G06080,0.36957315,0.26572436,1.390814
AT1G20220,0.08402268,0.060416233,1.3907299
AT1G79990,0.062012788,0.04459207,1.3906682
AT5G61480,0.162449,0.11682874,1.3904883
AT3G03360,0.12762423,0.091802254,1.3902079
AT5G21040,0.045653038,0.03284184,1.3900872
AT5G21090,0.08824826,0.063487284,1.3900145
AT1G68380,0.2698775,0.19415446,1.3900143
AT5G11770,0.06882159,0.04951158,1.3900095
AT4G09670,0.07715781,0.055513643,1.3898889
AT5G21010,0.049618527,0.03570271,1.3897688
AT2G32560,0.1863218,0.13407108,1.3897238
AT1G69870,0.29800773,0.21445991,1.389573
AT4G01040,0.09547472,0.068708725,1.3895572
AT2G41560,0.14309275,0.10297857,1.389539
AT1G34150,0.1168233,0.0840755,1.3895046
AT5G61460,0.13406615,0.09648829,1.3894551
AT3G53480,0.20516208,0.14765686,1.3894516
AT3G02120,0.2880482,0.20731279,1.3894376
AT3G26830,0.44510713,0.32042924,1.3890965
AT2G38530,0.38909382,0.28011465,1.389052
AT4G25170,0.119137034,0.08577094,1.3890138
AT5G27120,0.2368733,0.17053378,1.3890109
AT4G12020,0.12832244,0.092411965,1.388591
AT3G49060,0.103249945,0.07437401,1.3882529
AT2G46540,0.13161986,0.09481428,1.3881859
AT3G02870,0.17446025,0.12568171,1.3881115
AT5G62220,0.19057782,0.13731788,1.3878586
AT2G25310,0.07624697,0.054939024,1.387847
AT1G32260,0.11481884,0.08273215,1.3878381
AT5G04810,0.11358905,0.08185773,1.3876396
AT3G20390,0.082831636,0.059693858,1.3876071
AT5G19250,0.21770851,0.15689963,1.3875654
AT5G64340,0.13360204,0.096287526,1.387532
AT5G42570,0.1244723,0.08970873,1.3875159
AT1G13440,0.062354684,0.044943444,1.387403
AT1G78110,0.18008617,0.12981136,1.3872911
AT5G50310,0.10448421,0.075324,1.3871303
AT3G47700,0.098441035,0.070971176,1.3870564
AT2G40760,0.067324474,0.048540678,1.3869699
AT2G47350,0.09418213,0.06791593,1.3867457
AT5G06300,0.17767295,0.12812538,1.3867114
AT5G44000,0.10897629,0.07858821,1.3866746
AT3G52920,0.16077228,0.11594715,1.3865995
AT3G27240,0.0698504,0.050381064,1.3864412
AT3G04150,0.21699964,0.15652704,1.3863394
AT4G31180,0.061791457,0.04457426,1.3862584
AT1G03830,0.16458131,0.11872528,1.3862364
AT2G26060,0.067846216,0.04895282,1.3859508
AT5G61650,0.43721318,0.31546524,1.3859314
AT5G48650,0.26607478,0.19200376,1.3857789
AT1G69770,0.14192045,0.10241502,1.3857385
AT3G19553,0.13523869,0.09760037,1.3856369
AT3G11520,0.22745948,0.1641602,1.3855944
AT4G04500,0.44205177,0.31905264,1.3855135
AT3G04940,0.07664238,0.055318348,1.3854781
AT4G11800,0.08825132,0.063697726,1.3854704
AT1G06230,0.07629517,0.055074077,1.3853188
AT1G29395,0.38419262,0.27733308,1.3853111
AT1G61010,0.07610826,0.05494194,1.3852485
AT2G28810,0.093743086,0.06767925,1.3851081
AT1G34010,0.13941588,0.100655615,1.3850778
AT2G18400,0.13253139,0.09570109,1.3848472
AT3G02930,0.18710765,0.13511279,1.3848255
AT3G04560,0.08099077,0.058489144,1.3847142
AT5G19200,0.14445342,0.10432464,1.3846529
AT2G01330,0.12631495,0.09122767,1.3846121
AT1G51320,0.2099487,0.15163118,1.384601
AT5G01920,0.11883846,0.085837215,1.384463
AT5G53530,0.09596827,0.0693219,1.3843858
AT5G01410,0.084230155,0.060843762,1.3843677
AT4G24810,0.13444978,0.09712514,1.3842942
AT1G14790,0.1699794,0.12280626,1.3841264
AT4G15093,0.10978121,0.079323,1.3839769
AT3G16760,0.075575665,0.054608446,1.3839554
AT2G39200,0.34995225,0.25287262,1.3839073
AT1G09810,0.12810859,0.09258285,1.3837183
AT2G39060,0.19559462,0.14135717,1.3836907
AT1G49930,0.20345731,0.14704558,1.3836342
AT1G30700,0.3361758,0.2430098,1.3833836
AT1G67800,0.16037248,0.115927964,1.3833804
AT5G53940,0.12881504,0.093124166,1.3832611
AT1G17930,0.09259996,0.06695311,1.3830568
AT5G12290,0.079205595,0.0572697,1.3830277
AT5G63280,0.1053449,0.076174155,1.3829479
AT1G54240,0.163737,0.11839796,1.3829376
AT1G55090,0.08713531,0.063009754,1.3828858
AT3G23730,0.32711792,0.2365535,1.3828495
AT1G23580,0.26504532,0.19167072,1.3828158
AT4G21400,0.232486,0.16814518,1.3826503
AT5G54220,0.22539112,0.16301653,1.3826272
AT5G06370,0.08158313,0.059006527,1.3826116
AT3G09560,0.12680922,0.09171739,1.3826082
AT4G17100,0.18118231,0.13104483,1.3825977
AT5G19350,0.054819036,0.039649565,1.3825883
AT2G41520,0.07976194,0.057691347,1.382563
AT5G27430,0.11474858,0.082997024,1.3825625
AT1G54170,0.080881014,0.058503423,1.3825003
AT1G11930,0.07141338,0.051657025,1.3824522
AT4G16155,0.12135859,0.087785214,1.3824489
AT1G61900,0.10347821,0.07485138,1.3824488
AT1G26470,0.1572455,0.11375006,1.3823771
AT5G04320,0.13241215,0.09580008,1.3821715
AT3G05610,0.32808733,0.23738071,1.3821144
AT3G54430,0.23689525,0.17140763,1.3820577
AT5G22360,0.07724557,0.05589209,1.382048
AT3G54660,0.059453916,0.043018825,1.3820438
AT2G06255,0.27899456,0.20187946,1.3819858
AT3G26640,0.105004884,0.07598465,1.3819222
AT5G23310,0.13593102,0.09836458,1.3819101
AT2G38900,0.21357505,0.15457024,1.3817345
AT4G13510,0.27964893,0.20239815,1.3816772
AT1G34575,0.17279077,0.12507388,1.3815094
AT4G18670,0.17531635,0.12690972,1.3814256
AT1G53390,0.118935354,0.08610035,1.3813573
AT2G04880,0.097380795,0.070498936,1.3813086
AT3G21230,0.20043975,0.14511184,1.3812776
AT3G20430,0.111731224,0.08090053,1.3810937
AT1G33240,0.15098862,0.10933809,1.3809333
AT5G42470,0.060942594,0.044139847,1.3806703
AT1G72940,0.3091705,0.22393095,1.380651
AT1G79600,0.09271221,0.06715123,1.3806478
AT1G48970,0.15635757,0.11325779,1.3805457
AT5G35750,0.12565157,0.0910217,1.3804572
AT4G25550,0.063280545,0.045844104,1.3803418
AT3G06200,0.1088191,0.07884166,1.3802233
AT3G09880,0.07450205,0.053979613,1.3801883
AT4G25040,0.24091947,0.17459624,1.3798662
AT1G02160,0.0866925,0.06283141,1.3797635
AT5G11350,0.08750623,0.06343205,1.3795269
AT4G10140,0.11945675,0.08659337,1.3795137
AT3G25280,0.15485041,0.11227494,1.3792071
AT4G25080,0.10368248,0.075183414,1.3790604
AT2G17710,0.23041259,0.16708364,1.3790253
AT3G57220,0.1032276,0.07485662,1.3790042
AT3G62970,0.092547655,0.0671167,1.3789064
AT4G11670,0.0836846,0.060690235,1.3788805
AT2G03120,0.1239442,0.08988869,1.378863
AT2G15240,0.092140414,0.066826835,1.3787935
AT2G25190,0.10545228,0.07648191,1.378787
AT1G47720,0.16298537,0.11821175,1.3787576
AT3G25220,0.06950208,0.050410207,1.3787299
AT1G66340,0.051748004,0.0375412,1.3784319
AT1G01090,0.08264097,0.059954055,1.3784047
AT4G35360,0.0871424,0.063220546,1.3783872
AT4G15650,0.22658396,0.16438544,1.3783699
AT1G02560,0.08441587,0.06125122,1.3781905
AT5G47680,0.08220743,0.059653554,1.3780807
AT1G41820,0.19279434,0.13991608,1.3779283
AT2G28800,0.060073283,0.043597374,1.3779103
AT1G10840,0.05182302,0.03761286,1.3778002
AT5G62050,0.07133214,0.05177454,1.3777453
AT1G49800,0.22593658,0.1639974,1.3776838
AT2G28130,0.13625178,0.098905526,1.3775951
AT3G53610,0.08413065,0.061071206,1.3775827
AT2G20690,0.106754325,0.07750076,1.3774616
AT5G47190,0.09430273,0.06846239,1.3774384
AT2G25280,0.08410733,0.061061203,1.3774265
AT5G60210,0.12444931,0.090380564,1.3769476
AT2G47620,0.09630835,0.06994618,1.3768921
AT3G18760,0.14087065,0.102325626,1.3766897
AT5G06780,0.07317776,0.053158306,1.3766004
AT3G56930,0.12503125,0.090826474,1.3765947
AT5G20920,0.06461054,0.046939656,1.3764592
AT1G68510,0.29409134,0.21366699,1.3764004
AT3G27930,0.10861639,0.07891491,1.3763733
AT2G33690,0.28966033,0.21046737,1.3762718
AT1G78420,0.06866453,0.049894422,1.3761961
AT4G23880,0.2720375,0.19769397,1.3760535
AT5G47960,0.2526737,0.18364859,1.3758541
AT2G39710,0.28359047,0.20613165,1.3757734
AT3G09250,0.14408676,0.104731895,1.3757677
AT5G55280,0.12795563,0.093008265,1.3757446
AT3G13800,0.10693116,0.07773445,1.3755953
AT1G13950,0.17380354,0.1263566,1.3755001
AT5G49530,0.079159394,0.05755138,1.3754557
AT4G20800,0.19645156,0.14283079,1.3754145
AT5G19270,0.1776545,0.1291673,1.3753828
AT4G21870,0.40876615,0.29722583,1.3752713
AT1G61360,0.17788579,0.12936096,1.3751117
AT1G62160,0.19064215,0.13863778,1.3751094
AT5G59440,0.1142899,0.083117746,1.375036
AT5G62680,0.14651851,0.10656751,1.374889
AT3G61160,0.18159088,0.132078,1.3748759
AT3G56160,0.14536816,0.105734676,1.374839
AT2G20750,0.34123722,0.24822217,1.3747249
AT2G31970,0.12352259,0.08985345,1.3747115
AT1G70950,0.23006225,0.1673542,1.3747025
AT3G12500,0.3012531,0.21914344,1.3746846
AT4G08500,0.07382371,0.05370244,1.3746805
AT4G24290,0.11102323,0.080766805,1.3746145
AT5G38880,0.09747157,0.07091039,1.3745738
AT2G26640,0.12964416,0.09432925,1.374379
AT5G01460,0.09310423,0.06774913,1.3742497
AT4G23540,0.13886821,0.10105414,1.374196
AT2G24040,0.19967407,0.14530873,1.3741366
AT1G73740,0.11232164,0.08174059,1.3741231
AT1G73430,0.07801473,0.056777388,1.3740455
AT5G61840,0.046287652,0.033687487,1.3740306
AT3G12780,0.07576157,0.055142883,1.3739135
AT2G44420,0.10632734,0.077391244,1.3738935
AT3G19350,0.44773722,0.32589912,1.3738521
AT3G63000,0.059621044,0.04340204,1.3736919
AT3G56610,0.20407085,0.14856838,1.3735819
AT3G28870,0.18662496,0.13586996,1.3735555
AT3G48970,0.25419536,0.18506943,1.3735135
AT4G03740,0.17759104,0.12929957,1.3734851
AT1G61660,0.17829724,0.12981649,1.3734559
AT4G00900,0.1621556,0.11806635,1.3734276
AT5G46920,0.10379241,0.07557206,1.3734229
AT3G59940,0.21849082,0.1590873,1.3734019
AT5G63780,0.21395649,0.15579525,1.3733183
AT3G14350,0.08605899,0.06266949,1.3732196
AT1G61090,0.18924631,0.13781324,1.3732083
AT5G56580,0.2246262,0.16358075,1.3731823
AT5G60750,0.10439974,0.07603408,1.373065
AT5G06160,0.09480682,0.06904821,1.3730524
AT5G67270,0.21058865,0.15339686,1.3728353
AT5G57960,0.114155486,0.08315657,1.3727776
AT5G01400,0.09812228,0.071484596,1.3726351
AT1G24460,0.09317612,0.067881756,1.3726237
AT5G02760,0.38851908,0.2830541,1.3725965
AT3G10220,0.07624755,0.055552643,1.3725276
AT3G18930,0.13758065,0.1002605,1.3722317
AT1G77580,0.15607528,0.11374173,1.37219
AT4G12410,0.43681312,0.31836298,1.3720601
AT3G03970,0.10645136,0.07758681,1.3720291
AT1G75330,0.053096883,0.038699877,1.3720164
AT3G06250,0.124991,0.09110287,1.3719765
AT3G56000,0.2509286,0.18292217,1.3717779
AT3G10140,0.09062772,0.066077955,1.3715272
AT5G02260,0.2218671,0.16176917,1.3715041
AT3G25850,0.19143161,0.1395823,1.3714603
AT5G09370,0.30781442,0.22444512,1.3714461
AT1G47900,0.08911493,0.06498724,1.3712679
AT3G47080,0.12033646,0.08776313,1.3711504
AT1G51730,0.054486856,0.03973924,1.3711092
AT5G51100,0.15414713,0.112426564,1.3710916
AT4G02290,0.24945869,0.18194963,1.3710314
AT4G22400,0.1551653,0.11317911,1.3709711
AT5G43930,0.07934745,0.057880886,1.3708745
AT5G67280,0.16398324,0.11964009,1.3706378
AT3G58460,0.052961964,0.03864181,1.3705866
AT1G09815,0.08168807,0.059601717,1.3705654
AT1G17190,0.24611911,0.17957951,1.3705299
AT1G10750,0.18022954,0.13151808,1.3703783
AT5G04510,0.10219952,0.074590646,1.3701384
AT3G48490,0.2736277,0.1997207,1.3700517
AT3G57270,0.28602728,0.20877147,1.3700496
AT4G27657,0.49570704,0.36184645,1.3699375
AT1G66310,0.17761831,0.1296556,1.3699238
AT5G48990,0.10465867,0.07640455,1.3697962
AT3G15540,0.24083316,0.17582321,1.369746
AT4G22860,0.21457347,0.15665272,1.3697398
AT1G17060,0.21417072,0.15636678,1.3696688
AT5G50200,0.2996481,0.21877547,1.3696604
AT1G14840,0.13677552,0.099865854,1.3695924
AT4G38800,0.07622146,0.055653904,1.3695614
AT5G44260,0.35331553,0.2579843,1.3695233
AT1G53290,0.0985263,0.07194323,1.3695005
AT4G17800,0.14648466,0.10696749,1.3694315
AT3G22430,0.103363514,0.07548156,1.3693875
AT1G64350,0.0640096,0.046744816,1.3693408
AT5G08040,0.1553011,0.11341378,1.3693317
AT2G45840,0.27012724,0.19727851,1.3692683
AT5G12370,0.056798708,0.04148376,1.369179
AT5G49230,0.12121889,0.08853529,1.369159
AT3G04790,0.10543218,0.077022634,1.3688467
AT5G45800,0.123476945,0.09020667,1.3688227
AT1G16470,0.0888774,0.064935446,1.3687038
AT3G58510,0.06920709,0.0505647,1.3686836
AT3G01040,0.15500934,0.113257855,1.3686409
AT3G16940,0.084789954,0.06195676,1.3685341
AT3G44680,0.10419175,0.0761482,1.3682759
AT5G27600,0.13288541,0.09713647,1.3680279
AT4G24750,0.121873476,0.08908937,1.3679911
AT1G72580,0.23510022,0.17186254,1.3679549
AT2G38440,0.09810959,0.071723744,1.3678814
AT2G07050,0.06195505,0.045294948,1.3678133
AT1G10850,0.11880395,0.08685886,1.3677814
AT1G18360,0.15770894,0.1153102,1.3676928
AT5G13780,0.071314886,0.052144762,1.3676325
AT2G17760,0.09652556,0.07058046,1.3675959
AT1G80850,0.17977102,0.13145202,1.3675787
AT5G52570,0.34262377,0.25054812,1.3674968
AT3G26020,0.11348634,0.082994446,1.3673967
AT2G03800,0.07716235,0.056441136,1.3671293
AT3G54610,0.107048094,0.07832247,1.3667608
AT3G57760,0.24594423,0.17997634,1.3665364
AT5G43580,0.50258166,0.3678166,1.366392
AT5G15050,0.124245696,0.090930045,1.3663876
AT3G10940,0.17333478,0.12685631,1.3663865
AT5G43150,0.23398623,0.17125297,1.3663192
AT3G49780,0.38763317,0.28371882,1.3662583
AT5G03905,0.13795426,0.10098515,1.3660846
AT3G50630,0.17247233,0.12625407,1.3660733
AT3G15190,0.08064881,0.059039343,1.3660178
AT4G35240,0.11456911,0.08387323,1.3659794
AT3G06150,0.11615331,0.08507106,1.365368
AT1G26710,0.19145803,0.14022665,1.3653469
AT3G13620,0.15329517,0.11228031,1.3652898
AT3G49890,0.1508433,0.110487156,1.3652564
AT1G43190,0.072465114,0.053084694,1.3650846
AT5G46340,0.10239274,0.07501672,1.3649321
AT2G41705,0.109710895,0.08038063,1.364892
AT2G42330,0.15399003,0.11282923,1.364806
AT5G66850,0.0971621,0.071197875,1.3646768
AT4G21050,0.19229598,0.14091536,1.3646203
AT5G49970,0.0769649,0.056407336,1.3644482
AT3G09640,0.5601138,0.41053823,1.3643402
AT5G23210,0.19302286,0.14148086,1.3643036
AT1G74620,0.16171624,0.11854875,1.3641326
AT2G15020,0.46972167,0.3443403,1.3641206
AT1G49540,0.08953098,0.06563752,1.3640212
AT3G19900,0.08675576,0.06361671,1.3637259
AT1G54690,0.1280251,0.093881905,1.3636823
AT4G19350,0.09949397,0.072965294,1.3635793
AT4G29540,0.2236418,0.16402282,1.3634796
AT1G27460,0.1652457,0.1211962,1.363456
AT3G22960,0.08079406,0.059266508,1.3632327
AT1G26370,0.09316394,0.068347804,1.3630859
AT3G06410,0.0723604,0.05308914,1.3629978
AT2G16620,0.19980156,0.14661267,1.362785
AT2G16040,0.13772324,0.101060644,1.3627781
AT3G49160,0.39399958,0.28915638,1.362583
AT1G65450,0.30224222,0.22182387,1.3625324
AT5G08010,0.10161079,0.07457683,1.3624979
AT3G21810,0.11254206,0.08260725,1.362375
AT4G02460,0.13038526,0.09573219,1.3619792
AT1G18840,0.11593046,0.08511982,1.3619677
AT3G20080,0.12039337,0.08840591,1.3618249
AT1G58220,0.083311774,0.061177023,1.3618145
AT1G19800,0.09919912,0.07284372,1.3618073
AT5G04540,0.075131394,0.05518131,1.3615367
AT3G50685,0.14056118,0.103238456,1.3615195
AT1G31730,0.07447498,0.05470418,1.3614126
AT4G08590,0.17595951,0.12926215,1.3612608
AT1G56045,0.17402491,0.12786713,1.3609822
AT1G77550,0.09610026,0.070619136,1.3608246
AT2G25840,0.11694879,0.08594936,1.3606707
AT3G25120,0.13163663,0.09674793,1.3606144
AT4G34750,0.2255871,0.16580026,1.3605955
AT5G03900,0.09818517,0.07217092,1.3604531
AT5G19290,0.08057055,0.059232607,1.3602395
AT1G49620,0.22356537,0.16436388,1.3601854
AT1G44900,0.18134679,0.1333282,1.3601531
AT1G50450,0.16888966,0.12417914,1.3600484
AT4G16970,0.14327028,0.10534954,1.3599516
AT2G30810,0.20309953,0.1493511,1.3598795
AT1G29120,0.10385332,0.07636975,1.3598751
AT1G12845,0.40150478,0.29525462,1.3598595
AT2G39810,0.078860685,0.057996266,1.3597543
AT2G22320,0.305595,0.2247534,1.3596902
AT3G46010,0.09442244,0.069447026,1.3596324
AT1G11220,0.27358776,0.20122209,1.3596307
AT5G18040,0.14394645,0.10587558,1.3595811
AT2G36740,0.09729241,0.07156284,1.359538
AT4G39230,0.18783325,0.13816017,1.3595325
AT1G54180,0.19286089,0.14187016,1.3594182
AT5G27000,0.20397346,0.15004978,1.3593718
AT2G18710,0.09724968,0.07154065,1.3593624
AT4G33710,0.20875654,0.15356988,1.3593584
AT1G21065,0.10527008,0.07744651,1.3592616
AT5G63120,0.08667577,0.063777916,1.3590246
AT3G55420,0.16046566,0.1180794,1.358964
AT2G25735,0.46610478,0.34299862,1.3589115
AT3G06895,0.56437427,0.41532466,1.3588749
AT5G64850,0.27791283,0.20451863,1.358863
AT4G03090,0.14099865,0.103776835,1.3586715
AT1G04050,0.14388764,0.10590976,1.3585871
AT1G23100,0.2665615,0.19622913,1.3584195
AT4G29440,0.122251034,0.09000549,1.358262
AT4G16444,0.1023086,0.0753246,1.3582361
AT5G40140,0.1685204,0.124088734,1.3580636
AT3G17620,0.24989046,0.18400721,1.358047
AT3G23640,0.108303055,0.07975327,1.3579762
AT5G03870,0.21437807,0.15789536,1.3577224
AT5G22700,0.13885705,0.1022727,1.3577137
AT3G53540,0.11803721,0.08694001,1.3576856
AT5G02100,0.115628205,0.08516733,1.357659
AT3G03610,0.11485578,0.08460148,1.3576095
AT5G01960,0.06974049,0.051374346,1.3574961
AT5G51300,0.06699839,0.04935447,1.3574935
AT1G53670,0.11408661,0.08406154,1.3571795
AT5G10750,0.12744889,0.093921624,1.3569705
AT1G42710,0.18305394,0.13490506,1.3569093
AT3G25920,0.09494672,0.06997473,1.3568715
AT2G40800,0.10963136,0.08080062,1.3568132
AT5G37540,0.28085864,0.2069989,1.3568121
AT4G35260,0.057900395,0.042676844,1.3567165
AT2G04340,0.11171114,0.08235171,1.3565125
AT5G54520,0.12944238,0.09542938,1.3564205
AT3G21640,0.10690621,0.078815274,1.3564148
AT5G61060,0.095369235,0.07031785,1.3562591
AT1G68790,0.12743175,0.093959875,1.3562357
AT5G07830,0.12433123,0.091677085,1.3561864
AT1G67780,0.23583718,0.17391318,1.3560625
AT5G63410,0.12909019,0.09520678,1.3558927
AT5G62030,0.083294354,0.061432697,1.3558633
AT3G13550,0.068690374,0.0506627,1.3558369
AT1G60860,0.11810504,0.08711427,1.3557484
AT1G17220,0.10116242,0.07462169,1.3556702
AT1G49520,0.16660707,0.12289758,1.3556577
AT3G28850,0.14240098,0.10504472,1.3556223
AT3G18250,0.4624854,0.34116727,1.3555973
AT5G05990,0.16575688,0.122277334,1.3555813
AT5G40730,0.22210461,0.16386689,1.3553964
AT2G01690,0.10464178,0.0772184,1.3551403
AT2G45380,0.19727103,0.14558275,1.3550439
AT5G08430,0.100398935,0.07409411,1.355019
AT2G06510,0.11326072,0.08359063,1.3549452
AT1G01540,0.087524146,0.064602755,1.354805
AT2G47710,0.08384085,0.061884403,1.3547975
AT5G05570,0.08908418,0.06575745,1.3547387
AT3G62920,0.2086023,0.15398239,1.3547152
AT4G12640,0.09338803,0.06894106,1.3546067
AT4G09460,0.11147863,0.08230758,1.3544149
AT2G17820,0.15525705,0.11463567,1.3543519
AT3G08850,0.06431044,0.047484376,1.3543491
AT3G20490,0.13786122,0.10179222,1.3543395
AT1G15040,0.40752155,0.30090407,1.3543239
AT1G69340,0.059805386,0.044159126,1.3543152
AT5G52050,0.35889897,0.26500887,1.3542904
AT1G65650,0.05167653,0.038158104,1.3542737
AT5G42130,0.10146891,0.07492703,1.3542362
AT3G12200,0.102019034,0.07534662,1.353996
AT3G13490,0.06313975,0.046633996,1.3539423
AT1G26620,0.09928289,0.07334299,1.3536793
AT1G47810,0.155937,0.11519799,1.3536434
AT1G10690,0.23949857,0.17693016,1.3536333
AT1G75820,0.14943984,0.110412724,1.3534657
AT1G73010,0.51419294,0.37991393,1.3534459
AT3G19460,0.08442905,0.062382277,1.3534138
AT2G26560,0.49096912,0.36276442,1.3534104
AT3G61540,0.09130517,0.06746857,1.3532991
AT3G04340,0.09942674,0.073471375,1.3532716
AT3G13460,0.058908373,0.043531727,1.3532281
AT5G49160,0.101009086,0.07464528,1.3531877
AT2G20020,0.09466116,0.06995437,1.3531842
AT2G22370,0.09727396,0.071885325,1.3531823
AT5G51910,0.18155147,0.13417014,1.3531435
AT4G18600,0.09632096,0.07118433,1.3531201
AT3G13690,0.09484386,0.07009315,1.3531115
AT4G04910,0.092504166,0.06836781,1.3530368
AT2G18510,0.089348264,0.06604081,1.352925
AT5G26260,0.3469584,0.25645176,1.3529187
AT4G26710,0.117076054,0.08654096,1.3528397
AT5G43720,0.07739458,0.057214167,1.3527168
AT1G29480,0.16772483,0.12399558,1.3526678
AT3G54420,0.31892765,0.23579825,1.3525444
AT5G35460,0.108166456,0.079983205,1.3523645
AT1G32980,0.1735948,0.12836762,1.3523253
AT5G03760,0.25908932,0.19159907,1.3522471
AT3G24660,0.12340251,0.09126591,1.3521205
AT4G27640,0.10868708,0.08039008,1.3519961
AT5G64650,0.12123969,0.08967537,1.3519843
AT4G34870,0.06398741,0.047329552,1.3519543
AT1G46768,0.20154394,0.1490888,1.3518381
AT4G16040,0.22619535,0.16733547,1.3517478
AT3G04620,0.22356485,0.16542676,1.3514429
AT1G28960,0.088203974,0.06526914,1.3513885
AT4G35270,0.17301121,0.12802798,1.3513546
AT5G57060,0.16430442,0.12158693,1.3513329
AT1G26940,0.11171622,0.08268721,1.35107
AT1G49890,0.087527834,0.06478671,1.3510151
AT2G38000,0.09285762,0.06874164,1.3508204
AT5G48530,0.2481481,0.18370396,1.3508042
AT1G78080,0.0915559,0.06778361,1.3507084
AT4G31410,0.06898536,0.051073685,1.3507023
AT1G22200,0.07180441,0.05316615,1.350566
AT1G19240,0.09423129,0.06978037,1.3503981
AT5G01260,0.18107264,0.13409021,1.3503791
AT1G20300,0.11429622,0.08464075,1.3503686
AT2G46140,0.16181841,0.119838774,1.3503009
AT3G61070,0.10829863,0.08020695,1.3502398
AT4G35300,0.12824859,0.09499348,1.3500776
AT2G27020,0.089267015,0.06612532,1.3499671
AT2G38140,0.098442726,0.072923586,1.3499434
AT5G22690,0.21595357,0.15998529,1.3498338
AT1G78770,0.13922444,0.103149034,1.3497405
AT2G34650,0.24974206,0.18506524,1.3494811
AT2G21070,0.12098698,0.089654855,1.3494749
AT2G39720,0.06430544,0.047652297,1.3494717
AT4G00160,0.26234624,0.19440952,1.3494515
AT5G48210,0.21187705,0.15701053,1.3494447
AT5G38210,0.21188892,0.15702808,1.3493695
AT3G08550,0.07947794,0.058903717,1.3492855
AT1G13650,0.37804383,0.28020132,1.3491865
AT3G14940,0.18340945,0.13595055,1.3490893
AT4G35930,0.1300557,0.09640498,1.3490558
AT3G50530,0.09825212,0.07284402,1.3488013
AT4G30670,0.28228682,0.20928995,1.3487834
AT1G60950,0.13092054,0.09706756,1.3487569
AT1G25390,0.11632953,0.08625572,1.3486586
AT3G07170,0.055406686,0.041083485,1.3486362
AT5G28420,0.32681856,0.24233986,1.3485959
AT3G18230,0.08536259,0.063297875,1.3485852
AT5G10430,0.18140158,0.1345171,1.348539
AT3G56040,0.13195631,0.09786229,1.3483876
AT3G19890,0.19361663,0.143602,1.3482863
AT4G36630,0.0674073,0.049995165,1.3482761
AT4G18270,0.20840752,0.15457475,1.3482635
AT3G20020,0.08198647,0.06081301,1.348173
AT5G63000,0.08354212,0.061972275,1.3480562
AT2G19760,0.08420205,0.06246371,1.3480153
AT2G24300,0.19248836,0.14279872,1.3479697
AT2G35720,0.079078875,0.05866739,1.3479185
AT2G17960,0.18566084,0.13776144,1.347698
AT2G40530,0.27921396,0.2071881,1.347635
AT5G39880,0.32665342,0.24240799,1.3475356
AT3G12530,0.15565613,0.1155117,1.3475355
AT5G52750,0.43824118,0.3252435,1.3474249
AT3G10760,0.104457505,0.07752712,1.3473672
AT1G53710,0.13683486,0.101592906,1.3468938
AT4G31020,0.23432492,0.17398359,1.3468218
AT3G15710,0.119674906,0.08886637,1.3466837
AT2G44970,0.065717384,0.04880228,1.3466045
AT4G16980,0.24745785,0.18376517,1.346598
AT1G05630,0.15662098,0.11631078,1.3465731
AT3G06590,0.091340326,0.067834824,1.3465106
AT2G33610,0.08314426,0.061755124,1.3463538
AT2G39950,0.08027413,0.059623946,1.3463402
AT1G25410,0.17458473,0.12967601,1.3463145
AT4G31530,0.087108165,0.06470502,1.3462348
AT5G14170,0.0527443,0.039180037,1.3462031
AT4G13950,0.16789052,0.12472706,1.3460631
AT4G30330,0.15715803,0.11675611,1.3460368
AT5G39890,0.3974294,0.29528645,1.3459114
AT3G12700,0.21551496,0.16013378,1.3458431
AT4G14160,0.07241758,0.053809132,1.3458229
AT5G23870,0.20660554,0.15352218,1.3457699
AT5G12460,0.23846376,0.17720538,1.3456913
AT1G22910,0.08280868,0.061540496,1.3455963
AT1G01950,0.08687932,0.06456906,1.3455254
AT5G48900,0.20656982,0.15352836,1.345483
AT5G47840,0.07788621,0.05788867,1.3454479
AT4G28310,0.17908274,0.13311657,1.3453075
AT4G10770,0.1995227,0.14831527,1.3452606
AT2G43940,0.11544388,0.08581525,1.3452605
AT1G17130,0.091450356,0.06798066,1.3452406
AT4G16420,0.049274966,0.03663056,1.345187
AT3G28490,0.21368812,0.15885437,1.3451824
AT2G42400,0.072526686,0.053918626,1.3451135
AT3G46940,0.2263748,0.16830468,1.3450296
AT5G54300,0.23712714,0.17631294,1.3449218
AT2G16950,0.06950236,0.051682845,1.3447856
AT1G13730,0.0952149,0.07080397,1.3447677
AT1G60320,0.18773805,0.13960737,1.3447573
AT2G45790,0.10158186,0.07554172,1.3447119
AT3G01340,0.06803208,0.05059392,1.3446687
AT1G15290,0.12604833,0.09375047,1.3445086
AT1G79610,0.09997029,0.07435626,1.344477
AT3G07820,0.36765534,0.2734602,1.3444564
AT2G38940,0.32226107,0.23970714,1.3443948
AT1G76300,0.09593128,0.07135978,1.3443323
AT2G26570,0.09866107,0.073390976,1.3443215
AT1G18890,0.11208737,0.083379604,1.3443019
AT1G43710,0.07613341,0.05663429,1.3442986
AT2G44525,0.09497937,0.07065506,1.3442682
AT4G29830,0.063767575,0.04744078,1.3441508
AT4G31460,0.06954635,0.051741417,1.3441135
AT1G48450,0.07784918,0.05791862,1.3441129
AT5G15950,0.37741882,0.2808703,1.3437477
AT3G49000,0.090798855,0.067571744,1.3437399
AT3G27160,0.11696327,0.08704639,1.3436887
AT2G36490,0.21606137,0.16081123,1.3435713
AT3G25200,0.19146885,0.14251406,1.3435084
AT2G15695,0.09137586,0.06801314,1.3435029
AT3G10525,0.16651188,0.1239401,1.3434867
AT4G32120,0.107616566,0.08010383,1.3434633
AT4G14560,0.28353655,0.21105166,1.3434461
AT5G12860,0.109392054,0.081426695,1.3434421
AT3G05640,0.28449172,0.21176796,1.3434124
AT1G80000,0.09318906,0.06936934,1.3433752
AT4G10040,0.15117042,0.112563774,1.3429756
AT4G14365,0.41972426,0.31254154,1.3429391
AT1G68660,0.09867049,0.07348297,1.3427666
AT3G11600,0.22816768,0.16994058,1.342632
AT3G61530,0.100965284,0.07520235,1.3425813
AT2G42270,0.14116265,0.105143376,1.3425728
AT5G67100,0.13879132,0.103378706,1.3425522
AT1G09190,0.21842164,0.16270351,1.3424518
AT3G54300,0.05485572,0.040864725,1.342373
AT4G00370,0.13821866,0.102976784,1.3422312
AT3G43800,0.19537053,0.14556995,1.3421074
AT3G14770,0.35753027,0.26640758,1.3420424
AT3G08620,0.11074399,0.08252453,1.3419523
AT1G08230,0.21568279,0.16072787,1.3419126
AT2G21870,0.07318216,0.054536864,1.341884
AT4G00560,0.12612484,0.09399383,1.3418417
AT1G50340,0.19054362,0.14200531,1.3418062
AT3G51280,0.18528758,0.1380947,1.3417428
AT2G33630,0.0848878,0.06328527,1.3413515
AT2G41180,0.3869884,0.28851423,1.3413148
AT1G55910,0.21325223,0.1590212,1.3410301
AT1G56440,0.16242296,0.12111808,1.3410296
AT2G40890,0.09735539,0.072619535,1.3406224
AT5G22590,0.16079992,0.119945645,1.3406065
AT3G06570,0.09753483,0.07275682,1.3405591
AT3G63220,0.078816965,0.058795664,1.3405231
AT5G61130,0.10526503,0.078525566,1.3405191
AT1G33810,0.11349682,0.08466773,1.3404967
AT1G08610,0.15864111,0.11835492,1.3403846
AT3G12710,0.25027376,0.18671806,1.3403832
AT1G21650,0.14320701,0.106843084,1.3403488
AT3G57120,0.10649507,0.07945481,1.3403224
AT1G53310,0.09423091,0.07030919,1.340236
AT5G14790,0.09607785,0.07169555,1.340081
AT5G10040,0.62566626,0.46692026,1.3399853
AT4G32280,0.46618408,0.34794056,1.3398383
AT3G08680,0.07201628,0.053751823,1.339792
AT5G64120,0.37426406,0.27935272,1.3397545
AT2G04870,0.2776033,0.20720513,1.339751
AT5G45390,0.07422728,0.055404063,1.3397441
AT1G77680,0.118796475,0.08868115,1.339591
AT3G04060,0.2223923,0.1660362,1.3394204
AT2G01630,0.115022,0.08587727,1.3393764
AT4G32930,0.100193314,0.07481285,1.3392526
AT1G77380,0.24659699,0.18416211,1.3390212
AT1G55120,0.17538892,0.13099231,1.3389251
AT1G13670,0.24273174,0.18129002,1.3389139
AT3G49100,0.08916024,0.06659177,1.3389077
AT2G47760,0.07932688,0.05924846,1.338885
AT1G28680,0.112139165,0.08375751,1.3388549
AT5G51980,0.10023274,0.07486542,1.3388388
AT3G19970,0.2460783,0.18382268,1.338672
AT5G55290,0.11065432,0.0826609,1.3386536
AT3G25530,0.07040043,0.052593313,1.3385811
AT3G50370,0.0748796,0.055940934,1.3385473
AT1G67280,0.06585347,0.049199328,1.3385031
AT3G43880,0.22089759,0.16504446,1.3384125
AT5G62520,0.3954752,0.29548463,1.3383952
AT1G05000,0.2588996,0.19348615,1.338078
AT5G63930,0.08004007,0.05981996,1.3380158
AT1G45100,0.1670932,0.12489516,1.3378676
AT3G59640,0.06809971,0.0509023,1.337851
AT4G00660,0.11053962,0.08262549,1.337839
AT3G02220,0.078019224,0.058325496,1.3376518
AT5G48270,0.19786753,0.14792779,1.3375952
AT2G20585,0.09839395,0.07356544,1.3375022
AT5G04480,0.12892495,0.09639472,1.337469
AT3G49470,0.06254745,0.046769112,1.3373663
AT3G46560,0.13809495,0.10326262,1.3373178
AT4G34970,0.33768576,0.252558,1.3370622
AT1G64230,0.11369233,0.08503193,1.3370545
AT4G31200,0.062273167,0.04658006,1.3369057
AT1G66100,0.46896547,0.35078526,1.3369019
AT4G26750,0.08183301,0.06121445,1.3368248
AT2G28110,0.22330374,0.1670497,1.3367501
AT1G47330,0.07856866,0.058784395,1.3365562
AT3G20030,0.17677157,0.13227046,1.3364401
AT4G30860,0.19546545,0.14625886,1.3364347
AT5G27870,0.22869201,0.17113955,1.3362895
AT2G16860,0.10884494,0.08145729,1.336221
AT1G76380,0.12432342,0.09304718,1.336133
AT1G54370,0.064823456,0.04852323,1.3359259
AT5G01030,0.1352592,0.10124802,1.3359194
AT1G68640,0.24739084,0.18520685,1.3357542
AT5G65430,0.06588909,0.049330596,1.3356634
AT1G26160,0.09397767,0.07036108,1.3356483
AT1G32700,0.1757695,0.13159966,1.3356377
AT1G01640,0.22582692,0.16908132,1.3356112
AT3G57260,0.6258359,0.4685907,1.3355705
AT2G30800,0.087708786,0.06567236,1.3355508
AT2G27590,0.13143495,0.09842757,1.3353467
AT2G25510,0.4111501,0.30794132,1.3351573
AT2G02760,0.10172499,0.076192476,1.3351053
AT3G49140,0.12141751,0.090943895,1.3350813
AT1G33760,0.5635109,0.42208254,1.3350728
AT3G48500,0.14979996,0.112208,1.3350202
AT5G07030,0.19540629,0.14637269,1.3349913
AT5G42810,0.109642856,0.08213927,1.3348408
AT3G30840,0.30928093,0.23170416,1.3348095
AT1G33950,0.47597027,0.35659024,1.3347821
AT2G23780,0.096011825,0.07194112,1.3345888
AT3G17680,0.24474813,0.18339406,1.3345476
AT3G51120,0.064750955,0.048524186,1.3344054
AT2G04780,0.13157637,0.09861389,1.334258
AT3G11020,0.33526683,0.25129616,1.3341502
AT3G21610,0.06489997,0.04864809,1.3340701
AT1G12110,0.17099032,0.128174,1.3340482
AT3G57620,0.19799376,0.1484282,1.3339361
AT3G50360,0.115537144,0.086626634,1.3337369
AT1G64510,0.104139835,0.078083105,1.333705
AT3G07950,0.07515876,0.05635613,1.3336393
AT1G19500,0.37541407,0.28157574,1.3332615
AT1G63970,0.10316248,0.07738262,1.3331479
AT1G19050,0.33898738,0.25430524,1.3329941
AT1G48790,0.041111846,0.030844301,1.3328826
AT5G05220,0.48761567,0.3658565,1.3328059
AT1G49870,0.22774172,0.17091036,1.3325213
AT5G43600,0.10672341,0.08009259,1.3325003
AT4G31310,0.13724935,0.10300311,1.3324777
AT4G31910,0.22482766,0.16873027,1.3324677
AT5G08415,0.10373425,0.07786912,1.3321614
AT4G37150,0.36805385,0.2762936,1.3321114
AT3G12350,0.07608974,0.057129554,1.3318802
AT5G66985,0.39333278,0.2953225,1.3318754
AT3G05070,0.07206199,0.054106124,1.3318636
AT5G23405,0.19373223,0.1454779,1.3316951
AT4G05530,0.09662787,0.0725614,1.3316703
AT3G43610,0.11502564,0.086377196,1.3316666
AT2G23390,0.097223535,0.07301074,1.3316331
AT2G21380,0.12195696,0.091593675,1.3314997
AT3G51330,0.30386394,0.22822766,1.3314071
AT4G16330,0.07885732,0.059229426,1.3313873
AT2G31510,0.06906828,0.051878665,1.3313425
AT5G12140,0.0810784,0.060900085,1.3313346
AT5G67390,0.25823572,0.19400401,1.3310844
AT1G23680,0.18514353,0.13912389,1.3307816
AT1G28520,0.09195753,0.06910092,1.3307713
AT1G64170,0.32656118,0.24539319,1.330767
AT2G32910,0.058970615,0.044315573,1.3306971
AT1G06190,0.097465925,0.0732451,1.3306817
AT1G48620,0.055800732,0.041939236,1.3305135
AT1G75280,0.19935848,0.14987782,1.3301399
AT1G30360,0.11360961,0.085412085,1.330135
AT3G28680,0.16236047,0.12207849,1.3299677
AT5G20050,0.11782164,0.08859671,1.3298646
AT2G43370,0.10815561,0.08133654,1.3297294
AT1G63220,0.11788557,0.08865586,1.3296984
AT3G26770,0.15990093,0.12025484,1.3296839
AT1G78070,0.21759845,0.16367018,1.3294934
AT2G34585,0.13444991,0.10114047,1.3293383
AT3G20410,0.09670469,0.07275072,1.3292608
AT3G12000,0.23302948,0.17530872,1.329252
AT4G32760,0.05665754,0.042625487,1.3291937
AT3G62010,0.124699555,0.09382851,1.3290156
AT1G25270,0.18289438,0.13762285,1.3289535
AT3G53950,0.13648601,0.10271258,1.3288149
AT5G35920,0.24403222,0.18364708,1.3288107
AT1G66550,0.3292538,0.24778767,1.3287739
AT5G60640,0.06795813,0.05115688,1.3284258
AT3G55360,0.12442652,0.09366875,1.3283674
AT1G69850,0.10870168,0.08183479,1.3283063
AT4G31820,0.12669533,0.09541116,1.3278879
AT2G23950,0.1318709,0.09931492,1.3278054
AT1G10580,0.08895779,0.066997245,1.3277826
AT1G29970,0.11013393,0.082954705,1.3276392
AT3G07200,0.110408165,0.083163455,1.3276042
AT3G45900,0.10497463,0.0790712,1.3275961
AT1G26300,0.08500177,0.06403265,1.3274752
AT1G20100,0.11466039,0.08638569,1.3273076
AT3G14930,0.11157042,0.08406449,1.3272002
AT5G48820,0.20338647,0.15326016,1.3270667
AT3G25250,0.33717817,0.25408632,1.3270222
AT3G53000,0.12144803,0.091520354,1.3270056
AT4G17420,0.098246224,0.074049085,1.3267715
AT3G44890,0.11478759,0.086519726,1.3267215
AT4G39890,0.2165717,0.16323993,1.3267078
AT1G67330,0.2936738,0.22136182,1.3266687
AT3G26030,0.10691616,0.08060263,1.3264598
AT2G33740,0.10026366,0.075587444,1.326459
AT4G15520,0.10151373,0.076530784,1.326443
AT4G17940,0.101773165,0.076726705,1.3264372
AT1G45160,0.08349889,0.06295427,1.3263417
AT4G39680,0.052914474,0.039897602,1.3262566
AT1G55560,0.29876778,0.22529878,1.3260958
AT1G21550,0.47051516,0.35488072,1.3258404
AT2G26280,0.06803482,0.05132093,1.3256737
AT1G05290,0.2170145,0.16373356,1.3254124
AT4G21610,0.122371174,0.092328995,1.3253818
AT3G25490,0.28364098,0.21402241,1.3252863
AT5G44730,0.15892744,0.119925626,1.3252167
AT1G08780,0.0806165,0.0608349,1.3251684
AT5G46160,0.119936235,0.09052099,1.3249549
AT1G51550,0.13246511,0.09997754,1.3249485
AT3G43750,0.19456175,0.14684837,1.3249159
AT1G69910,0.1111357,0.08388276,1.3248931
AT1G16190,0.11660463,0.088013284,1.3248526
AT2G37430,0.4330374,0.32688877,1.324724
AT5G64950,0.15026104,0.11343988,1.3245873
AT4G15780,0.15756075,0.11896962,1.324378
AT5G53020,0.13298817,0.10042583,1.3242426
AT3G01380,0.11525404,0.08704059,1.3241411
AT5G37020,0.10727183,0.081016466,1.3240743
AT3G56240,0.12316947,0.09302674,1.324022
AT4G34910,0.094227776,0.07116798,1.3240191
AT1G27310,0.07024474,0.05305422,1.3240176
AT3G58650,0.18762879,0.14171949,1.3239447
AT1G27910,0.111593,0.08429286,1.3238724
AT1G11950,0.140462,0.10610126,1.3238485
AT2G13820,0.14100166,0.10652036,1.323706
AT3G27330,0.20643449,0.1559567,1.3236653
AT2G32700,0.04698704,0.03550363,1.3234429
AT3G16270,0.07652515,0.05782981,1.3232819
AT2G17450,0.13072254,0.09879377,1.3231859
AT1G23300,0.52166754,0.3942882,1.3230615
AT5G24170,0.09888901,0.0747461,1.3229988
AT3G26330,0.33728322,0.25494403,1.3229697
AT2G28550,0.12023775,0.0908905,1.3228858
AT1G68680,0.119263515,0.090156026,1.3228567
AT5G56070,0.18760668,0.14182512,1.3228027
AT4G17170,0.056136366,0.04243816,1.32278
AT5G67130,0.072911434,0.055121433,1.3227417
AT1G60080,0.12115706,0.09160846,1.322553
AT2G04890,0.10940654,0.08272686,1.3225031
AT5G46230,0.29059532,0.21974905,1.3223962
AT1G77460,0.13276547,0.100406766,1.322276
AT3G14110,0.07325245,0.055399854,1.3222495
AT1G47420,0.06606035,0.049961906,1.322214
AT3G09850,0.061213795,0.04630946,1.3218418
AT2G29680,0.22480422,0.17009036,1.3216752
AT5G62740,0.07426795,0.056194767,1.3216166
AT1G75850,0.07985251,0.06042142,1.3215925
AT1G68420,0.24806014,0.18771179,1.3214946
AT5G06950,0.07312846,0.05534405,1.3213426
AT1G09350,0.5408186,0.4094537,1.3208296
AT5G11000,0.10630944,0.08049433,1.3207071
AT1G08180,0.22586231,0.17102638,1.3206284
AT5G04870,0.1154138,0.08739657,1.3205757
AT5G40750,0.19032262,0.14414132,1.3203889
AT4G10210,0.1623277,0.122940324,1.320378
AT3G55170,0.1519759,0.11510034,1.3203775
AT1G47250,0.073382296,0.055580333,1.3202922
AT1G43620,0.10201153,0.07726638,1.3202575
AT4G05460,0.08394298,0.06359604,1.3199402
AT3G45780,0.14787617,0.112036444,1.3198934
AT1G70580,0.11173942,0.08466764,1.3197416
AT2G13720,0.18397889,0.13940966,1.3196995
AT1G06470,0.09411093,0.07131473,1.3196561
AT1G63700,0.08803463,0.06671116,1.3196386
AT5G52960,0.1317203,0.09981728,1.319614
AT4G34270,0.053142685,0.040273428,1.3195467
AT5G61160,0.47753683,0.36190847,1.3194962
AT1G73380,0.078740716,0.0596752,1.3194878
AT5G03280,0.06983346,0.052926358,1.3194455
AT2G28360,0.11101233,0.08413595,1.3194398
AT5G55610,0.0634227,0.048071302,1.3193462
AT3G19670,0.08090328,0.061326854,1.3192143
AT1G62830,0.09076792,0.06881516,1.3190105
AT5G23740,0.093203515,0.070664436,1.3189591
AT1G65590,0.18227349,0.13819514,1.3189572
AT3G22300,0.107395396,0.08142504,1.3189479
AT4G29620,0.2003984,0.15195662,1.3187867
AT3G07690,0.09562466,0.07251664,1.318658
AT2G22610,0.19850457,0.15057579,1.3183032
AT2G20595,0.20713699,0.15712567,1.3182886
AT5G03210,0.44077566,0.33437562,1.3182051
AT1G10990,0.2347048,0.17805083,1.3181897
AT5G25080,0.063956544,0.048519198,1.3181696
AT3G61570,0.0879938,0.06675781,1.3181047
AT3G29390,0.109426685,0.083018444,1.3181008
AT2G39760,0.058162052,0.04412695,1.3180616
AT3G27580,0.10367836,0.07867483,1.3178084
AT5G04440,0.090971366,0.06903806,1.3176986
AT5G20790,0.5964006,0.45261222,1.3176856
AT5G05000,0.091562614,0.06948929,1.3176506
AT3G18520,0.056135762,0.042607743,1.3175011
AT1G08520,0.0786497,0.05969775,1.3174648
AT2G21270,0.04667271,0.035427023,1.317432
AT3G23770,0.2099807,0.15940934,1.3172419
AT1G30580,0.05656263,0.042941466,1.3172027
AT1G80410,0.090086386,0.068398505,1.3170811
AT5G13520,0.10132304,0.07693063,1.3170701
AT2G26210,0.09197099,0.06983427,1.3169892
AT3G05270,0.12840551,0.09750495,1.3169127
AT2G01670,0.1896376,0.14400318,1.3168986
AT3G61800,0.11177787,0.08488229,1.3168573
AT4G16100,0.065421216,0.049681213,1.3168198
AT4G24640,0.27743596,0.21069835,1.3167447
AT5G10530,0.26724944,0.20297813,1.3166414
AT2G32900,0.098002814,0.07443527,1.3166178
AT5G01530,0.13804306,0.10485721,1.3164861
AT2G44450,0.2111002,0.16035917,1.316421
AT3G27110,0.09740212,0.073992535,1.3163775
AT1G51700,0.22124928,0.16808937,1.3162596
AT3G25690,0.11989977,0.091091454,1.316257
AT2G40640,0.15432306,0.11724406,1.3162547
AT3G50760,0.25362387,0.19269039,1.3162247
AT3G52170,0.15643847,0.11885729,1.3161874
AT3G55380,0.108028755,0.08207965,1.3161453
AT5G32440,0.08403799,0.06385442,1.3160871
AT2G42310,0.07092306,0.053891994,1.3160219
AT1G54310,0.08940109,0.067944854,1.3157887
AT5G22850,0.09808701,0.07454964,1.3157275
AT5G53170,0.0954148,0.07252841,1.3155507
AT4G31590,0.11022388,0.0837973,1.315363
AT1G74970,0.09101783,0.06920105,1.3152664
AT1G71780,0.09322411,0.07087901,1.3152567
AT5G35100,0.094669566,0.07197924,1.3152342
AT3G02300,0.11563108,0.08791913,1.3151981
AT1G28150,0.1297096,0.09862602,1.3151661
AT4G34290,0.1375917,0.10462322,1.3151162
AT5G25540,0.09473878,0.07204787,1.3149421
AT1G69370,0.14447434,0.10987655,1.3148787
AT4G12750,0.14981988,0.11394844,1.3148041
AT5G62180,0.17373507,0.13214117,1.3147684
AT2G23380,0.10573131,0.08042577,1.3146446
AT1G74340,0.12632011,0.09608898,1.3146158
AT1G78510,0.16417049,0.12488557,1.3145673
AT1G17020,0.38290745,0.29128423,1.3145492
AT4G05520,0.16208254,0.12331245,1.3144052
AT1G10510,0.080751516,0.061436597,1.3143876
AT5G63830,0.113168284,0.08610061,1.3143725
AT1G63440,0.14408,0.109621055,1.314346
AT3G03860,0.08807529,0.06701474,1.3142673
AT1G51720,0.060461566,0.046005756,1.3142171
AT5G37910,0.20640977,0.15707591,1.3140764
AT4G38210,0.17308316,0.13173363,1.3138872
AT2G19950,0.07110625,0.05412057,1.3138485
AT1G72300,0.14737372,0.11216987,1.313844
AT2G39090,0.103667915,0.078907385,1.3137921
AT5G12080,0.10884711,0.08284982,1.3137879
AT3G12870,0.2696758,0.20527288,1.3137428
AT5G07860,0.17764641,0.13522759,1.3136846
AT5G01380,0.3455995,0.26308337,1.3136501
AT3G07810,0.07236246,0.055089112,1.3135526
AT1G01780,0.12693094,0.09663218,1.3135471
AT1G04990,0.18919739,0.1440392,1.313513
AT4G36460,0.20508549,0.15614638,1.313418
AT1G22500,0.26502272,0.20178802,1.3133718
AT5G27460,0.119251154,0.09080371,1.3132849
AT5G23150,0.08171927,0.06222831,1.3132167
AT3G14075,0.05719205,0.043554664,1.3131093
AT3G05760,0.07482022,0.05699095,1.3128436
AT2G44130,0.31035653,0.23640247,1.312831
AT2G20890,0.099271424,0.075620845,1.312752
AT5G61250,0.18993412,0.14468955,1.312701
AT4G22260,0.08922944,0.067975774,1.3126652
AT5G63640,0.053786106,0.040977377,1.3125801
AT5G50720,0.24279284,0.18497571,1.3125659
AT4G32400,0.06857266,0.052248847,1.3124242
AT4G11930,0.21240161,0.16184038,1.312414
AT4G35860,0.07231132,0.05509821,1.3124075
AT2G45990,0.088275716,0.06727183,1.3122239
AT3G21480,0.124003656,0.09451495,1.3120003
AT1G10970,0.19251469,0.14673755,1.311966
AT4G08770,0.3525052,0.26869532,1.3119142
AT2G44730,0.09576195,0.07299621,1.3118756
AT1G56090,0.09109682,0.0694413,1.3118534
AT1G52560,0.515472,0.39296576,1.3117478
AT2G22500,0.24543206,0.18710622,1.3117257
AT1G61620,0.07578371,0.057774592,1.3117131
AT2G42910,0.08929031,0.06808053,1.3115395
AT5G01440,0.19057676,0.1453154,1.3114698
AT1G80600,0.044182032,0.033695307,1.3112217
AT1G54730,0.12577361,0.09593413,1.3110412
AT4G08530,0.19418576,0.14811906,1.3110112
AT3G28120,0.3358902,0.25620806,1.3110056
AT3G10340,0.2201166,0.16790321,1.310973
AT5G06910,0.121974915,0.09304344,1.3109457
AT1G72430,0.34085014,0.26000607,1.3109314
AT3G52880,0.07049875,0.053778864,1.3109004
AT1G79560,0.10269735,0.07834997,1.3107514
AT5G23300,0.12025339,0.09174611,1.3107191
AT1G30650,0.18965824,0.1447012,1.3106886
AT4G03170,0.2175011,0.1659475,1.310662
AT2G30920,0.095615186,0.07296107,1.3104959
AT3G52450,0.29000807,0.22130246,1.3104601
AT5G44785,0.09295566,0.07093674,1.310402
AT3G25890,0.146606,0.11187878,1.3104002
AT2G43540,0.119679965,0.09134547,1.3101904
AT5G08450,0.0637954,0.048696037,1.3100735
AT4G24020,0.07347696,0.056090176,1.309979
AT4G37790,0.12408053,0.09474105,1.3096807
AT1G16900,0.116364695,0.088872015,1.3093512
AT2G35930,0.24355288,0.1860113,1.3093444
AT5G13470,0.0854689,0.06527925,1.3092811
AT5G15580,0.16362318,0.124989085,1.3090997
AT5G40480,0.12623501,0.09643784,1.3089778
AT4G10170,0.09357955,0.07149275,1.3089375
AT4G36410,0.3863129,0.2951368,1.3089283
AT1G74360,0.19711216,0.150591,1.3089237
AT3G57470,0.13746326,0.10502856,1.3088177
AT4G31580,0.05577269,0.042625457,1.3084358
AT1G13810,0.12868817,0.09835413,1.3084165
AT1G19110,0.061840925,0.04726395,1.308416
AT5G52660,0.10057327,0.076872766,1.3083081
AT3G18060,0.08393109,0.06415383,1.3082786
AT1G18570,0.2558772,0.19559118,1.3082246
AT1G02050,0.15790449,0.120702736,1.3082097
AT3G46000,0.09739421,0.074451596,1.3081547
AT2G31490,0.11358863,0.086851,1.3078562
AT1G51600,0.056740697,0.043385003,1.307841
AT5G42440,0.18498692,0.14146054,1.3076926
AT1G05160,0.11338183,0.08670486,1.3076756
AT1G51780,0.4104818,0.31391796,1.3076085
AT5G64790,0.34148946,0.2611566,1.3076042
AT3G27410,0.29811364,0.22800185,1.3075052
AT3G02190,0.16834536,0.1287583,1.3074524
AT2G36760,0.27090847,0.2072073,1.3074272
AT1G12820,0.077509865,0.059291825,1.3072603
AT2G27810,0.09320943,0.07130307,1.3072287
AT4G37300,0.11495624,0.08794045,1.3072054
AT2G28910,0.07162582,0.05479575,1.3071417
AT3G63410,0.074709415,0.057158597,1.3070545
AT5G54440,0.07447192,0.05698379,1.3068963
AT1G50630,0.13688874,0.10475136,1.3067967
AT4G28820,0.15232489,0.11656774,1.3067498
AT1G52160,0.110829405,0.08481908,1.3066565
AT2G02470,0.092993006,0.07116997,1.3066325
AT3G14440,0.36942944,0.2827971,1.3063409
AT5G61580,0.09071465,0.06944806,1.3062228
AT2G38610,0.079742,0.061050676,1.3061606
AT4G25320,0.07051278,0.053989172,1.3060539
AT3G58660,0.13574928,0.10394152,1.3060158
AT2G22120,0.052520484,0.040215816,1.3059655
AT5G28300,0.20232165,0.15494521,1.3057624
AT1G63770,0.0686114,0.052546732,1.3057213
AT5G03660,0.07674465,0.05877668,1.3056988
AT2G21385,0.10074378,0.07715804,1.3056808
AT5G44190,0.16640519,0.1274533,1.3056169
AT3G58330,0.17835447,0.13661456,1.3055303
AT3G07720,0.16267252,0.12460724,1.305482
AT4G33200,0.0762756,0.058429234,1.3054353
AT2G38170,0.18328278,0.14040138,1.3054199
AT1G22730,0.080770925,0.06188089,1.3052642
AT1G75390,0.1611634,0.12347351,1.3052467
AT2G25670,0.054615896,0.041843902,1.3052292
AT1G76280,0.11488805,0.08802201,1.3052195
AT4G21110,0.08308504,0.06365766,1.3051852
AT3G16200,0.06295554,0.048237726,1.3051097
AT1G67060,0.11519043,0.08826397,1.3050673
AT2G25180,0.108106926,0.08283853,1.3050319
AT2G20140,0.06675056,0.051154483,1.3048817
AT4G33690,0.110479705,0.084666565,1.3048799
AT1G48960,0.12653485,0.096972704,1.3048501
AT3G52860,0.084538996,0.06478964,1.3048227
AT2G35540,0.100331254,0.07689645,1.3047578
AT5G38890,0.13907301,0.1065902,1.3047448
AT3G51250,0.06496298,0.049796518,1.3045685
AT2G39500,0.18755798,0.1437707,1.3045632
AT5G65000,0.102333985,0.07844556,1.3045222
AT5G08535,0.09206659,0.07057505,1.3045202
AT3G15810,0.1279776,0.09810373,1.3045129
AT3G08650,0.059470125,0.045588635,1.3044943
AT2G39930,0.08071108,0.061871797,1.3044888
AT3G62450,0.14430195,0.11063386,1.3043199
AT1G75130,0.09599546,0.073604785,1.3042012
AT5G08260,0.17034756,0.1306145,1.3042008
AT5G18210,0.13644315,0.104657464,1.3037115
AT3G26000,0.07709525,0.05913993,1.3036071
AT1G57850,0.38055867,0.29193163,1.3035884
AT5G02160,0.2087932,0.1601863,1.3034396
AT1G01800,0.0940795,0.07217812,1.3034351
AT5G46280,0.12888984,0.098889396,1.3033737
AT4G14550,0.18979426,0.14562353,1.3033212
AT1G72970,0.21351409,0.16382395,1.3033142
AT3G19630,0.089086495,0.068362355,1.3031512
AT2G30060,0.075974375,0.058303785,1.3030777
AT5G05010,0.051910248,0.03983942,1.3029866
AT1G16010,0.07827583,0.06007448,1.3029795
AT2G20900,0.07337999,0.05631793,1.3029594
AT3G61620,0.09286721,0.07128634,1.3027349
AT5G11950,0.11020617,0.08459628,1.3027307
AT5G11760,0.051007256,0.039156,1.3026673
AT4G35510,0.08172976,0.06274164,1.3026397
AT5G40460,0.23009443,0.17666173,1.3024576
AT1G48160,0.07605716,0.058397062,1.3024138
AT2G45820,0.086319536,0.06627796,1.3023866
AT3G07390,0.17916214,0.13757126,1.3023224
AT3G15040,0.10069063,0.07731734,1.3023032
AT3G11510,0.07619667,0.0585109,1.3022643
AT2G20210,0.12196809,0.093661904,1.3022165
AT3G45950,0.21671176,0.16643083,1.3021129
AT4G26620,0.07798196,0.059892643,1.3020288
AT1G05010,0.16399914,0.12595908,1.3020031
AT2G30070,0.14274332,0.109651,1.3017967
AT1G44800,0.29944694,0.23003769,1.3017298
AT5G07370,0.08328059,0.063985236,1.3015593
AT2G02160,0.0921141,0.07077761,1.301458
AT1G75540,0.089200534,0.06853926,1.3014514
AT4G02130,0.18877202,0.14505266,1.3014033
AT1G30880,0.11286857,0.08673818,1.3012558
AT1G03060,0.10524154,0.08089048,1.3010373
AT1G67500,0.0826713,0.06354541,1.3009796
AT4G38600,0.06324841,0.04861906,1.3008971
AT1G47310,0.077153206,0.059312828,1.3007842
AT3G45850,0.12840347,0.09872304,1.3006433
AT3G60740,0.103424594,0.07952702,1.3004961
AT5G38120,0.32731372,0.25168973,1.3004651
AT5G51340,0.06897087,0.053038575,1.3003904
AT2G05940,0.18046363,0.13877857,1.3003709
AT2G41700,0.112605765,0.08659734,1.3003374
AT4G22870,0.52724224,0.4054669,1.3003336
AT4G30840,0.11402171,0.087696806,1.3001808
AT2G47270,0.39922744,0.3070854,1.3000535
AT2G31570,0.12478829,0.09598911,1.3000255
AT3G16190,0.11897879,0.0915205,1.3000232
AT2G28310,0.11463405,0.088183954,1.2999421
AT2G13840,0.088528454,0.068107225,1.2998393
AT1G28110,0.11677525,0.089842364,1.2997793
AT4G09630,0.08539683,0.065703064,1.2997389
AT1G07090,0.16119517,0.12402616,1.2996868
AT3G02070,0.15088966,0.11609788,1.2996762
AT1G69780,0.17169982,0.13211465,1.2996273
AT4G17890,0.09839867,0.07571321,1.2996234
AT5G49800,0.18813959,0.1447686,1.2995883
AT3G17450,0.06444473,0.049589306,1.2995688
AT3G62360,0.083128564,0.06397418,1.299408
AT2G17150,0.09993205,0.076909006,1.2993542
AT1G50380,0.08712178,0.06705212,1.2993141
AT1G19140,0.09208683,0.07087638,1.2992595
AT1G73240,0.0993275,0.07644994,1.2992488
AT5G02240,0.07258901,0.055871,1.299225
AT1G80360,0.052952163,0.0407568,1.2992225
AT2G22940,0.22472037,0.1729849,1.299075
AT4G10930,0.10417055,0.08018896,1.2990634
AT5G62980,0.14135002,0.1088141,1.2990046
AT4G28760,0.067307584,0.05181608,1.2989707
AT3G14230,0.0712279,0.054834675,1.298957
AT5G51410,0.05947829,0.04579243,1.298867
AT5G25890,0.1388562,0.10691139,1.298797
AT1G02750,0.13533929,0.10422673,1.2985084
AT5G28540,0.1576559,0.12143734,1.2982488
AT1G69310,0.16405132,0.12637022,1.2981801
AT5G51770,0.1331335,0.10257343,1.2979335
AT5G01650,0.105351165,0.08117066,1.297897
AT2G22125,0.07666656,0.059070665,1.2978784
AT3G23660,0.08578901,0.06609967,1.2978733
AT1G55020,0.17440923,0.13438457,1.2978365
AT4G28980,0.080172874,0.061775886,1.2978019
AT4G22220,0.08132075,0.06266843,1.2976348
AT5G14530,0.09082953,0.070001766,1.2975318
AT1G56200,0.06448816,0.04970372,1.297451
AT5G67440,0.09202523,0.070933156,1.2973512
AT3G21140,0.09719233,0.074919574,1.2972888
AT4G03450,0.4501007,0.34697255,1.2972227
AT4G29220,0.0977912,0.07538516,1.2972207
AT1G13450,0.103662044,0.07991123,1.2972149
AT5G64390,0.085025966,0.065547004,1.2971753
AT5G14080,0.0860632,0.06634881,1.2971323
AT1G31510,0.18604985,0.14345083,1.2969589
AT1G33800,0.18237412,0.14062856,1.2968496
AT1G04020,0.19226186,0.14826117,1.2967781
AT5G58240,0.10238058,0.07895737,1.2966563
AT3G61460,0.17823698,0.13746572,1.2965921
AT1G48550,0.10574557,0.08156376,1.2964772
AT3G18560,0.18106763,0.13966344,1.2964567
AT1G05790,0.08271684,0.063802995,1.2964412
AT5G61500,0.061872527,0.047725644,1.2964207
AT1G09940,0.14357433,0.11075177,1.2963613
AT2G46410,0.17088728,0.13185202,1.2960534
AT1G21850,0.3140577,0.24232031,1.2960436
AT1G48460,0.13984433,0.10790607,1.2959819
AT5G07110,0.1368396,0.10559065,1.2959442
AT1G09630,0.1094153,0.08442945,1.2959375
AT1G61040,0.05503756,0.04246935,1.2959358
AT3G61110,0.101598546,0.07840038,1.2958934
AT4G24410,0.39680955,0.30624914,1.2957083
AT1G77930,0.11013431,0.08501571,1.2954583
AT2G35520,0.1202388,0.092830576,1.2952499
AT4G37820,0.1184923,0.09148398,1.2952244
AT3G30845,0.25745544,0.19880903,1.2949886
AT1G17380,0.37649205,0.2908323,1.2945331
AT4G31840,0.19448633,0.15023732,1.2945273
AT3G24120,0.0707852,0.05468067,1.2945193
AT1G33265,0.11206523,0.08657221,1.2944711
AT1G13020,0.07671067,0.05927262,1.2942005
AT5G58300,0.10622208,0.08207553,1.294199
AT1G08410,0.1388021,0.10725364,1.294148
AT2G39630,0.08305492,0.064178206,1.2941295
AT1G03730,0.108694375,0.08399713,1.2940247
AT5G09450,0.10004139,0.077311404,1.2940055
AT4G24400,0.08224077,0.06355555,1.293998
AT3G24350,0.08295971,0.06411277,1.2939653
AT1G09960,0.11710046,0.09050063,1.2939186
AT2G41710,0.089395456,0.06908906,1.293916
AT5G47220,0.3408612,0.26346964,1.29374
AT2G23140,0.075756796,0.058558457,1.293695
AT1G60550,0.14826241,0.114609405,1.293632
AT1G32200,0.10700196,0.08271741,1.2935843
AT1G59650,0.067185275,0.05194584,1.2933713
AT3G25960,0.15863504,0.12266035,1.2932869
AT1G67140,0.07967596,0.061612975,1.2931683
AT4G32840,0.09415105,0.072811544,1.2930784
AT1G32130,0.05642481,0.043638125,1.2930161
AT5G20080,0.06761532,0.052293953,1.2929852
AT1G68050,0.46173134,0.35711735,1.2929401
AT4G12070,0.10128185,0.07833539,1.2929257
AT1G06400,0.08549573,0.06612698,1.2929022
AT5G14930,0.16470082,0.12739897,1.2927954
AT5G47390,0.09872832,0.0763707,1.2927512
AT4G12570,0.086327456,0.066785246,1.2926126
AT1G73670,0.10181804,0.07878162,1.2924085
AT5G26820,0.12794901,0.099001765,1.2923912
AT3G23900,0.070160545,0.05429278,1.2922627
AT5G55090,0.2678144,0.20727254,1.292088
AT1G71400,0.19697566,0.1524587,1.2919935
AT1G12470,0.08001039,0.061935112,1.291842
AT4G32690,0.1319417,0.10213634,1.2918192
AT1G70310,0.0578696,0.044808425,1.2914889
AT4G08960,0.0848401,0.06569549,1.2914143
AT5G07470,0.054550037,0.042255953,1.2909429
AT3G45190,0.057117682,0.04424926,1.2908163
AT5G58230,0.059599176,0.046187982,1.2903608
AT2G42590,0.068949424,0.053434897,1.2903442
AT1G36380,0.16071269,0.124575846,1.290079
AT2G21600,0.0647613,0.05020398,1.2899632
AT3G12800,0.054,0.041862313,1.2899427
AT1G24440,0.13418812,0.10403764,1.2898034
AT5G10920,0.07591238,0.05885745,1.2897664
AT5G41100,0.134953,0.10463444,1.2897569
AT4G00100,0.07347089,0.056984782,1.289307
AT3G12110,0.19450192,0.15087043,1.2891983
AT1G25280,0.052834503,0.040985633,1.2890978
AT2G38280,0.08882947,0.0689091,1.2890817
AT4G20150,0.058403548,0.045314204,1.2888571
AT1G01160,0.07036063,0.054593187,1.2888168
AT2G44740,0.27262554,0.21153809,1.2887775
AT2G13370,0.0688433,0.053418513,1.2887533
AT3G21560,0.25947124,0.20136796,1.2885427
AT3G05510,0.09369921,0.07272117,1.2884722
AT1G17430,0.18138994,0.14078195,1.2884458
AT3G19840,0.07900112,0.06131853,1.2883724
AT4G05060,0.103200965,0.080109514,1.2882484
AT5G26210,0.059974942,0.04655851,1.2881625
AT4G39850,0.07891934,0.061268907,1.2880813
AT5G17310,0.13804746,0.10717617,1.2880423
AT1G45050,0.116847955,0.090735205,1.2877907
AT5G14420,0.08846487,0.068696775,1.2877586
AT4G01730,0.2106765,0.16360757,1.287694
AT2G40540,0.07266728,0.056434527,1.2876384
AT2G31200,0.11303144,0.087794885,1.2874489
AT5G51280,0.061463896,0.047744937,1.2873383
AT1G02710,0.4751274,0.36909047,1.2872925
AT1G71860,0.050765116,0.039437346,1.2872342
AT1G45170,0.10309957,0.08009848,1.28716
AT1G30960,0.17610611,0.13681947,1.287142
AT1G17870,0.43264902,0.33616704,1.287006
AT4G17483,0.2576216,0.20017463,1.2869841
AT3G62130,0.061335016,0.047658496,1.286969
AT5G46080,0.19439074,0.15106498,1.286802
AT5G10760,0.5132809,0.3988932,1.2867627
AT5G49840,0.09519118,0.073977865,1.2867521
AT3G18940,0.1007025,0.07826342,1.2867122
AT2G19460,0.21475591,0.16690712,1.286679
AT5G61190,0.13226838,0.102802835,1.2866218
AT1G31440,0.076496236,0.059455276,1.2866179
AT1G48050,0.0809093,0.06289385,1.2864419
AT1G61260,0.19159508,0.14893849,1.2864039
AT5G15330,0.13316984,0.103526264,1.2863387
AT4G14130,0.31488943,0.24480166,1.2863042
AT2G33040,0.057050552,0.04435238,1.2863016
AT1G76240,0.3178103,0.24708082,1.2862604
AT1G01470,0.14547761,0.11310364,1.2862326
AT4G35600,0.12340435,0.09595253,1.2860978
AT1G74750,0.14628297,0.11375809,1.2859126
AT1G71130,0.10568394,0.0821865,1.2859038
AT3G15580,0.1392211,0.10827782,1.2857766
AT2G32950,0.082139365,0.063887894,1.2856795
AT3G11530,0.06039195,0.046973087,1.285671
AT3G12370,0.1001651,0.07792732,1.2853655
AT4G23100,0.057375364,0.04463841,1.2853359
AT1G05170,0.193583,0.15061396,1.2852924
AT5G44180,0.06831448,0.05315415,1.2852142
AT1G29110,0.27593225,0.21472166,1.2850693
AT5G06830,0.08749202,0.06808656,1.2850115
AT4G31280,0.26210582,0.20398298,1.2849395
AT4G36550,0.1627695,0.12667833,1.2849039
AT5G46050,0.35294092,0.2746932,1.284855
AT1G51890,0.32487667,0.25285083,1.284855
AT5G61970,0.062441047,0.04859834,1.2848388
AT1G75940,0.20951293,0.16307148,1.2847918
AT5G65910,0.10103902,0.07864385,1.2847668
AT5G17440,0.06871659,0.053490724,1.2846447
AT4G35060,0.26837015,0.20891552,1.2845869
AT1G78620,0.0718079,0.05590308,1.2845068
AT4G33070,0.409467,0.31878006,1.2844813
AT3G54990,0.30320752,0.23607329,1.2843786
AT3G18080,0.25085053,0.19532177,1.2842937
AT5G25060,0.079097845,0.061593186,1.2841977
AT1G15280,0.05593591,0.043565553,1.2839478
AT5G17070,0.07605943,0.059242256,1.283871
AT3G47000,0.0595206,0.04636346,1.2837821
AT1G49850,0.080612965,0.06279875,1.2836713
AT2G29480,0.31154907,0.24271797,1.2835846
AT5G47430,0.06489722,0.05056127,1.2835358
AT1G71880,0.19068865,0.14859359,1.2832898
AT1G12840,0.077770375,0.060604226,1.2832497
AT4G17300,0.06988183,0.054457273,1.2832412
AT5G54420,0.23999128,0.18707354,1.2828711
AT2G42030,0.08244157,0.06426403,1.282857
AT1G78850,0.18003102,0.14036824,1.2825623
AT4G12930,0.2313357,0.18037799,1.282505
AT3G04890,0.09012626,0.07027414,1.2824953
AT4G02710,0.17074504,0.13314188,1.2824292
AT2G25450,0.30676496,0.2392134,1.2823902
AT2G15570,0.14255013,0.11116917,1.282281
AT4G34030,0.12872417,0.10038726,1.2822759
AT3G27980,0.2461949,0.19200729,1.2822163
AT5G01840,0.24462205,0.19079593,1.2821134
AT3G61240,0.072546095,0.056590416,1.28195
AT1G52140,0.15740298,0.122787245,1.2819163
AT4G32570,0.102472715,0.07994884,1.2817284
AT2G46910,0.10083482,0.07867248,1.2817036
AT5G01850,0.1708834,0.13332681,1.2816881
AT4G13460,0.1192551,0.093052424,1.2815903
AT1G54060,0.05190282,0.040499683,1.2815608
AT2G19000,0.19254749,0.15024455,1.2815604
AT4G30450,0.19647163,0.15331107,1.2815226
AT5G56190,0.076542236,0.059729636,1.2814782
AT3G60630,0.08953452,0.06987591,1.2813358
AT3G04100,0.24016102,0.18744658,1.2812237
AT5G67290,0.09735625,0.075988,1.2812054
AT3G01350,0.24000393,0.18736199,1.2809638
AT5G09920,0.10279595,0.08024908,1.280961
AT2G41960,0.080325276,0.06271391,1.2808205
AT5G08290,0.067775026,0.052915625,1.2808129
AT3G22590,0.10792371,0.084269285,1.2807003
AT5G48540,0.37003368,0.2889907,1.2804345
AT2G38410,0.061203882,0.047805734,1.2802621
AT3G60690,0.19692099,0.15385091,1.2799467
AT4G32870,0.18762481,0.1465937,1.2798966
AT1G33250,0.08722916,0.068154834,1.2798674
AT5G45500,0.13664602,0.1067666,1.2798573
AT5G63860,0.08071058,0.063062824,1.2798439
AT5G02250,0.09864954,0.07708039,1.2798265
AT4G03550,0.10105015,0.07896166,1.2797368
AT4G38740,0.07226355,0.056474607,1.2795756
AT5G01720,0.12810197,0.10013589,1.2792813
AT2G44270,0.094644964,0.07400866,1.2788363
AT3G53620,0.17009528,0.13300937,1.2788216
AT5G48580,0.113009654,0.08837624,1.2787334
AT5G64960,0.045667607,0.03571566,1.2786435
AT3G20060,0.07455111,0.058310285,1.278524
AT3G53270,0.10087227,0.07890711,1.2783672
AT3G55560,0.11461275,0.08965898,1.2783185
AT1G06640,0.1441199,0.11274219,1.2783138
AT2G38180,0.14720298,0.11515541,1.2782984
AT5G17710,0.07219664,0.05648393,1.2781799
AT4G08320,0.07382943,0.05776158,1.2781751
AT4G00710,0.10199306,0.07979672,1.278161
AT3G03040,0.10389243,0.08128427,1.2781368
AT1G23240,0.16147526,0.12635104,1.2779889
AT1G17455,0.16373178,0.12815373,1.27762
AT2G36070,0.08789219,0.06879425,1.2776093
AT5G35680,0.118003264,0.0923641,1.2775879
AT3G12950,0.07672575,0.060061824,1.277446
AT2G17800,0.08707821,0.06816637,1.2774365
AT4G22930,0.09318149,0.072945446,1.2774132
AT5G18830,0.0916354,0.07173558,1.2774049
AT3G07230,0.17129706,0.13412213,1.2771721
AT3G26680,0.15444416,0.12093489,1.2770852
AT4G11840,0.13815047,0.10818582,1.2769738
AT2G03140,0.109750785,0.08594966,1.2769192
AT1G22810,0.49529883,0.38789615,1.2768852
AT5G62260,0.12490414,0.09782169,1.2768552
AT4G13720,0.0833383,0.065270066,1.2768224
AT1G63160,0.12497988,0.097885445,1.2767973
AT4G30720,0.13775113,0.10789513,1.2767131
AT1G75640,0.17310297,0.13559523,1.2766154
AT4G00400,0.24328972,0.19062372,1.2762824
AT3G18210,0.06262366,0.04906847,1.2762501
AT1G80820,0.23952416,0.18768062,1.2762327
AT1G73940,0.081431314,0.06380617,1.2762294
AT1G62210,0.16386321,0.12840658,1.2761277
AT1G18880,0.14994934,0.11751595,1.2759913
AT5G17470,0.21950786,0.17203729,1.2759317
AT1G11545,0.18365972,0.14394653,1.2758883
AT1G31130,0.14160152,0.110992186,1.2757791
AT4G00231,0.11561663,0.09062727,1.2757376
AT1G73840,0.05490936,0.043048203,1.2755316
AT5G24030,0.2650971,0.2078851,1.2752097
AT4G32650,0.19332087,0.15165274,1.27476
AT4G34190,0.2057796,0.16144678,1.2745969
AT5G64220,0.066414125,0.05211216,1.2744457
AT3G01520,0.08979087,0.07045772,1.2743936
AT5G15020,0.08693256,0.068215385,1.2743834
AT2G36680,0.10390889,0.08153944,1.274339
AT4G35480,0.20420168,0.16025947,1.274194
AT1G76900,0.058057144,0.045566846,1.274109
AT3G24800,0.069535375,0.0545823,1.2739544
AT1G04985,0.060179163,0.047244746,1.2737744
AT1G14720,0.09169045,0.07198488,1.2737459
AT1G07410,0.26092306,0.20485307,1.2737082
AT5G47970,0.097803466,0.07678764,1.2736875
AT1G09450,0.21564172,0.16932708,1.2735217
AT2G44830,0.12576239,0.09875331,1.2735003
AT1G77890,0.11476608,0.09012196,1.2734529
AT5G17010,0.11156247,0.08761005,1.2733979
AT4G02990,0.11050747,0.0867844,1.2733563
AT5G63450,0.37730116,0.29631206,1.2733237
AT1G75990,0.07301455,0.05734196,1.2733178
AT4G10760,0.08476268,0.06657039,1.273279
AT1G77300,0.112759046,0.08856245,1.2732149
AT4G08460,0.061907038,0.0486262,1.2731208
AT3G61260,0.11366407,0.08928,1.2731189
AT1G32580,0.09689753,0.076116905,1.2730092
AT5G40370,0.10845849,0.08520029,1.2729826
AT1G65920,0.16566275,0.1301376,1.2729814
AT5G22000,0.05883994,0.04622499,1.272903
AT1G48030,0.06612555,0.051949788,1.272874
AT5G05850,0.13358437,0.10494816,1.2728604
AT5G49930,0.06799787,0.053427577,1.2727109
AT3G08740,0.12571883,0.098780975,1.2727028
AT1G04440,0.057626057,0.04528075,1.2726389
AT5G25800,0.10946962,0.08603272,1.2724184
AT1G71190,0.10866077,0.085399985,1.2723745
AT2G46940,0.2634689,0.20706986,1.2723671
AT2G22520,0.17909294,0.14075597,1.2723647
AT4G23110,0.24050026,0.1890318,1.272274
AT2G26600,0.09478103,0.074502096,1.2721927
AT3G24000,0.18038192,0.14180636,1.2720296
AT4G26480,0.08861082,0.06966701,1.2719193
AT1G27190,0.087691195,0.06894618,1.2718787
AT3G02520,0.07214579,0.056725606,1.271838
AT2G43770,0.06068825,0.047725648,1.2716063
AT1G35680,0.102362916,0.08050574,1.2714982
AT4G32440,0.095166795,0.074853905,1.2713671
AT4G27180,0.09856616,0.07754262,1.2711223
AT5G02860,0.17493235,0.13762413,1.2710876
AT5G37790,0.12824482,0.10089493,1.2710729
AT5G13800,0.09208195,0.07245059,1.2709619
AT1G72390,0.06964475,0.05479936,1.2709042
AT1G77810,0.118789196,0.09347287,1.2708414
AT5G27930,0.14129995,0.111197226,1.2707146
AT4G02370,0.15297092,0.12038984,1.2706298
AT1G35720,0.15321751,0.120611824,1.2703357
AT5G14180,0.40382668,0.31789145,1.2703289
AT2G37340,0.057215076,0.04505764,1.2698194
AT3G02710,0.0934231,0.07357334,1.2697953
AT4G28710,0.10239832,0.08064329,1.2697686
AT2G34160,0.11385317,0.08967946,1.2695568
AT4G05420,0.065815456,0.05184238,1.2695297
AT4G26060,0.13718534,0.10806382,1.2694844
AT5G03345,0.121027194,0.09535363,1.2692456
AT3G63150,0.051609542,0.040670116,1.2689792
AT1G61770,0.07015442,0.05529991,1.268617
AT1G09150,0.07605181,0.059954826,1.268485
AT2G17340,0.100107215,0.07892648,1.2683601
AT5G20390,0.2523985,0.19900094,1.2683281
AT3G46930,0.15312459,0.12074372,1.2681783
AT5G52380,0.12250204,0.09660398,1.2680846
AT3G19870,0.058007423,0.045751996,1.2678661
AT1G54340,0.05732964,0.045218185,1.2678444
AT1G14510,0.05362206,0.042296704,1.2677594
AT1G02680,0.12222473,0.09641585,1.2676829
AT4G17370,0.09125439,0.07198714,1.2676485
AT1G07250,0.08086125,0.06378841,1.2676479
AT5G48310,0.18816017,0.14843424,1.2676331
AT2G30410,0.062166676,0.049043488,1.2675824
AT3G04230,0.09465073,0.07467757,1.2674584
AT3G01970,0.2637679,0.20810795,1.267457
AT5G53130,0.095048666,0.07499342,1.2674267
AT2G03820,0.11070587,0.08736157,1.2672147
AT1G08560,0.20859355,0.1646164,1.2671491
AT1G54360,0.05573029,0.043984324,1.2670486
AT4G29790,0.061733384,0.048726417,1.2669384
AT4G29480,0.084175356,0.06644068,1.2669249
AT5G09340,0.23939875,0.18896912,1.2668669
AT1G21630,0.07201334,0.056844138,1.2668558
AT3G21190,0.13795437,0.10890735,1.266713
AT2G36400,0.17177145,0.13562402,1.2665266
AT5G18270,0.21422283,0.1691574,1.2664112
AT4G11940,0.1844694,0.14566638,1.2663827
AT4G08690,0.100091964,0.07904652,1.2662412
AT3G50670,0.05203042,0.04109692,1.2660416
AT2G15090,0.30387008,0.24004978,1.2658627
AT3G24440,0.086159036,0.06806518,1.2658311
AT2G40550,0.13770458,0.10878605,1.2658293
AT4G18140,0.12708615,0.100406386,1.2657176
AT3G60110,0.15104973,0.11933982,1.265711
AT3G14910,0.089958385,0.07107452,1.2656909
AT4G23190,0.2496139,0.19721939,1.265666
AT5G50810,0.12964648,0.10244282,1.2655495
AT2G03470,0.09842085,0.07778965,1.2652177
AT1G56700,0.11226081,0.088763945,1.2647117
AT1G12050,0.100596316,0.079541676,1.2646993
AT5G56940,0.07562779,0.05981759,1.2643067
AT5G42240,0.12737751,0.100752704,1.2642589
AT3G60910,0.119029954,0.09415918,1.2641354
AT3G51740,0.13980691,0.110622644,1.2638181
AT4G02195,0.1029401,0.08146508,1.26361
AT3G52690,0.1678171,0.13282125,1.2634807
AT1G09290,0.12357136,0.09781046,1.2633755
AT3G05090,0.069811344,0.055260442,1.2633147
AT4G27010,0.12515071,0.09907191,1.2632309
AT5G48590,0.08760339,0.06936066,1.2630125
AT2G45010,0.10129032,0.08020002,1.2629713
AT3G17465,0.07824343,0.06195306,1.2629467
AT5G63200,0.06405705,0.050721593,1.2629145
AT5G24780,0.59411705,0.4704377,1.2629027
AT5G13240,0.14308126,0.11329676,1.2628891
AT4G37830,0.06365539,0.050404858,1.2628818
AT4G37080,0.12304156,0.0974355,1.2628001
AT1G33860,0.22114857,0.17515008,1.2626232
AT3G05890,0.28653935,0.2269512,1.2625592
AT5G46760,0.08132515,0.06441374,1.2625433
AT5G15230,0.18085183,0.1432767,1.2622555
AT3G57860,0.16789035,0.13301463,1.2621945
AT1G64440,0.10400368,0.08240235,1.2621446
AT1G78100,0.14905544,0.11810095,1.2621019
AT5G56790,0.08924154,0.0707116,1.2620494
AT3G06240,0.076957196,0.06098103,1.2619855
AT3G10230,0.08184444,0.0648593,1.2618766
AT5G60170,0.07792226,0.061752044,1.261857
AT3G29270,0.07236814,0.057352897,1.2618041
AT3G03160,0.07448258,0.05903748,1.2616149
AT5G44750,0.10899468,0.086394176,1.2615974
AT3G12600,0.06564841,0.05203928,1.2615161
AT3G21290,0.08566519,0.06790747,1.2614987
AT5G59480,0.18799858,0.14904073,1.2613904
AT5G37070,0.116701335,0.09252455,1.2613012
AT4G39900,0.12501296,0.09912067,1.2612199
AT4G29070,0.0982159,0.077882655,1.2610753
AT1G73655,0.12223583,0.09693821,1.2609663
AT1G28320,0.07380754,0.05854096,1.2607843
AT2G42780,0.07002901,0.055545386,1.2607528
AT5G47870,0.07874582,0.062459398,1.260752
AT4G24330,0.045485824,0.03607871,1.2607383
AT5G44710,0.114390284,0.09073326,1.2607315
AT3G52120,0.049596027,0.039340083,1.2606993
AT2G39840,0.08607094,0.06828261,1.2605102
AT4G32470,0.04992359,0.039606784,1.2604805
AT5G47720,0.08921526,0.07078952,1.260289
AT4G18580,0.14270136,0.113247275,1.2600864
AT4G09890,0.2592832,0.20576715,1.2600806
AT4G12590,0.09002185,0.07144254,1.2600594
AT5G65930,0.092415996,0.0733437,1.2600398
AT4G17870,0.111769676,0.088707805,1.2599756
AT3G44990,0.31675926,0.25143167,1.2598224
AT2G27410,0.19912769,0.15810765,1.2594436
AT3G24030,0.08964237,0.07117648,1.259438
AT3G51610,0.06209327,0.049308613,1.259278
AT3G04000,0.32353267,0.25692704,1.2592394
AT5G27450,0.0881453,0.07000417,1.2591434
AT1G58450,0.21149375,0.16798966,1.2589687
AT3G13670,0.061125517,0.048552208,1.2589644
AT5G13000,0.05994492,0.04761925,1.2588377
AT4G40060,0.12608849,0.10016335,1.2588285
AT4G03030,0.09006454,0.07154997,1.2587641
AT1G15880,0.109753355,0.087195136,1.2587095
AT2G17265,0.058833268,0.046741262,1.2587006
AT1G43670,0.116362564,0.09245589,1.2585738
AT5G50565,0.503272,0.39987993,1.2585578
AT4G29210,0.111808285,0.088850796,1.2583823
AT3G57290,0.07008952,0.05570398,1.2582495
AT3G19190,0.12708047,0.10100614,1.2581458
AT3G53580,0.050104648,0.03982496,1.2581214
AT5G26110,0.0910562,0.07237969,1.2580351
AT3G09000,0.06860885,0.054538082,1.2579987
AT1G58440,0.10378343,0.08250439,1.2579138
AT3G01100,0.14872853,0.11824608,1.2577882
AT1G65760,0.28656238,0.22790141,1.2573962
AT2G46780,0.16918549,0.13455346,1.2573848
AT3G44380,0.15462369,0.12298452,1.2572613
AT1G08280,0.14444064,0.11490973,1.2569921
AT3G22190,0.08108667,0.06451156,1.2569323
AT2G22970,0.17836796,0.14190753,1.2569308
AT5G52530,0.055063367,0.04380927,1.2568882
AT5G35410,0.10336832,0.0822527,1.2567163
AT2G44820,0.076035015,0.060503688,1.2567003
AT1G33170,0.17271516,0.13744828,1.2565827
AT2G43360,0.1015242,0.08079409,1.2565794
AT4G29870,0.10577447,0.084179066,1.2565411
AT2G11910,0.08226449,0.06547658,1.2563955
AT5G62620,0.115280375,0.09175707,1.256365
AT2G25590,0.19254257,0.15326087,1.2563059
AT1G24050,0.056049094,0.04461779,1.2562047
AT1G11650,0.04344435,0.034587346,1.256076
AT2G15900,0.09169212,0.073000856,1.2560415
AT1G04830,0.0760189,0.060532328,1.2558395
AT1G72510,0.26378706,0.21004918,1.2558347
AT5G09460,0.15076353,0.12005388,1.2557988
AT5G49710,0.08626694,0.0687046,1.255621
AT1G03760,0.12963228,0.103243105,1.2556022
AT4G28570,0.08566694,0.06824322,1.2553178
AT1G24706,0.06065839,0.048321206,1.2553159
AT5G20070,0.10363878,0.08256148,1.2552922
AT5G36250,0.08469181,0.06746859,1.2552774
AT1G32400,0.047798507,0.038079366,1.2552334
AT5G57610,0.12279627,0.09782783,1.2552283
AT3G59380,0.080777355,0.06436022,1.2550818
AT4G27430,0.09553776,0.07612142,1.2550706
AT3G54040,0.16400748,0.13068213,1.2550107
AT5G45980,0.17829314,0.14206891,1.2549764
AT3G61640,0.21425255,0.17072427,1.2549623
AT5G40600,0.12777187,0.10181495,1.254942
AT1G56010,0.19795561,0.1577514,1.2548579
AT3G09100,0.077204086,0.061525516,1.2548301
AT1G15130,0.056202352,0.044793293,1.2547044
AT1G80070,0.058241595,0.04642028,1.2546581
AT3G55050,0.091082714,0.07260538,1.2544898
AT3G14400,0.076634124,0.06108886,1.2544695
AT3G57230,0.12339358,0.098368414,1.2544024
AT1G74440,0.2699774,0.21524069,1.2543045
AT2G26110,0.1083447,0.0863831,1.2542348
AT3G03470,0.28346846,0.22601949,1.254177
AT4G02580,0.054779023,0.043677468,1.2541709
AT2G27450,0.07679589,0.061244007,1.253933
AT1G54080,0.045854058,0.03656866,1.2539164
AT1G21190,0.14004122,0.11168524,1.2538918
AT1G08130,0.097524844,0.077777766,1.2538909
AT3G17890,0.14251548,0.11366658,1.2538028
AT1G09300,0.09970812,0.07952656,1.2537712
AT3G14960,0.105191946,0.083908536,1.2536501
AT1G80630,0.12884504,0.102783404,1.2535586
AT1G35510,0.07041448,0.056175247,1.2534786
AT1G08970,0.053088542,0.04235579,1.2533948
AT5G35160,0.082185276,0.06557205,1.2533581
AT5G49450,0.3255041,0.25974602,1.253163
AT1G80830,0.14317304,0.114250794,1.2531469
AT2G43780,0.12654433,0.10098363,1.2531172
AT1G75140,0.1039647,0.082970224,1.2530361
AT3G16990,0.17557207,0.14011961,1.2530155
AT2G33330,0.16115347,0.1286191,1.2529511
AT1G16970,0.08685023,0.0693214,1.252863
AT4G09860,0.28140864,0.22464323,1.2526913
AT5G49910,0.10013658,0.079939105,1.2526606
AT3G53560,0.10041189,0.080159806,1.2526463
AT2G44150,0.075502686,0.06027808,1.2525727
AT3G20550,0.084576316,0.06754161,1.2522105
AT1G31710,0.18704417,0.14938243,1.2521162
AT3G17365,0.100996256,0.08066551,1.2520376
AT1G01120,0.2810063,0.22446674,1.2518839
AT2G44640,0.11517612,0.09201047,1.2517718
AT1G71800,0.08786872,0.070203684,1.2516253
AT5G24760,0.1516127,0.12113656,1.2515849
AT3G09940,0.29382512,0.23478298,1.2514753
AT1G69740,0.0601885,0.048097834,1.2513762
AT4G10550,0.14502846,0.11590164,1.2513063
AT1G01110,0.19002444,0.1518664,1.2512604
AT5G17910,0.08827388,0.07054837,1.2512532
AT1G09280,0.0982752,0.0785422,1.2512406
AT5G48600,0.12534046,0.10017394,1.2512281
AT5G40740,0.0956694,0.076461114,1.2512163
AT1G05350,0.07343098,0.058691014,1.2511449
AT4G20320,0.2133547,0.17053,1.251127
AT5G58575,0.0939383,0.07508477,1.2510965
AT1G61380,0.17294382,0.13824114,1.2510298
AT1G78260,0.2114177,0.16900511,1.2509544
AT5G46290,0.07898103,0.06313673,1.250952
AT1G09550,0.24417953,0.19526903,1.2504774
AT1G67250,0.105143845,0.08408508,1.2504458
AT1G28410,0.08431316,0.067434035,1.2503057
AT1G79460,0.15958981,0.12764648,1.2502483
AT5G11560,0.06654435,0.0532266,1.2502081
AT3G13030,0.11287974,0.090305425,1.2499772
AT2G48160,0.062036116,0.049634498,1.2498586
AT3G57630,0.14007515,0.11207858,1.249794
AT5G24165,0.11821453,0.09458976,1.2497603
AT2G23200,0.20755729,0.16609447,1.2496339
AT3G16560,0.18051939,0.14446452,1.2495757
AT3G09890,0.07624339,0.061020963,1.2494621
AT2G19640,0.17360921,0.13895284,1.249411
AT5G56260,0.08410959,0.06732018,1.2493962
AT3G26470,0.2182496,0.17469202,1.2493392
AT1G79790,0.10049086,0.08044141,1.2492428
AT4G14220,0.12264369,0.09817462,1.2492402
AT3G53760,0.13078532,0.104694225,1.2492123
AT2G39080,0.08916215,0.071376406,1.2491822
AT2G20190,0.05232171,0.041886833,1.2491204
AT3G20630,0.100863986,0.080748424,1.2491139
AT1G53460,0.10593489,0.084819354,1.248947
AT3G02530,0.09415878,0.07539967,1.2487956
AT1G74670,0.35089087,0.28104147,1.2485377
AT2G29460,0.40765485,0.32651708,1.2484947
AT4G34480,0.13250615,0.10613806,1.2484319
AT2G35605,0.14628446,0.11718438,1.2483273
AT5G47100,0.11434934,0.09160716,1.2482576
AT4G25240,0.18617754,0.14915189,1.2482411
AT1G13750,0.26213878,0.21000695,1.2482386
AT5G62880,0.07894925,0.06324949,1.2482194
AT5G62440,0.098191105,0.07868941,1.2478311
AT5G62480,0.36808962,0.29499224,1.2477943
AT1G56620,0.15474886,0.12402075,1.2477658
AT5G20320,0.09247177,0.07411128,1.247742
AT1G12850,0.06402032,0.051311772,1.2476729
AT4G24550,0.070323855,0.056370106,1.2475379
AT4G15940,0.073947355,0.059274815,1.2475339
AT1G21690,0.075694695,0.060676437,1.2475137
AT3G55605,0.13355097,0.10706225,1.2474141
AT3G07150,0.40998968,0.32873192,1.2471855
AT4G14290,0.15029979,0.12052725,1.247019
AT1G54490,0.051584046,0.04136633,1.2470052
AT1G33710,0.17156729,0.1375914,1.2469331
AT4G13360,0.0737214,0.059128202,1.2468058
AT3G06040,0.113189295,0.0907914,1.2466961
AT1G14780,0.22783405,0.18275742,1.2466472
AT1G77020,0.15999514,0.12834634,1.246589
AT5G64660,0.15022755,0.12051714,1.2465242
AT5G43190,0.15968688,0.1281084,1.246498
AT5G04770,0.18538333,0.14872837,1.2464557
AT2G35510,0.05469402,0.043884825,1.246308
AT1G48430,0.09745952,0.07822302,1.2459185
AT2G35795,0.06609083,0.05304652,1.2459029
AT4G07410,0.10004803,0.08030257,1.2458882
AT1G10050,0.12511991,0.10045725,1.2455039
AT3G10390,0.10153521,0.08153596,1.2452812
AT5G51220,0.10725224,0.086128645,1.2452562
AT1G71470,0.24929528,0.20019759,1.245246
AT5G25170,0.11831575,0.09501691,1.2452072
AT3G52420,0.104728155,0.084107205,1.2451745
AT3G15730,0.05858278,0.047050584,1.2451018
AT2G41870,0.1838106,0.14763229,1.2450569
AT3G19950,0.05280624,0.042412736,1.2450559
AT2G17110,0.103024974,0.08275345,1.2449628
AT3G44735,0.26810852,0.21539015,1.2447575
AT5G17560,0.08976031,0.072120294,1.2445915
AT4G19600,0.072101906,0.057933424,1.2445647
AT3G62790,0.08941097,0.07184934,1.2444228
AT1G18540,0.07297464,0.058644503,1.2443557
AT4G11290,0.25032598,0.20116965,1.2443525
AT1G03750,0.11593674,0.093177296,1.2442595
AT5G58930,0.08803325,0.07075483,1.2442011
AT3G06840,0.18966202,0.15243968,1.2441773
AT5G05270,0.35256773,0.28337544,1.2441717
AT1G80380,0.10684771,0.085897505,1.2438976
AT4G18280,0.20352224,0.16362469,1.2438356
AT2G43810,0.104412355,0.083947346,1.2437837
AT3G25730,0.17533001,0.1409694,1.2437451
AT3G25870,0.19827504,0.15942395,1.2436966
AT2G20010,0.07453573,0.059934467,1.2436202
AT5G35330,0.08857421,0.071226776,1.243552
AT1G30970,0.09952251,0.080043964,1.243348
AT1G02330,0.12006543,0.09657419,1.2432455
AT3G44080,0.14556052,0.117091574,1.2431339
AT5G46850,0.10924333,0.087884635,1.243031
AT1G03040,0.072674125,0.058467582,1.2429813
AT1G76460,0.10651272,0.08569142,1.2429798
AT3G01610,0.10480775,0.0843236,1.242923
AT1G23000,0.21915638,0.17632355,1.2429217
AT1G03475,0.08102664,0.06519484,1.2428381
AT3G55140,0.06224686,0.050085373,1.2428149
AT4G39540,0.096915394,0.07802637,1.242085
AT5G56180,0.08016303,0.06454052,1.2420573
AT5G66050,0.10222374,0.082311474,1.2419134
AT2G28620,0.17443863,0.14046234,1.2418888
AT1G75310,0.13088606,0.10539323,1.2418829
AT5G44970,0.13229863,0.10653441,1.2418394
AT4G38570,0.10556547,0.08503312,1.241463
AT2G47730,0.13852166,0.11159378,1.2413025
AT2G01750,0.14496984,0.11678943,1.2412924
AT4G29720,0.13219161,0.1064998,1.2412381
AT3G04080,0.07775515,0.06264624,1.2411782
AT5G18100,0.091557294,0.07378069,1.2409383
AT3G27700,0.07480928,0.06028591,1.240908
AT1G11860,0.08518047,0.06865094,1.2407763
AT5G43990,0.1481986,0.11944335,1.2407438
AT5G46030,0.091204055,0.07351624,1.2405972
AT2G45340,0.12923887,0.104206376,1.2402203
AT1G22620,0.072370745,0.05836165,1.2400391
AT4G36750,0.05640283,0.04548585,1.2400079
AT5G60400,0.17898272,0.14435059,1.2399167
AT4G04970,0.09837331,0.079350896,1.2397251
AT3G49310,0.09362823,0.07553135,1.2395941
AT3G45210,0.23305902,0.18802948,1.2394812
AT3G62660,0.11495278,0.09274396,1.2394637
AT5G38195,0.21445373,0.17302401,1.2394447
AT3G19860,0.112866804,0.09106917,1.2393525
AT5G23520,0.07757707,0.06259639,1.2393217
AT1G72500,0.095720455,0.07724058,1.2392508
AT2G17130,0.07229944,0.05834805,1.2391062
AT5G67340,0.1846043,0.14900713,1.2388957
AT4G16447,0.29845846,0.2409073,1.2388933
AT1G62430,0.15669222,0.12647793,1.2388897
AT5G54870,0.08210691,0.06627617,1.2388601
AT1G74210,0.15839685,0.12786415,1.23879
AT1G54740,0.2611432,0.21081819,1.2387128
AT5G51550,0.21568002,0.17414992,1.2384732
AT1G02870,0.1593566,0.12867709,1.2384223
AT5G48500,0.10377824,0.083802134,1.2383722
AT1G68020,0.11389093,0.09196863,1.238367
AT1G23080,0.13261044,0.10708824,1.2383286
AT1G10130,0.08176711,0.06603032,1.2383265
AT4G00300,0.1395354,0.11269149,1.238207
AT1G04645,0.2975475,0.24039069,1.2377663
AT4G03560,0.08263303,0.066766,1.2376512
AT3G09030,0.0935879,0.07561853,1.2376317
AT4G10480,0.08657589,0.069963634,1.2374412
AT4G15210,0.4810749,0.38887808,1.2370842
AT4G03390,0.09687652,0.07833004,1.2367734
AT2G31010,0.21910821,0.17716514,1.2367455
AT3G48930,0.091210976,0.073756464,1.2366505
AT4G08330,0.09469294,0.07657448,1.2366121
AT2G01350,0.10503099,0.08493833,1.2365557
AT3G14180,0.074256405,0.060057424,1.2364231
AT4G15560,0.079661645,0.06442912,1.2364229
AT1G76040,0.19627075,0.15874621,1.2363806
AT5G37055,0.12278398,0.09931535,1.236304
AT1G78560,0.0824097,0.06665873,1.2362926
AT4G36920,0.10985616,0.088861994,1.2362558
AT1G17830,0.28405342,0.22978844,1.2361518
AT5G08440,0.09044944,0.07317866,1.2360083
AT3G46460,0.0995567,0.08056047,1.2358007
AT1G10290,0.047099072,0.03811636,1.2356652
AT5G67600,0.13185994,0.106718406,1.2355876
AT3G23670,0.18884781,0.15285628,1.2354598
AT3G43670,0.20622495,0.1669222,1.2354554
AT4G01090,0.1285952,0.10408934,1.235431
AT5G60160,0.059552073,0.04822122,1.2349762
AT2G18630,0.07091156,0.057423566,1.2348857
AT5G03150,0.22301432,0.18060692,1.2348049
AT2G27700,0.20436956,0.16553311,1.2346143
AT5G23110,0.110612,0.08959285,1.2346073
AT3G51310,0.046420988,0.03760007,1.234598
AT3G61990,0.15371433,0.12450573,1.2345964
AT3G18370,0.08005327,0.06484359,1.2345594
AT1G07750,0.108338304,0.087758675,1.2345024
AT1G28390,0.13406733,0.108610116,1.2343907
AT5G49020,0.10386374,0.0841452,1.2343392
AT3G02860,0.10188322,0.08254639,1.234254
AT1G06800,0.12238491,0.099163,1.234179
AT4G30770,0.15017371,0.12168154,1.2341535
AT1G67510,0.14564778,0.11802352,1.2340572
AT4G27800,0.09920501,0.08039096,1.2340318
AT2G19680,0.11503605,0.09322595,1.2339487
AT4G30290,0.44656694,0.36190757,1.2339253
AT2G43200,0.13754293,0.11148395,1.2337464
AT1G52980,0.06917732,0.056071844,1.2337263
AT1G30910,0.078983575,0.06402172,1.2336996
AT4G14800,0.091650516,0.07429679,1.233573
AT1G53850,0.08104579,0.06570032,1.2335675
AT1G18470,0.09900995,0.08027115,1.2334437
AT3G06510,0.09377287,0.07602582,1.2334344
AT3G14280,0.25924993,0.21019301,1.2333897
AT2G44610,0.068100564,0.055216487,1.2333373
AT5G67040,0.18414001,0.14930768,1.2332921
AT4G37280,0.06749229,0.054731358,1.2331555
AT2G04350,0.100143425,0.08122659,1.2328897
AT1G13030,0.10522821,0.0853567,1.2328054
AT5G47080,0.06870583,0.055732794,1.2327718
AT4G38680,0.0808629,0.065594435,1.2327707
AT1G24530,0.24395612,0.19790472,1.2326947
AT1G57870,0.073942006,0.059989765,1.2325767
AT4G17580,0.22708254,0.1842402,1.2325351
AT2G36835,0.110056974,0.08929354,1.23253
AT3G25190,0.22731254,0.18443407,1.2324866
AT4G32920,0.13407013,0.10879512,1.2323173
AT4G32160,0.06881581,0.055846915,1.2322221
AT1G17580,0.08430246,0.06841589,1.2322057
AT1G14570,0.04084602,0.033150394,1.2321424
AT5G57930,0.08583656,0.06966776,1.2320843
AT2G35470,0.15196814,0.123345025,1.2320572
AT3G11330,0.0731686,0.05938851,1.2320327
AT1G14460,0.11640699,0.09450089,1.2318083
AT1G34220,0.066377036,0.053887475,1.2317709
AT1G25370,0.12533052,0.10175462,1.2316936
AT5G40870,0.077457316,0.062892534,1.2315819
AT5G52360,0.20193958,0.16397268,1.231544
AT3G51240,0.33909887,0.27535903,1.231479
AT2G39990,0.0726818,0.059024174,1.2313901
AT5G11890,0.10139441,0.08234498,1.2313367
AT2G45720,0.089998774,0.07310141,1.2311496
AT5G22500,0.36006325,0.2924862,1.2310436
AT1G55890,0.09109167,0.073996425,1.2310278
AT3G60260,0.10449206,0.084887676,1.2309449
AT5G51640,0.10262648,0.08337782,1.2308605
AT1G04550,0.112299494,0.09123954,1.2308203
AT5G53760,0.14135191,0.11484426,1.2308137
AT3G03210,0.08159546,0.06629655,1.2307646
AT2G24230,0.13526393,0.10991064,1.2306719
AT4G14210,0.07813474,0.06349099,1.2306428
AT5G50010,0.20856968,0.16949104,1.2305645
AT5G10350,0.0580862,0.047205836,1.2304875
AT5G40660,0.07745847,0.06295107,1.230455
AT1G05710,0.19062124,0.1549452,1.2302493
AT5G42200,0.2993158,0.24331327,1.2301663
AT4G03080,0.0657359,0.053438477,1.2301227
AT3G63070,0.073009975,0.05935234,1.230111
AT1G35490,0.24855185,0.20206355,1.2300676
AT2G38750,0.28784534,0.23402147,1.2299954
AT5G05160,0.13864906,0.11274938,1.2297101
AT3G02820,0.20294939,0.1650386,1.2297086
AT4G00810,0.08050925,0.06547299,1.2296559
AT1G15410,0.12278046,0.09985742,1.2295576
AT5G54290,0.106311224,0.08646442,1.2295371
AT2G27600,0.049590357,0.040334277,1.2294838
AT3G63500,0.05535557,0.04502354,1.2294804
AT5G10730,0.11260478,0.091592565,1.2294096
AT3G43240,0.056581467,0.04602688,1.2293133
AT1G14710,0.07063788,0.05746141,1.2293097
AT2G17790,0.07700275,0.062639855,1.2292931
AT5G64620,0.27357712,0.22254886,1.2292901
AT4G15030,0.1351527,0.10994373,1.2292897
AT1G55210,0.16080183,0.13081138,1.2292647
AT5G15740,0.15813969,0.12868069,1.2289308
AT3G04070,0.32267836,0.2625699,1.2289237
AT2G01480,0.09756201,0.079390116,1.2288935
AT5G01940,0.18484141,0.1504465,1.2286187
AT3G16490,0.22693409,0.18471241,1.2285806
AT1G54510,0.113965705,0.092771545,1.2284553
AT5G25270,0.057277843,0.04662886,1.2283772
AT1G53240,0.056297064,0.045835365,1.2282448
AT1G04850,0.052153494,0.042467132,1.2280905
AT3G03170,0.19459254,0.1584562,1.2280524
AT3G16480,0.07011726,0.05710165,1.2279373
AT4G26240,0.10608432,0.08639279,1.2279301
AT1G01260,0.110149786,0.08971037,1.2278377
AT3G18680,0.100930326,0.08220173,1.227837
AT1G28370,0.3522273,0.28688458,1.2277666
AT3G24160,0.075077236,0.061150126,1.2277526
AT1G23380,0.17570886,0.14312324,1.2276751
AT2G35680,0.0644859,0.05255588,1.2269965
AT3G10740,0.15640739,0.1274964,1.2267591
AT2G27490,0.09757508,0.07954063,1.2267325
AT4G38760,0.109863944,0.08956444,1.2266468
AT4G01210,0.069698155,0.056825396,1.2265315
AT2G40900,0.18766816,0.15300965,1.2265117
AT4G02500,0.07792812,0.06353704,1.226499
AT1G02410,0.08712977,0.07104503,1.2264019
AT2G15360,0.21932805,0.17884043,1.2263895
AT1G67950,0.12489002,0.10183825,1.2263566
AT5G09810,0.07076993,0.057709992,1.2263026
AT3G22020,0.15490326,0.12632667,1.2262118
AT4G35700,0.1721162,0.14038767,1.2260064
AT1G48330,0.31559917,0.25743067,1.2259579
AT3G14595,0.0941878,0.07683017,1.225922
AT1G75190,0.19580224,0.1597292,1.2258387
AT2G19670,0.18606798,0.15179034,1.2258222
AT2G38240,0.51299196,0.41856018,1.225611
AT1G34130,0.089344755,0.072907135,1.2254596
AT1G10585,0.50172335,0.40942645,1.2254298
AT2G30010,0.23048846,0.18813089,1.2251494
AT3G56710,0.36790317,0.30034763,1.2249246
AT2G47420,0.07473353,0.061012745,1.2248838
AT4G32270,0.18466039,0.15076402,1.2248305
AT1G05720,0.12543805,0.1024165,1.2247835
AT3G47960,0.2186089,0.17849393,1.2247412
AT2G17220,0.14239603,0.116274714,1.2246517
AT1G79820,0.086982615,0.07102942,1.2245997
AT5G22740,0.1251242,0.10217783,1.2245728
AT1G61370,0.17350146,0.14171141,1.2243294
AT5G11550,0.19094124,0.1559627,1.2242749
AT1G73200,0.079386696,0.06484716,1.2242123
AT4G37090,0.11367627,0.092865184,1.2240999
AT5G25580,0.16968502,0.13862716,1.2240387
AT1G32020,0.16070251,0.13129213,1.224007
AT2G31440,0.09436745,0.077098124,1.2239914
AT3G50700,0.21284577,0.17389818,1.2239677
AT2G26230,0.0828846,0.06772657,1.2238121
AT3G09590,0.34961763,0.28568462,1.2237887
AT3G12080,0.07417583,0.060617108,1.2236779
AT4G31890,0.13822836,0.11296277,1.2236629
AT5G25400,0.18359566,0.15007237,1.2233807
AT3G03980,0.09109928,0.07446805,1.2233337
AT4G24990,0.09928953,0.081173964,1.2231696
AT1G74920,0.058156315,0.047550444,1.2230444
AT2G20280,0.0687677,0.05622999,1.2229717
AT4G04800,0.072397605,0.05920776,1.222772
AT5G24290,0.19095716,0.15617044,1.2227483
AT1G41830,0.13988334,0.11442151,1.2225266
AT2G23690,0.2357935,0.19289863,1.2223699
AT1G50500,0.058435917,0.04780704,1.2223284
AT1G02890,0.07424129,0.060738426,1.2223115
AT3G11400,0.046916537,0.038387656,1.2221774
AT5G27950,0.112431,0.09200086,1.2220646
AT1G10230,0.1385126,0.11335225,1.2219659
AT3G26510,0.22552803,0.1845637,1.2219522
AT5G65960,0.07726177,0.063242346,1.2216777
AT3G19570,0.12777399,0.10458906,1.2216763
AT5G55910,0.114613235,0.093826786,1.2215406
AT3G46510,0.057141,0.046778437,1.221524
AT3G49530,0.17284602,0.14150895,1.2214493
AT1G78020,0.14135942,0.11573467,1.2214094
AT3G15720,0.30580425,0.2503726,1.2213967
AT2G24810,0.18783166,0.15379159,1.2213387
AT4G34100,0.056594726,0.04633874,1.2213261
AT2G22250,0.09824767,0.08044761,1.2212627
AT5G56170,0.078259744,0.06408276,1.2212292
AT4G15200,0.33319682,0.27284685,1.2211863
AT2G43680,0.069394514,0.056828115,1.2211298
AT2G38790,0.315665,0.2585293,1.2210028
AT5G50230,0.085267685,0.06984537,1.2208064
AT5G17290,0.09188362,0.075275004,1.2206391
AT2G25060,0.21191387,0.17360972,1.2206336
AT1G21310,0.17804772,0.1458672,1.220615
AT4G02310,0.17278388,0.14158072,1.2203913
AT2G45060,0.071262985,0.058394764,1.2203658
AT4G09030,0.15890422,0.13021061,1.220363
AT3G01390,0.081269406,0.066596076,1.2203331
AT5G39730,0.12272099,0.100571446,1.2202368
AT3G13310,0.18301846,0.15000047,1.2201191
AT5G15850,0.33026713,0.27073056,1.2199109
AT1G18480,0.08630886,0.070753284,1.2198565
AT1G65690,0.30410445,0.24929798,1.2198431
AT2G39705,0.19926234,0.16335776,1.2197909
AT3G10330,0.06781417,0.055596787,1.2197496
AT4G31130,0.11355152,0.09310352,1.2196264
AT1G71260,0.13422659,0.11005877,1.2195901
AT3G18215,0.09715959,0.07967315,1.219477
AT4G22770,0.19907472,0.16324608,1.2194761
AT1G04080,0.05025013,0.041208714,1.2194052
AT2G40475,0.24640307,0.20208436,1.2193079
AT5G61110,0.19786333,0.16228558,1.2192291
AT1G20823,0.243638,0.19983727,1.2191819
AT1G13340,0.2334697,0.19150585,1.2191255
AT1G12910,0.094479725,0.077509634,1.2189416
AT1G19970,0.17160663,0.14078562,1.2189214
AT5G57040,0.10778577,0.08843417,1.2188249
AT3G10720,0.25324935,0.20781255,1.2186431
AT3G23810,0.1806403,0.14824557,1.2185205
AT2G28320,0.079754196,0.06545612,1.2184374
AT5G64040,0.21301596,0.17483968,1.2183502
AT1G28540,0.078522846,0.06445246,1.2183063
AT3G56140,0.08898574,0.07305066,1.2181373
AT2G33860,0.10099928,0.08291393,1.2181219
AT3G05810,0.096511595,0.07924966,1.2178171
AT3G52300,0.0816357,0.067035094,1.2178053
AT2G01070,0.116988786,0.09606532,1.2178044
AT5G45140,0.09577082,0.07865185,1.2176548
AT2G28010,0.13609217,0.11176718,1.2176398
AT3G06670,0.05241045,0.04305553,1.2172754
AT5G28630,0.32564926,0.26753584,1.2172173
AT3G49740,0.19136901,0.15725638,1.2169236
AT3G18180,0.23465058,0.19285114,1.2167445
AT2G42290,0.12141759,0.09979862,1.2166258
AT2G01140,0.059255034,0.04870705,1.2165594
AT4G29120,0.078987844,0.06494145,1.2162931
AT3G09740,0.04636355,0.038119737,1.2162607
AT1G77590,0.0923412,0.07592433,1.2162266
AT5G52420,0.11749545,0.09660835,1.2162038
AT5G06700,0.11517365,0.09471003,1.216066
AT3G03070,0.09478357,0.07794412,1.216045
AT5G19110,0.3550375,0.29197434,1.2159888
AT2G41040,0.15259555,0.12549667,1.215933
AT3G51370,0.045533612,0.037448257,1.215907
AT5G65480,0.11570515,0.09516539,1.2158321
AT3G22750,0.17934361,0.1475377,1.2155781
AT4G22590,0.19129142,0.15737493,1.2155138
AT1G10270,0.11346911,0.09335314,1.2154825
AT5G49520,0.23113322,0.19017355,1.2153804
AT4G39100,0.068725035,0.056547157,1.2153577
AT2G38040,0.058542036,0.048169974,1.2153219
AT3G51580,0.05172334,0.042559605,1.215315
AT2G16790,0.1742466,0.14338458,1.2152393
AT2G46610,0.09836632,0.08094525,1.2152202
AT2G01970,0.080694176,0.06640316,1.2152158
AT4G04950,0.07031878,0.057869688,1.2151226
AT1G27960,0.13008404,0.107061885,1.2150358
AT3G24080,0.100859925,0.08301224,1.2150005
AT2G25070,0.07986931,0.0657556,1.2146387
AT3G20500,0.08680484,0.071475714,1.2144661
AT4G35800,0.062442116,0.051417474,1.214414
AT4G33100,0.12938528,0.106541984,1.2144064
AT1G71840,0.0688115,0.05666372,1.2143835
AT4G10380,0.13425955,0.11056608,1.2142923
AT1G48010,0.21840958,0.17987205,1.2142496
AT4G34215,0.07343588,0.06048221,1.214173
AT2G38870,0.27010068,0.22245899,1.2141594
AT5G62610,0.07141698,0.058820494,1.2141511
AT1G49840,0.12418906,0.1022851,1.214146
AT1G22270,0.0847816,0.06984273,1.2138928
AT5G06265,0.12844124,0.105816394,1.2138122
AT1G62800,0.16866183,0.13896891,1.2136657
AT5G64460,0.093876205,0.0773534,1.2136014
AT5G09270,0.15762696,0.12988615,1.2135777
AT5G57130,0.14564411,0.120016076,1.2135383
AT4G39350,0.11185989,0.09218018,1.2134917
AT5G08190,0.06260605,0.0515937,1.2134435
AT1G14850,0.08346766,0.068805136,1.2131021
AT5G58660,0.24887094,0.20516357,1.2130367
AT5G20950,0.082355045,0.0678921,1.2130283
AT2G35800,0.07658795,0.06313938,1.212998
AT3G50730,0.1518191,0.12516667,1.2129353
AT3G10700,0.10565295,0.08711345,1.2128202
AT4G35940,0.09460134,0.078007914,1.2127146
AT4G02380,0.20216672,0.16670859,1.2126952
AT4G34620,0.12439684,0.10258036,1.2126769
AT1G76960,0.51465935,0.42441207,1.2126406
AT1G74410,0.096809454,0.07983873,1.2125624
AT4G24100,0.10329165,0.08518883,1.2125022
AT4G21810,0.10448692,0.08618713,1.2123262
AT4G38510,0.05395269,0.0445041,1.212308
AT1G11430,0.07543984,0.062239528,1.2120887
AT2G43090,0.10322651,0.085165314,1.2120721
AT5G24740,0.08949358,0.073835306,1.2120701
AT3G02460,0.12231475,0.10092108,1.211984
AT1G32310,0.0917879,0.07573397,1.2119778
AT5G39600,0.10774895,0.08891162,1.2118657
AT2G37870,0.47593334,0.39274892,1.2118005
AT2G21560,0.2581009,0.21299288,1.2117817
AT2G16750,0.19030583,0.15707171,1.2115855
AT1G52320,0.07840739,0.06471655,1.2115507
AT1G07300,0.17831206,0.14719845,1.2113718
AT1G14350,0.15355581,0.12679453,1.21106
AT5G27650,0.071853265,0.05933631,1.2109492
AT1G11680,0.049768083,0.041100554,1.2108856
AT2G35900,0.08479001,0.070024714,1.2108582
AT5G25570,0.18924446,0.15629813,1.2107915
AT1G53590,0.09111686,0.07527869,1.2103937
AT2G26590,0.06408163,0.052945677,1.2103276
AT5G23630,0.06895632,0.056981165,1.2101597
AT2G45070,0.05883268,0.04861821,1.2100953
AT3G45090,0.115209505,0.09521001,1.2100565
AT5G46700,0.14841312,0.12265071,1.2100469
AT1G69295,0.08324479,0.068802655,1.2099066
AT5G42920,0.0722639,0.059728254,1.2098777
AT2G23080,0.08022298,0.06631495,1.2097268
AT5G13300,0.06951855,0.057474896,1.2095461
AT4G32600,0.06505341,0.053787373,1.2094548
AT1G18690,0.11940122,0.098733604,1.209327
AT4G35980,0.10399769,0.08599734,1.2093128
AT5G56950,0.08365788,0.06918449,1.2091999
AT1G47940,0.17901096,0.14806749,1.2089821
AT4G24940,0.069775306,0.057718817,1.2088829
AT1G13940,0.099680975,0.08245853,1.2088617
AT5G08560,0.051029578,0.042217847,1.2087202
AT5G43310,0.12269117,0.101520814,1.2085321
AT2G04795,0.24823284,0.20540483,1.2085053
AT4G09140,0.102682434,0.08496824,1.2084801
AT1G20900,0.13979314,0.11567765,1.2084714
AT1G16130,0.30770946,0.25463712,1.2084234
AT3G55270,0.07104522,0.058793727,1.2083807
AT5G14970,0.0960573,0.0795022,1.2082344
AT3G03150,0.093437195,0.07733923,1.2081473
AT1G26930,0.14232196,0.11780573,1.2081072
AT1G52670,0.11077169,0.09169067,1.2081021
AT3G01790,0.07824144,0.06476731,1.2080389
AT3G45770,0.07727735,0.06397326,1.2079631
AT5G54910,0.11881444,0.09836491,1.2078944
AT3G08930,0.08584623,0.07107521,1.2078223
AT3G22845,0.10167528,0.08418139,1.2078117
AT5G10790,0.10688197,0.08849233,1.2078105
AT1G70480,0.07083784,0.058652915,1.207746
AT2G42740,0.14439572,0.11956,1.2077259
AT5G14580,0.19555804,0.16192731,1.2076901
AT1G18080,0.058289792,0.048268244,1.2076217
AT4G34700,0.0718606,0.059508946,1.2075593
AT1G53570,0.07815268,0.06472265,1.207501
AT5G56040,0.12818795,0.106169306,1.2073917
AT1G24180,0.066010766,0.054674003,1.2073517
AT5G14430,0.06214755,0.051479243,1.2072349
AT5G35840,0.07234112,0.05992573,1.2071794
AT5G67150,0.15896133,0.13168669,1.2071176
AT2G15390,0.28003463,0.23201966,1.2069435
AT3G11780,0.1156392,0.0958226,1.206805
AT1G51400,0.21747488,0.18021336,1.2067633
AT1G09560,0.11353255,0.094080485,1.2067597
AT3G10970,0.07794142,0.06458952,1.206719
AT2G41090,0.256186,0.21231043,1.2066575
AT5G51130,0.11903786,0.09865403,1.2066193
AT5G02550,0.2235167,0.1852658,1.2064649
AT5G42850,0.07173871,0.059464887,1.2064043
AT2G45730,0.09742695,0.08078139,1.2060567
AT3G60410,0.07359126,0.061021056,1.2059976
AT2G41550,0.19495931,0.16166325,1.2059593
AT4G16930,0.21593763,0.17907694,1.205837
AT3G24520,0.25159687,0.20865802,1.2057856
AT1G06790,0.09330244,0.077379994,1.2057694
AT5G11010,0.0874548,0.07254067,1.2055967
AT5G14720,0.09264374,0.076852486,1.2054747
AT5G19530,0.20783775,0.17241333,1.205462
AT3G28940,0.15401587,0.12776586,1.2054539
AT3G23710,0.08799591,0.07299861,1.2054462
AT5G01890,0.11949669,0.09915276,1.2051775
AT5G58410,0.071635894,0.05944969,1.2049832
AT4G32240,0.109923154,0.09122957,1.204907
AT5G57230,0.122650295,0.10180043,1.2048111
AT3G09360,0.09164945,0.07607914,1.2046593
AT2G37750,0.30038196,0.24936078,1.2046077
AT5G46550,0.08905461,0.07393532,1.2044933
AT2G21740,0.21852851,0.18143909,1.204418
AT1G27435,0.07302424,0.06063121,1.2044
AT5G17350,0.281574,0.23379506,1.2043624
AT1G32300,0.15925074,0.13224159,1.2042408
AT3G61960,0.090997204,0.07556655,1.2041993
AT4G31550,0.13469385,0.11185346,1.2041991
AT5G10700,0.12211604,0.10141077,1.2041721
AT1G26450,0.18520117,0.15380417,1.2041361
AT1G02860,0.17692588,0.14694045,1.2040651
AT1G32210,0.10943699,0.0908941,1.2040052
AT1G79360,0.31678903,0.26311985,1.2039723
AT3G15760,0.21095154,0.17522311,1.2039024
AT5G25760,0.094423525,0.07843763,1.2038039
AT4G14680,0.17468959,0.14511527,1.2037987
AT4G36930,0.1548194,0.12861696,1.2037245
AT1G43900,0.06272686,0.052111495,1.2037046
AT2G21410,0.06745619,0.05604856,1.203531
AT2G17750,0.17771354,0.14768371,1.2033387
AT2G19470,0.058438785,0.048564676,1.2033185
AT5G14680,0.06562068,0.054533426,1.203311
AT4G31170,0.050509922,0.041979324,1.2032092
AT5G52540,0.12740104,0.10588507,1.203201
AT1G19880,0.056693133,0.04712316,1.203084
AT3G13320,0.076382674,0.06349546,1.2029626
AT5G60230,0.1710727,0.14221264,1.2029358
AT3G04870,0.085521005,0.071096696,1.2028829
AT4G29660,0.078098595,0.064933024,1.202756
AT3G25110,0.11541186,0.09596612,1.2026312
AT5G46300,0.18522047,0.15403174,1.2024823
AT5G65950,0.06382066,0.053077962,1.2023945
AT1G64060,0.113060914,0.09403357,1.2023462
AT3G58050,0.07405509,0.061600838,1.2021765
AT5G37480,0.10472943,0.087122075,1.2020997
AT2G33480,0.18192953,0.15135984,1.2019669
AT4G29820,0.10379776,0.08636317,1.2018753
AT1G16240,0.081250645,0.067612365,1.2017127
AT2G16440,0.11374618,0.094656415,1.2016742
AT1G15370,0.09561947,0.07957455,1.2016337
AT3G44100,0.12269473,0.10210682,1.2016311
AT1G30440,0.07689088,0.06400971,1.2012376
AT1G17370,0.046266913,0.038517058,1.2012055
AT3G03320,0.114703685,0.095496915,1.2011244
AT4G30150,0.115956485,0.09655101,1.2009867
AT5G67000,0.18107964,0.15078343,1.2009252
AT1G29040,0.06028661,0.050200872,1.2009073
AT1G49350,0.08121694,0.06763029,1.2008958
AT1G06010,0.11558215,0.096246615,1.2008957
AT2G31380,0.3218175,0.26799056,1.2008538
AT2G27570,0.26026827,0.21674421,1.2008083
AT4G13020,0.08293106,0.06906529,1.2007631
AT5G63030,0.11897846,0.09911558,1.2004011
AT5G49570,0.09678362,0.08062751,1.2003796
AT1G23205,0.29248893,0.24367392,1.2003292
AT3G57480,0.12244773,0.10202746,1.2001448
AT2G01890,0.32558873,0.2713319,1.1999648
AT4G20780,0.2651881,0.22099683,1.1999633
AT3G22110,0.04167206,0.034727957,1.1999567
AT3G03250,0.07818093,0.065155655,1.19991
AT4G04960,0.12280056,0.10234186,1.1999054
AT2G45220,0.37625453,0.31357276,1.1998954
AT3G11210,0.20959651,0.17470202,1.1997371
AT1G09920,0.06184003,0.051549427,1.1996257
AT3G49350,0.07021764,0.058535244,1.1995786
AT3G15690,0.10502641,0.08755462,1.1995529
AT5G11640,0.08179478,0.06819557,1.1994148
AT4G35310,0.096610054,0.08054824,1.199406
AT2G40290,0.053888824,0.04493005,1.1993935
AT1G73980,0.08804709,0.07341835,1.1992517
AT3G46380,0.17712888,0.14770538,1.1992038
AT3G12560,0.09927257,0.0827827,1.1991946
AT4G14815,0.19737296,0.16459362,1.1991531
AT5G14030,0.069321685,0.057813052,1.1990662
AT1G60650,0.06034565,0.050327875,1.19905
AT5G58370,0.12769437,0.10651291,1.1988627
AT3G62110,0.13392513,0.111711405,1.1988491
AT2G19580,0.17339349,0.14467072,1.1985388
AT5G38720,0.1315174,0.10974373,1.1984046
AT1G06130,0.08565577,0.07148345,1.1982601
AT5G10010,0.084326215,0.07037532,1.1982354
AT2G32070,0.07076134,0.059055377,1.1982199
AT3G02740,0.077291705,0.064506955,1.1981916
AT2G47600,0.1279892,0.10683511,1.1980069
AT1G72900,0.31250376,0.2608618,1.1979667
AT1G66250,0.1553971,0.12972057,1.1979371
AT5G57330,0.07481741,0.062455807,1.1979254
AT4G14570,0.10059713,0.0839804,1.1978643
AT1G11060,0.07041899,0.058787882,1.1978486
AT5G63990,0.14277048,0.119203635,1.1977024
AT5G20840,0.07233202,0.060405433,1.197442
AT5G48760,0.081075415,0.0677133,1.1973336
AT1G13190,0.065101266,0.05437463,1.1972725
AT2G19180,0.095961824,0.080157995,1.1971583
AT2G40110,0.17233838,0.14395665,1.1971546
AT2G31150,0.20996873,0.17540637,1.1970416
AT4G34140,0.10654868,0.08902328,1.196863
AT1G16570,0.16054665,0.13415621,1.196714
AT1G51950,0.11195096,0.09355388,1.1966468
AT1G16170,0.17983022,0.15031996,1.1963162
AT5G13200,0.19949119,0.16675456,1.1963161
AT3G23890,0.13142619,0.109861664,1.1962879
AT3G07780,0.08677446,0.07253905,1.1962447
AT5G19140,0.15546872,0.12997125,1.1961776
AT5G66180,0.09006985,0.07530467,1.1960725
AT1G14740,0.0949431,0.07938083,1.1960455
AT1G31150,0.1214323,0.10153394,1.1959773
AT5G60080,0.15269479,0.12767442,1.19597
AT3G12620,0.085267186,0.071295984,1.1959604
AT2G18790,0.07443191,0.06223879,1.1959085
AT3G02360,0.047653254,0.03985457,1.1956781
AT3G54960,0.11396886,0.09531784,1.1956717
AT2G46390,0.094017535,0.0786348,1.1956224
AT3G20510,0.11271326,0.094276585,1.1955594
AT1G09010,0.078144066,0.065363385,1.1955326
AT3G54950,0.12165158,0.10175571,1.1955258
AT1G78920,0.050070263,0.041881893,1.1955106
AT2G34770,0.19594432,0.16393046,1.1952891
AT1G32810,0.05802762,0.048552822,1.1951438
AT3G14820,0.293377,0.24547914,1.1951199
AT3G14120,0.09570896,0.080093406,1.1949667
AT2G39725,0.1676821,0.14036079,1.1946504
AT2G35480,0.17080434,0.14298229,1.1945838
AT3G15590,0.13121589,0.10984718,1.1945311
AT5G57100,0.14683641,0.1229257,1.1945134
AT2G26140,0.046100423,0.03859861,1.1943542
AT2G28450,0.105211966,0.0880924,1.1943363
AT1G78280,0.10644316,0.089141175,1.1940963
AT5G14950,0.0699141,0.05855568,1.1939762
AT2G26000,0.10294521,0.086229496,1.1938514
AT1G64750,0.102914326,0.08621064,1.1937543
AT5G19310,0.12983476,0.108764455,1.193724
AT1G79390,0.10962008,0.091834046,1.1936758
AT2G34470,0.05771953,0.04836386,1.1934431
AT4G09090,0.1598758,0.13396423,1.1934215
AT2G45970,0.14675312,0.12297247,1.1933818
AT3G15290,0.06806928,0.057040844,1.1933426
AT2G15270,0.08022768,0.06723107,1.1933125
AT1G07020,0.08164031,0.068414934,1.1933111
AT3G44590,0.09604548,0.08048686,1.1933063
AT3G03920,0.08897501,0.07456518,1.1932514
AT4G29960,0.056057524,0.04698175,1.1931764
AT5G01370,0.19497041,0.1634279,1.1930056
AT4G00090,0.08249213,0.06914965,1.1929506
AT3G11420,0.116754845,0.09787252,1.1929277
AT1G20190,0.30986816,0.25977907,1.1928142
AT1G64220,0.41280362,0.34608057,1.1927962
AT1G10650,0.1551275,0.13007416,1.192608
AT3G06480,0.06891645,0.057794597,1.1924373
AT4G35580,0.055923022,0.046899315,1.1924057
AT1G12730,0.16309477,0.13678347,1.1923573
AT3G51660,0.33745104,0.28301176,1.192357
AT5G47930,0.1086629,0.09113307,1.1923541
AT3G62550,0.34483117,0.2892156,1.1922979
AT3G11960,0.07558951,0.06340018,1.19226
AT5G28020,0.120928735,0.10142847,1.1922562
AT2G06530,0.054064292,0.04534678,1.1922407
AT1G52150,0.08395623,0.070421696,1.1921926
AT4G10390,0.2764344,0.23189777,1.1920527
AT5G03520,0.124387085,0.104354225,1.1919698
AT3G52730,0.09143151,0.076715335,1.1918283
AT2G29970,0.10698451,0.08976766,1.1917934
AT1G51360,0.13473412,0.11309147,1.191373
AT3G16180,0.20324962,0.17064849,1.1910425
AT5G48030,0.0861338,0.07232541,1.1909202
AT3G23150,0.17465422,0.14665663,1.1909056
AT2G18050,0.41105837,0.3452162,1.1907272
AT4G27750,0.07266382,0.061034508,1.1905365
AT1G72230,0.20289809,0.17043667,1.1904602
AT3G25940,0.15886441,0.13345976,1.1903542
AT5G46420,0.07539489,0.063339435,1.1903309
AT4G17720,0.08849235,0.074353464,1.1901577
AT3G07565,0.08981177,0.07546488,1.1901133
AT1G15250,0.116697334,0.09805736,1.1900924
AT3G47930,0.078898355,0.06629963,1.1900269
AT3G42790,0.05183772,0.04356811,1.1898085
AT4G18890,0.13740648,0.11548948,1.1897748
AT3G16340,0.13594502,0.11427099,1.1896721
AT3G02720,0.06270686,0.052712906,1.1895919
AT2G29570,0.14591515,0.12266661,1.1895261
AT4G19480,0.1698717,0.14281212,1.1894767
AT4G37450,0.1889494,0.1588509,1.1894764
AT1G62510,0.3962549,0.33318487,1.1892945
AT2G04700,0.11863474,0.099777594,1.1889917
AT3G08670,0.13376057,0.11253149,1.18865
AT3G62580,0.10116049,0.085117,1.1884874
AT3G27890,0.11391283,0.09585475,1.1883899
AT2G26020,0.59818584,0.5033762,1.1883475
AT3G11880,0.09210186,0.0775081,1.1882868
AT5G66090,0.081865646,0.06889957,1.1881878
AT5G16040,0.099027656,0.08337007,1.1878082
AT4G00990,0.100642726,0.08474108,1.1876497
AT1G13570,0.09536211,0.08029811,1.1876009
AT3G54690,0.11824108,0.099579506,1.1874037
AT5G05780,0.06692284,0.056360677,1.1874028
AT5G18200,0.08491179,0.07151221,1.1873747
AT3G61890,0.37089837,0.31238627,1.1873069
AT1G30480,0.06493021,0.054688275,1.1872782
AT3G19170,0.0802387,0.0675878,1.1871772
AT4G38490,0.1000546,0.08427952,1.1871756
AT4G31140,0.109062016,0.09187224,1.1871052
AT1G15390,0.07426464,0.06256001,1.1870943
AT5G28150,0.111422025,0.093864106,1.1870567
AT5G24120,0.29968375,0.25246114,1.187049
AT3G56120,0.07665675,0.06457818,1.1870378
AT1G27030,0.22733441,0.19151549,1.1870288
AT1G72180,0.15083799,0.1270731,1.1870173
AT5G09510,0.07556783,0.06366756,1.1869124
AT1G31620,0.22475834,0.18937357,1.1868516
AT3G51770,0.0892197,0.07517769,1.186784
AT4G02210,0.1216087,0.10247009,1.1867725
AT4G24470,0.050657947,0.042689536,1.1866592
AT2G41220,0.09398465,0.079206295,1.1865804
AT4G33530,0.079003684,0.06658863,1.1864439
AT5G10820,0.13598165,0.11461585,1.1864122
AT3G55950,0.16236734,0.13686566,1.1863263
AT5G01220,0.18564603,0.15648964,1.1863151
AT1G62730,0.15124445,0.12749629,1.1862653
AT1G04220,0.28075126,0.2366709,1.1862516
AT3G49680,0.08262176,0.06965057,1.1862323
AT1G14210,0.13309623,0.11222107,1.1860181
AT3G22260,0.123345636,0.10400282,1.1859835
AT3G16870,0.14893924,0.12559672,1.1858528
AT5G01020,0.0817015,0.068901956,1.1857646
AT3G50930,0.31127822,0.26256236,1.1855402
AT3G11450,0.09187344,0.07750962,1.1853164
AT3G21865,0.06003918,0.05065286,1.1853065
AT4G19230,0.27129263,0.22890945,1.1851525
AT1G07510,0.089760005,0.07573914,1.1851203
AT2G20630,0.1167626,0.09853442,1.1849929
AT1G01040,0.13008842,0.10983604,1.1843873
AT1G02540,0.17079507,0.1442119,1.1843339
AT2G29870,0.41762647,0.35268596,1.1841313
AT1G07650,0.102591045,0.08665041,1.1839648
AT3G49270,0.2409187,0.20350602,1.1838405
AT3G18420,0.08975994,0.07583814,1.1835724
AT2G26700,0.20243171,0.17105608,1.1834229
AT1G64600,0.13340506,0.11272965,1.183407
AT3G21240,0.1310819,0.11076998,1.1833701
AT2G17440,0.10840773,0.09161864,1.1832496
AT1G76660,0.081525184,0.06890137,1.1832156
AT5G43830,0.065800205,0.055617344,1.1830876
AT5G13820,0.14659047,0.1239065,1.1830732
AT4G25840,0.061206337,0.05173518,1.1830697
AT1G21590,0.1139068,0.09630721,1.1827441
AT1G16870,0.07363434,0.06225726,1.1827428
AT3G13350,0.100603975,0.08507016,1.1825999
AT2G23120,0.12253282,0.10361367,1.1825931
AT5G57050,0.18735874,0.15843922,1.1825274
AT3G16530,0.3890187,0.3289869,1.1824747
AT4G05240,0.18937093,0.16016394,1.1823567
AT5G51290,0.099276505,0.08396694,1.1823283
AT1G01500,0.13597465,0.11502384,1.1821431
AT2G30950,0.07266727,0.061475072,1.1820606
AT1G17520,0.08346575,0.07062108,1.1818813
AT1G20090,0.08979382,0.07597533,1.1818812
AT5G01160,0.068984784,0.058368634,1.1818808
AT2G43030,0.095196515,0.08055337,1.1817819
AT3G05250,0.08377815,0.070907645,1.1815107
AT3G09180,0.06890231,0.05832947,1.1812605
AT2G36750,0.35369438,0.2994462,1.1811618
AT1G67630,0.10299758,0.08720561,1.1810888
AT2G30740,0.08856207,0.0749853,1.1810589
AT3G61820,0.16866784,0.14281635,1.181012
AT3G52150,0.08980696,0.076059096,1.1807523
AT3G53420,0.11797129,0.099926926,1.1805755
AT4G11300,0.1502913,0.12730968,1.1805173
AT3G07640,0.10892214,0.09226665,1.1805147
AT1G55250,0.11096628,0.09400222,1.1804644
AT1G65440,0.07241746,0.06134693,1.1804576
AT1G76670,0.08818806,0.07470893,1.1804218
AT2G38400,0.1588399,0.1345682,1.1803671
AT1G69860,0.20519345,0.17383888,1.1803656
AT5G20030,0.15801579,0.13387446,1.180328
AT1G80180,0.15234277,0.12907223,1.1802906
AT3G62230,0.3060495,0.25930545,1.1802664
AT3G10670,0.073836215,0.06256809,1.1800936
AT4G29840,0.07625915,0.06462384,1.1800466
AT2G38730,0.11129351,0.094331294,1.1798153
AT1G76860,0.07623434,0.06462217,1.1796931
AT1G76200,0.06513988,0.055223078,1.179577
AT5G35740,0.22001578,0.1865236,1.17956
AT5G58740,0.055110935,0.046723742,1.1795057
AT2G45920,0.12821136,0.10870058,1.179491
AT4G03260,0.062570274,0.0530534,1.1793827
AT5G64470,0.093384884,0.07918239,1.1793642
AT1G22400,0.2706236,0.22947682,1.1793067
AT1G55880,0.101246074,0.08585372,1.1792858
AT3G21260,0.27092248,0.22974187,1.1792473
AT5G63260,0.07219705,0.06122376,1.1792324
AT5G03970,0.100987144,0.08564472,1.1791402
AT1G63300,0.17218256,0.1460289,1.1790991
AT4G36650,0.11457283,0.09717246,1.1790668
AT1G02780,0.042929843,0.036413122,1.1789659
AT1G76920,0.07504104,0.06365043,1.1789557
AT1G50370,0.08679059,0.0736176,1.1789379
AT1G16210,0.05315642,0.045088414,1.1789372
AT3G51160,0.08307032,0.07046272,1.1789258
AT4G34740,0.12926622,0.10969247,1.178442
AT2G28370,0.06096507,0.051742252,1.1782451
AT1G17410,0.12595084,0.10689729,1.1782416
AT1G19920,0.09630315,0.08173958,1.1781702
AT2G02510,0.11878748,0.10082499,1.1781551
AT3G03340,0.060375907,0.051249858,1.1780695
AT5G51180,0.118575506,0.10066175,1.1779598
AT1G04140,0.065010406,0.055191748,1.1779006
AT1G76890,0.16798292,0.14261554,1.1778723
AT1G10320,0.13560005,0.11512366,1.1778642
AT1G18370,0.17517734,0.14873524,1.1777796
AT1G32690,0.21035285,0.17860404,1.1777608
AT5G06120,0.07497631,0.06366039,1.1777543
AT2G15860,0.059772708,0.050754182,1.17769
AT3G44200,0.08248929,0.07004372,1.1776828
AT2G28390,0.064087,0.054423448,1.1775621
AT5G27920,0.1443418,0.12257738,1.1775565
AT1G01920,0.07643098,0.0649091,1.1775078
AT2G48020,0.13361487,0.11347997,1.1774312
AT1G54090,0.08332786,0.07079632,1.1770083
AT4G25810,0.3304138,0.28075922,1.1768582
AT1G24390,0.23773116,0.20205803,1.1765488
AT3G06180,0.08858091,0.07528916,1.1765425
AT2G36350,0.09901142,0.08415845,1.176488
AT1G76405,0.11861451,0.100821815,1.1764766
AT2G29080,0.04791305,0.040727776,1.1764216
AT1G14610,0.068507366,0.058238856,1.176317
AT3G46640,0.26430723,0.22471644,1.1761811
AT5G47760,0.061665073,0.05243483,1.1760324
AT1G43810,0.25586098,0.21756321,1.1760305
AT1G66350,0.15805113,0.13439831,1.1759903
AT5G48330,0.09528395,0.08102454,1.1759886
AT1G50570,0.070360355,0.059840456,1.1757989
AT4G20430,0.15542331,0.13219127,1.1757455
AT1G35470,0.071205504,0.06056337,1.1757188
AT3G01330,0.24116568,0.20512617,1.1756943
AT3G43270,0.16588359,0.1410987,1.1756563
AT3G47620,0.10400992,0.08847372,1.1756023
AT5G65810,0.12252932,0.104234844,1.175512
AT3G15260,0.08665964,0.073725805,1.1754315
AT4G02840,0.062005214,0.052754316,1.1753578
AT3G54630,0.24620828,0.20948097,1.1753252
AT3G04520,0.090477355,0.07699152,1.1751599
AT1G01970,0.10159562,0.086456046,1.1751128
AT2G22680,0.12623745,0.10743819,1.1749774
AT5G58490,0.06134028,0.052217007,1.1747181
AT1G53720,0.08717911,0.07421428,1.1746944
AT5G53360,0.106795736,0.09091699,1.1746509
AT4G37250,0.083431,0.07103236,1.174549
AT1G18500,0.08956734,0.07625732,1.1745408
AT1G58290,0.18681125,0.15905733,1.17449
AT2G21320,0.31742552,0.27030814,1.1743098
AT4G32530,0.058070384,0.049454473,1.1742188
AT1G10950,0.070326045,0.059897967,1.1740972
AT3G07410,0.13933192,0.11868275,1.1739862
AT2G19350,0.13047937,0.11114527,1.1739533
AT3G23540,0.058807604,0.050094016,1.1739445
AT3G26400,0.05329201,0.045396887,1.173913
AT5G22330,0.082665704,0.07041989,1.1738969
AT4G32330,0.070960015,0.060450107,1.1738607
AT1G72840,0.16634859,0.14171363,1.1738361
AT2G35490,0.071309075,0.06075411,1.1737323
AT1G55760,0.1645712,0.14021416,1.173713
AT5G18470,0.26774454,0.22812316,1.1736841
AT5G11220,0.20677963,0.17619927,1.1735554
AT1G66740,0.10285174,0.08765128,1.1734196
AT1G77940,0.10501448,0.08949533,1.1734073
AT5G63670,0.090593375,0.07720706,1.1733819
AT3G15357,0.2007822,0.17112248,1.1733243
AT5G52200,0.09011288,0.07681336,1.1731405
AT3G50740,0.18700081,0.15940867,1.1730905
AT5G64140,0.10543161,0.08989269,1.1728606
AT1G55300,0.11379759,0.09703037,1.1728038
AT3G47810,0.050271407,0.04287171,1.1726006
AT4G17410,0.10014401,0.0854093,1.1725187
AT1G12410,0.05814308,0.04959122,1.1724467
AT1G16850,0.3654022,0.3116829,1.1723523
AT5G20730,0.05512074,0.04701925,1.1723013
AT1G16840,0.09191221,0.07840706,1.172244
AT3G43600,0.0918558,0.0783633,1.1721787
AT4G33580,0.088826835,0.0757794,1.1721764
AT5G59010,0.12344961,0.10533674,1.171952
AT1G13220,0.09749549,0.08319147,1.1719408
AT1G66210,0.2100045,0.17919493,1.1719332
AT5G41770,0.07561983,0.06452841,1.1718842
AT1G66260,0.051432073,0.043894023,1.1717327
AT5G66420,0.09523159,0.081278846,1.1716651
AT3G03440,0.18155348,0.15500249,1.1712939
AT1G16950,0.23122413,0.19745873,1.1709998
AT4G17730,0.108832516,0.09294352,1.1709532
AT1G53645,0.085260384,0.072814435,1.1709268
AT3G16330,0.22774889,0.19453254,1.1707494
AT1G05620,0.119522944,0.10210155,1.1706281
AT1G13690,0.06929864,0.05920998,1.1703876
AT1G28070,0.15841687,0.13536687,1.1702778
AT3G21700,0.17912892,0.15306854,1.1702528
AT1G22180,0.1392832,0.11902765,1.1701751
AT5G49510,0.060777333,0.05193924,1.1701618
AT2G02230,0.121565096,0.103891954,1.1701107
AT4G24780,0.15822795,0.13524087,1.1699713
AT1G32460,0.18590285,0.15892105,1.1697811
AT4G38120,0.14319655,0.12241691,1.1697447
AT2G31945,0.37047675,0.31674492,1.1696376
AT4G17640,0.06462558,0.055253524,1.169619
AT3G58560,0.07681126,0.065675505,1.1695571
AT5G42060,0.15901694,0.13598226,1.1693946
AT1G59710,0.12740304,0.108962305,1.1692395
AT3G18190,0.058949906,0.05041836,1.1692148
AT1G22410,0.08095784,0.069244936,1.1691517
AT2G44710,0.050369404,0.04308448,1.1690843
AT2G45910,0.075667396,0.06472393,1.169079
AT1G71730,0.07128111,0.060972013,1.169079
AT2G34480,0.06352864,0.054344915,1.1689894
AT1G03457,0.19023204,0.16276538,1.1687499
AT1G28060,0.069998555,0.05989195,1.1687471
AT5G63135,0.14830817,0.12689842,1.1687155
AT2G21690,0.21390352,0.18307045,1.1684217
AT5G66510,0.06497885,0.055614114,1.1683875
AT3G45100,0.06200491,0.053069603,1.1683693
AT1G08360,0.08307852,0.07111767,1.1681838
AT1G72440,0.12119749,0.10375225,1.1681432
AT1G16340,0.10778535,0.09227909,1.1680365
AT3G58670,0.10739615,0.09194727,1.1680188
AT1G02820,0.43930516,0.3762345,1.1676365
AT1G80790,0.07983697,0.06838561,1.1674527
AT1G33790,0.24817923,0.21259227,1.1673952
AT3G51390,0.064594276,0.05533482,1.1673348
AT1G50470,0.20058015,0.17182925,1.1673224
AT5G26731,0.23289336,0.1995369,1.1671693
AT3G32090,0.17360428,0.14874534,1.167124
AT3G57890,0.043647006,0.037399735,1.1670401
AT2G17700,0.07972082,0.06831792,1.1669092
AT1G61780,0.12523824,0.10732648,1.1668904
AT1G31812,0.053223893,0.045619015,1.1667038
AT1G64550,0.05871192,0.050325293,1.166648
AT2G34490,0.25087276,0.21503928,1.1666368
AT1G11840,0.07436628,0.06374871,1.1665534
AT1G28760,0.13390478,0.11478956,1.1665239
AT5G05690,0.0961911,0.08245991,1.1665195
AT4G01990,0.109854005,0.09417464,1.1664923
AT2G20950,0.10431459,0.089437395,1.1663419
AT4G16830,0.056017697,0.048032966,1.1662341
AT1G70060,0.0756616,0.064879484,1.1661867
AT5G52520,0.07638824,0.06551178,1.1660229
AT2G06925,0.25577757,0.21938376,1.1658909
AT3G55100,0.21158555,0.18152681,1.1655884
AT2G39550,0.07722441,0.06625612,1.1655437
AT3G29810,0.23221003,0.19923908,1.1654843
AT3G01850,0.08345026,0.07160436,1.1654352
AT4G37870,0.09730802,0.08349576,1.1654246
AT5G09390,0.08564685,0.07349595,1.1653274
AT1G20920,0.08362878,0.071771346,1.1652112
AT3G08950,0.10392244,0.08920296,1.165011
AT2G07170,0.18045758,0.15490115,1.1649853
AT3G15410,0.067939475,0.058323387,1.1648751
AT4G04180,0.14765221,0.12676321,1.1647874
AT5G15700,0.15544485,0.13345933,1.1647356
AT5G23530,0.16412066,0.14091417,1.1646851
AT1G20930,0.14136907,0.12138156,1.1646668
AT1G53140,0.17871413,0.15345186,1.1646266
AT3G15090,0.10236094,0.08789203,1.1646212
AT4G32520,0.057519995,0.049392834,1.164541
AT5G37850,0.07389827,0.063457474,1.1645321
AT1G21610,0.0786327,0.06752746,1.164455
AT1G74450,0.2145005,0.18420729,1.1644516
AT4G37210,0.06720762,0.057717595,1.1644214
AT2G41010,0.2005413,0.17223462,1.1643494
AT5G65870,0.30980858,0.26609397,1.1642826
AT3G52560,0.09532925,0.08187855,1.1642761
AT5G40830,0.15627694,0.1342567,1.1640158
AT4G12650,0.07666705,0.06586436,1.164014
AT3G60200,0.10390819,0.089280225,1.1638432
AT3G13560,0.13300222,0.11428027,1.1638248
AT2G07340,0.077565275,0.06664708,1.1638209
AT4G28910,0.05007224,0.043024544,1.1638062
AT1G13080,0.2862908,0.24600402,1.1637646
AT2G31670,0.09849476,0.08463616,1.1637431
AT4G05630,0.19926678,0.17124417,1.1636411
AT3G54190,0.06409699,0.055083442,1.1636342
AT3G17210,0.11768478,0.101139985,1.163583
AT1G68560,0.11850134,0.10185054,1.1634827
AT5G46570,0.12835073,0.11031613,1.1634811
AT3G56520,0.18653515,0.1603366,1.1633971
AT2G26760,0.19119956,0.16435021,1.1633666
AT5G44570,0.49645683,0.4267537,1.1633334
AT1G21440,0.12316367,0.1058735,1.1633096
AT3G57610,0.07470716,0.06422057,1.16329
AT2G20360,0.050700992,0.043587103,1.1632105
AT2G19420,0.20566846,0.17681706,1.1631708
AT2G34500,0.23512912,0.20217067,1.1630228
AT1G32940,0.17172192,0.14765231,1.1630154
AT2G40420,0.15330617,0.1318231,1.1629689
AT2G33600,0.07679575,0.066046126,1.1627592
AT5G19680,0.07279599,0.06260676,1.1627495
AT4G30020,0.12862314,0.11064063,1.1625308
AT1G21600,0.11671763,0.100402184,1.1625009
AT2G45200,0.0653848,0.056247473,1.1624484
AT1G62820,0.10912249,0.09387408,1.1624346
AT1G66070,0.09043156,0.07779926,1.1623703
AT3G08610,0.1038269,0.089325204,1.1623471
AT4G26860,0.0946621,0.08144083,1.162342
AT5G63690,0.1853014,0.15946189,1.1620418
AT2G48100,0.05111081,0.04398466,1.1620142
AT2G33450,0.11445075,0.09849611,1.1619824
AT5G43700,0.1489683,0.12822421,1.1617796
AT2G47900,0.046926007,0.040393747,1.1617143
AT3G22240,0.3147562,0.27106705,1.1611748
AT2G20580,0.053288195,0.045892406,1.1611546
AT5G10650,0.12881356,0.110945016,1.1610576
AT1G80245,0.1126938,0.09706507,1.1610129
AT1G65040,0.14145514,0.12184686,1.1609255
AT3G58470,0.07305066,0.062931955,1.1607879
AT3G59760,0.07994537,0.068886794,1.1605325
AT3G04090,0.075725235,0.06525222,1.1605003
AT1G15100,0.16091484,0.13866156,1.1604861
AT1G52200,0.29729927,0.25618526,1.1604854
AT5G07870,0.15393765,0.13265368,1.1604475
AT5G17270,0.13091801,0.11282844,1.160328
AT5G12120,0.0628638,0.054177795,1.1603237
AT3G54750,0.10667147,0.09193918,1.1602393
AT4G24680,0.066036545,0.05691683,1.1602286
AT2G01180,0.16295189,0.14044957,1.1602162
AT3G59430,0.13709663,0.11816675,1.1601962
AT1G47380,0.11831175,0.101982564,1.1601173
AT4G31160,0.08375398,0.07219493,1.1601088
AT3G19520,0.08780803,0.07569288,1.1600566
AT1G73730,0.07753501,0.06685764,1.1597029
AT3G09820,0.06026074,0.051964886,1.1596432
AT1G53280,0.0772384,0.06661266,1.1595153
AT4G31430,0.05909585,0.050966896,1.1594945
AT1G11770,0.21367188,0.18428627,1.1594563
AT3G60190,0.08613995,0.074299105,1.1593671
AT5G04470,0.12243573,0.10561142,1.1593038
AT1G30900,0.21992601,0.18972056,1.1592102
AT2G32170,0.062457755,0.05388401,1.1591146
AT5G42190,0.07397749,0.063825175,1.1590643
AT1G68820,0.089907885,0.0775828,1.1588635
AT4G16370,0.184874,0.15955226,1.1587049
AT5G60930,0.13803762,0.11913327,1.1586823
AT5G07520,0.27603227,0.23824683,1.1585978
AT3G51500,0.13360094,0.11531345,1.1585892
AT2G45810,0.06576316,0.05676169,1.1585833
AT4G24820,0.06906731,0.059613734,1.1585802
AT5G47240,0.38900805,0.33576372,1.1585767
AT3G24200,0.050125428,0.043272454,1.1583678
AT5G58440,0.05344212,0.04613848,1.158298
AT4G09160,0.12698184,0.109635286,1.1582204
AT1G53440,0.16775958,0.14485526,1.1581186
AT3G13222,0.07705101,0.06653624,1.1580306
AT5G55060,0.075067416,0.06482717,1.1579622
AT3G06080,0.16902809,0.14598829,1.1578194
AT5G13260,0.045726072,0.03949757,1.157693
AT1G20540,0.08224459,0.071041845,1.1576921
AT1G18160,0.051796693,0.044747204,1.1575401
AT4G36980,0.09187386,0.07937203,1.1575091
AT3G20130,0.20796849,0.17968816,1.1573856
AT2G02070,0.12007113,0.10374505,1.1573672
AT2G39390,0.124803945,0.10785894,1.1571033
AT5G20680,0.07169655,0.061962504,1.1570956
AT3G28970,0.06879189,0.0594533,1.1570741
AT1G27770,0.12856728,0.111122794,1.1569837
AT2G28720,0.23937958,0.20690368,1.1569613
AT1G24170,0.14077358,0.12169347,1.1567882
AT5G57020,0.061345074,0.053032763,1.1567389
AT3G15550,0.17726111,0.1532439,1.1567253
AT5G12030,0.4835078,0.41801563,1.156674
AT5G43810,0.115179084,0.09957813,1.1566705
AT4G18240,0.10901316,0.09425044,1.1566328
AT4G35920,0.09619217,0.08318975,1.1562983
AT1G59760,0.068033814,0.058839567,1.1562594
AT1G08700,0.056830775,0.049152482,1.1562135
AT2G17930,0.062591486,0.05413732,1.1561613
AT5G49820,0.086010225,0.07439969,1.1560562
AT5G36290,0.05234178,0.045278445,1.1559975
AT5G19970,0.27913815,0.24147412,1.1559753
AT5G48480,0.1413053,0.12227557,1.1556298
AT1G79750,0.041388895,0.03581694,1.1555672
AT5G21105,0.11467876,0.09924251,1.1555407
AT4G05050,0.06741989,0.058346283,1.1555128
AT3G18860,0.07025128,0.060796767,1.1555098
AT2G26430,0.056587253,0.048974443,1.1554443
AT5G23340,0.105163805,0.091020405,1.155387
AT1G08050,0.16843869,0.14581856,1.155125
AT4G13430,0.04929965,0.042683627,1.1550012
AT2G06500,0.18009356,0.1559345,1.1549307
AT3G24040,0.076020256,0.06582733,1.1548432
AT5G66930,0.088197134,0.07637979,1.154718
AT5G08420,0.07010952,0.060721695,1.1546038
AT2G21050,0.13720636,0.118838534,1.1545612
AT5G51600,0.18010676,0.15600224,1.1545138
AT4G11180,0.19558568,0.16941208,1.1544966
AT2G43800,0.16941689,0.14674647,1.1544869
AT2G42600,0.100240074,0.086826585,1.1544858
AT2G35860,0.19032052,0.16485773,1.154453
AT2G14850,0.06308809,0.054648425,1.1544354
AT4G29380,0.07314231,0.06336361,1.1543267
AT3G09970,0.091491036,0.079263575,1.1542631
AT2G43210,0.059370324,0.051439114,1.1541861
AT2G19710,0.081470765,0.07060265,1.1539334
AT4G27840,0.12521663,0.10851907,1.1538675
AT1G63480,0.12764718,0.110630415,1.1538162
AT4G27470,0.1640764,0.14221603,1.1537124
AT3G55070,0.071182124,0.06170032,1.1536748
AT3G51630,0.07700269,0.0667467,1.1536553
AT1G03970,0.08036128,0.06966663,1.1535116
AT4G26070,0.16488972,0.14294645,1.1535068
AT2G04900,0.09833318,0.08525175,1.1534446
AT5G14390,0.08590523,0.074478745,1.1534193
AT5G15510,0.19836314,0.17199498,1.1533076
AT5G47420,0.11784079,0.102180816,1.1532574
AT2G34710,0.10446427,0.09058355,1.1532366
AT1G07150,0.23057495,0.19994186,1.1532099
AT5G28290,0.123361096,0.10697703,1.1531549
AT3G49990,0.097670086,0.08469965,1.1531343
AT2G39170,0.09122156,0.079118825,1.152969
AT4G18100,0.21016812,0.1822954,1.1528986
AT1G47830,0.09859039,0.08553578,1.1526215
AT3G62810,0.070745215,0.061383005,1.152521
AT1G11090,0.29815838,0.25870246,1.1525147
AT5G14610,0.09791658,0.08496204,1.1524744
AT1G11700,0.24194428,0.20996265,1.1523205
AT1G09660,0.057931367,0.050278068,1.1522192
AT5G12400,0.08177329,0.070972696,1.1521795
AT4G02080,0.10866097,0.09431328,1.152128
AT5G17770,0.07464921,0.06479277,1.1521224
AT5G13220,0.39170685,0.34000108,1.1520753
AT1G55620,0.07368057,0.06395741,1.1520255
AT4G35570,0.1477679,0.12828116,1.1519064
AT3G14790,0.06329685,0.05495127,1.1518722
AT1G64790,0.075931855,0.06592089,1.1518632
AT5G13080,0.33888173,0.29424027,1.1517178
AT4G29670,0.09226959,0.080122836,1.1516016
AT1G69030,0.12578434,0.10923993,1.1514502
AT1G27100,0.094973825,0.08248606,1.1513922
AT4G05150,0.12194541,0.10591331,1.1513699
AT4G30930,0.07319713,0.06358328,1.1512008
AT4G26900,0.05897429,0.051233467,1.151089
AT1G10180,0.06115872,0.053137187,1.1509587
AT1G04200,0.09832043,0.08542825,1.1509123
AT2G16940,0.05337242,0.04639315,1.1504372
AT4G03960,0.178623,0.15527208,1.150387
AT4G24740,0.08788569,0.07640316,1.1502886
AT5G55960,0.114162736,0.0992493,1.1502622
AT1G31420,0.10008451,0.087017484,1.1501654
AT1G73250,0.08732236,0.075922325,1.1501539
AT4G02050,0.13437368,0.11684029,1.1500628
AT1G71020,0.109703176,0.095409095,1.1498188
AT2G29540,0.13845685,0.12042174,1.1497662
AT1G18260,0.06626155,0.05763732,1.1496291
AT1G80940,0.0783191,0.06812996,1.1495545
AT1G01770,0.12842007,0.111717895,1.1495031
AT1G72175,0.09212794,0.0801522,1.1494124
AT1G64280,0.078981586,0.068714924,1.1494094
AT1G05120,0.07765441,0.06756669,1.1493
AT4G36640,0.16566172,0.14415592,1.1491842
AT1G23040,0.15016104,0.13067316,1.1491345
AT4G21100,0.083918296,0.07303213,1.1490598
AT1G29850,0.053020477,0.046154927,1.1487498
AT3G06660,0.09462463,0.08237516,1.1487033
AT5G24440,0.16777152,0.14605717,1.1486701
AT5G53770,0.09092854,0.07917675,1.1484247
AT2G21195,0.08797482,0.076613404,1.1482953
AT5G66170,0.12974566,0.11299215,1.1482713
AT4G02800,0.21024784,0.18312539,1.1481086
AT1G27530,0.047832496,0.041664343,1.1480436
AT1G71390,0.3222965,0.280754,1.1479676
AT1G70710,0.17302327,0.15074107,1.1478176
AT4G38710,0.08626645,0.07515715,1.1478142
AT1G67320,0.10110865,0.088110864,1.1475161
AT2G39300,0.13387018,0.116661526,1.1475092
AT1G14900,0.087835126,0.07654472,1.1475008
AT5G54670,0.11674819,0.10174549,1.1474531
AT4G36900,0.15156882,0.13210016,1.1473778
AT5G07580,0.17576504,0.15320973,1.1472183
AT5G54850,0.14176878,0.123594955,1.1470433
AT4G01480,0.17742008,0.1546858,1.1469706
AT3G56860,0.06860503,0.05982514,1.1467589
AT2G37550,0.07395956,0.06449707,1.1467118
AT2G29020,0.07421003,0.064715765,1.146707
AT3G03520,0.14728789,0.12844732,1.1466792
AT2G15880,0.31583732,0.2754485,1.1466293
AT1G70790,0.09900993,0.08635825,1.1465023
AT2G29980,0.09885035,0.08622366,1.146441
AT1G25510,0.17107691,0.14925244,1.1462251
AT4G01720,0.16364403,0.14278156,1.1461145
AT2G43420,0.07624658,0.06652967,1.1460537
AT1G17720,0.05858909,0.051128175,1.1459254
AT3G43940,0.1767458,0.15425397,1.1458102
AT2G46230,0.090797804,0.07924642,1.1457653
AT1G15800,0.10261173,0.08955942,1.145739
AT2G33170,0.12955979,0.11307989,1.1457367
AT4G37880,0.07154641,0.062454823,1.1455704
AT5G57160,0.079345696,0.06926912,1.1454698
AT3G10380,0.06394612,0.055828,1.1454128
AT1G10210,0.10035922,0.08762433,1.145335
AT4G18340,0.18962942,0.16556683,1.1453345
AT3G10950,0.27499583,0.24010707,1.1453049
AT1G15000,0.28504533,0.24888256,1.1453004
AT3G58600,0.057301562,0.050035067,1.1452278
AT5G08300,0.056205228,0.04908377,1.1450876
AT3G56580,0.076274954,0.06661537,1.1450051
AT1G07110,0.0945673,0.08259301,1.1449794
AT1G33390,0.07977318,0.06967976,1.1448543
AT1G70570,0.055761904,0.04871508,1.1446536
AT1G79000,0.091884255,0.08027653,1.1445967
AT2G02370,0.10610773,0.092708826,1.1445266
AT1G20110,0.038715553,0.03382751,1.1444987
AT1G25380,0.05201753,0.045453988,1.1443994
AT4G05160,0.082877815,0.07242505,1.1443251
AT5G51840,0.08681235,0.07586515,1.144298
AT4G27230,0.10125848,0.08850216,1.1441356
AT3G50860,0.095508255,0.08347972,1.1440892
AT1G17680,0.067550875,0.059047338,1.144012
AT2G22910,0.07611104,0.06653734,1.1438844
AT1G49400,0.0967766,0.084606156,1.1438481
AT1G21830,0.15886031,0.13889332,1.1437576
AT1G72340,0.056013294,0.048974667,1.1437194
AT4G33420,0.27749416,0.24263531,1.1436676
AT1G67930,0.08668681,0.075802945,1.1435809
AT3G03740,0.042187102,0.036894135,1.1434633
AT2G19790,0.065849364,0.057590794,1.1434007
AT3G52240,0.07366682,0.06444927,1.14302
AT1G19130,0.07555206,0.06610536,1.1429036
AT1G54380,0.08512499,0.07448435,1.1428573
AT1G74660,0.14720374,0.12881772,1.1427288
AT1G30240,0.12717876,0.11130498,1.1426151
AT5G43760,0.1489139,0.13034883,1.1424259
AT1G71220,0.08945198,0.07830383,1.1423703
AT5G38110,0.12794808,0.11200738,1.1423182
AT4G00830,0.050210126,0.04396017,1.1421729
AT3G01640,0.07567612,0.06626038,1.142102
AT3G19720,0.09482601,0.08302803,1.1420963
AT5G17990,0.124710865,0.10920389,1.1420001
AT1G28260,0.15841034,0.13873044,1.141857
AT2G25490,0.09010752,0.07891757,1.1417928
AT4G00585,0.069742195,0.06108742,1.1416783
AT4G30190,0.095419355,0.08357867,1.1416711
AT1G60770,0.07182733,0.06291524,1.1416521
AT4G21410,0.1796044,0.15732256,1.1416315
AT3G56510,0.08163299,0.07151397,1.1414969
AT2G20420,0.05532018,0.04846467,1.1414535
AT1G26550,0.049486235,0.04335422,1.1414396
AT2G41230,0.40568644,0.35544658,1.1413429
AT4G27490,0.118660666,0.10397561,1.1412355
AT4G22310,0.1008424,0.088368714,1.1411549
AT1G04960,0.08138439,0.07132396,1.1410525
AT1G06670,0.08965393,0.07857378,1.1410158
AT4G18070,0.11630251,0.10192929,1.1410116
AT1G25490,0.057370607,0.050285053,1.1409075
AT4G10710,0.06387408,0.055990025,1.1408116
AT3G06035,0.17475218,0.15319109,1.1407462
AT5G06580,0.076311484,0.06689806,1.1407127
AT2G24290,0.10786559,0.09456007,1.1407095
AT5G51170,0.10514958,0.092179164,1.1407087
AT4G13750,0.1200318,0.10523036,1.1406574
AT1G31970,0.078702606,0.069005825,1.140521
AT5G05540,0.09945294,0.087205246,1.1404467
AT1G12080,0.17144378,0.15034775,1.1403147
AT5G08100,0.0614691,0.053910118,1.1402143
AT3G57320,0.13518813,0.1185689,1.1401651
AT3G25710,0.18781619,0.16473635,1.1401016
AT1G54030,0.11027023,0.096726835,1.1400169
AT5G15730,0.12459445,0.10929193,1.140015
AT1G78400,0.22987443,0.20164803,1.1399785
AT5G25900,0.07979804,0.070000365,1.139966
AT3G06980,0.1073298,0.0941529,1.1399521
AT5G09890,0.0859136,0.07538322,1.1396911
AT1G76930,0.26252085,0.23035875,1.1396173
AT4G24060,0.08347562,0.07326361,1.1393871
AT2G20930,0.09735459,0.0854449,1.1393844
AT2G01090,0.3666856,0.32184932,1.1393083
AT4G18590,0.13246529,0.1162755,1.1392365
AT2G36250,0.0728371,0.06393637,1.1392123
AT4G33080,0.079805784,0.07005473,1.1391917
AT2G16720,0.19345228,0.16981578,1.139189
AT3G49500,0.08776093,0.077038705,1.1391796
AT4G02360,0.3649197,0.32033876,1.1391681
AT5G58640,0.06779311,0.05951513,1.1390901
AT5G57850,0.084169224,0.07389266,1.1390741
AT2G47410,0.064175695,0.056343082,1.1390162
AT3G16230,0.08036748,0.070561655,1.1389681
AT1G26640,0.07864589,0.06906039,1.1387987
AT3G56150,0.048715126,0.042792045,1.1384152
AT5G57220,0.38716123,0.340108,1.1383479
AT2G28190,0.17141923,0.15058649,1.1383439
AT1G14400,0.049561836,0.04354609,1.1381463
AT4G37890,0.12581185,0.11056325,1.1379173
AT4G17840,0.1353571,0.1189577,1.137859
AT2G16660,0.29460946,0.25892058,1.1378372
AT5G03450,0.13770424,0.12104956,1.1375855
AT5G23730,0.22406514,0.19697855,1.1375103
AT3G22620,0.25987956,0.22846682,1.1374936
AT3G17740,0.08536847,0.07506568,1.1372502
AT5G47570,0.0481611,0.042350054,1.1372143
AT5G37520,0.1534069,0.13493773,1.1368717
AT3G07100,0.06421134,0.056489132,1.1367023
AT1G62380,0.1167873,0.10275581,1.1365517
AT3G17310,0.078524195,0.06909382,1.1364863
AT5G56150,0.091654815,0.08065463,1.1363862
AT5G46020,0.05119805,0.045054816,1.1363499
AT3G28730,0.0711457,0.062615246,1.136236
AT5G57860,0.09382701,0.08258084,1.1361836
AT1G56290,0.063269,0.055686306,1.1361678
AT4G04040,0.11580496,0.10193321,1.1360866
AT4G21270,0.15345743,0.1350983,1.1358945
AT1G65270,0.043209095,0.03804131,1.1358464
AT5G60950,0.25746602,0.2266777,1.1358241
AT3G57810,0.114806935,0.10110671,1.1355026
AT3G03270,0.24532652,0.21606019,1.1354544
AT3G07310,0.14570293,0.12832458,1.1354247
AT1G02475,0.17687073,0.15578234,1.1353707
AT5G08530,0.041740306,0.036771175,1.1351362
AT4G28395,0.2089511,0.1840784,1.13512
AT2G22170,0.120652355,0.10629502,1.1350706
AT3G42660,0.103904575,0.091541186,1.1350582
AT2G30970,0.06889314,0.060698085,1.1350132
AT3G12340,0.12159908,0.10713876,1.134968
AT3G15970,0.08023782,0.07069629,1.1349651
AT1G32640,0.36005002,0.31724006,1.134945
AT5G10940,0.07411784,0.06531172,1.134832
AT4G34050,0.10619581,0.09358044,1.1348077
AT5G60690,0.09925719,0.08746621,1.134806
AT1G75340,0.104292035,0.09191131,1.1347029
AT1G50140,0.058100365,0.05120463,1.1346699
AT3G17910,0.08432419,0.07432083,1.1345968
AT2G40700,0.11293145,0.09953608,1.134578
AT5G66240,0.051184766,0.045129213,1.1341822
AT1G31350,0.15395308,0.13574314,1.1341498
AT4G36520,0.12086828,0.10657448,1.1341202
AT4G30950,0.0879524,0.07756254,1.1339544
AT1G55810,0.13700497,0.12082759,1.133888
AT1G76690,0.21503726,0.18964799,1.1338757
AT3G18165,0.075618446,0.0666907,1.1338679
AT5G07220,0.072054796,0.063555144,1.1337365
AT5G23590,0.08979738,0.079217225,1.1335586
AT3G27530,0.0849766,0.074964896,1.1335517
AT4G39940,0.1741996,0.15368338,1.1334965
AT5G11420,0.19490968,0.17198974,1.1332633
AT4G21510,0.18740596,0.16537993,1.1331843
AT2G02480,0.12814425,0.11308826,1.1331348
AT1G53050,0.06265994,0.055298984,1.1331117
AT3G11800,0.10129378,0.08940818,1.1329362
AT5G09250,0.13892251,0.12262389,1.1329155
AT3G13410,0.070466556,0.06220457,1.1328194
AT2G46000,0.08315483,0.07340606,1.1328058
AT5G18280,0.06391796,0.05643041,1.1326861
AT4G02610,0.095982485,0.08473926,1.1326802
AT2G18360,0.2766281,0.2442331,1.1326396
AT2G04280,0.155855,0.13761675,1.1325291
AT3G06450,0.070020124,0.061846178,1.1321656
AT5G39340,0.10037972,0.08866486,1.1321251
AT5G23250,0.05559717,0.04911149,1.1320602
AT3G01370,0.1115949,0.09857891,1.1320362
AT3G27430,0.06744208,0.059579924,1.1319597
AT2G33570,0.19798689,0.17491044,1.1319329
AT4G39030,0.23859954,0.21083684,1.1316785
AT4G34555,0.12597369,0.11132028,1.1316328
AT4G19200,0.073642775,0.06508127,1.1315509
AT3G49210,0.17935875,0.15851639,1.1314838
AT1G63640,0.0922136,0.08149889,1.1314706
AT1G30690,0.10119428,0.089437634,1.1314507
AT3G52830,0.26141244,0.23107103,1.1313077
AT2G47930,0.21818876,0.19286749,1.1312884
AT1G05840,0.11018654,0.0974143,1.1311125
AT5G05800,0.092401266,0.08170007,1.1309813
AT3G23050,0.1195757,0.10573127,1.1309397
AT5G43960,0.064683475,0.057200983,1.1308103
AT2G19430,0.06587076,0.058251698,1.1307954
AT5G44250,0.09204165,0.08140162,1.1307102
AT3G29370,0.32885617,0.2908429,1.1307003
AT1G62790,0.10413281,0.09212055,1.1303971
AT2G44940,0.20427237,0.18072636,1.1302854
AT5G26360,0.08031152,0.07106857,1.1300567
AT4G12690,0.2071693,0.18332832,1.1300452
AT3G01780,0.080165744,0.07094194,1.130019
AT5G25475,0.14616112,0.12935445,1.1299272
AT4G20280,0.06255833,0.055365916,1.1299067
AT5G55580,0.12203726,0.10801106,1.1298589
AT1G05950,0.18053809,0.15979442,1.1298146
AT3G22480,0.076058686,0.0673297,1.1296453
AT4G02030,0.07584123,0.06713802,1.1296315
AT5G57410,0.11434432,0.1012287,1.1295642
AT1G68720,0.05697219,0.05044294,1.129438
AT5G41560,0.12928492,0.11447541,1.1293684
AT1G14120,0.37783915,0.33455902,1.1293647
AT3G61180,0.06302145,0.05580359,1.1293439
AT3G15680,0.1442663,0.12775573,1.1292354
AT3G10030,0.06303794,0.05582684,1.1291689
AT1G74560,0.089311466,0.07910077,1.1290845
AT1G23570,0.21447314,0.18995324,1.1290839
AT4G20400,0.052898616,0.046851195,1.129077
AT4G38100,0.14872983,0.1317368,1.1289922
AT2G37220,0.07661807,0.06786913,1.1289089
AT1G21160,0.09877568,0.08750062,1.1288568
AT1G72660,0.42941713,0.38041717,1.1288059
AT5G47310,0.058726907,0.05202614,1.1287959
AT3G19000,0.1366412,0.121058,1.128725
AT1G30090,0.073435135,0.065071575,1.1285285
AT1G48300,0.117151335,0.1038196,1.1284124
AT5G63130,0.2524871,0.22376306,1.128368
AT1G30620,0.11101743,0.09839092,1.1283299
AT3G60640,0.12592334,0.111603916,1.1283057
AT1G12680,0.061343297,0.054368515,1.128287
AT4G12790,0.07922857,0.07022879,1.1281493
AT2G04063,0.18497692,0.16396749,1.1281316
AT2G35790,0.09138001,0.08100486,1.1280805
AT4G33960,0.24880163,0.2205594,1.1280481
AT1G53520,0.18866408,0.1672684,1.1279122
AT4G10750,0.05949025,0.052744463,1.1278954
AT4G39830,0.2809347,0.24910337,1.1277835
AT4G02250,0.30030888,0.26629072,1.1277483
AT1G70190,0.07706432,0.068342626,1.1276171
AT5G05670,0.07635942,0.06771765,1.1276146
AT2G42380,0.28714404,0.25465137,1.1275966
AT2G31350,0.06975759,0.06186801,1.1275226
AT3G17710,0.11208856,0.099429965,1.1273116
AT1G70700,0.23225969,0.20603639,1.127275
AT3G11100,0.093303375,0.082770504,1.1272538
AT5G15810,0.07880389,0.069912575,1.1271775
AT5G23460,0.15723847,0.13949907,1.1271648
AT1G48480,0.137556,0.122039035,1.1271476
AT3G19450,0.12574628,0.11159657,1.1267934
AT1G48200,0.1264489,0.11222019,1.1267927
AT3G44720,0.11592218,0.10287915,1.12678
AT5G37780,0.099549256,0.08835015,1.1267581
AT4G28000,0.22480585,0.19954826,1.1265738
AT1G73760,0.1056154,0.09375687,1.1264817
AT5G63980,0.11612589,0.10309133,1.126437
AT3G31900,0.15737918,0.13972643,1.1263378
AT4G24440,0.067108974,0.059581634,1.1263363
AT5G54490,0.3451877,0.30647567,1.1263136
AT3G22440,0.06649418,0.05903841,1.1262865
AT5G02440,0.21662173,0.19234344,1.1262236
AT5G56740,0.06678957,0.059305742,1.1261903
AT4G28250,0.21311434,0.18924847,1.1261085
AT5G57120,0.13541299,0.12025868,1.1260142
AT2G17510,0.07557772,0.06712255,1.1259661
AT1G50660,0.06627045,0.058861315,1.1258742
AT5G38830,0.059264734,0.052652195,1.1255888
AT1G73650,0.1296049,0.11514908,1.12554
AT3G17020,0.071552604,0.06357662,1.1254547
AT4G23150,0.42002782,0.37321034,1.1254452
AT5G49880,0.06850098,0.060873784,1.125295
AT5G48150,0.064249404,0.057098288,1.125242
AT3G54810,0.15143189,0.1345794,1.1252233
AT4G32910,0.07828027,0.06957328,1.1251483
AT1G24190,0.07229267,0.064252615,1.1251318
AT5G13650,0.07297017,0.06485632,1.1251048
AT5G37930,0.07647197,0.0679747,1.1250062
AT5G04060,0.11261318,0.100103624,1.124966
AT4G35000,0.055859543,0.049664184,1.1247448
AT3G49670,0.13891025,0.12351018,1.1246866
AT1G10900,0.11436053,0.10168831,1.1246182
AT4G09570,0.113698326,0.10110055,1.1246064
AT4G25770,0.080488704,0.07157112,1.1245974
AT3G55840,0.25695142,0.22848724,1.1245766
AT5G63770,0.09494146,0.08442795,1.1245263
AT2G29450,0.23871443,0.21233916,1.1242129
AT4G08170,0.120470844,0.10716132,1.1242007
AT5G24650,0.050243553,0.04469555,1.1241285
AT3G60880,0.06803322,0.060531337,1.1239337
AT5G24400,0.07610316,0.06771377,1.1238948
AT3G07110,0.08071659,0.07182372,1.1238151
AT2G28570,0.18481642,0.16446574,1.123738
AT4G28270,0.18134373,0.16138755,1.1236538
AT1G07990,0.052079685,0.04634981,1.1236222
AT1G03590,0.10202046,0.090796456,1.123617
AT5G59830,0.06853654,0.060998335,1.1235803
AT5G48960,0.08740334,0.07779121,1.1235632
AT5G16550,0.100722164,0.08965049,1.1234981
AT4G18230,0.09819164,0.08739984,1.1234761
AT4G04770,0.11383903,0.10134216,1.1233135
AT4G35020,0.08303402,0.07392088,1.1232822
AT3G51950,0.08822492,0.07854327,1.123265
AT4G16140,0.22408088,0.19950238,1.123199
AT5G18780,0.12688911,0.11297369,1.123174
AT4G19640,0.0433503,0.03859965,1.1230747
AT1G58100,0.053404626,0.047555618,1.1229928
AT3G22950,0.09593644,0.08543856,1.1228704
AT4G39860,0.07182504,0.063969105,1.1228082
AT3G23750,0.071496435,0.06367876,1.1227673
AT4G01100,0.059985578,0.053426944,1.1227587
AT2G34970,0.07085875,0.06312983,1.1224288
AT1G06900,0.07669958,0.068333745,1.1224259
AT4G34160,0.1323804,0.117944,1.1224003
AT4G26940,0.063682325,0.056739192,1.122369
AT3G03890,0.07656951,0.06823176,1.1221974
AT4G13660,0.17019688,0.15167147,1.1221416
AT1G69980,0.08460145,0.075400345,1.1220299
AT1G76010,0.05824466,0.051912356,1.1219804
AT5G55300,0.09395342,0.08374217,1.1219367
AT4G02220,0.104126625,0.092813276,1.1218935
AT3G15210,0.114312366,0.10189332,1.1218827
AT5G57700,0.10719722,0.09555252,1.121867
AT2G26200,0.08140133,0.072573,1.1216475
AT2G22900,0.10643017,0.094887406,1.1216469
AT5G62530,0.08801434,0.078473665,1.121578
AT5G08280,0.111327134,0.099263586,1.1215304
AT5G44420,0.57514745,0.51283735,1.1215007
AT3G24460,0.27259198,0.24307212,1.1214448
AT3G26560,0.06784558,0.060498636,1.1214397
AT2G45680,0.31236407,0.27854162,1.1214269
AT5G67330,0.106013484,0.094536185,1.1214063
AT2G17290,0.109768994,0.09788838,1.1213689
AT5G51200,0.0854291,0.076187365,1.1213026
AT3G57240,0.4716708,0.42064896,1.1212932
AT4G29600,0.2924173,0.26082996,1.1211032
AT4G17650,0.095247306,0.08495972,1.1210877
AT4G17270,0.05583632,0.049813427,1.1209087
AT5G44800,0.07424855,0.066241264,1.1208805
AT3G09390,0.18159947,0.16202097,1.1208392
AT4G24110,0.29018047,0.2588961,1.1208376
AT4G35770,0.3838499,0.3424773,1.120804
AT5G64350,0.043603603,0.038904995,1.120771
AT3G20800,0.06646987,0.05932265,1.1204802
AT4G29890,0.09769956,0.08719662,1.1204512
AT5G63150,0.107300825,0.09576914,1.1204113
AT5G24450,0.06930829,0.06185967,1.1204113
AT1G09575,0.19214427,0.1715072,1.1203277
AT3G26410,0.1077872,0.09621316,1.1202956
AT3G04480,0.08914896,0.079578884,1.1202589
AT2G25610,0.08769481,0.078292996,1.1200849
AT1G54115,0.066415206,0.05929537,1.1200738
AT3G07880,0.059134867,0.052798,1.1200207
AT3G07890,0.06325567,0.056478944,1.1199865
AT5G66200,0.07088896,0.06329638,1.1199527
AT3G52490,0.14417605,0.12873888,1.1199106
AT2G44065,0.056104828,0.050099183,1.1198748
AT5G48120,0.07972132,0.07119405,1.1197748
AT4G19210,0.06357135,0.056774735,1.1197118
AT3G09650,0.11389991,0.101729564,1.1196343
AT5G16480,0.13095027,0.11696125,1.1196039
AT3G16170,0.10905604,0.097407065,1.1195905
AT1G76650,0.4240865,0.3788048,1.1195384
AT4G01860,0.09698659,0.08663637,1.1194673
AT5G50380,0.07208956,0.06439779,1.1194414
AT1G20950,0.08951847,0.07997374,1.1193482
AT1G15550,0.29244608,0.26127625,1.1192983
AT3G04910,0.10656184,0.09521271,1.1191975
AT4G39675,0.43790385,0.3913816,1.1188668
AT3G55410,0.071536675,0.06393688,1.1188638
AT4G25835,0.17126599,0.15307988,1.1188014
AT2G17670,0.10618319,0.094910994,1.118766
AT2G31040,0.096480004,0.08624239,1.1187073
AT5G48340,0.09377973,0.08382956,1.1186951
AT3G47850,0.06366742,0.056914292,1.118654
AT4G18700,0.099462554,0.08893232,1.1184071
AT2G31410,0.08357459,0.074731044,1.1183382
AT4G37240,0.28269136,0.25280395,1.1182237
AT2G36050,0.26337704,0.23555559,1.1181098
AT1G32340,0.079191975,0.07082796,1.1180891
AT3G45230,0.13475886,0.12054383,1.1179241
AT3G19420,0.04127193,0.03692012,1.1178706
AT5G02040,0.08534204,0.07634422,1.1178584
AT4G23690,0.12746917,0.11407028,1.1174616
AT3G09770,0.07216767,0.06458748,1.117363
AT2G25080,0.10994206,0.09839621,1.1173403
AT3G14205,0.09278844,0.08304441,1.1173351
AT3G02180,0.07762662,0.06948082,1.117238
AT3G42050,0.04254805,0.038086973,1.1171284
AT2G17410,0.05456079,0.04884683,1.1169769
AT5G59890,0.09541629,0.08543039,1.1168892
AT3G07270,0.073771395,0.06605372,1.1168393
AT5G55140,0.11287805,0.101076275,1.116761
AT3G29360,0.08063279,0.072203055,1.1167502
AT3G28200,0.14477032,0.12963729,1.1167336
AT4G28540,0.04484632,0.04016012,1.1166875
AT1G16000,0.15315458,0.13715181,1.1166792
AT3G47590,0.09328212,0.08354855,1.1165018
AT1G19120,0.10003541,0.08960037,1.1164619
AT4G15800,0.138685,0.12422923,1.1163636
AT2G46920,0.076452754,0.068485804,1.1163298
AT3G06790,0.06767493,0.060634147,1.1161189
AT2G43400,0.12904848,0.11563095,1.1160375
AT2G35920,0.062238567,0.055769894,1.1159884
AT1G78630,0.07759983,0.06954005,1.1159011
AT5G19820,0.069705784,0.062477108,1.115701
AT2G32020,0.27541232,0.24685267,1.1156951
AT1G22570,0.3375785,0.3026621,1.1153643
AT1G07890,0.07470049,0.066978134,1.1152965
AT4G21710,0.053040516,0.04755739,1.1152946
AT3G57560,0.07288022,0.06535257,1.1151853
AT5G23090,0.075883836,0.0680468,1.1151711
AT2G25010,0.051989842,0.04662153,1.1151463
AT2G29920,0.19725566,0.17689219,1.1151178
AT1G08315,0.09079383,0.08143382,1.11494
AT1G31120,0.09287618,0.08330564,1.1148845
AT5G24490,0.1390613,0.12474218,1.1147897
AT1G25420,0.048343234,0.043365896,1.1147751
AT5G07320,0.10883856,0.097634785,1.1147518
AT2G46170,0.10185647,0.09137281,1.1147349
AT3G26100,0.07402743,0.066411056,1.1146852
AT1G61790,0.1026198,0.09207185,1.114562
AT1G30120,0.067754954,0.060792163,1.1145341
AT1G74960,0.054656934,0.049044635,1.1144322
AT1G54460,0.09454723,0.08485628,1.1142042
AT2G01540,0.15509841,0.13921082,1.114126
AT3G03420,0.099845484,0.08962644,1.1140181
AT1G72710,0.044514842,0.039962467,1.1139159
AT5G42820,0.06390873,0.057373095,1.1139145
AT4G30850,0.13886678,0.12468989,1.1136972
AT5G05470,0.12409314,0.11143415,1.1136006
AT1G07260,0.13907127,0.124889396,1.1135554
AT1G19960,0.39372793,0.35359746,1.1134919
AT1G17460,0.16747856,0.15041131,1.1134704
AT2G34250,0.0787116,0.07069071,1.1134645
AT2G26920,0.057843935,0.051952366,1.1134031
AT2G22090,0.07272377,0.065316856,1.1133996
AT2G40930,0.0661874,0.059453033,1.1132718
AT5G65470,0.14303783,0.12849236,1.1132009
AT3G62260,0.15661007,0.14069754,1.1130973
AT2G38970,0.08935637,0.0802796,1.1130643
AT3G59280,0.08343095,0.07496145,1.1129847
AT5G64680,0.12100303,0.10872823,1.1128943
AT4G38940,0.12079855,0.10854457,1.1128935
AT5G53070,0.09433676,0.08477056,1.112848
AT5G01500,0.114758715,0.10312313,1.112832
AT2G47160,0.13033012,0.11711787,1.1128114
AT3G51000,0.11795708,0.10602132,1.1125787
AT5G04590,0.060742028,0.05460437,1.1124021
AT1G05960,0.07975892,0.07170728,1.1122848
AT5G05880,0.2231796,0.20065695,1.1122445
AT3G23960,0.1754587,0.1577585,1.112198
AT2G18920,0.19259067,0.17317724,1.1121014
AT3G52190,0.11012217,0.0990247,1.1120676
AT4G26630,0.06645821,0.059767157,1.1119518
AT2G02960,0.09839287,0.08849287,1.1118733
AT1G07610,0.25799647,0.23204792,1.111824
AT3G51670,0.0938266,0.084390104,1.1118199
AT1G04860,0.055431794,0.0498683,1.1115634
AT3G57080,0.07377998,0.06637694,1.1115302
AT5G36880,0.061311726,0.055171628,1.1112907
AT4G02340,0.08553377,0.076970786,1.1112497
AT1G65220,0.048442736,0.04359479,1.1112045
AT4G33630,0.06969476,0.06272137,1.1111803
AT3G53400,0.12484829,0.11236651,1.1110809
AT5G23610,0.07048134,0.06343746,1.1110364
AT1G21730,0.1280605,0.11527331,1.1109293
AT3G46740,0.052975096,0.047694534,1.110716
AT2G24590,0.07132655,0.06422091,1.1106435
AT5G01390,0.08298828,0.07472344,1.1106056
AT2G26150,0.4548687,0.4095774,1.1105806
AT1G49660,0.09927262,0.0893917,1.110535
AT5G23760,0.18665294,0.16807926,1.1105055
AT3G54360,0.053732447,0.048385885,1.1104982
AT1G78210,0.13723657,0.12358866,1.11043
AT5G47060,0.204829,0.18448879,1.1102517
AT1G79690,0.057560366,0.05184495,1.1102403
AT1G22550,0.1870287,0.16848953,1.1100315
AT1G69680,0.1280082,0.11533517,1.10988
AT2G20920,0.064835474,0.05842531,1.1097153
AT2G04450,0.3730566,0.33618802,1.1096666
AT3G54090,0.13767831,0.12407877,1.109604
AT1G25450,0.19798276,0.17842682,1.109602
AT2G38465,0.39502928,0.35603803,1.1095142
AT2G34590,0.080307014,0.07238201,1.1094885
AT5G50920,0.04632336,0.041753594,1.1094457
AT4G24520,0.047794234,0.043082375,1.1093683
AT4G23490,0.1257729,0.11338196,1.1092848
AT5G17060,0.11265894,0.10156014,1.109283
AT5G05030,0.16392955,0.14778022,1.1092793
AT1G03070,0.41066384,0.37021127,1.1092689
AT2G26800,0.07986111,0.07200264,1.1091413
AT1G71830,0.11998411,0.108177744,1.1091385
AT1G60780,0.05710368,0.051489364,1.1090381
AT5G06960,0.068533234,0.061816275,1.1086599
AT1G55520,0.097817436,0.08823083,1.1086535
AT5G19860,0.11042389,0.099613324,1.1085253
AT5G48140,0.25130168,0.22671795,1.108433
AT1G66410,0.06597317,0.059521627,1.1083897
AT5G20360,0.11255898,0.1015582,1.1083199
AT4G33430,0.0668173,0.060289714,1.10827
AT2G26890,0.06061956,0.054698076,1.1082574
AT5G49550,0.13527355,0.12206022,1.1082525
AT5G47050,0.095306434,0.08601421,1.1080312
AT3G13920,0.04462039,0.040273137,1.1079439
AT2G24050,0.07856375,0.0709192,1.1077923
AT5G23850,0.111586474,0.100745,1.107613
AT5G24670,0.116486765,0.1051793,1.1075065
AT5G45280,0.1392929,0.12579404,1.1073091
AT5G44210,0.20044753,0.18102686,1.1072805
AT1G36980,0.058318097,0.052670736,1.1072198
AT5G05750,0.13131948,0.1186043,1.1072066
AT3G18050,0.12650582,0.11426379,1.1071383
AT2G22880,0.44884712,0.40543345,1.1070796
AT4G35890,0.05144346,0.046472505,1.1069653
AT2G29995,0.13312645,0.1202665,1.1069287
AT1G08260,0.110875815,0.10017768,1.1067915
AT3G47340,0.3976293,0.35926652,1.1067808
AT2G43320,0.08346953,0.075433105,1.106537
AT5G41040,0.26318172,0.2378573,1.1064689
AT1G17080,0.0936945,0.08468911,1.1063346
AT4G14430,0.06532243,0.059045125,1.1063135
AT3G30220,0.1638573,0.14812239,1.1062291
AT5G47180,0.09314309,0.08419924,1.1062224
AT2G40490,0.07637449,0.06906442,1.1058441
AT1G69830,0.17515619,0.15839298,1.1058329
AT1G73820,0.11190316,0.10122067,1.1055366
AT2G41760,0.1470211,0.13298644,1.1055344
AT5G42740,0.064879104,0.058686364,1.1055224
AT4G39280,0.06412717,0.058009747,1.1054548
AT2G26170,0.20276745,0.18346217,1.1052275
AT4G34370,0.070964806,0.06421602,1.1050949
AT1G56190,0.07458217,0.06749924,1.1049333
AT3G45730,0.27465585,0.24861155,1.104759
AT1G18460,0.13761,0.12456129,1.1047573
AT5G05230,0.07683479,0.06955311,1.1046923
AT4G09930,0.16976719,0.15368332,1.1046557
AT1G47530,0.08630565,0.078132965,1.1045996
AT1G78550,0.095444165,0.0864186,1.10444
AT3G22780,0.06510733,0.058956914,1.1043203
AT4G27120,0.058544096,0.05301723,1.1042464
AT5G52770,0.3336959,0.30224898,1.104043
AT3G03000,0.12912267,0.11696778,1.1039165
AT5G14230,0.15308179,0.13867453,1.1038926
AT5G65630,0.092982315,0.08424293,1.1037401
AT1G30460,0.08846983,0.080159284,1.1036754
AT1G53030,0.17299964,0.15675719,1.1036152
AT1G05805,0.11468147,0.103915155,1.1036067
AT5G67580,0.06293213,0.05702573,1.1035742
AT5G02610,0.10503732,0.09518489,1.1035082
AT1G16920,0.094752654,0.08586999,1.103443
AT5G58220,0.06506292,0.05896795,1.1033604
AT3G09720,0.0912185,0.082681075,1.1032572
AT5G15520,0.11687713,0.10593898,1.1032494
AT3G01810,0.13614836,0.123408705,1.1032314
AT4G04510,0.2981315,0.27024502,1.1031896
AT4G14690,0.42435345,0.384735,1.102976
AT5G59430,0.08721336,0.07907713,1.1028897
AT5G38440,0.1422088,0.12896037,1.1027324
AT1G06210,0.07950015,0.07209421,1.1027259
AT1G26850,0.06284531,0.056996305,1.1026206
AT3G62180,0.25726295,0.23334883,1.1024822
AT1G47670,0.12153156,0.110259674,1.1022303
AT5G04620,0.10945025,0.09930381,1.1021756
AT3G30390,0.07884585,0.0715522,1.1019346
AT3G48570,0.13538271,0.1228644,1.1018871
AT1G20890,0.09848631,0.08938713,1.1017951
AT2G21290,0.06287653,0.057069056,1.101762
AT1G07230,0.059143495,0.053680837,1.1017616
AT5G25410,0.1716841,0.15583447,1.101708
AT2G31680,0.090291716,0.08195948,1.1016628
AT3G13120,0.11171759,0.101410024,1.1016424
AT1G09750,0.21762004,0.19757839,1.1014364
AT4G16060,0.09087594,0.0825249,1.101194
AT1G31690,0.31943488,0.29011708,1.101055
AT5G16450,0.103038706,0.093582615,1.1010453
AT1G71350,0.076460995,0.06945673,1.1008435
AT2G21440,0.08130265,0.07385511,1.1008397
AT5G17600,0.16436332,0.14933886,1.1006064
AT5G22840,0.070785895,0.064323805,1.1004617
AT4G26160,0.11882142,0.10797712,1.1004313
AT3G60380,0.08216237,0.07468772,1.1000786
AT5G58620,0.11698323,0.10634441,1.100041
AT5G58210,0.110121146,0.100124106,1.0998464
AT5G11070,0.20440376,0.18587033,1.0997115
AT2G32030,0.23201764,0.21101049,1.0995549
AT5G54160,0.11356671,0.10328626,1.0995336
AT2G45460,0.102788776,0.09350575,1.0992775
AT5G57150,0.12904835,0.11740492,1.0991732
AT5G22320,0.14000364,0.12739821,1.098945
AT3G05420,0.047570743,0.04329321,1.0988034
AT4G24380,0.24861996,0.22627117,1.0987699
AT4G16210,0.08104732,0.07376781,1.0986812
AT1G09200,0.11035515,0.10044689,1.0986418
AT4G17530,0.06509492,0.05925875,1.098486
AT5G59730,0.27972057,0.25464934,1.098454
AT5G35910,0.055950556,0.050939675,1.0983686
AT5G53570,0.059351068,0.054041572,1.0982481
AT4G37410,0.29777816,0.27117333,1.0981101
AT2G02860,0.09490847,0.08643521,1.09803
AT2G32720,0.13073203,0.11906844,1.097957
AT4G35780,0.092246555,0.084031485,1.0977618
AT1G22740,0.20472296,0.18649665,1.0977299
AT1G31280,0.1169604,0.106568,1.0975188
AT5G48360,0.1328358,0.1210398,1.0974555
AT4G38130,0.050785344,0.046275754,1.0974501
AT3G20830,0.114431545,0.10427229,1.09743
AT3G27230,0.09165497,0.08352351,1.0973552
AT1G15060,0.09414722,0.085796766,1.0973282
AT4G27380,0.09964542,0.09080845,1.0973144
AT5G54680,0.037393473,0.034078274,1.0972816
AT2G31800,0.11635168,0.106038265,1.0972612
AT2G32260,0.06389885,0.058234964,1.0972589
AT5G67260,0.109726004,0.100001454,1.097244
AT5G38895,0.12122039,0.1105027,1.0969902
AT2G04940,0.081963606,0.074721426,1.0969223
AT1G54830,0.047583904,0.04338,1.0969086
AT3G19290,0.06378239,0.05815003,1.0968589
AT3G10090,0.12575646,0.11465375,1.0968368
AT3G50650,0.16039221,0.14628258,1.0964545
AT4G35790,0.065036,0.059322562,1.0963112
AT5G06460,0.06813857,0.062155306,1.0962629
AT2G16200,0.20399599,0.18609336,1.0962023
AT1G13740,0.1575477,0.14374687,1.0960077
AT4G11560,0.05969351,0.054465834,1.0959806
AT1G17500,0.09058766,0.08265617,1.0959575
AT4G19150,0.06526109,0.05954753,1.0959494
AT3G17240,0.051180005,0.046700098,1.095929
AT5G10300,0.18643671,0.17012243,1.0958972
AT5G67200,0.15291724,0.13954115,1.0958575
AT2G15325,0.18793774,0.17150597,1.0958086
AT1G79630,0.103217214,0.09420026,1.095721
AT5G20600,0.06746731,0.061575692,1.0956807
AT3G55280,0.10471861,0.095579445,1.0956185
AT5G17460,0.27064988,0.24703328,1.0956008
AT3G57070,0.098907195,0.09028461,1.0955044
AT1G18390,0.109079234,0.09957358,1.0954635
AT3G01560,0.066173166,0.060429115,1.0950541
AT1G28490,0.083223954,0.07601996,1.0947645
AT5G10480,0.12413068,0.11338655,1.0947566
AT1G44770,0.07876789,0.07195916,1.0946193
AT2G28950,0.19168837,0.17512897,1.0945554
AT1G17145,0.122509256,0.111930534,1.0945114
AT2G42710,0.08520427,0.077846944,1.0945101
AT3G32930,0.07118791,0.0650459,1.0944257
AT3G11690,0.12390243,0.11321756,1.0943747
AT5G19750,0.10319425,0.09429546,1.0943713
AT4G21160,0.079717755,0.072868474,1.093995
AT4G15640,0.11339091,0.10365083,1.0939701
AT2G30990,0.15156959,0.13856953,1.093816
AT1G23820,0.050137825,0.045840196,1.0937521
AT3G54290,0.058673263,0.05365289,1.0935711
AT5G65900,0.11374657,0.10401857,1.0935217
AT1G61140,0.07438533,0.06802775,1.0934556
AT1G17210,0.05275256,0.048256226,1.093176
AT5G05450,0.09521496,0.08711577,1.0929704
AT3G13450,0.21879585,0.20021603,1.0927988
AT3G46070,0.3304611,0.3024099,1.092759
AT3G47833,0.10133222,0.09273789,1.0926732
AT3G50070,0.13683023,0.12523273,1.0926075
AT1G12430,0.124028996,0.113531895,1.0924594
AT3G45240,0.08389737,0.076799266,1.0924239
AT4G29490,0.04374318,0.04004592,1.0923251
AT2G29440,0.26210177,0.23997825,1.0921896
AT5G39320,0.1349884,0.123600475,1.0921348
AT5G51020,0.09298941,0.08514711,1.0921028
AT3G09370,0.1066853,0.09769164,1.0920616
AT3G29240,0.15908848,0.14567915,1.0920469
AT2G18170,0.13327566,0.122051604,1.0919615
AT5G12940,0.20917547,0.19159777,1.0917426
AT5G47070,0.14983702,0.13726063,1.091624
AT1G72520,0.3305752,0.3028329,1.0916092
AT1G08660,0.05953104,0.054537054,1.0915703
AT2G39580,0.09478821,0.086859755,1.0912787
AT1G69270,0.1340592,0.12285659,1.0911845
AT1G01100,0.059754916,0.054761533,1.0911839
AT1G66120,0.15925159,0.14595476,1.0911022
AT5G10360,0.044515405,0.040800486,1.0910505
AT5G16930,0.13152418,0.12056299,1.0909166
AT1G06850,0.1089272,0.09985405,1.090864
AT1G74020,0.10920567,0.10013177,1.0906194
AT5G55850,0.086184286,0.07903912,1.0904002
AT1G54390,0.06471642,0.05935577,1.0903137
AT5G61450,0.07980273,0.073204644,1.090132
AT3G49180,0.091769725,0.08418875,1.0900472
AT1G63460,0.087677844,0.0804404,1.0899726
AT1G80230,0.058441795,0.05362585,1.0898062
AT5G26040,0.12991762,0.119213134,1.0897927
AT3G20050,0.058084227,0.053304214,1.089674
AT4G26690,0.13149464,0.12067793,1.0896327
AT5G27720,0.047810756,0.043879427,1.0895936
AT5G35360,0.04805216,0.04410151,1.0895805
AT3G06760,0.1017414,0.093386345,1.0894675
AT5G35980,0.06676934,0.061286774,1.0894574
AT5G64400,0.06311811,0.057940066,1.0893687
AT1G64490,0.17186977,0.15782022,1.0890224
AT2G23450,0.079374686,0.07289025,1.0889615
AT1G18850,0.1297637,0.119168736,1.0889071
AT4G00630,0.08943399,0.082134925,1.0888667
AT1G73180,0.058316603,0.05355983,1.0888121
AT2G44310,0.12217477,0.11224523,1.0884628
AT5G11490,0.070518,0.064789765,1.0884125
AT5G27740,0.07459095,0.068540804,1.0882707
AT5G59950,0.057055563,0.05242843,1.0882559
AT5G35430,0.06397009,0.058792155,1.0880716
AT5G64440,0.06777201,0.062291067,1.087989
AT3G02540,0.06175016,0.056756407,1.0879855
AT5G40770,0.0671865,0.06175885,1.0878843
AT5G02560,0.14706801,0.13519505,1.0878209
AT1G13900,0.09067368,0.08335432,1.0878102
AT3G62330,0.08006798,0.07360644,1.0877849
AT4G14000,0.08537887,0.078489535,1.0877738
AT4G39570,0.08053725,0.07405051,1.0875988
AT4G10320,0.06660335,0.061249595,1.0874085
AT1G07970,0.058227204,0.05354699,1.0874037
AT3G49300,0.27811623,0.255766,1.0873854
AT5G19930,0.07980469,0.073391624,1.0873814
AT3G07860,0.14589532,0.13417245,1.0873715
AT3G45040,0.10485024,0.09644053,1.0872009
AT5G44380,0.19600357,0.18029158,1.0871476
AT3G13910,0.13246547,0.12185335,1.0870892
AT1G54150,0.07178825,0.06604146,1.0870178
AT5G19090,0.07656933,0.07045777,1.0867406
AT1G65720,0.09268199,0.08528614,1.086718
AT5G22630,0.1055403,0.09712793,1.0866112
AT5G16060,0.105605334,0.097187944,1.0866094
AT3G19640,0.05589944,0.051448427,1.0865139
AT1G16520,0.0779324,0.07172842,1.0864925
AT5G66750,0.09898483,0.09111852,1.0863304
AT5G44790,0.061662287,0.056762088,1.0863285
AT4G00590,0.09960457,0.091694154,1.0862695
AT1G72040,0.081394,0.07493288,1.0862254
AT5G11810,0.05209434,0.047961675,1.0861658
AT3G18170,0.19571918,0.18020429,1.086096
AT5G56140,0.076190464,0.07015328,1.086057
AT5G63010,0.09351868,0.08610941,1.0860448
AT1G27220,0.18892467,0.1739577,1.0860379
AT1G08830,0.11023614,0.10150392,1.0860282
AT5G45410,0.074812636,0.06890934,1.0856675
AT1G15420,0.09489666,0.08740969,1.0856537
AT5G43560,0.07460382,0.06872125,1.0856003
AT4G40030,0.08351626,0.076936446,1.0855227
AT5G07890,0.079679355,0.07340772,1.0854355
AT3G10860,0.08560654,0.07887262,1.085377
AT5G48655,0.09155007,0.08437955,1.0849793
AT5G38180,0.18200178,0.16775502,1.0849259
AT1G36160,0.074309655,0.068498924,1.0848294
AT4G36030,0.31452048,0.2899691,1.084669
AT2G39030,0.54260135,0.50024724,1.0846664
AT3G16950,0.122802004,0.11321903,1.084641
AT2G44950,0.06444279,0.059420813,1.0845152
AT2G36720,0.06708818,0.061860535,1.0845068
AT1G15350,0.0924418,0.08525084,1.0843505
AT5G03720,0.2755896,0.25415748,1.084326
AT5G03560,0.10068663,0.09286313,1.0842476
AT1G66140,0.12929946,0.11925706,1.0842079
AT2G47320,0.087726526,0.080922276,1.0840837
AT3G19770,0.05707819,0.052652027,1.0840642
AT3G10640,0.067808606,0.06255136,1.0840468
AT2G02050,0.106634066,0.09836801,1.0840318
AT5G62540,0.10606453,0.09784417,1.0840148
AT2G47700,0.07339586,0.067714274,1.0839052
AT1G43170,0.049628157,0.045788337,1.0838599
AT2G05170,0.071491756,0.06596845,1.0837264
AT1G50410,0.0802583,0.0740579,1.0837237
AT2G43760,0.087331146,0.080590196,1.0836447
AT2G34600,0.499924,0.4614091,1.0834724
AT3G06860,0.073688336,0.06801165,1.0834663
AT1G23020,0.22818655,0.21061157,1.0834473
AT5G61810,0.16367757,0.15107726,1.083403
AT5G04020,0.14982834,0.13830297,1.0833342
AT4G15910,0.14866011,0.13722602,1.083323
AT2G22780,0.052338537,0.048318084,1.0832077
AT1G02090,0.06761266,0.062426496,1.0830761
AT5G27840,0.073381364,0.06775672,1.0830122
AT4G26640,0.056986693,0.052626505,1.0828513
AT1G73540,0.300827,0.27781498,1.0828321
AT5G60200,0.10381802,0.09588516,1.0827329
AT5G06260,0.06510566,0.06013114,1.0827277
AT3G25800,0.05404739,0.049919687,1.0826867
AT4G36680,0.12220853,0.11287612,1.0826783
AT3G29791,0.225843,0.20862624,1.0825243
AT2G20780,0.07021299,0.064863585,1.0824715
AT5G52740,0.38949367,0.35982886,1.0824414
AT5G11650,0.14177214,0.13098182,1.0823802
AT5G52920,0.08267915,0.07638663,1.0823772
AT1G24100,0.14926441,0.13795528,1.0819767
AT1G31320,0.24817683,0.22937499,1.0819699
AT2G25620,0.12185125,0.11262852,1.0818862
AT2G01930,0.13048865,0.12061607,1.0818512
AT2G29510,0.06615019,0.061149094,1.0817851
AT3G43590,0.078073576,0.0721868,1.0815492
AT2G20330,0.056810692,0.05252766,1.0815384
AT2G47630,0.112895526,0.104388624,1.0814925
AT5G16380,0.16854942,0.15587878,1.0812851
AT3G15352,0.16483925,0.15245739,1.0812151
AT5G53330,0.07997698,0.07397961,1.0810678
AT2G48030,0.11291601,0.104457065,1.0809801
AT3G26210,0.28293127,0.2617805,1.0807958
AT1G22640,0.14170201,0.1311231,1.0806792
AT3G56950,0.09737006,0.090110734,1.08056
AT3G53520,0.051723536,0.047869194,1.080518
AT1G72730,0.11857022,0.10973566,1.0805076
AT2G10950,0.065371275,0.06050083,1.0805019
AT5G25590,0.09557655,0.088459924,1.0804502
AT5G64510,0.39391214,0.36461928,1.0803382
AT1G64720,0.08759082,0.081096485,1.0800815
AT2G26070,0.122108005,0.113068596,1.0799462
AT3G14430,0.14145043,0.13101433,1.0796561
AT5G63310,0.0878257,0.08135323,1.0795599
AT5G45700,0.23474546,0.2174486,1.0795444
AT5G03350,0.44198635,0.4094249,1.0795298
AT1G35190,0.09976147,0.092420615,1.0794287
AT4G11240,0.107303604,0.099408284,1.0794231
AT4G38630,0.04064355,0.03765369,1.0794039
AT5G45420,0.07914946,0.0733288,1.0793774
AT4G22010,0.12913437,0.11964896,1.0792769
AT4G11280,0.26530358,0.24582861,1.0792216
AT1G77230,0.11297986,0.10470904,1.0789886
AT3G02080,0.058270324,0.054023914,1.0786022
AT3G48150,0.08509784,0.07889786,1.0785823
AT5G10160,0.11627212,0.10781314,1.0784595
AT1G53730,0.1199405,0.11122563,1.078353
AT4G10450,0.13746889,0.12748091,1.0783488
AT4G30935,0.06169846,0.05721711,1.0783216
AT1G17050,0.16369432,0.15183848,1.0780818
AT3G29575,0.19937368,0.18493485,1.078075
AT1G54520,0.06692755,0.06208619,1.0779779
AT3G18035,0.059040494,0.054770704,1.0779573
AT5G52280,0.1852897,0.17191355,1.0778073
AT5G02270,0.16584787,0.15387581,1.0778033
AT4G02510,0.057844963,0.053674318,1.0777025
AT5G03240,0.14204486,0.13183463,1.0774472
AT5G63810,0.1664249,0.15448834,1.077265
AT3G24503,0.10269994,0.0953372,1.0772284
AT2G32580,0.06179883,0.057370458,1.0771888
AT3G29350,0.09754698,0.090558566,1.07717
AT1G49230,0.37240574,0.34575552,1.0770782
AT4G14770,0.13816719,0.128295,1.076949
AT5G15070,0.1466894,0.13621378,1.0769056
AT5G38170,0.24678615,0.22917375,1.0768516
AT5G12200,0.08424336,0.07823859,1.0767493
AT1G01550,0.099180505,0.092114046,1.0767142
AT3G02770,0.08372129,0.077765115,1.0765917
AT1G14340,0.089394294,0.083035484,1.0765793
AT1G04950,0.069146894,0.064234175,1.0764812
AT2G26240,0.06872187,0.063840985,1.0764536
AT5G64160,0.088619724,0.08233241,1.0763649
AT1G13280,0.09827862,0.091317914,1.0762249
AT4G35110,0.14113583,0.1311635,1.0760297
AT2G39420,0.20147002,0.18725473,1.0759141
AT3G22660,0.10443342,0.09707029,1.0758535
AT1G77060,0.12942538,0.120311834,1.0757493
AT3G57410,0.06545832,0.060858198,1.0755874
AT4G12490,0.5639706,0.5244456,1.0753653
AT4G19420,0.18722934,0.17411357,1.0753287
AT1G49290,0.18851793,0.17531483,1.0753107
AT4G36210,0.06258105,0.05820531,1.0751774
AT4G17620,0.06253832,0.05816582,1.0751728
AT4G30480,0.052443948,0.048779238,1.0751282
AT1G03220,0.16250776,0.15121566,1.0746753
AT3G04810,0.11327915,0.10540879,1.0746651
AT1G26770,0.3144227,0.29259402,1.074604
AT4G11360,0.20200588,0.18798688,1.0745742
AT1G12200,0.15994112,0.14884716,1.0745324
AT1G75810,0.09476309,0.08819049,1.0745273
AT5G64610,0.057602752,0.053611007,1.0744574
AT3G60830,0.085090905,0.07919765,1.0744119
AT2G31820,0.07116626,0.06624366,1.0743103
AT4G35450,0.047962483,0.04464643,1.0742733
AT2G40950,0.082132556,0.076475814,1.0739676
AT5G41600,0.09476041,0.08824443,1.07384
AT1G15380,0.21733476,0.20240994,1.0737356
AT1G14890,0.15602653,0.14532337,1.0736506
AT5G62640,0.060249712,0.05611879,1.0736101
AT3G56800,0.07620118,0.07097738,1.0735979
AT4G08790,0.10356919,0.09647899,1.0734894
AT5G56870,0.32849127,0.30602407,1.0734165
AT5G47910,0.13263826,0.12360688,1.0730653
AT1G59990,0.12482819,0.11634153,1.072946
AT3G55520,0.07193505,0.06705486,1.0727789
AT5G44300,0.16871202,0.15727276,1.0727351
AT3G20920,0.053744487,0.050108794,1.0725558
AT3G07580,0.1271987,0.118605115,1.0724553
AT1G44910,0.08551102,0.07974811,1.0722638
AT5G67190,0.16662465,0.15539937,1.072235
AT2G23310,0.07097299,0.06619437,1.0721905
AT5G37370,0.048540197,0.04528197,1.0719539
AT5G04830,0.07453072,0.06953223,1.0718873
AT1G22360,0.1257401,0.11732481,1.0717263
AT5G52550,0.08041505,0.07503555,1.0716926
AT5G25460,0.2212134,0.206416,1.0716872
AT2G44510,0.12556972,0.11717104,1.0716786
AT4G15430,0.22145987,0.206656,1.0716352
AT2G23680,0.27780527,0.25923496,1.071635
AT3G02560,0.09471876,0.088396,1.0715276
AT3G59650,0.10972933,0.10241188,1.0714511
AT1G70900,0.115163244,0.10750445,1.0712416
AT5G13710,0.066968255,0.06251997,1.0711497
AT2G16280,0.13979283,0.13051224,1.0711088
AT2G36320,0.081603356,0.07619097,1.0710369
AT5G61670,0.07702747,0.07192248,1.0709789
AT5G65280,0.16858383,0.15741333,1.0709627
AT5G33290,0.16205908,0.15132852,1.070909
AT1G48630,0.111224905,0.103872046,1.0707875
AT5G66070,0.13732897,0.12825286,1.0707672
AT1G26740,0.11686218,0.10915183,1.0706387
AT5G22790,0.07263198,0.067846656,1.0705314
AT1G19870,0.056362864,0.052649826,1.070523
AT1G75100,0.18825322,0.17587171,1.0704007
AT3G43810,0.052607168,0.049148943,1.0703619
AT4G22720,0.06905005,0.06451276,1.0703316
AT4G39220,0.082585424,0.07716139,1.0702946
AT5G55970,0.2118389,0.19793767,1.0702302
AT4G35985,0.17212756,0.16084453,1.0701486
AT3G23390,0.106782794,0.099787824,1.0700984
AT2G25170,0.052923825,0.049463924,1.0699477
AT1G28280,0.085298695,0.0797255,1.0699047
AT3G15480,0.09693637,0.09061375,1.0697753
AT2G19480,0.05792805,0.054158933,1.0695934
AT4G22540,0.08091585,0.07565526,1.0695337
AT4G10250,0.5029347,0.47025338,1.0694972
AT1G01710,0.062230814,0.058192853,1.0693891
AT3G26520,0.11931085,0.11158751,1.0692133
AT5G01980,0.06553083,0.06130377,1.0689526
AT1G10700,0.08373672,0.07834602,1.0688062
AT1G25230,0.16680849,0.15608038,1.0687344
AT3G51520,0.0842383,0.07882776,1.0686374
AT2G35110,0.065469325,0.061264902,1.0686268
AT3G60210,0.07416343,0.069416985,1.0683757
AT5G12390,0.08730325,0.081725724,1.0682468
AT1G09840,0.068619266,0.0642471,1.0680522
AT1G12930,0.121173926,0.11346645,1.0679272
AT4G11790,0.08561934,0.080188125,1.0677308
AT4G20860,0.20058306,0.18787542,1.0676385
AT5G12330,0.18280976,0.17123923,1.0675693
AT3G22530,0.18951754,0.17754225,1.0674503
AT2G19540,0.074193135,0.06950833,1.0673991
AT1G21900,0.09383486,0.08791241,1.0673676
AT1G65660,0.085467145,0.080078594,1.0672907
AT2G37130,0.18881138,0.17692488,1.0671837
AT4G38890,0.07420283,0.06953406,1.0671434
AT5G11790,0.12730287,0.119296834,1.0671102
AT3G42390,0.14838755,0.13906401,1.0670449
AT2G37520,0.079861656,0.074848555,1.0669764
AT4G15475,0.07099832,0.0665444,1.0669315
AT5G02810,0.21792516,0.20426406,1.0668795
AT4G03020,0.067747794,0.06350237,1.0668545
AT3G26720,0.05871398,0.055036303,1.0668225
AT3G01720,0.105722845,0.099107906,1.0667447
AT1G17860,0.24281971,0.22764075,1.0666794
AT1G67660,0.14873864,0.13945702,1.0665553
AT4G17010,0.093166165,0.08735921,1.066472
AT4G29190,0.1966877,0.18444002,1.0664046
AT3G52470,0.09568573,0.089737676,1.0662826
AT2G39960,0.08150407,0.07643758,1.0662826
AT1G74030,0.08427971,0.07904148,1.0662718
AT3G28480,0.10912444,0.10235727,1.0661131
AT5G41400,0.18374231,0.17236051,1.0660348
AT1G20330,0.07894855,0.07407392,1.0658076
AT4G26610,0.073797084,0.069241405,1.065794
AT2G01600,0.057142746,0.053616993,1.0657579
AT3G62030,0.12571326,0.11797136,1.0656252
AT3G11270,0.09478286,0.08894653,1.0656161
AT5G12210,0.076834776,0.07211188,1.0654938
AT3G60520,0.17727718,0.1663811,1.0654886
AT3G60600,0.060222972,0.056528732,1.0653514
AT5G52900,0.29677376,0.2785968,1.0652447
AT5G53420,0.18398331,0.17272814,1.0651611
AT4G36180,0.12496285,0.11735755,1.0648044
AT4G04920,0.076870024,0.072193325,1.0647801
AT1G79260,0.09064271,0.08514105,1.0646181
AT1G18270,0.10912827,0.102509506,1.0645672
AT1G71080,0.063358106,0.059521172,1.0644631
AT1G55840,0.07592738,0.071335286,1.0643733
AT1G49300,0.04364004,0.041003704,1.0642948
AT2G03690,0.060111314,0.05648049,1.0642843
AT2G19270,0.049545873,0.046556734,1.064204
AT3G61190,0.2283279,0.21455519,1.0641918
AT3G17300,0.10700727,0.100563064,1.0640812
AT2G16640,0.085900016,0.08074986,1.063779
AT3G12010,0.09795364,0.09208463,1.0637349
AT2G22360,0.08137497,0.07649949,1.0637321
AT1G75400,0.07234525,0.06801515,1.0636636
AT4G29735,0.09869788,0.09280257,1.0635252
AT3G48170,0.03676613,0.03457634,1.0633316
AT4G01660,0.108630724,0.10216157,1.0633227
AT4G36040,0.158054,0.1486432,1.0633112
AT5G20900,0.054092664,0.050875384,1.0632383
AT5G09840,0.18795328,0.17681105,1.0630176
AT5G53540,0.06445447,0.060640126,1.0629011
AT1G01830,0.09603407,0.09035622,1.0628384
AT1G31770,0.1520759,0.14308727,1.0628191
AT2G41660,0.15571333,0.1465113,1.0628076
AT3G29170,0.10627005,0.09999025,1.0628041
AT1G64380,0.28152245,0.26490313,1.0627373
AT4G04830,0.20369324,0.19168459,1.0626479
AT4G10925,0.09491227,0.08931737,1.0626405
AT2G38160,0.2147865,0.20213524,1.0625881
AT3G63200,0.12225246,0.115055785,1.0625494
AT2G44670,0.20360899,0.19166766,1.0623022
AT4G11420,0.047521412,0.044736587,1.0622492
AT1G04430,0.08481675,0.079848446,1.0622215
AT5G40200,0.06263192,0.058966197,1.0621663
AT2G01950,0.125215,0.11789338,1.0621036
AT4G39690,0.06336985,0.05966823,1.0620364
AT1G48110,0.06333624,0.059640333,1.0619696
AT3G63420,0.07826602,0.07370934,1.0618194
AT5G55130,0.06463229,0.06087022,1.0618045
AT1G25320,0.13857701,0.13054653,1.0615143
AT1G19450,0.19215442,0.18105498,1.0613042
AT1G11390,0.07958698,0.07499763,1.0611931
AT5G10020,0.082769305,0.07799714,1.0611837
AT1G72020,0.09907576,0.09336963,1.0611132
AT1G75560,0.05913748,0.055734664,1.0610536
AT1G72090,0.07756031,0.07309761,1.0610512
AT3G63090,0.11472632,0.10813636,1.0609411
AT3G14270,0.091125324,0.085898,1.0608549
AT3G03020,0.19293821,0.18189037,1.0607389
AT5G40930,0.09647707,0.090953074,1.0607345
AT3G07360,0.10150114,0.095749654,1.0600679
AT5G14660,0.1288774,0.12157772,1.0600412
AT2G42520,0.0813047,0.07670398,1.05998
AT5G19690,0.068097405,0.06425065,1.059871
AT4G37320,0.14308317,0.1350031,1.0598508
AT4G21450,0.045882314,0.043296445,1.0597245
AT1G67230,0.060826153,0.057401244,1.0596659
AT1G64090,0.059680313,0.05632479,1.0595742
AT4G13250,0.17063327,0.16104108,1.0595635
AT2G16780,0.06973363,0.06581661,1.0595139
AT1G05860,0.08551097,0.08071373,1.0594351
AT5G09650,0.06453116,0.060915858,1.059349
AT3G05830,0.13404366,0.12656975,1.0590496
AT4G11570,0.094262905,0.08901416,1.0589652
AT1G73850,0.16060463,0.15168764,1.0587851
AT4G37640,0.09487376,0.08962093,1.0586115
AT5G25520,0.053130403,0.050190803,1.0585682
AT2G47940,0.079605,0.07520338,1.0585294
AT1G72550,0.06381317,0.06028701,1.0584894
AT1G70620,0.07567296,0.07149342,1.0584605
AT1G02305,0.086896844,0.082099184,1.0584372
AT5G25630,0.09223721,0.08716807,1.0581536
AT5G61760,0.07446777,0.07038297,1.0580367
AT3G06740,0.11869633,0.11219305,1.057965
AT4G26000,0.058081236,0.0549014,1.0579188
AT2G25760,0.067015775,0.06334905,1.0578811
AT5G67510,0.08098103,0.07655677,1.0577905
AT1G21670,0.16356783,0.15465942,1.0576
AT5G65670,0.048640788,0.045992676,1.0575765
AT1G26690,0.11496419,0.108706,1.0575697
AT2G31960,0.067695074,0.06401056,1.0575609
AT3G24180,0.0615247,0.05817821,1.0575212
AT3G15980,0.060988706,0.057678208,1.0573958
AT4G39150,0.07767556,0.07346104,1.0573707
AT2G44080,0.288086,0.27253067,1.0570773
AT1G29050,0.13189505,0.12478248,1.0569997
AT1G32880,0.3035757,0.28723124,1.0569035
AT3G27960,0.14433087,0.13657479,1.0567899
AT2G36130,0.05886171,0.055703852,1.0566899
AT3G17090,0.052652895,0.049830515,1.0566393
AT5G65620,0.049484592,0.046833333,1.0566102
AT1G51380,0.22129369,0.20944756,1.0565588
AT2G36910,0.069910936,0.06616952,1.0565428
AT4G02200,0.1642875,0.15549661,1.0565342
AT1G77000,0.15072788,0.1426663,1.0565065
AT5G43460,0.08109979,0.076771215,1.0563828
AT5G65010,0.16365367,0.154926,1.0563344
AT1G12270,0.06513989,0.06166997,1.0562657
AT3G02580,0.09228764,0.08737723,1.0561978
AT4G23860,0.09522965,0.09016417,1.0561805
AT1G29760,0.06777194,0.064167805,1.0561672
AT4G20870,0.112835884,0.10683714,1.0561484
AT2G03890,0.101991974,0.0965764,1.0560755
AT2G25460,0.25723997,0.24363142,1.0558571
AT5G24870,0.13606888,0.12889476,1.0556586
AT2G25500,0.28493437,0.26993966,1.0555484
AT2G27040,0.08092678,0.07666821,1.0555453
AT1G03280,0.059687022,0.056546222,1.0555438
AT2G32600,0.050734267,0.048072513,1.0553693
AT5G41060,0.10108849,0.095799334,1.0552107
AT3G61430,0.101138026,0.095849775,1.0551722
AT3G13235,0.076592036,0.07258977,1.0551353
AT1G23850,0.22282943,0.21118619,1.0551325
AT2G36850,0.07100323,0.06730671,1.0549203
AT5G22450,0.056713562,0.053766057,1.0548208
AT1G52600,0.08454299,0.08015511,1.0547422
AT4G30890,0.054316245,0.05150059,1.0546721
AT5G57300,0.084861234,0.08046497,1.0546356
AT3G26980,0.12955765,0.122849464,1.0546049
AT2G29660,0.106390335,0.10089139,1.0545036
AT2G01910,0.11890895,0.11278021,1.0543423
AT3G02780,0.05516082,0.052318748,1.054322
AT3G18130,0.10814097,0.10257998,1.0542111
AT2G32730,0.043132603,0.04091538,1.0541902
AT1G65295,0.15215714,0.14434053,1.0541539
AT4G10330,0.10385134,0.09852438,1.0540674
AT4G31000,0.20564803,0.19510086,1.05406
AT2G38450,0.073719084,0.069950595,1.0538734
AT1G12970,0.07607694,0.07218826,1.0538685
AT1G07080,0.08374719,0.07948257,1.0536547
AT4G25890,0.07192455,0.06826415,1.053621
AT5G58650,0.16340026,0.15512462,1.0533483
AT1G69690,0.13750638,0.13055009,1.0532844
AT1G21980,0.11320854,0.10748354,1.0532639
AT2G38670,0.09729436,0.09237537,1.05325
AT1G55690,0.10779573,0.102352485,1.0531813
AT3G48990,0.07535632,0.0715573,1.0530905
AT5G41180,0.105911866,0.10057336,1.0530807
AT3G15850,0.105685964,0.10036254,1.0530418
AT3G13360,0.069394216,0.065904595,1.0529494
AT3G45590,0.106568635,0.10121635,1.0528796
AT5G04420,0.050130926,0.047614723,1.0528448
AT3G61600,0.04190764,0.039809402,1.0527067
AT1G26400,0.24558108,0.23329572,1.0526599
AT4G39140,0.08592923,0.08163999,1.0525384
AT3G28690,0.07632109,0.07251253,1.0525227
AT5G49500,0.14568496,0.13841511,1.052522
AT2G16600,0.07467303,0.070952,1.0524442
AT5G25940,0.06189599,0.058820497,1.0522859
AT3G51850,0.06940747,0.065964974,1.0521866
AT2G42300,0.0781202,0.074262306,1.0519495
AT1G31170,0.07991729,0.075970925,1.0519456
AT3G15430,0.05895338,0.056043416,1.0519232
AT5G63320,0.104695514,0.09955725,1.0516111
AT1G03310,0.13531218,0.12868582,1.0514925
AT2G34890,0.15999544,0.15216231,1.0514786
AT3G15010,0.08540651,0.08122836,1.051437
AT1G44760,0.12974507,0.12341558,1.0512859
AT4G32340,0.25442287,0.24204674,1.0511311
AT1G27050,0.094432384,0.08986246,1.0508546
AT1G75670,0.124060236,0.118065074,1.0507784
AT2G07690,0.14262462,0.13574226,1.0507015
AT1G77130,0.08295936,0.078957796,1.0506797
AT2G18330,0.090201415,0.08585199,1.0506618
AT5G42000,0.084852956,0.080763035,1.050641
AT2G35620,0.09111404,0.08672877,1.050563
AT1G01650,0.075244725,0.071633145,1.0504177
AT3G54010,0.063476115,0.06043053,1.0503979
AT1G08370,0.05795639,0.05517697,1.0503726
AT5G61150,0.0472637,0.045001447,1.0502704
AT2G20820,0.050378524,0.047970723,1.0501928
AT1G15120,0.09868476,0.09398685,1.0499847
AT4G29900,0.072470285,0.06902116,1.0499719
AT5G09420,0.13056123,0.12434768,1.0499691
AT1G72740,0.055328257,0.0527149,1.0495751
AT3G17390,0.06898561,0.06572813,1.0495598
AT3G53410,0.11326735,0.107928686,1.0494646
AT1G65430,0.057976216,0.055246588,1.0494078
AT1G52710,0.15531325,0.14802064,1.0492674
AT5G47210,0.051117636,0.048718534,1.0492439
AT5G04250,0.17300384,0.16494133,1.048881
AT3G26860,0.2384203,0.2273196,1.0488329
AT5G58730,0.09038316,0.086175054,1.0488319
AT5G38160,0.27078366,0.25821984,1.0486555
AT2G16835,0.21398287,0.20406201,1.0486168
AT2G46180,0.07402434,0.07059248,1.0486151
AT4G14760,0.11744038,0.11202076,1.0483804
AT4G40080,0.15835938,0.15108685,1.0481347
AT3G21630,0.071931735,0.068641655,1.0479311
AT2G02090,0.06294491,0.060067095,1.0479099
AT5G08590,0.052910954,0.05049294,1.0478879
AT3G52850,0.046358105,0.044243872,1.0477856
AT5G47040,0.07673515,0.0732422,1.0476902
AT5G10520,0.16424757,0.15677294,1.047678
AT1G62770,0.21953297,0.20955321,1.0476239
AT3G19930,0.15176348,0.14488965,1.0474417
AT5G10240,0.06324904,0.06038757,1.0473849
AT1G18450,0.06706434,0.0640314,1.0473663
AT5G54760,0.07445638,0.07112987,1.0467665
AT5G15750,0.13413683,0.12816016,1.0466342
AT2G01650,0.08670689,0.08284665,1.046595
AT2G34930,0.2963897,0.2832123,1.0465283
AT5G39050,0.25616026,0.24479206,1.0464401
AT4G39640,0.1266426,0.12103218,1.0463548
AT5G63905,0.093222454,0.089092724,1.0463531
AT5G02820,0.12360258,0.118127935,1.046345
AT5G54310,0.05631187,0.05381867,1.0463258
AT2G17880,0.2513023,0.24018747,1.0462756
AT4G30996,0.10324719,0.098692484,1.0461503
AT1G43160,0.3371965,0.3223582,1.0460305
AT5G58100,0.05731473,0.05479382,1.046007
AT2G14170,0.1024693,0.09796633,1.0459645
AT1G58200,0.09218193,0.088145636,1.045791
AT3G01430,0.14604159,0.13964751,1.0457871
AT5G61880,0.13155742,0.12579818,1.0457815
AT3G50340,0.13311324,0.12728643,1.045777
AT2G40410,0.056639872,0.054161847,1.045752
AT1G21760,0.08603149,0.08227192,1.0456967
AT3G55020,0.06504306,0.062208183,1.0455706
AT5G06970,0.08600315,0.08225907,1.0455157
AT1G79200,0.11724512,0.11216117,1.0453272
AT3G26440,0.14337008,0.13716383,1.0452468
AT3G06850,0.15716657,0.15036629,1.0452247
AT4G34135,0.24672544,0.23609312,1.0450344
AT1G04770,0.2095133,0.20048633,1.0450253
AT3G15220,0.07353201,0.07038008,1.0447843
AT1G07240,0.07727528,0.073967636,1.0447174
AT1G15940,0.1024197,0.09804966,1.0445695
AT1G55680,0.04818223,0.046128806,1.0445148
AT2G36880,0.08522161,0.08159698,1.0444211
AT5G06320,0.16308987,0.1561586,1.044386
AT1G65260,0.05848066,0.056003865,1.0442252
AT2G01250,0.063188024,0.06051452,1.0441793
AT1G19310,0.10126833,0.09698739,1.044139
AT3G62300,0.088622585,0.084882386,1.0440632
AT2G25800,0.077396885,0.07413335,1.0440223
AT1G52760,0.079208955,0.075877056,1.0439117
AT5G15830,0.29651198,0.28404638,1.0438858
AT5G65420,0.20126617,0.19281188,1.0438473
AT5G05170,0.067727365,0.06488702,1.0437737
AT5G16210,0.0562159,0.0538624,1.0436945
AT2G20060,0.058167506,0.055735487,1.0436348
AT1G15230,0.06815102,0.06530746,1.043541
AT2G41420,0.07654829,0.07335832,1.0434847
AT2G01470,0.07729056,0.07407006,1.043479
AT3G50590,0.074031346,0.07095333,1.0433807
AT4G28300,0.06462468,0.06195824,1.043036
AT3G20320,0.072155885,0.069189884,1.0428674
AT3G24450,0.23529796,0.22569111,1.0425663
AT3G58180,0.07076156,0.06787563,1.0425178
AT5G16260,0.08919392,0.08556008,1.042471
AT2G25910,0.046492286,0.044602465,1.0423701
AT1G75200,0.07255845,0.06961332,1.0423068
AT5G46190,0.09456067,0.09074054,1.0420994
AT3G54140,0.12255387,0.11760669,1.0420654
AT3G09410,0.095405675,0.09155507,1.0420578
AT5G44560,0.15626498,0.14996009,1.0420437
AT2G17550,0.12852629,0.12334309,1.0420226
AT4G18360,0.14260243,0.13685209,1.0420185
AT2G15960,0.3145404,0.3018823,1.0419306
AT5G42830,0.29811618,0.28612033,1.0419259
AT3G04600,0.064444244,0.06186087,1.0417608
AT1G20200,0.0457655,0.04393142,1.0417484
AT1G07530,0.0661266,0.06347936,1.0417023
AT5G40910,0.12840238,0.1232652,1.0416758
AT1G67430,0.05845118,0.056113623,1.0416573
AT5G26850,0.087627016,0.08412772,1.041595
AT1G63130,0.13805702,0.13255261,1.0415262
AT2G20960,0.11876349,0.11403432,1.0414715
AT5G54080,0.1686407,0.16194944,1.0413169
AT2G42390,0.10193407,0.09791568,1.0410392
AT2G38770,0.08126363,0.07806487,1.0409757
AT4G24800,0.09047956,0.08691979,1.0409546
AT1G75500,0.12159154,0.11681074,1.0409276
AT4G17190,0.08838165,0.084916264,1.0408094
AT2G33580,0.2294035,0.22042118,1.0407506
AT1G62045,0.18143365,0.17434804,1.0406405
AT1G33970,0.12479582,0.119925335,1.0406126
AT3G07370,0.084601335,0.081306,1.0405298
AT4G02430,0.12313369,0.11834384,1.0404739
AT1G29280,0.10780415,0.10361134,1.0404665
AT1G02020,0.14558682,0.13992907,1.0404328
AT1G14290,0.1369392,0.13162094,1.0404058
AT1G20030,0.27782482,0.26703593,1.0404024
AT5G17850,0.19381365,0.18629931,1.0403347
AT5G60410,0.112357214,0.108023286,1.0401202
AT2G42620,0.090205856,0.08673045,1.0400712
AT5G13810,0.08515462,0.08187429,1.0400654
AT5G42100,0.10768706,0.10354827,1.0399696
AT5G58190,0.084232815,0.08099668,1.0399538
AT5G52210,0.0897976,0.08635481,1.0398679
AT4G32620,0.053200863,0.05116439,1.0398023
AT5G22250,0.18805604,0.18088369,1.0396516
AT5G66160,0.061042197,0.058725428,1.0394506
AT3G01690,0.07354688,0.070758015,1.039414
AT4G14385,0.08513648,0.08190956,1.039396
AT2G02560,0.06915274,0.06653553,1.0393354
AT2G06990,0.07120779,0.06851568,1.0392917
AT5G61170,0.0622433,0.059893005,1.0392414
AT4G32040,0.062559925,0.060197797,1.0392393
AT3G23170,0.20760904,0.19977047,1.0392379
AT4G39730,0.13016328,0.12526648,1.039091
AT5G25110,0.26718986,0.25721845,1.0387663
AT3G54260,0.18357703,0.17676553,1.038534
AT1G79210,0.073673375,0.07095124,1.0383662
AT1G73720,0.061093677,0.058836438,1.0383644
AT2G19860,0.12436661,0.11977714,1.0383166
AT2G01190,0.084045105,0.08095089,1.0382233
AT2G43570,0.37429452,0.3605375,1.038157
AT4G27780,0.052337594,0.050417256,1.0380887
AT2G30860,0.09503911,0.09155351,1.0380716
AT1G72450,0.22077906,0.21271662,1.0379021
AT1G17690,0.08051926,0.07759818,1.0376436
AT1G16280,0.10365485,0.099895716,1.0376304
AT2G27960,0.092287324,0.08895874,1.037417
AT2G47890,0.19279751,0.1859385,1.0368885
AT3G54480,0.068567455,0.06613647,1.036757
AT5G18140,0.09375269,0.09046416,1.0363517
AT2G15580,0.094294004,0.09098931,1.0363195
AT3G05360,0.20281017,0.19572158,1.0362176
AT2G34750,0.09138914,0.088196814,1.0361954
AT3G21200,0.072961055,0.07043092,1.0359235
AT2G42750,0.094378114,0.09112973,1.0356456
AT4G27652,0.30982068,0.2992207,1.0354253
AT3G06400,0.05689953,0.054954596,1.0353914
AT2G16070,0.075801834,0.07321926,1.0352716
AT1G02205,0.34761122,0.33577526,1.0352497
AT1G20580,0.05249871,0.050720006,1.0350689
AT3G63080,0.077263,0.074648306,1.0350267
AT3G48520,0.32566258,0.31466076,1.0349641
AT5G40390,0.1791442,0.17309843,1.0349267
AT3G54850,0.07525318,0.07271941,1.034843
AT5G24270,0.18246779,0.17632611,1.0348313
AT4G01320,0.083716184,0.08091314,1.0346425
AT5G60850,0.11573526,0.11186292,1.0346168
AT3G18710,0.23006168,0.2224058,1.0344229
AT2G25900,0.23410544,0.22633249,1.034343
AT2G28940,0.14062554,0.13595784,1.0343318
AT2G19385,0.11342607,0.10967462,1.0342052
AT3G22670,0.21362954,0.20657703,1.0341398
AT3G49810,0.102812074,0.09942353,1.0340818
AT1G50430,0.061800964,0.059785634,1.033709
AT3G20015,0.11995684,0.11605509,1.0336198
AT4G33780,0.084847875,0.08208854,1.033614
AT1G71695,0.13472585,0.13037667,1.0333585
AT1G62970,0.10409584,0.100745514,1.0332552
AT2G05920,0.09561626,0.0925584,1.033037
AT2G27680,0.07356742,0.07121586,1.03302
AT5G06570,0.23593833,0.22842497,1.032892
AT5G11510,0.16381633,0.1586257,1.0327224
AT1G71820,0.04612255,0.044663083,1.032677
AT1G74910,0.08210428,0.0795077,1.0326581
AT5G56770,0.19170535,0.18565078,1.0326126
AT5G14040,0.051025808,0.049415275,1.0325916
AT2G21580,0.06332112,0.061325144,1.0325472
AT3G62710,0.24599819,0.23825915,1.0324816
AT1G21380,0.065893516,0.06382102,1.0324734
AT4G03210,0.28697515,0.27796414,1.0324179
AT2G01150,0.22555807,0.21850076,1.0322987
AT5G20620,0.059332196,0.05748571,1.0321206
AT5G43260,0.14066218,0.13629605,1.032034
AT4G34138,0.18906821,0.18319988,1.0320323
AT4G02940,0.11686092,0.113240376,1.0319722
AT3G63400,0.056098957,0.054361653,1.0319581
AT3G03310,0.10454735,0.1013128,1.0319263
AT5G13020,0.042818002,0.04149361,1.0319177
AT1G70040,0.15932426,0.15439932,1.0318973
AT5G57590,0.12833734,0.12437342,1.0318711
AT5G22440,0.10068342,0.09758224,1.03178
AT1G62960,0.103623815,0.10044172,1.031681
AT1G80910,0.06038282,0.058533434,1.0315952
AT1G03430,0.12581737,0.12197192,1.0315273
AT5G10840,0.0707181,0.06856082,1.0314652
AT4G32250,0.07982236,0.077401295,1.0312793
AT1G09620,0.06047619,0.058642328,1.0312718
AT1G20510,0.16249646,0.15757343,1.0312427
AT5G47890,0.08373733,0.08120451,1.0311905
AT3G07680,0.06967624,0.06758297,1.0309732
AT5G02770,0.077399835,0.07507473,1.0309705
AT3G13860,0.0896742,0.08699701,1.0307733
AT5G53450,0.18368174,0.17819835,1.0307711
AT1G15400,0.06492632,0.06299098,1.0307239
AT3G57530,0.15154876,0.14704089,1.0306572
AT5G54855,0.09754576,0.09464558,1.0306424
AT1G29220,0.075033836,0.07280376,1.0306313
AT5G25190,0.35911986,0.34847146,1.0305574
AT1G10140,0.14682247,0.14247178,1.0305371
AT2G22425,0.091552146,0.08885807,1.0303189
AT4G28480,0.06862402,0.066606656,1.0302876
AT3G01320,0.09286577,0.09014439,1.030189
AT5G40500,0.2556045,0.24811968,1.0301661
AT2G40830,0.05718517,0.05551196,1.0301412
AT5G08610,0.121232495,0.11770272,1.0299888
AT1G51660,0.109076716,0.105906345,1.0299355
AT4G29700,0.22123827,0.21484558,1.0297548
AT2G05990,0.0808394,0.07851472,1.0296081
AT1G69840,0.13075091,0.12699369,1.0295858
AT5G40810,0.044480417,0.04320591,1.0294982
AT1G68620,0.27142012,0.26365453,1.0294536
AT5G65640,0.17066468,0.16579542,1.029369
AT1G79670,0.09451862,0.0918387,1.0291805
AT5G17030,0.32254925,0.3134097,1.0291617
AT1G72630,0.10105553,0.098194875,1.0291324
AT2G30870,0.117872074,0.11454181,1.0290747
AT2G21940,0.090215854,0.08766871,1.0290542
AT3G08970,0.29780206,0.2894305,1.0289242
AT4G18030,0.08140394,0.07911585,1.0289207
AT4G02440,0.096339665,0.09365052,1.0287147
AT3G62390,0.13813837,0.13429807,1.0285952
AT3G49590,0.0724791,0.07046807,1.0285381
AT1G77180,0.04877516,0.047425907,1.0284494
AT3G56990,0.08549347,0.08315068,1.0281751
AT5G05200,0.09427352,0.09170984,1.0279542
AT3G23600,0.061113637,0.059453625,1.027921
AT4G34950,0.31350818,0.30501896,1.0278318
AT3G26730,0.05019232,0.048834037,1.027814
AT1G56450,0.05459798,0.0531236,1.0277536
AT1G51590,0.061505213,0.059855156,1.0275673
AT5G25560,0.10521352,0.102397494,1.0275009
AT3G28720,0.07454952,0.07255585,1.0274776
AT1G10590,0.05109572,0.04973035,1.0274552
AT5G12440,0.08949804,0.08714471,1.0270048
AT2G32710,0.09697139,0.09442299,1.0269891
AT1G03780,0.20168048,0.19639851,1.0268941
AT5G05190,0.14554562,0.14173481,1.0268868
AT5G64180,0.1042557,0.10153404,1.0268053
AT5G50000,0.043917876,0.042776182,1.0266896
AT3G02350,0.062751204,0.061133306,1.0264649
AT4G25370,0.05074946,0.049442425,1.0264353
AT3G52090,0.10548928,0.102778405,1.0263758
AT1G31930,0.07101503,0.069190264,1.026373
AT2G22470,0.17883918,0.17425252,1.0263218
AT2G17630,0.121026054,0.11793088,1.0262456
AT3G54670,0.071155295,0.0693368,1.0262269
AT2G03730,0.15012667,0.14630768,1.0261023
AT5G05210,0.10402516,0.10138072,1.0260842
AT2G21470,0.06521064,0.06355531,1.0260454
AT1G51070,0.09242381,0.090087615,1.0259324
AT2G14900,0.21345016,0.20807765,1.0258197
AT1G29160,0.1741775,0.16979617,1.0258033
AT2G36830,0.11070017,0.10791931,1.0257678
AT5G12470,0.06918202,0.06744634,1.0257341
AT1G10490,0.09821462,0.09575078,1.0257317
AT3G01220,0.20126426,0.19623616,1.0256226
AT3G12130,0.043755997,0.042664975,1.0255716
AT5G49560,0.1558374,0.15195656,1.025539
AT3G11900,0.13711971,0.13370802,1.0255159
AT5G11960,0.05963783,0.058154568,1.0255053
AT4G38060,0.17144515,0.16722219,1.0252535
AT3G27390,0.087680414,0.085521445,1.0252447
AT1G72800,0.18749373,0.18287721,1.0252438
AT3G06380,0.073233075,0.07143607,1.0251553
AT5G65270,0.0667052,0.06506923,1.0251418
AT4G35850,0.097534604,0.095178925,1.02475
AT3G19130,0.04938458,0.048192136,1.0247433
AT1G24625,0.11594129,0.113146,1.0247052
AT3G14090,0.082899354,0.08090387,1.0246648
AT1G22850,0.09069465,0.08851274,1.0246507
AT5G60800,0.1950268,0.1903911,1.0243483
AT5G02010,0.12775661,0.124723546,1.0243182
AT5G58600,0.18187813,0.17757773,1.0242169
AT1G48240,0.0800867,0.07821641,1.0239116
AT5G13310,0.065318264,0.06379348,1.0239017
AT1G23390,0.20261939,0.1979097,1.023797
AT2G25970,0.049538415,0.048389442,1.0237441
AT1G11910,0.0483027,0.047187228,1.023639
AT3G06610,0.05413163,0.05288603,1.0235523
AT5G16830,0.072977886,0.07130474,1.0234647
AT5G51670,0.11966664,0.11693548,1.0233561
AT2G03510,0.07976774,0.07794751,1.0233519
AT3G25150,0.06348289,0.06203573,1.0233277
AT4G10280,0.19428197,0.189871,1.0232313
AT4G01850,0.049148057,0.048039988,1.0230653
AT4G18950,0.14974771,0.14641854,1.0227373
AT3G11910,0.059147064,0.057833027,1.022721
AT5G09670,0.11183041,0.10935674,1.0226202
AT1G22040,0.092378676,0.09036036,1.0223362
AT5G66650,0.20484693,0.20038775,1.0222527
AT5G41210,0.063802354,0.062414337,1.0222386
AT3G08600,0.12561755,0.122888684,1.022206
AT3G07010,0.18117647,0.17724483,1.0221819
AT4G17260,0.15819828,0.15477169,1.0221395
AT1G24340,0.11522285,0.11275147,1.0219188
AT3G06770,0.1834515,0.17953117,1.0218364
AT1G27320,0.087359235,0.08550073,1.0217366
AT5G04720,0.105581924,0.10333836,1.0217108
AT1G70230,0.13647051,0.13358459,1.0216036
AT5G28840,0.07885149,0.07719701,1.0214319
AT5G59220,0.293083,0.28694904,1.0213765
AT4G26720,0.052389897,0.051308457,1.021077
AT3G63460,0.05738175,0.05619841,1.0210563
AT1G68550,0.13339141,0.13064407,1.0210291
AT5G11430,0.069566794,0.06814031,1.0209343
AT4G14500,0.057671566,0.05648981,1.0209196
AT3G02090,0.038762227,0.03797109,1.0208349
AT2G14610,0.5966659,0.5845377,1.0207484
AT3G47860,0.17876567,0.17517468,1.0204993
AT3G53930,0.07152088,0.07008918,1.0204268
AT4G34760,0.24477859,0.23989238,1.0203683
AT2G34680,0.086530216,0.08480952,1.0202888
AT1G65820,0.09081051,0.08900673,1.0202656
AT3G09320,0.082580045,0.08094178,1.02024
AT3G12980,0.06978825,0.06841586,1.0200595
AT4G17790,0.0853452,0.08366962,1.0200261
AT4G38660,0.1130088,0.11079099,1.0200179
AT5G62550,0.1560352,0.1529818,1.0199591
AT4G30580,0.07403596,0.07259317,1.0198749
AT1G33050,0.09538483,0.09354139,1.0197071
AT5G13610,0.078786746,0.07726619,1.0196794
AT1G02080,0.054870576,0.053813897,1.0196356
AT1G47200,0.08983085,0.08811094,1.0195198
AT4G11220,0.08912413,0.08742706,1.0194112
AT3G19260,0.09328312,0.091508895,1.0193884
AT3G21110,0.1046184,0.10263805,1.0192944
AT2G27050,0.066936344,0.06568663,1.0190253
AT4G32390,0.0817214,0.08021186,1.0188193
AT2G32060,0.108105816,0.106126666,1.0186489
AT4G32420,0.05532732,0.054316897,1.0186021
AT5G06360,0.090606734,0.08895258,1.0185958
AT3G46030,0.09153002,0.08987283,1.0184392
AT2G44620,0.096986875,0.09524262,1.0183138
AT3G15530,0.08259997,0.08111723,1.0182788
AT1G10200,0.093706205,0.092028014,1.0182356
AT3G11250,0.07077965,0.06951396,1.0182076
AT4G24240,0.097966984,0.09621648,1.0181934
AT1G07830,0.06738138,0.06617864,1.018174
AT3G14890,0.14343695,0.14088537,1.018111
AT4G16260,0.26321962,0.2585449,1.018081
AT1G53165,0.070724025,0.06947448,1.0179856
AT5G62710,0.097865485,0.096138045,1.0179683
AT1G45976,0.058179416,0.057153057,1.0179579
AT5G04290,0.075034186,0.07371131,1.0179466
AT1G54920,0.06469953,0.06356206,1.0178953
AT2G34120,0.23615564,0.23202474,1.0178037
AT3G52060,0.13977839,0.1373483,1.0176928
AT4G27410,0.21809433,0.21430379,1.0176877
AT3G18820,0.0564249,0.055448193,1.0176146
AT5G43100,0.053435046,0.05251509,1.0175177
AT1G69620,0.048953425,0.04811338,1.0174595
AT5G16910,0.08101096,0.07962225,1.0174412
AT1G60940,0.054759014,0.05382044,1.0174388
AT4G23810,0.2770621,0.2723319,1.0173693
AT5G19550,0.095770046,0.094140306,1.0173117
AT1G72670,0.16071771,0.15799597,1.0172266
AT4G00150,0.1107282,0.108862735,1.0171359
AT1G80040,0.040188145,0.03951148,1.0171255
AT5G27700,0.10957852,0.107735306,1.0171087
AT3G27100,0.08322512,0.08183556,1.0169798
AT3G22790,0.12956834,0.12740853,1.0169517
AT2G38360,0.1362208,0.13396266,1.0168563
AT5G59960,0.10797929,0.10619704,1.0167824
AT5G04430,0.059968926,0.058981903,1.0167341
AT1G20640,0.12920384,0.12708916,1.0166392
AT3G52890,0.04939326,0.04858601,1.0166146
AT1G43580,0.07808779,0.07681812,1.0165281
AT4G16280,0.076095216,0.07486547,1.016426
AT3G48880,0.07130968,0.07015914,1.0163989
AT4G23493,0.34095147,0.3354606,1.0163682
AT3G49490,0.06117017,0.06018811,1.0163163
AT5G62200,0.12876709,0.12671082,1.016228
AT4G39300,0.11247789,0.11068862,1.0161649
AT5G44060,0.13215904,0.13005956,1.0161424
AT1G19220,0.103147686,0.101514034,1.0160928
AT1G54570,0.15426159,0.15185766,1.01583
AT4G20300,0.06643873,0.065406166,1.0157868
AT1G16460,0.075352125,0.074181065,1.0157864
AT3G51830,0.070997156,0.06989714,1.0157375
AT1G65960,0.09536208,0.09390557,1.0155103
AT4G16563,0.29314515,0.28867358,1.01549
AT1G73470,0.08203084,0.0807918,1.0153362
AT5G58720,0.05997897,0.059075907,1.0152863
AT3G52710,0.098447725,0.09697931,1.0151414
AT1G80930,0.06315388,0.06221257,1.0151303
AT3G21770,0.18641487,0.18363796,1.0151216
AT3G51780,0.068717726,0.06770126,1.0150139
AT3G22230,0.06971782,0.06869176,1.014937
AT4G12420,0.16586532,0.16343963,1.0148414
AT2G24490,0.13387689,0.1319372,1.0147015
AT1G05410,0.09021286,0.088916704,1.0145772
AT2G15690,0.096868806,0.0954771,1.0145763
AT1G78610,0.104488395,0.10299143,1.0145347
AT5G47500,0.2154655,0.212383,1.0145139
AT5G65700,0.067703396,0.06674302,1.014389
AT1G10670,0.066817224,0.06587429,1.0143139
AT5G43330,0.11338881,0.11179098,1.014293
AT5G09410,0.0661811,0.065252386,1.0142325
AT1G52500,0.092486724,0.09119293,1.0141873
AT5G65440,0.088992186,0.08775053,1.0141498
AT5G20150,0.34106997,0.33632803,1.0140991
AT5G27320,0.0978914,0.09653569,1.0140436
AT1G04410,0.047861207,0.04719973,1.0140142
AT5G06560,0.09814647,0.09680298,1.0138785
AT1G69640,0.07166308,0.070691,1.013751
AT5G23710,0.118583836,0.117024176,1.0133276
AT5G03030,0.09581656,0.09456144,1.013273
AT3G28340,0.25124133,0.24797757,1.0131614
AT4G28260,0.07430063,0.073347025,1.0130012
AT2G38950,0.06517155,0.064335525,1.0129946
AT3G09570,0.07738013,0.076390035,1.0129609
AT1G48420,0.06603806,0.06519392,1.0129479
AT5G43430,0.09222255,0.09104463,1.0129378
AT3G26090,0.07789302,0.076903164,1.0128714
AT2G22420,0.17222543,0.1700672,1.0126903
AT1G09390,0.16863853,0.16654095,1.0125948
AT4G37900,0.19062817,0.18826444,1.0125552
AT2G23670,0.2020454,0.19958302,1.0123376
AT1G23590,0.13847671,0.13679262,1.0123112
AT5G59780,0.25256398,0.24949928,1.0122833
AT4G33050,0.19564319,0.19328417,1.0122049
AT2G45470,0.12580593,0.12429072,1.0121908
AT5G15190,0.2820733,0.27869385,1.012126
AT3G57520,0.20631956,0.2038733,1.0119988
AT1G68070,0.057502802,0.056821443,1.011991
AT3G62190,0.093221836,0.09212812,1.0118716
AT4G25730,0.087241426,0.0862206,1.0118396
AT3G62700,0.08672667,0.08571335,1.0118221
AT1G22985,0.14440145,0.14272028,1.0117793
AT5G55730,0.121814445,0.1203984,1.0117612
AT3G15460,0.1334766,0.1319262,1.011752
AT2G01570,0.077419415,0.076524496,1.0116944
AT5G07850,0.20214653,0.19981088,1.0116892
AT1G27600,0.06062493,0.05992857,1.0116197
AT1G63810,0.094929405,0.09384533,1.0115516
AT1G48750,0.16835235,0.1664688,1.0113146
AT1G26660,0.11185885,0.110611476,1.0112771
AT3G17840,0.10277615,0.10166303,1.010949
AT5G17490,0.20734471,0.20513648,1.0107646
AT5G01450,0.12782472,0.12647787,1.0106488
AT5G04280,0.054668214,0.054092795,1.0106374
AT1G18800,0.088636406,0.08771443,1.0105109
AT3G27350,0.13177288,0.13040918,1.0104569
AT4G33090,0.06882626,0.06812481,1.0102965
AT1G09780,0.0916869,0.09076266,1.010183
AT1G21740,0.15737571,0.15580057,1.0101099
AT3G01180,0.115438156,0.11429797,1.0099754
AT5G19540,0.089224786,0.08834549,1.0099528
AT3G24550,0.064054854,0.06342787,1.0098848
AT4G33490,0.18586314,0.184052,1.0098403
AT5G36230,0.07242245,0.07171771,1.0098265
AT4G15545,0.086854465,0.08601719,1.0097337
AT5G38950,0.2022404,0.20029481,1.0097135
AT5G42080,0.04521046,0.044777337,1.0096725
AT5G52450,0.18950224,0.1876987,1.0096086
AT1G01320,0.10339852,0.10242902,1.009465
AT4G24880,0.06937105,0.068728,1.0093564
AT1G16370,0.32747796,0.32450545,1.0091602
AT5G62575,0.10259315,0.10167839,1.0089966
AT2G15230,0.100066334,0.09917428,1.0089947
AT1G14370,0.14531168,0.14402485,1.0089347
AT5G28740,0.049410645,0.048973136,1.0089334
AT5G27830,0.101388335,0.100493,1.0089093
AT5G65040,0.23801045,0.23594832,1.0087397
AT5G04600,0.09975082,0.09888836,1.0087215
AT5G13010,0.05235445,0.051912315,1.0085168
AT1G72700,0.088152796,0.087409794,1.0085001
AT5G15530,0.14344347,0.14224218,1.0084453
AT5G57950,0.053786684,0.05333661,1.0084382
AT4G14900,0.07147182,0.07088075,1.0083388
AT4G26570,0.051299315,0.05087888,1.0082632
AT2G20740,0.067017384,0.06647036,1.0082295
AT2G21185,0.20948079,0.20778629,1.008155
AT2G35880,0.08621599,0.08553063,1.0080129
AT4G39070,0.2404222,0.23852415,1.0079575
AT4G27320,0.051437534,0.051034003,1.0079069
AT5G03300,0.068750516,0.068212256,1.0078908
AT1G72750,0.059083194,0.058627035,1.0077804
AT5G07350,0.044055983,0.043720845,1.0076652
AT2G43060,0.12481031,0.12387243,1.0075712
AT4G08980,0.08164825,0.081039034,1.0075175
AT3G53740,0.051663052,0.051283706,1.0073968
AT1G49160,0.14900394,0.14793189,1.0072469
AT1G02170,0.061787363,0.06135998,1.006965
AT2G45140,0.049019773,0.048692055,1.0067302
AT3G45640,0.16346607,0.1623853,1.0066555
AT2G01420,0.12195385,0.1211537,1.0066044
AT2G22960,0.22997595,0.22849272,1.0064913
AT5G51400,0.08314008,0.08261293,1.0063809
AT4G30200,0.066953786,0.06654067,1.0062083
AT3G05030,0.11951464,0.11880478,1.0059749
AT3G53430,0.05011902,0.04982134,1.0059748
AT2G20490,0.13695772,0.13615246,1.0059143
AT3G05670,0.06713615,0.066745274,1.0058562
AT1G76560,0.11938818,0.11869407,1.0058478
AT1G15660,0.102445304,0.101852216,1.005823
AT5G17400,0.10381664,0.103236265,1.0056218
AT5G28060,0.10601211,0.10542352,1.005583
AT5G16270,0.070790194,0.07039996,1.005543
AT1G03150,0.09605383,0.09554111,1.0053664
AT2G20610,0.105824396,0.1052653,1.0053113
AT3G57050,0.08166892,0.081238605,1.0052968
AT5G47620,0.050542783,0.05027731,1.0052799
AT3G14610,0.08886313,0.08840261,1.0052093
AT1G15010,0.36051908,0.3586597,1.0051842
AT4G27350,0.11403388,0.11344983,1.005148
AT5G65760,0.073811136,0.073440865,1.0050417
AT5G40690,0.1857399,0.1848324,1.0049099
AT1G64890,0.19552837,0.19457777,1.0048854
AT1G35140,0.4186529,0.4166728,1.0047522
AT3G16810,0.10376824,0.103280425,1.0047231
AT5G50900,0.08395364,0.08357783,1.0044965
AT1G61640,0.13086021,0.1302872,1.004398
AT1G72160,0.10627441,0.10581294,1.0043612
AT4G25230,0.06624034,0.06596026,1.0042461
AT1G61870,0.11170113,0.111232884,1.0042095
AT4G31780,0.07065012,0.07035683,1.0041685
AT2G38700,0.07861743,0.078292385,1.0041516
AT1G59960,0.09909395,0.098692514,1.0040674
AT4G23800,0.13301994,0.13248864,1.0040101
AT1G76090,0.13258803,0.13206293,1.003976
AT5G58070,0.10508108,0.10466868,1.00394
AT2G28080,0.12292776,0.12247486,1.0036979
AT2G28890,0.111167766,0.11079035,1.0034065
AT1G74330,0.12884358,0.12843859,1.003153
AT3G12610,0.14817074,0.14770737,1.003137
AT5G15440,0.10037729,0.10007355,1.0030351
AT4G16340,0.0679272,0.06772206,1.003029
AT1G49970,0.05209595,0.051942743,1.0029494
AT1G64460,0.10714879,0.1068446,1.002847
AT4G15130,0.20066178,0.2000961,1.0028269
AT2G43460,0.09551966,0.09527993,1.002516
AT1G72820,0.11399352,0.11371014,1.0024921
AT5G39500,0.08396198,0.08376777,1.0023183
AT2G43640,0.09043642,0.090232305,1.002262
AT1G32530,0.072647534,0.07248551,1.0022352
AT1G09060,0.07367531,0.073524185,1.0020554
AT3G11760,0.088081576,0.08793221,1.0016986
AT1G34630,0.10688371,0.106705345,1.0016716
AT5G62890,0.051831573,0.05174949,1.001586
AT3G14310,0.11911199,0.11892823,1.0015451
AT4G35320,0.18485981,0.18461534,1.0013242
AT1G21790,0.13746326,0.13728933,1.0012667
AT5G43910,0.13739716,0.13722754,1.001236
AT4G02350,0.09557027,0.09545693,1.0011873
AT3G11220,0.23052295,0.23025388,1.0011685
AT1G02840,0.055702552,0.055638485,1.0011513
AT5G65300,0.26962894,0.26932266,1.0011373
AT1G58080,0.06800239,0.06793026,1.0010617
AT2G03240,0.11974492,0.11962991,1.0009613
AT1G01010,0.18900518,0.1888528,1.0008068
AT1G64950,0.23218727,0.23201191,1.0007558
AT5G13490,0.11936593,0.11929134,1.0006253
AT2G39970,0.044676017,0.044650603,1.0005689
AT5G35560,0.07291376,0.07288869,1.0003439
AT3G05020,0.12980469,0.12977879,1.0001994
AT1G03910,0.058387026,0.05838582,1.0000205
AT1G66240,0.09600866,0.09600684,1.0000188
AT5G37710,0.115013056,0.11501227,1.0000068
AT3G51590,0.2646379,0.26463845,0.99999785
AT3G06170,0.05877968,0.058780845,0.99998
AT5G57490,0.062081616,0.062087346,0.99990755
AT4G32850,0.056281317,0.056288388,0.9998742
AT2G41100,0.19455352,0.19457924,0.99986774
AT5G65240,0.09115047,0.09119573,0.9995036
AT4G28040,0.32520977,0.3254191,0.99935675
AT1G70000,0.1522428,0.15234248,0.99934554
AT5G10710,0.07562289,0.07567933,0.99925405
AT1G62330,0.06778051,0.06783215,0.9992386
AT1G26830,0.0504322,0.050491598,0.9988234
AT4G15530,0.18377121,0.18399759,0.9987696
AT1G77690,0.11886905,0.119018584,0.99874353
AT4G30350,0.12222284,0.122403994,0.99851996
AT4G26080,0.09045871,0.09059982,0.9984425
AT3G60340,0.06935067,0.06946589,0.9983412
AT1G12710,0.18666655,0.18699063,0.99826676
AT2G26080,0.067776136,0.067897774,0.9982084
AT4G16520,0.11147075,0.111670926,0.9982074
AT3G46210,0.093716726,0.09389328,0.99811953
AT1G72790,0.1311423,0.13139139,0.9981041
AT2G24240,0.16558915,0.16591509,0.99803543
AT5G65310,0.11575669,0.115984626,0.9980347
AT5G18850,0.1387676,0.13905352,0.9979437
AT1G14620,0.088560365,0.08875034,0.99785936
AT3G48750,0.053057197,0.053172648,0.99782854
AT4G16590,0.41031235,0.41121686,0.9978004
AT2G38370,0.09632417,0.09654448,0.9977179
AT3G01820,0.107485905,0.10773826,0.99765766
AT4G17070,0.07689781,0.07708234,0.9976059
AT3G13110,0.06943741,0.06960536,0.99758697
AT5G65750,0.08390342,0.08410663,0.99758375
AT1G29570,0.18474005,0.18519425,0.9975473
AT3G06300,0.09888519,0.09912946,0.9975358
AT2G41820,0.099505,0.09975174,0.99752635
AT1G69250,0.09483068,0.09506694,0.99751467
AT1G19380,0.23641627,0.2370675,0.9972529
AT5G60860,0.18650733,0.18705025,0.9970974
AT2G21640,0.36849558,0.3695844,0.9970539
AT3G01120,0.072106615,0.07232361,0.9969995
AT5G10450,0.049148895,0.049300224,0.99693024
AT2G27690,0.3028286,0.30376175,0.99692804
AT3G02630,0.11250186,0.112848535,0.9969279
AT2G43350,0.08191845,0.08218105,0.9968045
AT4G02150,0.07925222,0.079511255,0.99674207
AT1G13270,0.1359491,0.13639589,0.99672425
AT2G39570,0.14846411,0.14896132,0.9966621
AT4G16450,0.061962202,0.062172335,0.99662
AT5G16630,0.078973405,0.07925397,0.99645984
AT5G66920,0.14166598,0.14217027,0.99645287
AT3G19390,0.182785,0.18348184,0.99620205
AT2G42760,0.18793732,0.18868308,0.9960475
AT3G10770,0.064668566,0.06492521,0.99604696
AT1G09430,0.09098726,0.09135414,0.9959839
AT5G16000,0.116977334,0.1174543,0.9959391
AT1G12650,0.09240874,0.09278833,0.995909
AT4G36760,0.07551815,0.07582845,0.99590784
AT1G60960,0.15647306,0.15711775,0.99589664
AT2G24260,0.083590925,0.08393549,0.9958948
AT5G60990,0.07522136,0.07553149,0.99589396
AT1G03110,0.11292223,0.113389574,0.99587834
AT1G71000,0.48795938,0.48998895,0.99585795
AT2G28400,0.2354556,0.2364452,0.9958146
AT3G04120,0.059223313,0.05947988,0.9956863
AT1G12240,0.17021792,0.1709564,0.99568015
AT4G37550,0.13571042,0.13630345,0.99564904
AT1G03900,0.054341566,0.05458932,0.9954613
AT3G27170,0.2524864,0.25365865,0.9953787
AT5G45360,0.06391567,0.0642127,0.99537414
AT1G49950,0.05211299,0.0523658,0.995172
AT2G01980,0.084084824,0.0845014,0.9950701
AT5G39610,0.32279372,0.3244059,0.99503034
AT3G49430,0.04390186,0.04413297,0.9947631
AT5G24590,0.113445535,0.11404907,0.99470806
AT4G03120,0.05552,0.05582002,0.99462503
AT2G46260,0.050655533,0.050934855,0.9945159
AT4G30500,0.16451773,0.16543476,0.99445677
AT2G30260,0.057222936,0.05754219,0.99445164
AT1G19600,0.059639264,0.059974547,0.9944094
AT3G49340,0.34621623,0.34821445,0.99426156
AT3G02875,0.12237519,0.123087175,0.99421555
AT2G32280,0.14162086,0.14245868,0.99411875
AT5G44290,0.08111085,0.08160712,0.9939187
AT1G51140,0.17938066,0.18048003,0.9939085
AT5G61140,0.08491028,0.085435174,0.99385613
AT4G21800,0.08297806,0.08350104,0.99373674
AT4G16730,0.25863573,0.26036337,0.9933645
AT5G51390,0.24855904,0.25027868,0.9931291
AT1G68100,0.067520514,0.06798899,0.9931094
AT2G47980,0.03934194,0.039615314,0.99309903
AT2G42870,0.25282064,0.25459674,0.9930239
AT4G19390,0.17667244,0.177935,0.9929043
AT5G45710,0.07898306,0.07954822,0.9928953
AT3G54200,0.15830012,0.15945041,0.9927858
AT3G62770,0.10562009,0.10638941,0.99276876
AT5G10490,0.07724474,0.077811584,0.9927151
AT5G64410,0.11833148,0.119204044,0.99268
AT3G27570,0.069473855,0.06999024,0.99262196
AT2G21160,0.069878176,0.070401154,0.99257135
AT1G56660,0.25240985,0.2543828,0.9922442
AT1G26630,0.053135533,0.053556737,0.99213517
AT5G42790,0.039990302,0.040320747,0.9918043
AT2G39450,0.1178829,0.118901215,0.9914355
AT1G13170,0.07642676,0.07708917,0.99140716
AT2G35050,0.050267536,0.050705716,0.99135816
AT4G31080,0.04641729,0.04682903,0.9912073
AT1G51160,0.047178175,0.047600366,0.9911303
AT3G10300,0.13208209,0.1333268,0.9906641
AT1G55500,0.09121743,0.09209205,0.99050266
AT1G33360,0.09634508,0.09727363,0.99045414
AT2G38560,0.07841428,0.079180785,0.9903195
AT1G63260,0.12311085,0.12431534,0.990311
AT2G20940,0.10843742,0.10950041,0.9902923
AT1G23780,0.044654533,0.04509279,0.99028075
AT5G64740,0.066500634,0.06715506,0.9902548
AT5G63940,0.07000542,0.07069609,0.99023026
AT5G66140,0.046838876,0.047318336,0.98986715
AT3G51730,0.11194797,0.113096274,0.9898466
AT2G18090,0.061471067,0.062103517,0.989816
AT1G27390,0.07424371,0.07500979,0.9897868
AT5G12250,0.050188072,0.05071456,0.98961836
AT2G18040,0.06562051,0.06631478,0.9895306
AT1G50030,0.07956029,0.080404736,0.9894974
AT3G63250,0.05353227,0.05413162,0.9889277
AT3G26760,0.1359029,0.13742848,0.988899
AT5G60790,0.0919454,0.09298658,0.9888028
AT5G20280,0.09564568,0.096734256,0.9887467
AT3G62560,0.07003828,0.070844896,0.98861426
AT5G60920,0.093305245,0.09438826,0.98852587
AT5G05100,0.06956923,0.07038214,0.98844993
AT4G11380,0.04844745,0.049018193,0.98835623
AT2G44360,0.09747451,0.098623686,0.98834777
AT5G55040,0.13895272,0.14060849,0.98822415
AT5G60190,0.10125039,0.10248022,0.98799926
AT3G47610,0.06937375,0.07023534,0.98773265
AT1G17470,0.054038815,0.05471323,0.9876734
AT4G10500,0.42390144,0.42919898,0.9876571
AT1G19360,0.08297224,0.08403306,0.98737615
AT2G14835,0.05073456,0.05138468,0.9873478
AT2G26660,0.10612304,0.10749677,0.98722064
AT1G59580,0.08301909,0.08411014,0.98702824
AT3G23690,0.065017596,0.06587365,0.98700446
AT3G15640,0.05386989,0.05458155,0.9869613
AT1G34320,0.0490382,0.04969221,0.9868386
AT3G09200,0.05184888,0.052568614,0.98630846
AT1G67300,0.10310399,0.10453584,0.9863027
AT5G58020,0.043116894,0.043719854,0.98620826
AT5G62950,0.08295682,0.08412624,0.9860991
AT3G51010,0.054160293,0.05493622,0.98587567
AT4G02920,0.11031194,0.11192803,0.98556125
AT5G13850,0.041818157,0.04243285,0.9855135
AT1G36310,0.06942037,0.070450716,0.9853748
AT2G46490,0.08875575,0.090073496,0.9853702
AT1G65290,0.09393023,0.0953401,0.9852121
AT2G39340,0.07147005,0.0725468,0.9851577
AT3G23940,0.0729992,0.07410272,0.98510814
AT1G27130,0.06509025,0.06608959,0.9848788
AT1G14920,0.07523441,0.07639159,0.9848519
AT5G20180,0.06416992,0.06515773,0.9848397
AT2G37990,0.096184,0.09766787,0.9848069
AT5G47020,0.07729496,0.07850141,0.9846314
AT2G41900,0.076745205,0.07794347,0.9846264
AT5G28050,0.07562156,0.076806396,0.98457366
AT2G24765,0.058048986,0.05895954,0.9845561
AT3G27770,0.09861814,0.10018182,0.98439157
AT2G32850,0.05595753,0.056850597,0.9842908
AT3G23830,0.0993001,0.1009364,0.9837888
AT4G36800,0.078282684,0.079577416,0.98372984
AT2G27900,0.056506746,0.05745289,0.9835316
AT3G25610,0.13593899,0.13823871,0.983364
AT4G11860,0.055265605,0.056206502,0.9832598
AT4G09510,0.07937426,0.08072802,0.9832306
AT3G62860,0.13947527,0.14185894,0.98319685
AT3G12570,0.038733277,0.039395515,0.98318976
AT3G16310,0.0680991,0.06926469,0.9831718
AT2G28070,0.08322149,0.08466197,0.98298544
AT1G24120,0.051640008,0.05254187,0.9828351
AT3G02400,0.2441484,0.24841627,0.9828196
AT5G47710,0.08918522,0.090784855,0.9823799
AT3G51790,0.10936741,0.11132937,0.9823769
AT5G62910,0.082353875,0.08383287,0.98235774
AT3G25840,0.06713262,0.06833902,0.9823468
AT2G23090,0.054441888,0.05543663,0.982056
AT4G37460,0.06317896,0.064346254,0.981859
AT2G22475,0.058774665,0.05986555,0.9817776
AT4G31700,0.050714727,0.051656183,0.9817744
AT1G53560,0.16567244,0.16875492,0.98173386
AT1G71430,0.07905262,0.08052465,0.9817194
AT1G18640,0.06500917,0.06622389,0.98165727
AT5G60540,0.08359963,0.08516735,0.98159236
AT5G57140,0.23883887,0.24333276,0.98153186
AT2G22430,0.07574659,0.07717237,0.98152465
AT5G01710,0.0864666,0.08810043,0.98145485
AT5G19000,0.05732198,0.058415517,0.98127985
AT5G20700,0.13393582,0.13649803,0.9812288
AT1G02816,0.11807088,0.12033887,0.9811532
AT3G13930,0.05930795,0.06044923,0.9811199
AT5G63880,0.10643123,0.10849622,0.9809671
AT1G53490,0.28290734,0.2883994,0.98095673
AT5G11850,0.061225254,0.062413953,0.9809544
AT3G43230,0.0451129,0.045991194,0.9809028
AT3G22990,0.047039878,0.047961313,0.9807877
AT5G61590,0.3276683,0.33408827,0.98078364
AT5G22290,0.12846674,0.13099611,0.98069113
AT5G27470,0.05694387,0.058066685,0.9806632
AT5G03160,0.10311905,0.10515305,0.98065674
AT3G53810,0.09313144,0.09497178,0.9806221
AT5G66030,0.05996435,0.061173815,0.9802289
AT1G78240,0.07585665,0.07739001,0.9801865
AT3G54280,0.06550619,0.066834755,0.98012155
AT1G77710,0.063646674,0.0649449,0.9800102
AT3G46960,0.06785157,0.0692431,0.9799036
AT1G15480,0.12584528,0.12842894,0.97988254
AT5G27420,0.19885197,0.20293988,0.9798565
AT2G29550,0.08341862,0.08514118,0.9797681
AT1G73230,0.052812915,0.05391178,0.9796172
AT2G39020,0.08175881,0.083472304,0.9794722
AT4G26210,0.07613159,0.07775581,0.9791112
AT1G61820,0.21703424,0.22168003,0.9790427
AT4G02880,0.0686596,0.07013108,0.9790181
AT1G28120,0.06275099,0.06409769,0.9789898
AT2G42040,0.11231846,0.114729665,0.9789836
AT3G27220,0.17875609,0.18260042,0.9789466
AT2G23930,0.09814509,0.10026668,0.9788405
AT3G26600,0.11165846,0.114084765,0.9787324
AT3G50660,0.12521988,0.12796982,0.978511
AT1G73960,0.06426903,0.06568789,0.9783999
AT5G63400,0.055556096,0.056801237,0.9780788
AT1G30400,0.07075573,0.07234679,0.97800773
AT4G01120,0.100214005,0.10247253,0.97795963
AT5G45380,0.2039938,0.20859197,0.97795606
AT2G47990,0.10675392,0.10916057,0.9779531
AT3G25070,0.095413975,0.097590744,0.97769487
AT5G62460,0.048769187,0.04988191,0.97769266
AT3G62120,0.060148627,0.061523657,0.9776502
AT4G12390,0.17506434,0.17906664,0.97764903
AT4G03430,0.08737022,0.089377254,0.9775441
AT3G57000,0.08898128,0.09102688,0.97752744
AT3G06780,0.12686372,0.12979016,0.9774524
AT3G01590,0.0641432,0.065623134,0.9774479
AT5G20830,0.16360414,0.16738613,0.9774055
AT5G66410,0.08502938,0.08699807,0.9773708
AT4G33360,0.07159295,0.07325677,0.97728777
AT5G37600,0.12155529,0.12438211,0.97727305
AT3G24070,0.12562299,0.128592,0.97691125
AT4G11740,0.04729235,0.048412073,0.9768708
AT3G11540,0.08998867,0.09211932,0.97687066
AT2G22480,0.09015699,0.09229294,0.9768567
AT1G20770,0.06650741,0.06808359,0.97684914
AT3G13160,0.09950067,0.10186731,0.97676736
AT5G64310,0.16642086,0.1703811,0.9767565
AT5G59320,0.4824611,0.49401033,0.97662145
AT5G65940,0.0518597,0.053111326,0.9764337
AT1G80840,0.29125535,0.29831046,0.9763498
AT3G46040,0.09416147,0.09645473,0.9762244
AT4G23870,0.18395413,0.1884633,0.976074
AT3G17000,0.053802285,0.055124715,0.97601
AT3G54350,0.05487155,0.056230184,0.9758378
AT2G19810,0.17262511,0.17691095,0.97577393
AT1G64660,0.1716499,0.17591184,0.9757722
AT3G57790,0.07219269,0.07399135,0.97569084
AT5G44340,0.053661272,0.05500273,0.97561085
AT1G33230,0.07227656,0.07408824,0.97554696
AT1G02100,0.07225897,0.07410265,0.9751199
AT1G27290,0.14043777,0.14402708,0.97507876
AT1G72370,0.05149778,0.052818585,0.97499335
AT3G03110,0.09059408,0.09295259,0.9746267
AT1G14300,0.08704352,0.08930986,0.9746238
AT1G16710,0.062129308,0.06375233,0.9745416
AT4G33940,0.07445261,0.07640106,0.97449696
AT1G48950,0.06457801,0.06626826,0.97449374
AT1G19270,0.08025202,0.08235524,0.97446156
AT3G57390,0.06349083,0.065172724,0.97419316
AT2G45210,0.22592719,0.23192593,0.97413504
AT3G27260,0.0498318,0.05116289,0.97398305
AT3G05290,0.07679312,0.07886517,0.9737266
AT5G55310,0.05954305,0.061156277,0.9736211
AT5G16520,0.105620824,0.10848687,0.97358155
AT3G56340,0.05842667,0.06001784,0.9734882
AT1G02730,0.17603678,0.18083917,0.97344375
AT3G23080,0.13292739,0.13655378,0.9734434
AT2G37190,0.064372085,0.06613958,0.9732762
AT3G03120,0.08770077,0.09014402,0.97289604
AT5G57900,0.083367184,0.08572245,0.97252446
AT2G46030,0.10001119,0.10284994,0.97239906
AT2G31660,0.09711684,0.09988761,0.9722611
AT4G22380,0.12732857,0.13096304,0.972248
AT5G42420,0.119410396,0.12282913,0.97216666
AT4G19660,0.13734362,0.14129314,0.9720472
AT5G52840,0.04445334,0.045732982,0.9720191
AT4G10610,0.06277554,0.06458864,0.9719283
AT2G02390,0.10831247,0.11144314,0.97190785
AT5G47010,0.056357987,0.057988897,0.9718753
AT1G07210,0.07934106,0.081656724,0.9716414
AT4G25390,0.09890846,0.10180338,0.9715636
AT1G48850,0.078170046,0.080462664,0.97150695
AT5G04920,0.05315157,0.054714132,0.97144115
AT3G10650,0.05990217,0.061665703,0.9714015
AT5G01750,0.07699758,0.07926828,0.9713542
AT5G18640,0.09191175,0.09462238,0.97135305
AT5G06750,0.08829352,0.09090981,0.97122097
AT5G49700,0.20997952,0.21624094,0.9710442
AT5G08240,0.17497519,0.18020412,0.97098315
AT4G27940,0.11996613,0.123554654,0.9709559
AT2G31060,0.0852659,0.087828726,0.97082007
AT4G26540,0.13694417,0.14107609,0.97071135
AT5G55200,0.10990051,0.11322382,0.9706482
AT1G64500,0.2841866,0.29278284,0.9706395
AT3G17900,0.060233224,0.062057037,0.9706105
AT4G16630,0.09933881,0.10236996,0.9703902
AT5G56220,0.11796298,0.1215985,0.9701022
AT1G09130,0.07038046,0.07255508,0.97002786
AT5G54580,0.09793813,0.100967176,0.9699996
AT4G21105,0.10050395,0.1036625,0.9695304
AT2G21170,0.061111007,0.063032284,0.969519
AT2G16500,0.07015564,0.07236489,0.9694706
AT4G30550,0.07418497,0.076527186,0.96939355
AT5G62650,0.06564986,0.067731045,0.9692727
AT4G24840,0.08037001,0.082918294,0.9692674
AT3G53460,0.10708685,0.110500984,0.9691031
AT1G79660,0.11445064,0.11811401,0.9689844
AT2G22240,0.20365745,0.2101804,0.96896493
AT4G33210,0.07245792,0.07477991,0.96894884
AT1G06780,0.06695436,0.0691197,0.9686725
AT4G02980,0.10306265,0.1063976,0.96865577
AT3G09500,0.058457427,0.060358502,0.9685034
AT3G12290,0.045025952,0.04649739,0.96835417
AT5G03740,0.059428927,0.061379723,0.9682174
AT5G58430,0.08131533,0.08398594,0.96820164
AT2G20230,0.051577743,0.053276736,0.96810985
AT1G50040,0.27819386,0.28735828,0.968108
AT1G21050,0.14588234,0.15070046,0.96802837
AT1G07870,0.11301667,0.116769895,0.9678579
AT3G06810,0.061200984,0.063238434,0.96778136
AT1G27210,0.10028778,0.10362725,0.96777415
AT1G23480,0.18810818,0.19439128,0.96767795
AT5G62130,0.17335764,0.17919084,0.96744686
AT5G49460,0.059785537,0.061803654,0.96734613
AT3G55510,0.1031892,0.10667396,0.9673325
AT5G42560,0.036998246,0.038254138,0.96716946
AT3G49010,0.04608023,0.04764675,0.967122
AT3G03870,0.14241572,0.14730993,0.966776
AT3G50880,0.084261686,0.08716951,0.9666416
AT2G30110,0.04570839,0.0472871,0.9666142
AT1G62480,0.1163359,0.120363526,0.9665378
AT1G01300,0.12337267,0.12765624,0.9664444
AT5G15880,0.07072982,0.07318726,0.9664225
AT3G52430,0.21451676,0.22199678,0.9663056
AT2G41790,0.04801659,0.049697906,0.96616906
AT1G66890,0.11135131,0.11525574,0.9661237
AT5G42220,0.049733076,0.05147703,0.9661215
AT4G30440,0.09312798,0.09640318,0.96602595
AT3G59670,0.13000743,0.13458541,0.96598446
AT1G68875,0.20597784,0.21324031,0.96594226
AT3G62310,0.06334301,0.06558138,0.9658687
AT3G10930,0.26955608,0.27909625,0.96581763
AT1G06760,0.05792462,0.05998532,0.9656464
AT1G03905,0.16714337,0.17309779,0.9656008
AT4G15000,0.069341116,0.07181427,0.9655617
AT3G02340,0.080238484,0.083105564,0.96550065
AT1G22070,0.09811686,0.10165434,0.9652008
AT5G67380,0.063793644,0.06610203,0.96507835
AT1G56145,0.078270674,0.081117325,0.96490693
AT3G04720,0.21913171,0.2271227,0.9648164
AT4G35560,0.16880226,0.17496246,0.96479124
AT4G01800,0.08570622,0.088835835,0.96477073
AT2G22010,0.08224275,0.0852496,0.9647288
AT3G50260,0.18807629,0.19495499,0.9647164
AT3G07760,0.07716826,0.07999593,0.9646523
AT3G16830,0.065759055,0.06818026,0.964488
AT1G08800,0.12071142,0.12516971,0.96438193
AT4G30650,0.37602034,0.3900889,0.963935
AT4G22740,0.0770096,0.07989149,0.96392745
AT1G18590,0.20487535,0.21254419,0.9639188
AT4G28085,0.3146289,0.32642174,0.9638724
AT3G08780,0.07925395,0.08222509,0.96386564
AT5G64050,0.07795295,0.080897026,0.9636071
AT3G52950,0.10985376,0.11402174,0.96344566
AT1G58360,0.13991465,0.14528102,0.96306205
AT1G48570,0.11978523,0.1244128,0.9628047
AT3G43520,0.06843198,0.0710832,0.96270245
AT1G54320,0.05419402,0.056296546,0.96265244
AT1G63980,0.099819325,0.10370072,0.96257114
AT1G60850,0.105537236,0.109676525,0.96225905
AT4G01280,0.074386954,0.07730629,0.96223664
AT1G67560,0.08873002,0.09223091,0.9620421
AT3G61140,0.067591496,0.07026827,0.9619062
AT1G63940,0.09223371,0.09593051,0.9614637
AT1G06890,0.0573133,0.05961054,0.9614624
AT3G23280,0.06282728,0.065358564,0.96127075
AT1G17180,0.31007943,0.32265905,0.96101266
AT3G25910,0.05556751,0.057826024,0.9609428
AT1G19850,0.13387585,0.13932207,0.960909
AT5G43680,0.08497692,0.08843468,0.9609003
AT3G30180,0.18981521,0.1975772,0.9607141
AT4G01370,0.0608041,0.06330738,0.96045816
AT3G12390,0.050523825,0.0526138,0.9602769
AT1G69070,0.081404306,0.08479102,0.96005803
AT4G01250,0.2665264,0.2776274,0.9600147
AT4G25500,0.07406439,0.07715294,0.9599684
AT1G79650,0.068413116,0.07127083,0.95990336
AT3G46060,0.040119596,0.04179724,0.95986205
AT1G09570,0.10878202,0.113335155,0.9598259
AT2G35190,0.12957504,0.13500203,0.9598006
AT2G30280,0.10801887,0.11257307,0.9595444
AT1G13180,0.096823715,0.10090657,0.95953816
AT5G37740,0.1121357,0.11686506,0.95953137
AT2G25950,0.105384454,0.10983062,0.95951796
AT5G51460,0.16349751,0.17039742,0.95950687
AT1G60440,0.086100996,0.089738056,0.95947015
AT5G23050,0.111802906,0.11653633,0.95938236
AT2G36360,0.0660655,0.06887026,0.9592746
AT4G37270,0.07272505,0.07581501,0.95924336
AT2G01120,0.12738578,0.13281119,0.95914936
AT1G63660,0.0754282,0.078641,0.95914596
AT1G07070,0.099651255,0.10389934,0.9591134
AT3G02140,0.19582957,0.20420083,0.9590047
AT3G48690,0.106890365,0.11149402,0.95870936
AT5G16680,0.058314018,0.060832016,0.9586072
AT4G01700,0.19197842,0.2002687,0.95860416
AT3G07660,0.057063393,0.05953285,0.9585192
AT3G03050,0.06874691,0.071757816,0.9580406
AT5G46910,0.11600485,0.12109715,0.95794857
AT3G12670,0.08287711,0.08651865,0.9579102
AT1G14980,0.074535176,0.07782904,0.95767814
AT3G59090,0.062340766,0.06509784,0.95764714
AT2G22660,0.0671967,0.0701703,0.957623
AT1G76580,0.10980513,0.11468031,0.9574889
AT3G61060,0.25041595,0.26153904,0.95747066
AT1G29980,0.12653187,0.13215812,0.9574278
AT5G53050,0.1327627,0.13866703,0.9574207
AT1G49480,0.060409494,0.06310023,0.9573576
AT5G22940,0.13989149,0.14613749,0.9572593
AT3G12590,0.06965526,0.072794706,0.9568725
AT5G56340,0.07139324,0.07461339,0.956842
AT1G77800,0.057487253,0.060081653,0.9568186
AT4G08920,0.068827435,0.07193402,0.9568133
AT3G59080,0.2070163,0.21636428,0.95679516
AT3G50910,0.08526226,0.089127876,0.9566284
AT1G09160,0.082885005,0.08664728,0.9565793
AT4G12960,0.23784435,0.24866152,0.9564984
AT5G66360,0.093052514,0.09728691,0.9564751
AT4G17486,0.07455534,0.07795085,0.95644027
AT3G22320,0.09985411,0.10440666,0.9563959
AT1G30630,0.058096968,0.060745977,0.9563919
AT5G05820,0.080353975,0.08402053,0.9563611
AT2G47970,0.041921683,0.04384222,0.9561941
AT2G34570,0.09405691,0.098367445,0.9561792
AT4G00720,0.08182305,0.08557292,0.95617914
AT1G04690,0.042812534,0.04477481,0.95617425
AT5G64813,0.07027994,0.07350403,0.9561371
AT1G26110,0.04626293,0.048393864,0.95596665
AT3G02555,0.11049359,0.11559601,0.95585984
AT2G01680,0.10051895,0.10517039,0.9557723
AT1G15920,0.081849106,0.08564073,0.9557263
AT5G44320,0.055126574,0.0576988,0.95541954
AT4G00800,0.12043737,0.12605771,0.9554144
AT3G01740,0.08917508,0.093344815,0.9553297
AT4G05410,0.11761532,0.123156995,0.9550031
AT5G06600,0.050069135,0.05243,0.9549709
AT5G40650,0.06048245,0.06333968,0.95489025
AT1G22940,0.09425659,0.09870954,0.9548883
AT2G42880,0.07445635,0.0779897,0.95469457
AT3G16690,0.2098393,0.21983945,0.95451146
AT5G15550,0.10156638,0.10642319,0.95436317
AT1G13260,0.19389734,0.20320848,0.9541793
AT3G48190,0.088705376,0.092995085,0.9538716
AT4G22190,0.08596125,0.09012243,0.9538274
AT5G12010,0.091907516,0.09637409,0.95365375
AT2G24570,0.10016806,0.105044626,0.95357615
AT2G38470,0.17821856,0.18689641,0.9535686
AT2G35635,0.10460848,0.109708995,0.9535087
AT5G14920,0.19734266,0.20699362,0.9533755
AT3G06350,0.06683751,0.07010658,0.9533699
AT1G61730,0.07858384,0.08243362,0.95329833
AT3G44330,0.06413548,0.067280196,0.9532593
AT5G62190,0.060980387,0.06397191,0.9532369
AT3G63310,0.082318485,0.08637629,0.9530217
AT1G48370,0.14346458,0.15053767,0.9530144
AT5G57290,0.057769075,0.060621146,0.9529524
AT5G17760,0.16662553,0.17486164,0.9528992
AT4G15880,0.074296184,0.07796947,0.9528881
AT1G70940,0.11212516,0.11767271,0.952856
AT1G20840,0.12585291,0.13209209,0.95276636
AT3G07480,0.049135126,0.051575806,0.9526776
AT3G56310,0.07032721,0.07382697,0.952595
AT5G17020,0.06154742,0.064615294,0.95252085
AT1G54610,0.044528093,0.04675834,0.9523025
AT2G32520,0.087320246,0.091696545,0.952274
AT3G43430,0.13618307,0.14301604,0.9522222
AT2G39210,0.17788361,0.18681325,0.9522001
AT1G72830,0.12060668,0.12668397,0.9520279
AT2G39650,0.19025223,0.19984354,0.9520058
AT5G13980,0.05181874,0.054436993,0.95190287
AT5G56090,0.09772678,0.10268353,0.9517278
AT5G43970,0.07192585,0.07557874,0.9516676
AT2G43970,0.051575277,0.05419787,0.95161057
AT5G02230,0.25997514,0.27329516,0.9512614
AT4G34110,0.03662735,0.03851197,0.95106375
AT3G54100,0.09549004,0.100422606,0.95088184
AT1G08110,0.07072279,0.07438758,0.9507337
AT1G67310,0.07178246,0.07550237,0.9507311
AT5G10290,0.08001435,0.08419619,0.9503321
AT4G26110,0.056455735,0.059424553,0.9500404
AT1G70300,0.107370384,0.11302149,0.94999963
AT5G43780,0.12321524,0.12972736,0.9498014
AT1G53000,0.063957915,0.06734165,0.9497526
AT5G12220,0.09970889,0.104988284,0.9497144
AT1G76590,0.2396053,0.2523383,0.94953996
AT1G10470,0.14707579,0.1548965,0.94951
AT1G64880,0.08877962,0.09353386,0.9491709
AT1G66180,0.18050946,0.19017628,0.9491691
AT1G77750,0.08063669,0.084956475,0.9491528
AT5G20520,0.087369554,0.09205334,0.94911873
AT1G71970,0.14388634,0.15161785,0.9490065
AT5G58950,0.046799242,0.049313948,0.949006
AT2G23340,0.1398816,0.14739966,0.94899523
AT3G60820,0.063800275,0.06723566,0.94890517
AT5G23670,0.06454322,0.068028584,0.94876605
AT5G35970,0.13978423,0.1473553,0.9486202
AT4G33060,0.064138964,0.067625724,0.94844025
AT5G40780,0.18904054,0.19932246,0.9484156
AT5G23380,0.14907756,0.15719353,0.9483695
AT3G24050,0.052097816,0.054947924,0.94813055
AT5G42890,0.099362135,0.10482508,0.9478851
AT2G44180,0.07984736,0.08427599,0.94745076
AT2G34630,0.06647729,0.07016935,0.94738346
AT5G08060,0.03879561,0.040957365,0.9472191
AT2G35120,0.06166105,0.065104,0.947116
AT5G63970,0.12146442,0.12826064,0.94701225
AT1G56720,0.12957983,0.13685262,0.9468566
AT1G07960,0.08394482,0.08866088,0.9468078
AT5G53650,0.104657106,0.11054717,0.94671893
AT3G51130,0.0499125,0.052721586,0.9467183
AT5G20160,0.122779705,0.12969188,0.94670296
AT4G33510,0.06149773,0.06496885,0.9465725
AT3G49320,0.16438529,0.1736878,0.9464411
AT2G36930,0.073085986,0.07722284,0.94642955
AT5G58700,0.14010628,0.14805481,0.9463135
AT5G54380,0.16295892,0.1722418,0.9461054
AT1G29250,0.12459455,0.13173543,0.9457936
AT1G15270,0.118838675,0.1256541,0.9457603
AT4G35470,0.103513815,0.10945365,0.9457319
AT3G07320,0.12658869,0.13386114,0.94567156
AT1G55265,0.24338758,0.25743833,0.9454209
AT2G34300,0.08918007,0.094337605,0.94532883
AT5G44020,0.21693982,0.22954543,0.9450844
AT5G19300,0.11263374,0.119184524,0.9450366
AT5G11240,0.11459181,0.121267684,0.9449492
AT1G70740,0.09552921,0.10110963,0.9448082
AT1G01490,0.07484974,0.0792242,0.9447837
AT5G14640,0.12418159,0.13144523,0.94474006
AT3G14000,0.096917495,0.102588125,0.94472426
AT2G47790,0.052236076,0.055297133,0.9446433
AT1G12580,0.062233403,0.065884,0.9445904
AT5G10460,0.07770303,0.08228414,0.9443256
AT4G29410,0.079056956,0.08372169,0.94428277
AT2G30620,0.058428764,0.061879013,0.9442419
AT2G38880,0.08313998,0.08805964,0.9441325
AT4G11660,0.17142798,0.18158542,0.9440624
AT3G11410,0.13250676,0.1403808,0.9439093
AT5G41190,0.06510686,0.06897657,0.9438981
AT1G16180,0.044604413,0.04725716,0.94386554
AT3G18980,0.11244195,0.11915562,0.9436562
AT2G36530,0.048777238,0.05168975,0.94365376
AT5G51430,0.069497354,0.07365135,0.9435991
AT3G51430,0.13411853,0.142154,0.9434734
AT2G29670,0.1513192,0.16038918,0.9434501
AT5G45250,0.086429104,0.091616504,0.9433791
AT5G50780,0.10252333,0.10870114,0.9431669
AT1G72050,0.08389696,0.088955246,0.94313663
AT3G51880,0.09360264,0.09925611,0.9430415
AT5G53440,0.052813552,0.05600533,0.9430092
AT2G39350,0.2081639,0.22076473,0.9429219
AT5G12020,0.42292234,0.44854918,0.9428673
AT3G02570,0.11371504,0.120607786,0.9428498
AT2G32220,0.170592,0.180934,0.94284093
AT3G15080,0.09767902,0.10361265,0.9427325
AT4G15610,0.14843933,0.15746535,0.9426792
AT4G36440,0.05929886,0.06290884,0.94261557
AT1G65560,0.11562323,0.122680776,0.9424722
AT3G56200,0.17918971,0.19016004,0.94231
AT2G35710,0.21170524,0.22467108,0.9422896
AT5G48240,0.11610726,0.123219855,0.9422772
AT3G13610,0.28771076,0.305396,0.9420908
AT3G54840,0.048892297,0.05190245,0.9420034
AT2G07360,0.053825177,0.057139255,0.9419998
AT5G13970,0.073404446,0.077931084,0.9419148
AT1G49600,0.06806074,0.07226073,0.9418772
AT1G04780,0.062460702,0.066319235,0.9418187
AT2G04240,0.13592774,0.1443268,0.9418051
AT3G02260,0.05446453,0.05784153,0.9416162
AT1G80680,0.067201674,0.07137392,0.94154376
AT1G16670,0.11016233,0.11701313,0.94145274
AT2G38130,0.06785974,0.0720817,0.941428
AT5G50210,0.090180404,0.09579173,0.94142157
AT5G54130,0.22146283,0.23525779,0.9413623
AT3G45310,0.07428227,0.078914106,0.9413053
AT2G29390,0.08322065,0.08841872,0.9412107
AT5G05980,0.062419374,0.06631827,0.94120914
AT5G14250,0.05852442,0.0621893,0.94106877
AT1G50200,0.030725794,0.032651383,0.9410255
AT5G61660,0.39503318,0.41983753,0.94091916
AT1G18720,0.101358496,0.10772296,0.94091815
AT5G12410,0.06382653,0.06784012,0.9408374
AT2G25790,0.12632161,0.13427116,0.9407947
AT3G01160,0.115837686,0.12312868,0.9407855
AT1G52900,0.22983769,0.244309,0.94076633
AT1G60200,0.06186236,0.06576003,0.9407288
AT4G13850,0.091116615,0.09685993,0.9407048
AT3G28860,0.07653944,0.08137439,0.9405838
AT5G43280,0.07027362,0.074719846,0.94049466
AT1G06700,0.051591624,0.05486159,0.9403959
AT5G58710,0.07835484,0.08332586,0.9403423
AT1G79500,0.08343226,0.08875457,0.94003326
AT1G18660,0.08376715,0.08911527,0.93998647
AT2G44350,0.065811306,0.070038944,0.9396387
AT3G17120,0.11405752,0.12140146,0.93950695
AT1G69890,0.21590143,0.22987294,0.93922067
AT5G23900,0.057520505,0.0612445,0.93919444
AT5G45640,0.17106035,0.18213587,0.93919086
AT2G43080,0.06569769,0.06996386,0.9390232
AT3G48710,0.10156823,0.10816751,0.9389901
AT3G04670,0.082016036,0.08736509,0.93877345
AT5G26340,0.24641344,0.26249063,0.9387514
AT4G05320,0.043140933,0.045965187,0.93855643
AT3G54920,0.07774475,0.082836,0.93853813
AT4G20360,0.1593404,0.16980173,0.93839085
AT1G60730,0.17871627,0.1904911,0.93818694
AT5G40190,0.10039784,0.10701279,0.93818533
AT1G79550,0.04543314,0.048432924,0.93806297
AT5G01520,0.22489668,0.23976973,0.9379694
AT1G49670,0.06955066,0.07415555,0.9379023
AT2G40750,0.38987383,0.41571754,0.9378335
AT3G53020,0.047963846,0.05114993,0.93771064
AT5G65260,0.05824859,0.06211841,0.93770236
AT4G29810,0.08814473,0.09401316,0.9375785
AT5G07010,0.31035915,0.33110952,0.9373308
AT5G45890,0.28973874,0.30912718,0.93728006
AT5G20720,0.06398512,0.06827152,0.93721527
AT4G22330,0.07115939,0.0759397,0.9370512
AT3G54210,0.0985663,0.10519742,0.9369649
AT1G79150,0.1077746,0.11503038,0.9369229
AT3G60860,0.06666204,0.07115481,0.9368592
AT5G59850,0.09393059,0.10028149,0.9366692
AT3G62150,0.18228179,0.19462179,0.9365949
AT2G31130,0.10418553,0.11124369,0.9365522
AT3G05580,0.10221911,0.10917086,0.9363222
AT5G45550,0.08091658,0.08642273,0.9362882
AT3G17780,0.084412985,0.09015795,0.9362788
AT5G06550,0.12676978,0.1354238,0.9360967
AT1G22450,0.0445318,0.04757469,0.9360395
AT2G25880,0.18143967,0.19383894,0.93603307
AT4G05020,0.11959485,0.1277753,0.93597776
AT5G09440,0.15049414,0.1608335,0.9357139
AT5G20910,0.07682502,0.08210553,0.93568623
AT3G13200,0.04507677,0.04817835,0.93562275
AT4G28703,0.32816684,0.35077024,0.9355607
AT5G18525,0.07669879,0.081986934,0.9355
AT1G67340,0.095520444,0.10214161,0.93517655
AT1G03870,0.20599109,0.22030154,0.9350415
AT4G33240,0.053400017,0.05711004,0.9350371
AT2G41110,0.123968944,0.13258417,0.9350206
AT3G50950,0.104053795,0.11129843,0.934908
AT5G17640,0.062806495,0.06718205,0.93487006
AT1G19000,0.0725055,0.077561066,0.93481815
AT5G55070,0.07411894,0.07929213,0.9347577
AT4G11150,0.05761349,0.061650895,0.9345116
AT1G63090,0.12708166,0.13600445,0.93439335
AT3G08690,0.09135596,0.09777967,0.9343041
AT3G26580,0.10081782,0.10792795,0.9341215
AT5G62920,0.2544375,0.27239567,0.9340732
AT1G31830,0.06915455,0.07405452,0.93383294
AT2G46550,0.09572138,0.10250532,0.9338186
AT1G11240,0.06418329,0.06873311,0.9338044
AT5G41080,0.26924047,0.2883777,0.9336383
AT1G47290,0.073217474,0.07842192,0.93363523
AT5G19510,0.048060484,0.051477645,0.93361837
AT3G43280,0.21052296,0.22549944,0.9335853
AT3G19580,0.1558864,0.16697739,0.9335778
AT3G49910,0.0565903,0.060624186,0.9334606
AT5G19875,0.23769812,0.25471893,0.93317807
AT2G26990,0.07451107,0.07985137,0.933122
AT3G07160,0.07429485,0.07962794,0.9330248
AT4G37590,0.09816738,0.10523189,0.93286717
AT3G06070,0.3142453,0.33690816,0.9327329
AT2G20830,0.047051985,0.050446738,0.932706
AT2G47640,0.08036477,0.08618217,0.93249875
AT4G30390,0.107750624,0.11555876,0.9324314
AT1G53400,0.080865964,0.08675256,0.9321449
AT3G13720,0.096414216,0.10343852,0.93209195
AT5G40670,0.08112005,0.08704433,0.9319395
AT3G16857,0.051939137,0.055733383,0.9319213
AT5G19430,0.07302568,0.078374974,0.9317473
AT5G02050,0.1131659,0.12145646,0.9317404
AT2G12550,0.076945215,0.0826032,0.93150395
AT2G17560,0.108367115,0.11633895,0.9314774
AT1G35670,0.13928515,0.14955126,0.9313538
AT5G56350,0.06752672,0.07251087,0.9312633
AT3G29035,0.23419228,0.2514798,0.93125683
AT4G34000,0.122699514,0.13176836,0.9311757
AT4G32190,0.116547644,0.12516189,0.9311751
AT3G17410,0.046706498,0.05016009,0.93114835
AT4G37650,0.080420986,0.086373255,0.9310866
AT3G55600,0.09165598,0.09844027,0.93108207
AT3G08710,0.10574744,0.11358076,0.93103296
AT1G27980,0.06814155,0.0731928,0.930987
AT3G14010,0.07818215,0.08398471,0.9309093
AT2G20860,0.03643041,0.03913663,0.93085176
AT2G38810,0.1858033,0.19962315,0.9307702
AT2G27190,0.098065816,0.10536401,0.93073344
AT1G02110,0.07027058,0.07550835,0.9306332
AT1G34030,0.08357528,0.08980767,0.93060285
AT1G22770,0.19299105,0.20738831,0.9305782
AT1G06950,0.07192444,0.077294044,0.9305301
AT1G35780,0.06537542,0.07026191,0.93045306
AT2G21230,0.04803874,0.051651455,0.9300557
AT5G18420,0.058906656,0.063340396,0.93000126
AT1G77540,0.103123486,0.11089939,0.9298832
AT2G46600,0.17149799,0.18443078,0.92987716
AT3G05130,0.16010888,0.1722433,0.92955065
AT4G28190,0.119563,0.12865102,0.92935896
AT1G27730,0.20928179,0.22523114,0.92918664
AT1G15430,0.07738712,0.08330955,0.9289104
AT3G45600,0.07396712,0.079636894,0.92880464
AT3G10260,0.08628784,0.092906214,0.9287628
AT4G23050,0.10459809,0.11263834,0.92861885
AT5G58040,0.06074855,0.065423936,0.928537
AT2G40430,0.08319167,0.08959452,0.92853516
AT4G22360,0.079405755,0.08551836,0.9285228
AT3G26890,0.088365756,0.09518455,0.9283623
AT2G23980,0.049368173,0.053178597,0.92834646
AT3G52230,0.05387416,0.058035836,0.92829114
AT1G77030,0.10032494,0.108081214,0.9282366
AT4G02260,0.08609875,0.09275542,0.9282341
AT1G74320,0.095914654,0.10333101,0.9282272
AT4G24920,0.1273462,0.13719624,0.92820466
AT5G11740,0.1375026,0.14815566,0.9280954
AT3G47640,0.15830724,0.17058551,0.9280227
AT4G34860,0.09245036,0.099621944,0.9280119
AT1G43860,0.07498211,0.08079864,0.9280119
AT4G18040,0.07040781,0.07587181,0.92798364
AT1G56230,0.06296357,0.06786145,0.92782515
AT1G17550,0.06475863,0.06980339,0.92772895
AT3G16910,0.082906455,0.08936558,0.9277224
AT1G68690,0.15241942,0.1643118,0.92762303
AT4G24220,0.055074286,0.059373487,0.92759037
AT2G41840,0.051276848,0.055280056,0.927583
AT5G01990,0.12211661,0.13167031,0.92744213
AT5G67240,0.09091639,0.09803323,0.92740375
AT3G59660,0.07610046,0.08206096,0.9273649
AT1G78660,0.066833876,0.072078645,0.92723536
AT1G77370,0.08353212,0.090118974,0.92690927
AT4G39950,0.18211164,0.19647431,0.9268979
AT4G02400,0.15091626,0.16282272,0.92687464
AT3G27820,0.07348305,0.07929192,0.92674065
AT5G08130,0.08209721,0.08861208,0.9264787
AT3G05000,0.05728356,0.061861783,0.92599255
AT5G41260,0.081611075,0.088135615,0.9259715
AT4G39240,0.059287503,0.06402874,0.9259513
AT2G37940,0.07763962,0.08385614,0.9258667
AT5G59910,0.043502238,0.046985935,0.92585635
AT1G52300,0.052895714,0.057136834,0.92577237
AT3G08030,0.10511108,0.11354713,0.9257043
AT3G14220,0.09956917,0.10758987,0.9254511
AT2G19750,0.06775116,0.073222935,0.92527235
AT3G61100,0.1593847,0.17229997,0.92504185
AT1G79110,0.18199785,0.19678463,0.924858
AT5G63910,0.05107234,0.055222712,0.92484283
AT3G55010,0.09348707,0.10108604,0.9248266
AT5G64130,0.044792995,0.04844012,0.92470837
AT5G60680,0.14976315,0.16195749,0.92470646
AT1G51200,0.047697525,0.051585596,0.92462856
AT3G60360,0.09186624,0.09937145,0.9244731
AT4G36890,0.0567655,0.06140707,0.9244129
AT1G23440,0.094519705,0.10228153,0.92411304
AT3G25180,0.32169715,0.34811646,0.92410785
AT5G39510,0.04905941,0.053091798,0.92404854
AT3G12120,0.06263258,0.06778249,0.9240229
AT5G02480,0.0713677,0.0772501,0.92385244
AT1G73590,0.10352346,0.11207104,0.9237307
AT1G15210,0.1314587,0.1423195,0.9236871
AT5G10560,0.077742316,0.084176704,0.92356086
AT1G26910,0.09866419,0.106832966,0.92353684
AT3G44280,0.12369106,0.13395761,0.92335963
AT1G71950,0.10479422,0.11350169,0.9232833
AT2G33340,0.064943865,0.070341915,0.92325974
AT1G10150,0.24509068,0.26547468,0.92321676
AT5G08380,0.15980694,0.17311327,0.92313504
AT3G02280,0.10246872,0.11101805,0.9229915
AT3G21250,0.1328096,0.14390256,0.9229133
AT1G02660,0.20643175,0.22369796,0.92281455
AT5G49210,0.061022375,0.066126466,0.92281306
AT4G29330,0.07651161,0.08291314,0.92279226
AT5G53860,0.050188232,0.05439009,0.9227457
AT1G08480,0.043749046,0.047416136,0.92266136
AT1G66160,0.22385229,0.24262273,0.9226352
AT5G08180,0.112736784,0.1222024,0.92254144
AT2G37250,0.058141053,0.06302561,0.92249876
AT1G77770,0.077365465,0.08387426,0.9223981
AT1G63010,0.093449235,0.1013212,0.9223068
AT4G00430,0.10354035,0.1122891,0.92208725
AT3G44260,0.24567978,0.26645637,0.92202634
AT5G51740,0.07140563,0.077448405,0.9219766
AT1G33980,0.055787873,0.06051371,0.9219045
AT1G18910,0.10428803,0.11313102,0.921834
AT5G29000,0.08777518,0.095225506,0.92176116
AT5G03455,0.079219386,0.08594754,0.92171776
AT5G47230,0.21368349,0.23184863,0.9216508
AT5G20660,0.05896666,0.06398404,0.92158383
AT2G45400,0.11163271,0.12115736,0.92138606
AT3G12920,0.08096124,0.087873966,0.9213336
AT1G53840,0.056702923,0.061558627,0.9211205
AT3G56130,0.08448062,0.09171731,0.9210978
AT3G22970,0.12972721,0.14087576,0.9208625
AT4G36670,0.2880022,0.31280106,0.92072
AT5G66730,0.07512572,0.08159455,0.9207197
AT4G01960,0.085399434,0.09275993,0.92065
AT5G14240,0.041792795,0.045412697,0.92028856
AT4G22570,0.13429502,0.14592732,0.9202869
AT3G27060,0.14789733,0.16073306,0.92014253
AT4G31810,0.09108454,0.09899969,0.9200487
AT5G02870,0.0493975,0.05370303,0.91982687
AT1G62390,0.0672503,0.073125206,0.9196595
AT1G10740,0.121928364,0.13260794,0.91946495
AT1G14650,0.043807212,0.047652554,0.9193044
AT3G05490,0.1622025,0.17644937,0.919258
AT1G48830,0.048415523,0.052675232,0.9191324
AT1G43850,0.07353866,0.08003409,0.9188416
AT4G36500,0.22993605,0.2502536,0.9188122
AT3G57010,0.20536008,0.22351071,0.91879296
AT5G61330,0.08166966,0.08888953,0.9187769
AT4G33700,0.1177643,0.12820081,0.91859233
AT5G08330,0.13634278,0.1484337,0.9185432
AT5G58130,0.07247771,0.078905486,0.9185383
AT2G32090,0.120135985,0.13080195,0.9184571
AT5G13090,0.0824223,0.089740425,0.91845226
AT4G12980,0.18749823,0.20414796,0.9184427
AT1G03860,0.055997353,0.060977012,0.9183353
AT3G10610,0.11279539,0.12283935,0.91823494
AT2G22720,0.049728714,0.05415695,0.91823304
AT3G57650,0.06417411,0.0698941,0.9181619
AT5G51040,0.05206439,0.05670878,0.91810083
AT4G34450,0.03884886,0.04232119,0.91795266
AT1G13880,0.072117746,0.07857224,0.91785264
AT3G16720,0.114739746,0.12503372,0.9176703
AT3G04740,0.06550803,0.07138693,0.91764724
AT5G59880,0.041961536,0.045736562,0.9174613
AT1G31660,0.10059618,0.109649785,0.9174316
AT3G60420,0.33433813,0.36447158,0.9173229
AT3G28180,0.1176437,0.12825108,0.917292
AT5G57990,0.04889468,0.05333438,0.91675705
AT5G39590,0.07118206,0.0776519,0.91668135
AT3G62240,0.065535,0.07150296,0.9165354
AT1G22790,0.06450654,0.07038446,0.9164883
AT5G46210,0.04571335,0.049891543,0.9162543
AT3G20670,0.10959788,0.11964585,0.91601896
AT1G07320,0.07574759,0.08269617,0.91597444
AT1G07630,0.07701721,0.08411417,0.91562694
AT5G64860,0.1514212,0.16538274,0.91558033
AT4G02930,0.09632596,0.10521335,0.9155297
AT4G19610,0.067323,0.073560074,0.915211
AT3G55030,0.08191359,0.08950407,0.915194
AT1G75440,0.13529761,0.14784741,0.9151164
AT5G56290,0.054334894,0.059374858,0.915116
AT1G23280,0.11746183,0.12836336,0.9150728
AT1G47128,0.05998994,0.065557994,0.91506666
AT5G41950,0.06563191,0.07173284,0.9149492
AT3G01470,0.082149625,0.08981546,0.91464895
AT1G78060,0.09976666,0.1090862,0.9145671
AT3G01400,0.06534399,0.071458854,0.9144281
AT2G12400,0.102326564,0.11191523,0.914322
AT1G74090,0.13193716,0.14433376,0.91411144
AT5G64930,0.06954814,0.076094314,0.91397274
AT1G52930,0.09970683,0.10909707,0.91392756
AT1G70770,0.044767898,0.048985146,0.9139074
AT3G47800,0.17527807,0.19179283,0.9138926
AT1G45000,0.045266915,0.04953522,0.9138327
AT1G59590,0.2491983,0.27271008,0.9137847
AT1G21450,0.07651824,0.083741665,0.91374147
AT4G13380,0.17882091,0.19570374,0.9137326
AT1G06410,0.09044454,0.09899428,0.913634
AT2G29990,0.1194384,0.13073589,0.9135853
AT4G28290,0.20704265,0.22672674,0.91318136
AT1G08650,0.18430516,0.20185006,0.9130795
AT1G34300,0.06618423,0.072490364,0.9130072
AT5G12050,0.22912447,0.25096998,0.9129557
AT5G49980,0.08000516,0.08768451,0.9124206
AT5G47640,0.13674346,0.14988476,0.91232383
AT5G47770,0.07209229,0.079037204,0.91213095
AT5G12040,0.050914336,0.055823136,0.91206497
AT2G39000,0.08356776,0.09166464,0.91166836
AT1G12000,0.05806256,0.063688345,0.91166687
AT5G41790,0.13215566,0.14497831,0.9115546
AT5G04340,0.18038087,0.19789784,0.9114847
AT3G56680,0.066170946,0.072604746,0.9113859
AT3G26670,0.08277516,0.09084605,0.91115856
AT1G50490,0.11418163,0.12531848,0.9111315
AT2G30830,0.30243894,0.33201343,0.91092384
AT4G23680,0.26211074,0.28775036,0.9108963
AT1G32050,0.05749691,0.06313727,0.910665
AT3G24190,0.099484615,0.10924535,0.910653
AT2G43630,0.05928007,0.06510599,0.9105163
AT1G22020,0.058098596,0.0638154,0.9104164
AT5G44670,0.15515383,0.17043148,0.9103589
AT1G13160,0.093944214,0.103196606,0.91034204
AT4G39800,0.11414849,0.12542197,0.9101155
AT2G10020,0.17193158,0.18891537,0.9100983
AT2G36220,0.15352738,0.16869816,0.9100714
AT5G55160,0.09857981,0.1083302,0.90999377
AT3G04630,0.12564102,0.13808087,0.9099089
AT3G24100,0.106606305,0.11716243,0.90990174
AT3G19515,0.15288289,0.1680367,0.90981835
AT3G03790,0.09773644,0.107426,0.9098024
AT1G26670,0.0562556,0.06183844,0.9097188
AT4G33670,0.06718084,0.07385344,0.90965074
AT2G19110,0.08446789,0.09287866,0.9094433
AT5G11860,0.077959396,0.08572692,0.9093922
AT1G05890,0.05924879,0.06515829,0.90930533
AT4G12730,0.11996504,0.13193452,0.90927696
AT4G34490,0.054575104,0.06002167,0.9092565
AT4G36010,0.2429893,0.26736557,0.9088279
AT3G13940,0.118004456,0.12986512,0.90866923
AT1G23190,0.0659523,0.07259767,0.908463
AT2G25870,0.04015185,0.04419912,0.90843076
AT2G16510,0.07863945,0.08657748,0.90831286
AT2G40600,0.09409094,0.103601396,0.9082014
AT1G01290,0.10555793,0.116259284,0.90795267
AT1G04680,0.123428926,0.13595013,0.9078984
AT5G58920,0.08559747,0.09428288,0.9078792
AT2G44980,0.0772712,0.08511644,0.9078293
AT3G55005,0.06689689,0.07371809,0.90746903
AT1G18210,0.06660718,0.07340634,0.9073763
AT5G20200,0.055562794,0.061245788,0.9072099
AT5G58090,0.05584299,0.061558735,0.90714955
AT5G67350,0.12326974,0.13591985,0.9069295
AT2G01490,0.08813415,0.09718524,0.90686756
AT2G47170,0.06705368,0.07394046,0.90686035
AT1G76760,0.111775845,0.123272665,0.9067366
AT5G13740,0.14452033,0.15938854,0.90671706
AT5G58787,0.12053017,0.13297483,0.9064133
AT2G28120,0.21195948,0.2338484,0.9063969
AT5G55700,0.095947,0.105870575,0.9062668
AT1G58250,0.075770326,0.0836073,0.90626436
AT5G62670,0.08031059,0.08863892,0.90604204
AT3G63210,0.20913811,0.23087692,0.90584236
AT2G43650,0.09343169,0.10314508,0.9058278
AT1G51690,0.04586237,0.050644994,0.9055655
AT1G55330,0.26204062,0.2893679,0.9055621
AT2G41540,0.12765075,0.1409818,0.9054413
AT1G28375,0.17761406,0.19620858,0.9052308
AT1G04870,0.0634279,0.07007053,0.9052008
AT1G70590,0.063072525,0.06969352,0.9049983
AT5G40490,0.0874737,0.09666804,0.9048874
AT5G23420,0.16538706,0.18278453,0.9048197
AT4G36960,0.045897882,0.050730232,0.90474397
AT4G36480,0.069560155,0.07690198,0.90453
AT1G15690,0.047675394,0.052715685,0.90438706
AT4G19120,0.15274324,0.16889526,0.90436655
AT1G59660,0.1584043,0.17516983,0.90428984
AT2G37570,0.05966963,0.0659864,0.9042715
AT4G34350,0.07604451,0.084097885,0.904238
AT5G07090,0.04751898,0.052552983,0.9042107
AT5G39850,0.13402382,0.14822266,0.9042059
AT2G39940,0.062343903,0.06895179,0.9041664
AT3G50970,0.25548434,0.28258,0.90411335
AT1G66330,0.095763154,0.10592889,0.9040324
AT5G23080,0.0884947,0.09789779,0.90394986
AT4G40050,0.06320234,0.069918804,0.90393895
AT1G74160,0.0686654,0.07597015,0.90384704
AT3G03100,0.05755417,0.06368272,0.90376425
AT5G63110,0.05696356,0.06303301,0.9037099
AT2G38710,0.06661253,0.073716216,0.90363455
AT5G14800,0.06119972,0.06774172,0.9034272
AT5G56750,0.10321764,0.114252895,0.9034137
AT3G44320,0.10928359,0.12097238,0.9033763
AT2G35630,0.049485963,0.054783348,0.90330285
AT3G43300,0.07075968,0.078399174,0.9025563
AT4G14080,0.20000485,0.22164105,0.9023817
AT5G16510,0.053310294,0.059077695,0.9023758
AT5G16590,0.10765165,0.11930851,0.9022964
AT5G63610,0.05385638,0.059693072,0.90222144
AT5G13280,0.065637924,0.07275445,0.90218425
AT5G67220,0.04873689,0.054028895,0.9020521
AT4G28200,0.07811066,0.08659692,0.90200263
AT4G39050,0.0629971,0.06984154,0.90200037
AT4G27000,0.03850568,0.04269031,0.9019768
AT5G58060,0.06618403,0.073402904,0.901654
AT1G20010,0.13759288,0.15261388,0.9015751
AT4G27830,0.12644146,0.1402458,0.9015703
AT2G33700,0.049727414,0.05515665,0.9015668
AT4G12080,0.08727947,0.09684244,0.9012522
AT3G45740,0.07185118,0.079726525,0.90122044
AT1G26580,0.08585043,0.09527217,0.9011071
AT4G39520,0.053638145,0.059532247,0.90099293
AT1G71697,0.11054822,0.122703426,0.9009383
AT2G19800,0.3381537,0.37536353,0.90086985
AT2G45710,0.1116797,0.123970084,0.9008601
AT4G34390,0.10336636,0.11475457,0.90076023
AT1G45130,0.07693098,0.08541883,0.9006325
AT4G03510,0.14553921,0.16162127,0.9004953
AT3G48090,0.14664157,0.16288395,0.9002824
AT2G06010,0.095388524,0.10595436,0.90027934
AT4G26870,0.04529558,0.05032264,0.9001032
AT5G54750,0.05196035,0.05773029,0.9000533
AT5G11390,0.08560837,0.09515504,0.89967245
AT5G60710,0.07293916,0.08107323,0.89966995
AT1G05575,0.3399853,0.37790772,0.89965165
AT2G20450,0.09589058,0.10659491,0.8995793
AT5G06980,0.2872701,0.31939816,0.8994106
AT3G26450,0.19213103,0.2136644,0.8992187
AT1G50600,0.06681391,0.07430325,0.8992057
AT4G18930,0.11740661,0.1305748,0.89915204
AT1G04120,0.073299326,0.08152448,0.8991081
AT2G19940,0.053212333,0.05920609,0.8987644
AT3G28040,0.12523885,0.13935056,0.8987322
AT1G14810,0.062116,0.06911827,0.8986914
AT4G30280,0.2759034,0.30707833,0.8984789
AT5G19330,0.0582655,0.064859286,0.89833695
AT4G02010,0.10973479,0.12217808,0.89815444
AT5G16730,0.11847323,0.1319265,0.8980244
AT4G14720,0.11242821,0.12520517,0.89795166
AT5G63800,0.11207544,0.124812394,0.8979512
AT3G49720,0.09840817,0.1096097,0.8978052
AT5G57815,0.08782044,0.09782216,0.89775604
AT1G25275,0.10416606,0.11603221,0.8977339
AT3G56460,0.05239397,0.058369257,0.8976294
AT2G47690,0.08735025,0.09731401,0.8976122
AT3G57280,0.081482306,0.090792276,0.8974585
AT3G18430,0.06296342,0.07016201,0.8974003
AT3G51840,0.07091931,0.079041444,0.897242
AT3G60240,0.05231409,0.05832157,0.8969937
AT5G07100,0.22293824,0.24860728,0.8967486
AT4G09830,0.046874482,0.052275635,0.89667916
AT4G28600,0.050110754,0.055900577,0.8964262
AT5G03380,0.107405916,0.1198223,0.8963766
AT2G24420,0.0648175,0.0723455,0.8959437
AT4G28240,0.118639104,0.13243538,0.8958262
AT4G16720,0.048360262,0.053989604,0.89573264
AT3G55830,0.06195203,0.069167815,0.89567703
AT5G65390,0.17944156,0.20035893,0.89560044
AT1G16350,0.05370718,0.05998355,0.89536494
AT1G06720,0.11899723,0.13291653,0.8952778
AT1G15110,0.07237813,0.080848984,0.8952261
AT3G46220,0.10426406,0.116486564,0.89507365
AT3G63180,0.07162906,0.080026165,0.89507043
AT2G18390,0.08874758,0.09915753,0.895016
AT3G58620,0.13776116,0.15398835,0.8946206
AT2G42280,0.12544046,0.14022662,0.8945552
AT4G27670,0.43361643,0.48477438,0.8944706
AT3G45300,0.11826504,0.13222843,0.89439934
AT1G28580,0.0886771,0.099156745,0.89431226
AT1G70280,0.06631001,0.07415182,0.89424646
AT5G47030,0.059485108,0.066546395,0.8938891
AT3G23030,0.15126288,0.16922769,0.8938423
AT1G12360,0.062014632,0.0693929,0.89367396
AT2G46900,0.045340013,0.050757922,0.89325964
AT5G12480,0.09306582,0.10419873,0.8931569
AT2G37110,0.038570423,0.04318454,0.89315325
AT5G06140,0.074649945,0.083584145,0.8931112
AT3G11630,0.07403479,0.08289818,0.89308095
AT4G34230,0.11797102,0.13210839,0.8929865
AT2G34040,0.040857863,0.04577442,0.8925914
AT5G13950,0.05093297,0.05707508,0.89238524
AT1G64980,0.11745957,0.13162747,0.89236355
AT2G33710,0.19321607,0.21655768,0.8922152
AT2G26710,0.17442952,0.19550881,0.89218235
AT4G02560,0.07768639,0.087105885,0.8918615
AT3G55760,0.14042601,0.15748145,0.89169866
AT1G61570,0.12567076,0.1409576,0.89155
AT3G16800,0.17733806,0.19893318,0.8914453
AT4G31570,0.09163829,0.10281109,0.89132684
AT5G13330,0.19428332,0.217976,0.8913059
AT2G19740,0.05643653,0.063342854,0.8909691
AT3G03960,0.048285358,0.05420228,0.89083606
AT2G17250,0.08973043,0.10074316,0.89068496
AT5G39950,0.075637996,0.08492408,0.8906542
AT2G27500,0.14343026,0.1610446,0.8906244
AT3G46450,0.08350324,0.09375835,0.8906218
AT1G07420,0.10477563,0.117656074,0.89052457
AT1G09460,0.13050552,0.14655843,0.89046735
AT3G27340,0.11416875,0.12821598,0.89044076
AT5G01210,0.19062202,0.21407641,0.8904391
AT3G22170,0.06360082,0.07142799,0.89041865
AT2G44860,0.111316174,0.1250419,0.8902309
AT5G59820,0.18152034,0.20391837,0.89016175
AT1G74270,0.053455878,0.06005791,0.8900721
AT1G11960,0.15282762,0.17170332,0.8900678
AT5G65020,0.09354317,0.10509727,0.89006275
AT5G54900,0.03830292,0.04303567,0.89002705
AT1G07050,0.44256338,0.49725142,0.89001936
AT1G10430,0.07649114,0.085943244,0.8900191
AT4G35050,0.08069231,0.0906734,0.88992256
AT3G12860,0.14510669,0.16307652,0.8898073
AT4G01290,0.045294937,0.05090866,0.8897293
AT2G47130,0.18111423,0.20356658,0.88970506
AT1G03770,0.13376133,0.15035108,0.8896599
AT5G14760,0.24014379,0.270006,0.8894017
AT5G11340,0.085654475,0.096332714,0.88915247
AT1G12500,0.1096549,0.12334611,0.88900167
AT1G19370,0.12010991,0.13511452,0.88894886
AT5G60670,0.07058669,0.07940601,0.8889338
AT3G23620,0.09759907,0.10981052,0.88879514
AT5G54860,0.12595941,0.14173381,0.88870394
AT1G31860,0.08923016,0.10042139,0.8885572
AT2G31390,0.07345314,0.08266957,0.8885148
AT4G35750,0.120757915,0.1359244,0.8884196
AT3G20340,0.3146545,0.354189,0.88838017
AT1G67120,0.11339048,0.12763777,0.8883771
AT3G45830,0.05118017,0.05762478,0.8881623
AT2G36160,0.054453544,0.06131156,0.8881446
AT3G19010,0.15644296,0.17621003,0.88782084
AT3G29200,0.100469984,0.11318804,0.88763773
AT2G28290,0.07305794,0.082319066,0.8874971
AT1G53910,0.059062686,0.06655015,0.8874913
AT1G25560,0.14430703,0.16265783,0.8871815
AT5G03700,0.15369333,0.17331278,0.88679737
AT5G03630,0.08735535,0.09852015,0.8866749
AT3G28900,0.068422556,0.07717698,0.8865668
AT2G47180,0.24063978,0.27143952,0.88653183
AT5G08520,0.085779555,0.096786775,0.88627344
AT3G54380,0.09048735,0.10212514,0.8860438
AT1G09740,0.07586164,0.08563437,0.8858783
AT5G16650,0.10874275,0.12279041,0.8855964
AT3G18740,0.0962805,0.108735085,0.8854593
AT3G19760,0.05063938,0.05719478,0.88538444
AT1G09795,0.1052405,0.11886946,0.8853451
AT5G38530,0.09393866,0.106111266,0.8852845
AT1G70090,0.15289074,0.17271507,0.8852194
AT2G26650,0.07505013,0.08478259,0.88520676
AT5G47480,0.051894188,0.05862717,0.8851558
AT1G73260,0.2368629,0.2676296,0.88504
AT4G27680,0.05681277,0.06421556,0.88471955
AT5G67030,0.12009303,0.13576253,0.8845815
AT1G47210,0.114916846,0.12991214,0.88457346
AT5G59150,0.06609636,0.07472164,0.8845677
AT3G23920,0.09733874,0.110059634,0.88441813
AT3G06340,0.06478003,0.07324851,0.88438684
AT1G79380,0.0802142,0.0907083,0.88430935
AT5G67590,0.049652178,0.056165405,0.88403475
AT5G35080,0.062267084,0.070442624,0.88394034
AT1G21680,0.13260394,0.15005395,0.88370836
AT1G69530,0.18756236,0.21226765,0.8836125
AT3G62400,0.098133184,0.11107286,0.8835027
AT3G24740,0.041986562,0.04752746,0.8834167
AT1G80780,0.06180702,0.06996721,0.8833712
AT1G10390,0.06262323,0.070900775,0.8832516
AT1G72650,0.06859316,0.07767792,0.8830457
AT2G41380,0.17403087,0.19713631,0.8827945
AT1G29950,0.097538136,0.11049182,0.8827633
AT5G51940,0.088727266,0.10051392,0.882736
AT4G01560,0.105861,0.119937114,0.8826375
AT5G10830,0.10578844,0.11985826,0.8826128
AT4G30790,0.064274065,0.0728339,0.8824744
AT1G04400,0.06676123,0.07566464,0.8823306
AT1G31780,0.057612896,0.06530051,0.8822732
AT3G14840,0.07852659,0.08900781,0.8822437
AT2G01640,0.13205709,0.14969672,0.88216406
AT2G45980,0.054032434,0.061258838,0.8820348
AT4G20890,0.07080257,0.08027226,0.8820303
AT1G62040,0.08376665,0.09498189,0.88192225
AT5G66760,0.054291155,0.06157025,0.8817756
AT1G29260,0.05355083,0.060732067,0.88175523
AT5G15270,0.07726134,0.08764773,0.88149846
AT2G34260,0.1158643,0.13144743,0.8814496
AT1G09270,0.05107081,0.057941988,0.8814126
AT1G43910,0.29169762,0.33094364,0.8814118
AT4G15770,0.092669666,0.10513803,0.88140947
AT4G01150,0.14163937,0.1607052,0.88136137
AT4G14930,0.105008766,0.11915012,0.88131475
AT5G32450,0.07480993,0.08489317,0.88122433
AT2G44810,0.22254577,0.25270182,0.8806655
AT5G67320,0.06221385,0.07064579,0.8806448
AT5G02880,0.08024891,0.09112777,0.88061965
AT1G25400,0.17375036,0.19736609,0.88034546
AT4G34710,0.091410205,0.10385657,0.88015807
AT4G22780,0.14637469,0.16636403,0.8798457
AT5G26030,0.08834565,0.10044456,0.8795463
AT3G25900,0.14402512,0.16375181,0.8795329
AT4G39820,0.061880413,0.07035902,0.87949497
AT1G22930,0.08088804,0.09197427,0.8794637
AT3G03060,0.15077063,0.17143647,0.87945473
AT5G55180,0.14605989,0.16610304,0.87933296
AT1G15810,0.072976366,0.08299228,0.8793151
AT2G24180,0.10020148,0.11397725,0.8791357
AT1G65010,0.1192449,0.13567616,0.87889344
AT1G48090,0.07272058,0.08274821,0.87881744
AT4G14615,0.08572371,0.09755418,0.8787292
AT5G62020,0.13309865,0.1514723,0.8786995
AT4G30960,0.07086926,0.08065403,0.8786821
AT1G28400,0.1493662,0.170007,0.87858844
AT1G12140,0.07382504,0.08409426,0.87788427
AT5G26770,0.11508469,0.13109481,0.87787366
AT5G05460,0.12447436,0.1418013,0.8778083
AT4G31240,0.13194153,0.1503203,0.8777358
AT3G56050,0.06755052,0.07696157,0.87771744
AT1G75580,0.23751819,0.27069885,0.87742597
AT1G21410,0.14200021,0.16184464,0.87738585
AT5G64230,0.15421374,0.17579009,0.8772607
AT4G32660,0.04396849,0.050143212,0.8768581
AT5G49580,0.041903976,0.047791056,0.8768161
AT5G35300,0.14581452,0.16630049,0.8768135
AT5G46750,0.06741351,0.07689476,0.87669826
AT2G29400,0.069891416,0.07975476,0.87632895
AT1G18740,0.18734919,0.21380186,0.87627476
AT1G76810,0.073133565,0.083460875,0.8762616
AT2G45180,0.21840727,0.24927296,0.87617713
AT1G67970,0.17446026,0.19918934,0.87585133
AT4G11600,0.12223039,0.13956441,0.87579906
AT4G28830,0.09010664,0.10294428,0.87529516
AT5G61210,0.072149076,0.08243077,0.87526864
AT1G10660,0.11133308,0.12722187,0.8751095
AT5G19480,0.08697641,0.09939361,0.87507033
AT5G25350,0.10456259,0.119491175,0.8750653
AT1G73600,0.22670867,0.25916797,0.87475574
AT3G14290,0.058081105,0.066400684,0.8747063
AT4G32060,0.07296783,0.08342207,0.8746824
AT2G31880,0.1468506,0.16791351,0.8745609
AT5G39040,0.05723092,0.06544697,0.87446237
AT3G02880,0.072251335,0.082634546,0.87434775
AT2G36170,0.056241665,0.0643341,0.8742122
AT1G32170,0.110618606,0.12654004,0.87417865
AT5G12310,0.042153545,0.048221823,0.87415886
AT5G51120,0.047273867,0.05408623,0.8740461
AT3G52870,0.092141345,0.10544061,0.87386954
AT2G24360,0.048045296,0.05498268,0.87382585
AT2G33210,0.073241964,0.08384538,0.87353605
AT1G61120,0.3493568,0.3999851,0.87342453
AT2G28660,0.12375963,0.14170994,0.87333053
AT4G18880,0.14134565,0.1618467,0.87333035
AT1G72150,0.08848796,0.10135984,0.8730081
AT4G34630,0.12077039,0.13836278,0.87285304
AT3G13870,0.055091307,0.063123755,0.8727507
AT5G57360,0.049314283,0.056520432,0.87250346
AT2G17990,0.061147064,0.07010786,0.87218547
AT1G01360,0.09148339,0.10494954,0.87168926
AT2G18690,0.24077687,0.27622554,0.8716677
AT5G18650,0.10188524,0.116893195,0.87160957
AT1G14560,0.100485876,0.11529201,0.871577
AT4G34980,0.08394909,0.096321255,0.87155306
AT3G57490,0.091329314,0.10480869,0.87139064
AT4G20270,0.11477005,0.1317188,0.87132615
AT1G44170,0.08786,0.10083621,0.8713139
AT3G52360,0.15357946,0.17627567,0.87124586
AT5G43850,0.09379641,0.107662424,0.87120837
AT5G65860,0.11939798,0.1370559,0.87116253
AT2G39700,0.16001649,0.18372066,0.87097704
AT5G08670,0.11233836,0.12898897,0.87091434
AT5G54940,0.13707359,0.1574038,0.8708404
AT1G52720,0.1496225,0.1718455,0.8706803
AT1G79830,0.042987138,0.04937252,0.8706691
AT5G04740,0.06642962,0.07630238,0.87061
AT5G59870,0.15618926,0.1794167,0.87053907
AT3G07560,0.04302917,0.049432237,0.8704676
AT1G06430,0.09855411,0.11324448,0.87027735
AT3G47420,0.23994121,0.2757656,0.87009114
AT4G28440,0.05733929,0.065900564,0.87008786
AT4G36360,0.10987044,0.12627648,0.8700783
AT1G08620,0.06175081,0.07097577,0.8700265
AT3G08590,0.07812653,0.08980026,0.8700033
AT5G56500,0.088508494,0.10173562,0.8699852
AT3G04880,0.07555735,0.08686553,0.86981964
AT5G64270,0.05316922,0.06116968,0.8692086
AT3G16240,0.14894474,0.1713626,0.8691787
AT1G77440,0.058893684,0.067758866,0.86916566
AT5G58375,0.08423952,0.09693786,0.8690053
AT4G27270,0.0809641,0.093190916,0.8687982
AT5G53290,0.16356026,0.18827268,0.8687412
AT1G04170,0.05622422,0.064719185,0.86874104
AT4G15260,0.13157867,0.15150301,0.8684887
AT5G67630,0.07480958,0.0861443,0.8684217
AT2G31740,0.06507268,0.07493609,0.8683756
AT1G68220,0.08222036,0.09469682,0.86824834
AT3G50500,0.10302228,0.1186575,0.86823225
AT5G18400,0.07021062,0.08087001,0.868191
AT1G69410,0.09563699,0.11015701,0.8681879
AT3G63260,0.054139666,0.06236289,0.86813897
AT4G32640,0.079706974,0.091816284,0.86811364
AT2G21180,0.107786074,0.12419101,0.86790556
AT4G39670,0.24052006,0.27723068,0.86758095
AT1G33520,0.0800031,0.09221955,0.86752856
AT5G13420,0.06349201,0.073194854,0.867438
AT4G02480,0.09700522,0.111852884,0.8672571
AT2G37600,0.099707276,0.114973515,0.86721945
AT3G09470,0.06482594,0.074782126,0.86686397
AT2G02100,0.1442381,0.16640088,0.86681086
AT1G29820,0.07593231,0.087603405,0.8667734
AT3G49560,0.048036806,0.055437133,0.8665094
AT1G76390,0.07340788,0.08474029,0.8662689
AT1G03290,0.08826769,0.1018968,0.8662459
AT3G22200,0.08602083,0.09931895,0.8661068
AT5G26830,0.06780161,0.07829355,0.86599225
AT1G04310,0.15189132,0.1754102,0.8659206
AT1G48920,0.08486393,0.09801773,0.86580175
AT5G62930,0.0606853,0.0701024,0.8656664
AT1G24510,0.05697292,0.065823816,0.8655365
AT2G36900,0.08407403,0.09713634,0.8655259
AT3G05880,0.21336079,0.24651504,0.86550814
AT4G32960,0.069861956,0.08073424,0.86533237
AT5G66250,0.058459632,0.06757426,0.8651167
AT1G32900,0.2528507,0.29227743,0.86510515
AT5G20350,0.05621639,0.06498302,0.86509347
AT4G33920,0.13842908,0.16003978,0.8649666
AT5G11260,0.12865658,0.14875253,0.86490345
AT3G07590,0.0812318,0.09392501,0.86485803
AT1G76540,0.10963792,0.12678808,0.8647336
AT5G08570,0.052700017,0.0609835,0.8641683
AT4G35280,0.1880693,0.21764041,0.86412853
AT3G22850,0.14005323,0.1620842,0.86407685
AT3G60080,0.10726928,0.124159604,0.86396277
AT5G15120,0.31760758,0.36771223,0.8637395
AT3G47370,0.07209924,0.083497986,0.8634847
AT2G23170,0.32314742,0.37430918,0.86331683
AT3G25600,0.18604207,0.21553285,0.8631726
AT3G13330,0.06291272,0.0728933,0.8630795
AT5G47435,0.06371316,0.073838286,0.86287427
AT2G23810,0.15256035,0.17686272,0.86259186
AT4G29510,0.07172035,0.08315147,0.8625265
AT3G15940,0.053871963,0.062461447,0.86248326
AT5G65490,0.09497639,0.11012133,0.8624703
AT1G15440,0.073999554,0.08580186,0.86244684
AT5G27660,0.17592143,0.20402563,0.8622515
AT1G29990,0.09804709,0.11371704,0.8622022
AT5G13460,0.09387871,0.10889278,0.8621205
AT1G01510,0.06529161,0.0757598,0.8618239
AT3G48760,0.040395744,0.046875432,0.8617677
AT5G35735,0.17570625,0.20396417,0.8614564
AT1G03370,0.07600591,0.08824928,0.86126375
AT2G37060,0.09942587,0.11544987,0.8612038
AT3G16570,0.13083972,0.15196426,0.86099
AT4G26190,0.08593086,0.09980739,0.86096686
AT5G42390,0.05022597,0.058343694,0.86086357
AT1G51570,0.049162243,0.05711802,0.8607132
AT5G44090,0.061829455,0.071836814,0.8606931
AT5G09620,0.059339613,0.06894454,0.86068606
AT3G49220,0.100590006,0.116888605,0.8605629
AT1G57820,0.10612099,0.12332046,0.8605302
AT5G53850,0.052091062,0.060549263,0.8603086
AT1G28440,0.09243957,0.10745603,0.86025476
AT4G19860,0.060684815,0.070562154,0.8600192
AT1G57680,0.0806877,0.09383748,0.85986644
AT3G53890,0.0595368,0.06925118,0.85972244
AT1G80440,0.2403834,0.27963698,0.85962665
AT3G11820,0.0835202,0.09719383,0.85931575
AT5G14050,0.06843066,0.07963481,0.85930586
AT1G60190,0.30096042,0.35026142,0.8592451
AT4G35830,0.03926834,0.04570251,0.8592161
AT3G46230,0.33590606,0.39104605,0.8589936
AT2G41640,0.21522555,0.250573,0.8589335
AT5G15320,0.09477434,0.11034278,0.85890836
AT1G73990,0.052164048,0.060740095,0.8588073
AT2G25110,0.0687593,0.080078416,0.85864955
AT5G11150,0.16793136,0.19561233,0.85849065
AT5G62360,0.45180374,0.5263257,0.85841095
AT2G01450,0.08483339,0.098827414,0.85839933
AT3G17970,0.06444343,0.07507579,0.85837823
AT5G13030,0.036905836,0.043007404,0.8581273
AT4G27900,0.12881726,0.15019962,0.85764027
AT2G45670,0.07234287,0.084354855,0.8576017
AT3G58760,0.052183054,0.060869947,0.8572875
AT1G19835,0.09784278,0.114131555,0.8572807
AT5G46840,0.068092465,0.07944415,0.8571111
AT1G35580,0.05551214,0.06477418,0.85701025
AT3G15000,0.07076815,0.082580514,0.85695934
AT3G52200,0.060976252,0.071164906,0.85683024
AT1G33590,0.12829514,0.14975943,0.8566748
AT4G29350,0.04705405,0.054927763,0.8566531
AT3G03950,0.08848126,0.1032922,0.85661125
AT1G21920,0.089043915,0.1039733,0.8564113
AT4G15550,0.16401622,0.19153439,0.8563277
AT1G35430,0.1372126,0.16023996,0.85629445
AT1G13700,0.22841032,0.26676136,0.8562346
AT4G00355,0.056839645,0.066420205,0.85575825
AT3G60130,0.12029142,0.14060272,0.8555411
AT3G47520,0.06639181,0.07761713,0.85537565
AT5G44720,0.09057,0.10588825,0.85533565
AT2G30040,0.17101006,0.19993994,0.8553071
AT5G63620,0.07006338,0.08192339,0.85523045
AT1G62300,0.10568295,0.12359239,0.8550926
AT5G01800,0.053469118,0.06253909,0.854971
AT5G01620,0.082948335,0.09701961,0.85496455
AT2G27710,0.05523936,0.064611636,0.85494435
AT1G55350,0.0722362,0.08450133,0.85485274
AT4G16500,0.09014364,0.10546321,0.85474014
AT2G40970,0.08329354,0.09745877,0.8546541
AT5G26860,0.09917897,0.11605052,0.85461885
AT5G26280,0.19401518,0.22706634,0.85444266
AT3G28210,0.27867833,0.32624003,0.8542125
AT2G35040,0.0518521,0.060705397,0.8541595
AT5G43060,0.06193341,0.07251523,0.8540745
AT5G67070,0.09925681,0.116218835,0.85405093
AT1G36320,0.06558171,0.07683627,0.8535253
AT1G49170,0.088080294,0.103223704,0.85329515
AT1G49710,0.06999819,0.08203874,0.8532333
AT2G40270,0.08317585,0.09750179,0.8530699
AT1G45145,0.17834018,0.20909423,0.85291773
AT4G17460,0.17120545,0.200739,0.8528758
AT5G46250,0.04208152,0.04935993,0.852544
AT5G54390,0.079550475,0.09331676,0.8524778
AT3G62870,0.052354936,0.061431687,0.8522463
AT5G56280,0.068538785,0.08043709,0.85207933
AT2G23910,0.31375566,0.36822864,0.85206753
AT5G67360,0.0596349,0.0700119,0.85178226
AT3G03640,0.12878889,0.15127815,0.8513382
AT3G19910,0.050736412,0.059601583,0.85125935
AT3G10250,0.076985374,0.0904635,0.8510103
AT1G29940,0.080936626,0.09511501,0.8509342
AT5G26760,0.053076547,0.06238752,0.8507557
AT5G09870,0.10973525,0.12900646,0.8506182
AT1G29470,0.06256649,0.073556535,0.8505904
AT1G27200,0.092744246,0.10905795,0.8504125
AT1G02640,0.19950192,0.23459671,0.85040367
AT1G16560,0.076484635,0.089944236,0.8503561
AT3G05800,0.26237077,0.308607,0.8501776
AT5G12930,0.15257487,0.17947598,0.850113
AT3G10550,0.08337795,0.09808869,0.8500261
AT5G02020,0.3068084,0.36094713,0.85000926
AT2G36080,0.1503986,0.17696275,0.8498884
AT2G05710,0.05300161,0.06237097,0.8497799
AT1G68990,0.093239926,0.10974595,0.8495978
AT1G54050,0.39010522,0.4592096,0.84951454
AT2G39870,0.109649725,0.12907872,0.84947944
AT1G50920,0.050334964,0.059264116,0.84933275
AT2G04030,0.080793776,0.09513622,0.84924304
AT3G53970,0.046578903,0.0548567,0.8491013
AT1G02500,0.04338594,0.051119484,0.84871614
AT2G17720,0.0850614,0.1002267,0.84869
AT1G51710,0.040068187,0.047216907,0.84859806
AT1G10020,0.13860142,0.16339153,0.8482778
AT3G16470,0.17255957,0.20346455,0.84810627
AT2G05790,0.08385026,0.09887889,0.84800965
AT2G23320,0.116525486,0.13741323,0.8479931
AT5G27280,0.13585055,0.1603023,0.8474647
AT1G28380,0.118768185,0.14014897,0.8474424
AT5G04910,0.056684,0.06689226,0.8473924
AT3G56400,0.32138154,0.37926966,0.8473695
AT3G56070,0.1263436,0.14910579,0.8473419
AT5G01810,0.09891179,0.11673995,0.84728307
AT1G66150,0.08412979,0.09929462,0.84727436
AT4G23060,0.15154058,0.17886126,0.847252
AT2G26690,0.17330354,0.20455508,0.84722185
AT1G51940,0.16098,0.19000964,0.8472201
AT3G49080,0.06474807,0.07642586,0.84720105
AT4G23850,0.049579903,0.058529336,0.8470948
AT4G39400,0.09220981,0.10886234,0.84703124
AT5G55120,0.100976735,0.11922708,0.8469278
AT5G14520,0.06490656,0.07664887,0.8468038
AT2G21120,0.0645715,0.07625639,0.8467683
AT4G31790,0.086147904,0.101781264,0.84640235
AT4G17880,0.12727064,0.15036729,0.84639835
AT4G26130,0.08981221,0.10612142,0.8463155
AT1G43890,0.066510156,0.078588255,0.84631157
AT5G66010,0.062227335,0.07352858,0.84630126
AT2G01220,0.066319235,0.078372836,0.8462017
AT2G47610,0.04954558,0.058554236,0.8461483
AT2G02710,0.1494847,0.17669481,0.84600496
AT2G23290,0.1269243,0.15004732,0.8458951
AT3G08630,0.080967985,0.09573652,0.84573764
AT5G54640,0.09194599,0.108718336,0.84572655
AT2G40610,0.3055314,0.36131445,0.84561086
AT5G07290,0.08476252,0.100250915,0.8455036
AT5G18900,0.050906725,0.060217753,0.8453772
AT4G01330,0.122035645,0.14438812,0.8451916
AT1G76700,0.09277485,0.10978038,0.845095
AT1G04130,0.11351389,0.13432258,0.8450841
AT1G78300,0.04216033,0.049890336,0.8450598
AT3G52070,0.23937589,0.28331554,0.84490913
AT1G63800,0.14278476,0.16902733,0.84474355
AT2G27200,0.10202586,0.120777465,0.8447425
AT4G13730,0.051977836,0.0615376,0.84465146
AT1G68140,0.050119825,0.059341796,0.84459555
AT1G70160,0.06965376,0.08247615,0.8445321
AT3G58120,0.23331805,0.27634296,0.8443061
AT5G20060,0.064095385,0.07591723,0.84427977
AT3G02800,0.20096375,0.23807545,0.8441179
AT5G60360,0.059067693,0.069976926,0.8441023
AT1G26920,0.13206708,0.15648733,0.84394735
AT1G03210,0.08925766,0.10578656,0.84375226
AT5G18620,0.059712935,0.07078079,0.84363186
AT5G41520,0.04496602,0.05330326,0.84358835
AT1G27630,0.101844,0.12075449,0.84339714
AT5G64500,0.04774559,0.056611348,0.8433924
AT4G31880,0.0502341,0.05957069,0.84326863
AT2G46220,0.14626598,0.17346606,0.8431965
AT2G47800,0.12655729,0.15010665,0.8431157
AT1G77420,0.09798484,0.116250135,0.84287935
AT1G05180,0.06315526,0.074968465,0.84242433
AT1G49560,0.15498026,0.18398902,0.8423342
AT4G17550,0.14469427,0.17178397,0.84230363
AT1G07030,0.050806805,0.060327087,0.8421888
AT3G04840,0.06914958,0.08210928,0.8421652
AT1G21100,0.22819029,0.27099633,0.84204197
AT5G17930,0.06868557,0.081578426,0.84195745
AT2G01080,0.12268266,0.14573385,0.84182674
AT2G32920,0.090488955,0.10749774,0.8417754
AT1G25580,0.07781227,0.09248151,0.84138185
AT3G10920,0.031769678,0.03776646,0.8412138
AT4G37370,0.2470183,0.29365048,0.8411984
AT3G58680,0.05641201,0.06707839,0.84098625
AT3G01280,0.06791318,0.08077747,0.8407441
AT1G60420,0.04007177,0.04766725,0.84065604
AT1G04040,0.15142171,0.18016657,0.8404539
AT5G04760,0.086058006,0.102397546,0.8404303
AT3G12030,0.15924723,0.18948692,0.84041274
AT5G03290,0.048730653,0.05799237,0.84029406
AT2G05630,0.108967625,0.12977056,0.8396944
AT5G16760,0.06464351,0.07698732,0.8396643
AT3G57340,0.059740417,0.07118055,0.83927995
AT3G45980,0.061625365,0.07346445,0.83884597
AT1G30110,0.1103927,0.13160649,0.83880883
AT1G64390,0.1501451,0.17900577,0.8387723
AT1G13640,0.100645855,0.120004766,0.8386821
AT4G39200,0.047487587,0.05662298,0.8386627
AT1G20575,0.058643583,0.0699651,0.8381833
AT5G43410,0.2210808,0.26383945,0.8379368
AT2G43710,0.08055727,0.09614154,0.8379028
AT5G12150,0.05703903,0.06807445,0.8378918
AT1G62570,0.18717651,0.223414,0.8378011
AT5G20890,0.041811284,0.049908508,0.8377585
AT5G44240,0.05110643,0.06100892,0.83768773
AT3G12630,0.05433573,0.06489061,0.8373434
AT4G02230,0.042289153,0.050505776,0.837313
AT1G34750,0.11193057,0.13368212,0.837289
AT2G22400,0.053734615,0.06420025,0.8369844
AT5G07920,0.07545426,0.09016459,0.83685017
AT2G34560,0.06663098,0.07963261,0.83672976
AT3G19030,0.2908496,0.3476658,0.83657813
AT4G37120,0.06570133,0.07856357,0.83628225
AT4G23750,0.12692362,0.15178533,0.8362047
AT1G10630,0.08276408,0.098978765,0.8361801
AT1G75370,0.08037193,0.09613184,0.8360594
AT1G62660,0.11267034,0.13476403,0.83605635
AT4G15900,0.06200949,0.07418452,0.8358817
AT2G04550,0.08258649,0.09881329,0.8357832
AT4G21560,0.06438421,0.07703591,0.83576864
AT1G51980,0.034867104,0.041722674,0.835687
AT5G55190,0.039450686,0.04721934,0.8354771
AT1G48650,0.0737834,0.08831618,0.83544594
AT3G02750,0.058196653,0.06966511,0.8353772
AT1G69220,0.051748108,0.06194664,0.8353657
AT1G54130,0.051264122,0.061393708,0.835006
AT4G14300,0.06517004,0.07807265,0.83473575
AT2G19310,0.22163507,0.26555517,0.8346103
AT4G31290,0.08830171,0.105805025,0.83457005
AT5G37770,0.20952086,0.25110173,0.83440626
AT1G14130,0.1302165,0.15606463,0.8343754
AT1G76160,0.08868574,0.10629151,0.83436334
AT5G66820,0.078293234,0.09384987,0.83423907
AT3G20290,0.06867375,0.08233147,0.83411294
AT5G59840,0.04256072,0.051038545,0.8338935
AT3G03220,0.08594255,0.10306607,0.8338587
AT1G05340,0.19884893,0.2384983,0.83375406
AT1G79870,0.04068348,0.048799038,0.83369416
AT3G22600,0.22032067,0.26431042,0.83356786
AT5G57340,0.16789964,0.20148987,0.8332907
AT1G22510,0.118333645,0.14202103,0.833212
AT4G01070,0.13223112,0.15870221,0.83320266
AT1G13120,0.09735017,0.11684322,0.8331691
AT5G03140,0.11250678,0.13504164,0.8331265
AT1G01430,0.14024265,0.16835426,0.83302104
AT5G27150,0.08207626,0.09853626,0.8329548
AT5G53310,0.046124745,0.055379413,0.832886
AT2G06850,0.14902627,0.17895702,0.83274895
AT1G56330,0.0697285,0.08374468,0.8326319
AT4G39270,0.072770335,0.08741152,0.8325027
AT5G22880,0.12107728,0.14545654,0.8323948
AT2G42580,0.09842402,0.11825097,0.83233154
AT5G15870,0.09860991,0.118512414,0.8320639
AT4G02640,0.07095147,0.08527537,0.8320277
AT3G13440,0.06537721,0.07861614,0.8316003
AT1G73390,0.12877883,0.15491416,0.8312915
AT5G18230,0.0519974,0.06255563,0.8312184
AT3G52800,0.067272365,0.080938675,0.8311522
AT5G34850,0.063530974,0.07644766,0.8310388
AT3G05900,0.20931652,0.25187972,0.83101773
AT5G60300,0.07806092,0.09394943,0.83088225
AT1G64520,0.056433465,0.06792119,0.83086675
AT4G19670,0.05724106,0.068894155,0.830855
AT3G56720,0.07398841,0.08905683,0.8307999
AT1G53210,0.06470429,0.07788296,0.83078873
AT1G78900,0.04803916,0.05782901,0.83071023
AT1G50640,0.061653968,0.07422953,0.83058536
AT3G22160,0.14126326,0.17010896,0.83042806
AT3G30775,0.17518385,0.21097071,0.83037037
AT1G15950,0.056497764,0.068042636,0.83032876
AT1G18620,0.12288231,0.14799586,0.830309
AT2G41650,0.08117887,0.0978264,0.8298257
AT4G24280,0.04323905,0.052129176,0.8294595
AT4G20260,0.0759237,0.09154157,0.82939035
AT1G73030,0.03928661,0.047377884,0.82921815
AT5G38840,0.07291442,0.08793803,0.82915676
AT3G04920,0.08533268,0.10292764,0.82905495
AT3G29320,0.12357888,0.14907585,0.8289664
AT2G46270,0.14686228,0.17717256,0.8289222
AT5G11580,0.08029013,0.096879885,0.8287595
AT3G59020,0.045409784,0.05480253,0.82860726
AT5G67490,0.089132234,0.107635826,0.8280907
AT2G46520,0.07570111,0.0914516,0.8277723
AT1G55450,0.21359922,0.25806066,0.8277093
AT3G27300,0.08345064,0.10082859,0.8276485
AT4G02450,0.091073245,0.11003982,0.8276389
AT3G01290,0.16369607,0.19780232,0.82757396
AT1G68580,0.062121794,0.07506508,0.8275724
AT4G26230,0.06739363,0.081442825,0.8274962
AT5G24020,0.067356095,0.08140723,0.8273969
AT3G17820,0.064171106,0.07755839,0.8273908
AT1G32860,0.1736106,0.20987079,0.82722604
AT3G59300,0.07191692,0.0869779,0.8268413
AT5G64570,0.12282118,0.1485445,0.8268308
AT5G13070,0.063877046,0.07726116,0.82676786
AT2G25430,0.04036876,0.04883061,0.8267099
AT4G21850,0.15272905,0.18475029,0.8266782
AT2G38860,0.09894835,0.11969569,0.8266659
AT4G29520,0.15195769,0.183841,0.82657117
AT3G12400,0.056410816,0.06827526,0.82622623
AT5G42150,0.0881492,0.106730014,0.8259082
AT2G24210,0.26833388,0.32502326,0.82558364
AT5G57870,0.03512343,0.042544786,0.8255635
AT3G16290,0.0701459,0.08498446,0.8253967
AT4G33440,0.11610193,0.14067161,0.82534003
AT1G06390,0.06980122,0.084578134,0.82528675
AT4G34640,0.059841126,0.07251294,0.82524747
AT1G04250,0.0997231,0.12084206,0.82523495
AT5G54110,0.056932956,0.06899045,0.82522947
AT2G03760,0.25277206,0.30631605,0.8252002
AT3G12490,0.06510169,0.078915074,0.8249588
AT2G43820,0.1978891,0.23988979,0.8249167
AT4G25030,0.05561666,0.067422055,0.82490295
AT5G65540,0.065570764,0.079490066,0.82489246
AT4G03190,0.12621346,0.15301543,0.8248413
AT2G27720,0.050748836,0.061532147,0.82475305
AT5G20290,0.041034307,0.049754947,0.824728
AT2G33310,0.08203348,0.09949768,0.8244762
AT4G08390,0.076839514,0.09324351,0.82407355
AT2G39460,0.049536612,0.060117736,0.82399315
AT4G25200,0.39247113,0.47637716,0.8238664
AT2G18230,0.13813253,0.16771686,0.8236054
AT4G24570,0.23097716,0.2804631,0.82355636
AT1G49240,0.050622094,0.061471026,0.8235113
AT1G67920,0.19589151,0.23792522,0.82333225
AT5G64300,0.082274914,0.09993193,0.8233095
AT1G19770,0.14400296,0.17491412,0.823278
AT1G64140,0.060510337,0.07350093,0.82325935
AT4G20850,0.05460591,0.06634699,0.8230351
AT2G25520,0.07007965,0.085151225,0.82300216
AT5G24430,0.053895745,0.0655213,0.82256824
AT4G39420,0.058957774,0.07167669,0.82255155
AT3G17770,0.06676279,0.081170335,0.82250226
AT2G18740,0.1123732,0.13663518,0.82243234
AT3G44600,0.06370874,0.07746504,0.8224191
AT1G63060,0.1525343,0.18547134,0.82241434
AT1G07570,0.097069934,0.11803496,0.82238287
AT4G38960,0.1875105,0.22803633,0.82228345
AT1G29150,0.050462283,0.06137459,0.82220143
AT5G27770,0.08305952,0.10103208,0.8221103
AT1G78050,0.12794158,0.15565757,0.82194245
AT5G03230,0.19202298,0.23364134,0.8218707
AT4G23820,0.1125392,0.13695344,0.8217332
AT5G46780,0.1280112,0.1557999,0.82163846
AT2G15490,0.25990754,0.3163552,0.8215687
AT1G15930,0.0456302,0.055541817,0.8215466
AT5G24810,0.09433757,0.11484974,0.82139987
AT1G08920,0.15378806,0.18729848,0.8210854
AT1G48410,0.048861887,0.059518673,0.8209504
AT2G21390,0.041723866,0.050843354,0.82063544
AT5G42480,0.069272175,0.08441726,0.82059246
AT4G31500,0.11661682,0.14212006,0.82055134
AT1G07380,0.08870602,0.10811254,0.820497
AT1G76550,0.0817448,0.09963771,0.8204202
AT3G10730,0.08902444,0.108543664,0.8201716
AT1G11260,0.13103181,0.15976752,0.82014036
AT1G77840,0.06126008,0.07471684,0.81989646
AT1G14330,0.06929116,0.084520705,0.8198128
AT3G11590,0.07169021,0.0874614,0.81967825
AT1G31850,0.080567084,0.098303035,0.81957877
AT1G48320,0.1722081,0.21015383,0.8194382
AT1G03360,0.0928182,0.11327483,0.81940705
AT4G25970,0.06485961,0.07916289,0.8193183
AT4G22750,0.0787651,0.09614426,0.81923866
AT2G44490,0.1040987,0.12707168,0.8192123
AT4G02550,0.14307897,0.17466448,0.8191646
AT3G61580,0.07653752,0.093446516,0.81905156
AT5G56360,0.078745335,0.09614272,0.8190462
AT4G08850,0.1448108,0.17683357,0.81891
AT5G54930,0.095481664,0.11661345,0.8187877
AT4G24210,0.048014536,0.058644608,0.81873727
AT1G58180,0.1371508,0.16754816,0.81857526
AT3G17810,0.07436495,0.09088328,0.8182468
AT4G32070,0.12110419,0.14803284,0.8180899
AT3G13230,0.11883242,0.14525819,0.81807715
AT3G59920,0.039397173,0.048165306,0.8179573
AT5G06860,0.16241701,0.19860882,0.81777334
AT5G14120,0.10603197,0.1296638,0.81774527
AT1G23260,0.05586861,0.06832675,0.81766814
AT4G23910,0.10665727,0.13045333,0.81758934
AT1G77920,0.13798994,0.16879086,0.81752014
AT3G11340,0.28361118,0.34699222,0.81734157
AT3G57090,0.04368245,0.053450406,0.8172518
AT5G18150,0.19997649,0.24471784,0.81717163
AT2G44240,0.30552384,0.37392753,0.81706697
AT1G74790,0.09706261,0.11880943,0.81696045
AT1G52380,0.053986553,0.06609192,0.8168404
AT1G30820,0.1583361,0.19385372,0.8167813
AT5G16130,0.06758142,0.08274232,0.81676966
AT1G33990,0.059295215,0.07262266,0.8164836
AT4G27860,0.15939522,0.19530152,0.81614935
AT3G54110,0.05289294,0.0648134,0.8160802
AT4G04620,0.14336823,0.1756831,0.81606156
AT1G75860,0.135197,0.16574946,0.8156707
AT4G38240,0.072862595,0.089351274,0.81546223
AT2G41500,0.075293586,0.092354454,0.81526744
AT5G07340,0.07740168,0.09496683,0.8150391
AT2G37470,0.092494875,0.113487616,0.8150217
AT1G73480,0.18470794,0.22664078,0.814981
AT5G17610,0.08479475,0.1040492,0.81494856
AT5G55100,0.077161334,0.09470321,0.8147699
AT3G13430,0.093317494,0.11457503,0.8144662
AT1G09100,0.06813746,0.083661176,0.8144453
AT5G52310,0.26657954,0.32737967,0.8142825
AT3G09630,0.041758932,0.051289354,0.81418306
AT5G14270,0.055699036,0.06841283,0.8141605
AT5G16440,0.046169337,0.056710076,0.8141292
AT5G25440,0.17499986,0.21507576,0.8136661
AT1G56340,0.07697433,0.09463088,0.81341654
AT1G11380,0.10190812,0.12533395,0.8130926
AT5G52190,0.28377056,0.3490886,0.81288975
AT4G13180,0.13150327,0.1617729,0.812888
AT1G79850,0.1622424,0.19966169,0.8125865
AT3G57300,0.06529664,0.080412954,0.81201637
AT1G69040,0.11103194,0.1367552,0.8119028
AT5G16840,0.04552276,0.056075644,0.8118097
AT1G29340,0.053256977,0.06561065,0.8117123
AT3G26910,0.09060238,0.111667156,0.811361
AT5G63490,0.07048501,0.086873375,0.8113534
AT3G54620,0.048864774,0.060245845,0.8110894
AT2G27730,0.040029787,0.049356125,0.8110397
AT1G30200,0.062158573,0.07671983,0.8102021
AT4G34460,0.048258424,0.059566453,0.81016093
AT1G80420,0.08272642,0.10212974,0.81001294
AT5G42950,0.051232647,0.06325532,0.80993414
AT1G02150,0.084387615,0.10419906,0.8098692
AT5G52510,0.064500004,0.079658456,0.80970687
AT5G05140,0.08715289,0.10766308,0.80949646
AT3G04170,0.17596787,0.21751574,0.8089891
AT5G67250,0.05060912,0.06257097,0.8088274
AT5G09590,0.114214934,0.1412358,0.8086825
AT1G28130,0.1561419,0.19311251,0.80855405
AT2G26980,0.117077954,0.14484292,0.80830973
AT5G19400,0.057682514,0.07136822,0.808238
AT1G51650,0.04515318,0.055866666,0.80823094
AT4G13170,0.091810875,0.113599494,0.80819786
AT2G30140,0.15332265,0.18972817,0.80811745
AT3G61440,0.08042592,0.099530384,0.80805385
AT3G46440,0.061505653,0.07611733,0.8080374
AT1G72320,0.0756949,0.09369752,0.8078644
AT4G12600,0.11072118,0.13705532,0.80785745
AT3G55770,0.050238684,0.06221887,0.8074508
AT4G09320,0.06411147,0.079401724,0.80743164
AT3G16640,0.07158175,0.08869832,0.80702484
AT3G53790,0.20376459,0.25252214,0.8069177
AT2G02570,0.10943455,0.13562173,0.8069101
AT4G25620,0.092454225,0.114601895,0.8067425
AT3G13520,0.13750978,0.1704633,0.8066826
AT3G24830,0.045739885,0.056702357,0.80666625
AT5G13550,0.094034076,0.11659679,0.80648935
AT1G54270,0.03991502,0.049493935,0.8064627
AT1G50740,0.1319675,0.16366446,0.80632955
AT3G05530,0.033270806,0.04126532,0.80626535
AT1G19580,0.049599215,0.061531335,0.80608046
AT3G61630,0.15695992,0.19475159,0.80594933
AT1G66880,0.1428613,0.17726003,0.80594194
AT4G30310,0.052579217,0.06524209,0.80590934
AT1G04750,0.07701088,0.09555975,0.80589235
AT1G27150,0.073364094,0.091059156,0.805675
AT1G80460,0.04852844,0.06023342,0.8056728
AT4G23730,0.07560676,0.09385967,0.8055297
AT1G09210,0.06168004,0.07659541,0.8052706
AT1G52360,0.06296719,0.078201495,0.8051915
AT2G39660,0.07709128,0.095753066,0.805105
AT1G03380,0.06657774,0.08270145,0.8050371
AT3G27880,0.12641956,0.15703875,0.80502135
AT2G45240,0.034763396,0.04318849,0.80492246
AT4G23885,0.12104577,0.1503854,0.8049037
AT4G34670,0.044921767,0.05581464,0.8048383
AT5G07300,0.05195659,0.06456638,0.80470026
AT5G05250,0.31756073,0.39469996,0.8045624
AT3G55440,0.033843882,0.042068973,0.8044854
AT2G46710,0.091047056,0.11318299,0.80442345
AT4G24620,0.04763489,0.059222843,0.80433285
AT4G24830,0.058080178,0.07221444,0.80427366
AT2G14750,0.11981891,0.14898549,0.804232
AT1G32790,0.039865445,0.049573928,0.8041613
AT2G22670,0.05212561,0.06482077,0.80414975
AT3G58750,0.07065989,0.087869324,0.80414736
AT4G37180,0.09286368,0.11549395,0.8040566
AT1G79270,0.16189976,0.20149109,0.8035082
AT3G51860,0.2348901,0.29233757,0.80348927
AT5G45750,0.13843645,0.17233394,0.8033034
AT4G23650,0.053774785,0.06697777,0.80287504
AT2G30520,0.18931425,0.23583317,0.8027464
AT5G57660,0.13273214,0.16540176,0.80248314
AT3G01770,0.068782814,0.08572318,0.8023829
AT1G68300,0.08737349,0.10890523,0.8022891
AT5G67300,0.10083259,0.12570848,0.80211437
AT1G68410,0.08325425,0.10380936,0.8019917
AT4G14880,0.061086565,0.07619648,0.80169797
AT1G29310,0.05667472,0.0707091,0.80151933
AT1G01820,0.09010578,0.112430744,0.80143356
AT4G39660,0.090328544,0.11273223,0.8012663
AT5G59290,0.074216016,0.092627585,0.80123013
AT5G41140,0.13938871,0.17400885,0.80104375
AT5G16120,0.0755603,0.09433201,0.80100375
AT4G26400,0.080302835,0.1002956,0.8006615
AT3G07750,0.096831635,0.1209653,0.8004909
AT4G24160,0.11092119,0.13857368,0.80044913
AT5G03555,0.15849486,0.198018,0.8004063
AT4G30760,0.064048596,0.0800303,0.80030423
AT5G64840,0.10263276,0.12824401,0.80029273
AT4G28400,0.0866011,0.10821762,0.8002495
AT3G11480,0.3475193,0.434336,0.8001163
AT5G23240,0.40291408,0.5036459,0.79999477
AT3G51260,0.048262488,0.060332045,0.7999477
AT5G27670,0.06818681,0.08525351,0.7998123
AT2G17500,0.18338402,0.2292992,0.79975855
AT3G50060,0.19675377,0.2460275,0.7997226
AT3G16080,0.053623363,0.06707436,0.79946136
AT5G53120,0.113637045,0.14224322,0.79889244
AT5G59210,0.063568905,0.07958766,0.79872805
AT4G27090,0.05627831,0.070464216,0.79867923
AT5G61020,0.08154793,0.10211902,0.79855764
AT2G37120,0.08775831,0.10991705,0.7984048
AT5G48180,0.12587884,0.15772918,0.79806936
AT2G46310,0.17108472,0.2143977,0.7979783
AT1G19020,0.16850953,0.21117693,0.7979542
AT3G60030,0.055759728,0.0698812,0.79792166
AT4G25360,0.05641118,0.07070095,0.7978842
AT5G52070,0.15813419,0.19834581,0.79726505
AT1G03740,0.1172625,0.1471089,0.7971135
AT5G20610,0.039881743,0.050043374,0.79694337
AT1G80750,0.09351882,0.11736849,0.7967966
AT1G32870,0.16482583,0.2068653,0.7967785
AT3G05560,0.07899799,0.09915168,0.79673874
AT3G54400,0.14172848,0.17791118,0.79662484
AT2G40140,0.09347481,0.11737767,0.79635936
AT2G36410,0.083744094,0.105164744,0.79631335
AT5G42540,0.079907246,0.10035793,0.7962225
AT5G02310,0.07125347,0.08949657,0.7961586
AT5G55530,0.050761472,0.063782126,0.79585725
AT3G16780,0.056121588,0.07051883,0.79583824
AT1G51060,0.07196723,0.09044061,0.7957401
AT5G64420,0.07175584,0.090182334,0.7956751
AT3G02380,0.2858179,0.3593756,0.795318
AT2G02800,0.06415337,0.08067386,0.79521877
AT4G26600,0.11293119,0.14203313,0.7951045
AT5G38130,0.22169474,0.2789895,0.7946347
AT2G38290,0.09287854,0.11690273,0.79449415
AT1G78150,0.058069658,0.07310877,0.7942912
AT3G60750,0.04700196,0.05917644,0.794268
AT4G02020,0.06647664,0.083698705,0.7942374
AT5G56980,0.12887266,0.16232976,0.7938942
AT1G67350,0.07226534,0.09105159,0.7936746
AT3G01090,0.08658688,0.109160066,0.79321015
AT5G66680,0.066059075,0.0832839,0.79317933
AT5G27990,0.06451604,0.081346296,0.7931035
AT2G16900,0.078403115,0.09885611,0.79310334
AT1G63780,0.07412162,0.093499586,0.79274803
AT4G38540,0.13287303,0.1676485,0.7925691
AT1G08600,0.049770378,0.06279976,0.7925249
AT1G09140,0.070662,0.08921522,0.7920397
AT1G06550,0.106937625,0.13502617,0.7919769
AT5G24690,0.04362459,0.055086125,0.79193413
AT3G16740,0.122653514,0.15487881,0.7919321
AT2G16700,0.14070773,0.17769414,0.7918534
AT1G05680,0.335211,0.42333493,0.79183406
AT5G05410,0.2321435,0.29329175,0.7915105
AT1G27340,0.046844974,0.05919461,0.7913721
AT1G80270,0.10240815,0.12940873,0.7913541
AT5G18540,0.15409274,0.19475664,0.79120654
AT5G16110,0.09229019,0.116653375,0.7911489
AT1G80560,0.04340196,0.05488521,0.79077685
AT1G47710,0.08243316,0.10433432,0.7900866
AT2G27530,0.0735762,0.09315435,0.789831
AT1G05270,0.06116005,0.07743791,0.7897946
AT4G13830,0.1490004,0.1886642,0.78976506
AT4G33300,0.0779467,0.098705865,0.78968656
AT2G27100,0.04702058,0.059550233,0.78959507
AT4G23270,0.11694389,0.14813021,0.78946674
AT2G02180,0.08616975,0.10915566,0.7894207
AT4G27500,0.037018213,0.046894137,0.78939945
AT3G19680,0.16520105,0.20933466,0.78917193
AT5G62720,0.1580937,0.20038709,0.7889415
AT4G37910,0.05664464,0.071816295,0.7887435
AT3G11670,0.09369552,0.11879858,0.78869224
AT5G27850,0.06868492,0.08710467,0.7885331
AT5G18500,0.06411125,0.081307195,0.7885064
AT5G52650,0.047003128,0.059627973,0.788273
AT3G20250,0.07450849,0.09452775,0.7882181
AT2G03150,0.050260153,0.06376935,0.78815526
AT1G74840,0.06666366,0.084649526,0.7875254
AT1G44750,0.06779133,0.086106226,0.78729874
AT4G22140,0.058882505,0.074798904,0.7872107
AT2G37840,0.06520458,0.082834534,0.7871666
AT5G03730,0.054276828,0.068981245,0.7868345
AT5G39740,0.05064982,0.06437264,0.78682214
AT3G51440,0.14277637,0.18147597,0.7867508
AT5G23820,0.22176643,0.28188536,0.7867256
AT1G04810,0.048716664,0.061948683,0.7864034
AT5G56240,0.07271861,0.09248698,0.7862578
AT4G03110,0.11082154,0.14097962,0.7860819
AT1G70730,0.051133126,0.06504833,0.78607893
AT4G32150,0.047655456,0.060638353,0.7858961
AT5G04240,0.07205609,0.09169003,0.7858661
AT4G22670,0.048220884,0.061362877,0.7858314
AT5G42650,0.123195626,0.15680917,0.78564036
AT1G74100,0.12032757,0.15316597,0.78560245
AT5G35530,0.057947088,0.073782995,0.7853718
AT1G21000,0.12152635,0.15476719,0.7852203
AT3G45620,0.07672171,0.09771607,0.78514934
AT3G09830,0.08728266,0.11117462,0.7850951
AT1G08460,0.05124951,0.06528569,0.78500366
AT1G20620,0.09169552,0.116816476,0.7849536
AT4G29040,0.053956524,0.06874143,0.78491986
AT1G02960,0.10777655,0.1373218,0.78484654
AT1G02690,0.08814928,0.11234327,0.7846423
AT2G42680,0.045449425,0.05792384,0.78464097
AT2G16060,0.21247242,0.2708271,0.7845316
AT3G03990,0.087742135,0.1118661,0.78434956
AT4G21960,0.06786336,0.08654444,0.7841446
AT3G52400,0.12877686,0.16427693,0.78390104
AT3G55960,0.06917594,0.08831385,0.7832965
AT4G32940,0.08635082,0.11026395,0.78312826
AT5G16750,0.09010994,0.1150821,0.7830056
AT1G36050,0.045932643,0.058666456,0.78294545
AT1G12780,0.15865956,0.20266597,0.7828623
AT5G47730,0.08394138,0.10723968,0.7827455
AT1G59830,0.06805595,0.08697338,0.7824917
AT4G34260,0.074935846,0.09576583,0.7824904
AT2G47330,0.054883618,0.070172474,0.7821245
AT1G56220,0.09112706,0.11654491,0.78190506
AT3G14690,0.104440846,0.13357306,0.78190047
AT5G04040,0.083150886,0.10634697,0.7818829
AT3G03330,0.11417213,0.14603029,0.7818386
AT1G26270,0.080657594,0.10316469,0.7818333
AT2G43290,0.17613526,0.22535808,0.78157943
AT4G20170,0.10445126,0.13366133,0.781462
AT3G55920,0.109604925,0.14025813,0.7814514
AT4G09730,0.07242768,0.09269087,0.78138953
AT5G10540,0.048932932,0.06263988,0.78117853
AT2G21790,0.08727363,0.111732125,0.78109694
AT1G06840,0.07448088,0.09540513,0.78067994
AT1G01620,0.07647863,0.09797688,0.7805783
AT5G58290,0.061721433,0.0791183,0.7801157
AT5G20990,0.048013683,0.06155804,0.77997404
AT1G21780,0.08209135,0.10526399,0.77986157
AT5G23720,0.053454634,0.068556845,0.7797125
AT5G05440,0.13540716,0.1737487,0.7793276
AT5G18170,0.10293584,0.1320977,0.77924013
AT1G29900,0.051178038,0.06568729,0.7791162
AT4G16660,0.10546069,0.1353606,0.7791091
AT2G27080,0.23272218,0.29872423,0.77905357
AT1G53430,0.12058242,0.15491171,0.7783944
AT5G62280,0.24634963,0.31666622,0.7779473
AT5G61510,0.051998172,0.066843376,0.77791053
AT5G56710,0.05135237,0.06601442,0.7778962
AT5G61240,0.06982954,0.08976867,0.7778831
AT1G27400,0.048276406,0.062063966,0.7778491
AT3G17790,0.25007457,0.32170063,0.7773518
AT5G66540,0.08668744,0.11153277,0.77723736
AT2G46620,0.06398271,0.082325496,0.7771919
AT1G16610,0.065886095,0.08477462,0.7771912
AT2G47490,0.10525803,0.13544792,0.77711064
AT2G33150,0.053714465,0.069133915,0.7769625
AT3G28740,0.33373073,0.4295428,0.77694404
AT2G04400,0.09891857,0.12733983,0.7768077
AT5G67500,0.060140885,0.07742693,0.77674365
AT5G60890,0.15386859,0.19813946,0.77656704
AT4G14420,0.079834044,0.10286959,0.7760703
AT2G44790,0.11302896,0.14564778,0.77604306
AT5G28770,0.19321069,0.24898355,0.77599776
AT3G51890,0.09569186,0.12331986,0.7759647
AT2G34720,0.091722935,0.11822544,0.77583075
AT1G61340,0.2277639,0.29381043,0.77520704
AT5G47200,0.035191722,0.045397535,0.77518994
AT5G61770,0.07807271,0.10072561,0.7751028
AT1G13990,0.099687845,0.12861681,0.7750762
AT1G77740,0.0813791,0.10500866,0.77497506
AT3G49940,0.098315164,0.12687342,0.7749074
AT5G16070,0.06063242,0.07831341,0.77422774
AT4G04940,0.11652643,0.1505119,0.7742007
AT5G01950,0.07062936,0.09128147,0.7737534
AT1G79710,0.113056585,0.14613298,0.7736555
AT5G54510,0.19130458,0.2472763,0.773647
AT3G11830,0.03632832,0.046965275,0.7735143
AT2G25210,0.12542106,0.16227414,0.7728961
AT5G60620,0.035674937,0.046158977,0.77287084
AT1G67730,0.0754479,0.097652696,0.7726146
AT5G45110,0.12671652,0.16403069,0.77251714
AT4G14230,0.095580086,0.12373597,0.7724519
AT4G31340,0.034229435,0.044317525,0.7723677
AT2G34690,0.05223344,0.06764094,0.77221626
AT1G29880,0.04567217,0.059150446,0.77213556
AT3G13580,0.03842544,0.04977497,0.771983
AT2G42890,0.1017201,0.1318006,0.77177256
AT5G51970,0.071669996,0.09288258,0.77161926
AT1G07360,0.04847865,0.06283164,0.77156425
AT1G21080,0.05228861,0.067845024,0.77070653
AT1G20450,0.11467669,0.14881037,0.7706229
AT5G02500,0.04485297,0.05823127,0.77025557
AT5G54960,0.16472034,0.21385303,0.77025014
AT4G03050,0.32969508,0.42804533,0.770234
AT4G30660,0.2705711,0.35129672,0.77020675
AT2G13560,0.03617642,0.04697422,0.7701333
AT4G24190,0.067405626,0.08760818,0.7693987
AT4G16143,0.05440668,0.07075091,0.7689891
AT1G63290,0.038623046,0.050237186,0.7688137
AT2G17360,0.057551213,0.074860744,0.76877683
AT4G35220,0.052451327,0.06828891,0.7680797
AT3G56880,0.13344498,0.17376345,0.76796913
AT4G38400,0.22908506,0.2983818,0.76775813
AT1G70290,0.18237628,0.23755567,0.76772016
AT3G18830,0.08940729,0.116472386,0.7676264
AT4G33985,0.16413626,0.21385844,0.7674995
AT2G27840,0.126604,0.16502467,0.76718223
AT2G34780,0.07884385,0.10279122,0.7670289
AT5G13560,0.048592124,0.06336675,0.7668394
AT2G30250,0.14721884,0.19198142,0.7668389
AT1G50420,0.0892698,0.11642227,0.7667759
AT2G03090,0.2030923,0.2649066,0.76665634
AT3G23100,0.09620796,0.12552659,0.7664348
AT3G15450,0.26611403,0.34722298,0.7664067
AT3G58970,0.06151591,0.08027291,0.76633453
AT5G05860,0.12591414,0.1643311,0.7662222
AT1G79700,0.16623227,0.21710469,0.76567787
AT5G10860,0.09060079,0.11835729,0.7654854
AT1G73500,0.10567615,0.13809454,0.76524484
AT3G59770,0.05637585,0.07369096,0.7650307
AT1G09250,0.09076452,0.11864217,0.7650274
AT3G62650,0.060164724,0.07866275,0.76484376
AT2G41630,0.07356992,0.09619427,0.7648056
AT5G01600,0.18361124,0.24008751,0.76476794
AT4G32020,0.060857985,0.079581335,0.7647268
AT3G62720,0.09871562,0.12909015,0.7647029
AT5G26890,0.15420395,0.2016981,0.7645285
AT5G46180,0.09484567,0.1240791,0.7643967
AT4G01690,0.057700064,0.07549132,0.7643271
AT1G28190,0.1478307,0.19342138,0.7642934
AT3G57660,0.08034458,0.10512472,0.7642786
AT1G49820,0.0679421,0.08891661,0.76411027
AT1G80920,0.12510863,0.16376977,0.7639299
AT5G41670,0.10040862,0.13146631,0.7637592
AT1G78040,0.065622136,0.085927874,0.7636885
AT4G14010,0.18675958,0.2445727,0.7636157
AT5G25770,0.08632548,0.1130725,0.7634525
AT4G34180,0.06345749,0.08313722,0.76328605
AT4G38470,0.091616474,0.120047495,0.7631685
AT3G28050,0.13024136,0.1706743,0.76309884
AT4G39550,0.091947615,0.120519616,0.7629265
AT3G60980,0.15840496,0.20769514,0.7626801
AT1G17745,0.13084884,0.17156452,0.76268
AT4G19160,0.119398095,0.15656047,0.76263237
AT5G04550,0.053389218,0.07001488,0.76254094
AT4G23470,0.052354105,0.06867143,0.7623855
AT2G47060,0.11341283,0.14877222,0.7623252
AT2G44200,0.09439531,0.12394059,0.76161736
AT3G19740,0.05399199,0.07090792,0.76143795
AT2G28350,0.1063861,0.13972579,0.76139194
AT3G04780,0.09436426,0.123947464,0.76132464
AT4G33030,0.07609747,0.09996273,0.76125836
AT3G27380,0.082785785,0.10874923,0.7612539
AT3G27190,0.09042611,0.11884096,0.76090014
AT4G30410,0.16617344,0.21842688,0.7607737
AT3G21540,0.09781894,0.12864587,0.76037365
AT1G07040,0.14726111,0.19370416,0.76023716
AT1G78570,0.079465404,0.104545005,0.7601071
AT4G38580,0.106534876,0.14016773,0.76005274
AT1G72680,0.15629177,0.20564266,0.76001626
AT1G03610,0.09577065,0.12602502,0.75993353
AT5G24800,0.13381636,0.17609693,0.75990164
AT1G29690,0.08211328,0.108070746,0.7598104
AT2G27830,0.16481341,0.21695282,0.75967395
AT3G62290,0.081625365,0.1074936,0.75935084
AT5G22640,0.075768374,0.09978531,0.7593138
AT1G20560,0.05628239,0.074153855,0.7589947
AT1G76070,0.09767299,0.12869826,0.7589301
AT2G22330,0.1315509,0.1733639,0.7588136
AT4G28390,0.10350191,0.13640173,0.75880194
AT2G18670,0.13635398,0.1797063,0.7587601
AT1G24280,0.13818939,0.1821484,0.7586637
AT1G34200,0.12041873,0.1587333,0.75862294
AT1G56110,0.06693207,0.08824468,0.7584827
AT3G57330,0.09114485,0.12018673,0.7583603
AT1G04530,0.09526774,0.12567633,0.75804037
AT5G58200,0.050914086,0.06717261,0.75795895
AT3G58700,0.07074571,0.093343586,0.7579064
AT1G27300,0.095193736,0.12563336,0.7577106
AT1G05380,0.054461215,0.07193014,0.75714034
AT5G45510,0.07474834,0.098736815,0.7570462
AT3G18490,0.11421415,0.15093233,0.7567242
AT3G10850,0.053754985,0.071048684,0.7565936
AT2G45640,0.046728227,0.061767668,0.75651586
AT3G19100,0.079129755,0.10460722,0.75644636
AT1G60140,0.10537267,0.13937153,0.75605583
AT1G75220,0.091314875,0.12080748,0.755871
AT5G04560,0.07078322,0.093649946,0.7558276
AT5G57280,0.09990603,0.13225824,0.755386
AT5G22650,0.044334073,0.058708888,0.7551508
AT1G52340,0.105470955,0.13971563,0.75489724
AT5G43010,0.052282974,0.06929749,0.7544713
AT4G27280,0.17403187,0.23075132,0.7541966
AT2G20760,0.03635736,0.048223108,0.75394046
AT1G22840,0.056826763,0.0754106,0.7535646
AT1G56170,0.15982023,0.2121859,0.75320846
AT1G26665,0.14010349,0.18605594,0.753018
AT2G28000,0.08019821,0.10652724,0.75284225
AT5G03340,0.056178425,0.074649855,0.752559
AT3G11230,0.10155788,0.13497454,0.7524224
AT5G03430,0.068079524,0.09048701,0.75236785
AT4G26650,0.04965061,0.06600028,0.7522786
AT3G10530,0.09665663,0.12850276,0.75217545
AT5G22920,0.2407469,0.3200962,0.752108
AT5G13190,0.08334635,0.11084261,0.7519342
AT3G57150,0.06535936,0.086946815,0.7517165
AT5G35200,0.049281847,0.065607496,0.75116175
AT2G44120,0.0539086,0.07180071,0.7508087
AT1G14200,0.17926128,0.23877758,0.75074583
AT1G65980,0.0670396,0.08931071,0.7506333
AT3G07790,0.048224974,0.064256415,0.75050825
AT3G54560,0.10014369,0.13345091,0.75041586
AT5G61230,0.04457166,0.059400726,0.75035536
AT4G33150,0.16714223,0.22279471,0.7502073
AT3G18480,0.065316685,0.08706586,0.7501985
AT5G23540,0.038419824,0.051219847,0.75009626
AT5G16470,0.050316863,0.06708588,0.75003654
AT1G51610,0.110432245,0.14730549,0.7496817
AT5G47700,0.059187833,0.078953594,0.74965334
AT1G53180,0.1212388,0.16176084,0.7494941
AT3G20370,0.21705998,0.2896472,0.7493944
AT4G16490,0.066742964,0.089065224,0.7493717
AT1G79280,0.049098354,0.06552149,0.7493472
AT1G23870,0.11305654,0.15093413,0.7490455
AT4G04340,0.080819316,0.107914664,0.7489187
AT4G08470,0.13277124,0.17730165,0.7488437
AT5G55480,0.073910095,0.098720655,0.7486791
AT5G21160,0.088047475,0.11761549,0.74860436
AT5G62570,0.10704373,0.14300011,0.74855685
AT3G27090,0.05910604,0.07896301,0.7485281
AT5G15610,0.04382413,0.05854799,0.74851626
AT2G38310,0.1126405,0.15053672,0.74825925
AT1G02370,0.12544052,0.16771984,0.74791694
AT2G28600,0.0716874,0.0958662,0.7477859
AT2G40360,0.08005334,0.10706984,0.7476739
AT3G51800,0.044594686,0.059664592,0.7474228
AT4G17240,0.15473118,0.20706014,0.7472765
AT2G37050,0.04543341,0.06082695,0.7469288
AT5G61530,0.048669364,0.065168016,0.7468289
AT5G14730,0.14874066,0.19920366,0.7466763
AT1G03530,0.09054034,0.121277854,0.74655294
AT2G32480,0.11219816,0.15029344,0.74652725
AT4G13340,0.13084744,0.17528327,0.74649125
AT4G38810,0.08301674,0.11124676,0.7462396
AT4G32290,0.10765901,0.14429645,0.74609596
AT4G21980,0.09568815,0.12830237,0.7458018
AT3G08760,0.06471265,0.08679609,0.74557096
AT4G27130,0.07035605,0.09438618,0.74540615
AT2G27350,0.029502606,0.03958152,0.74536294
AT2G17120,0.11377122,0.1527238,0.7449475
AT3G60245,0.048267733,0.0647937,0.7449448
AT3G01540,0.04399634,0.05906057,0.7449358
AT1G01910,0.062171772,0.0835062,0.7445168
AT3G07870,0.09791569,0.1315303,0.74443436
AT3G55620,0.07186029,0.096531436,0.7444237
AT1G76520,0.14364062,0.19296685,0.74437976
AT4G20020,0.06472415,0.08700981,0.74387175
AT2G01100,0.06412647,0.08620947,0.7438448
AT1G23030,0.11873272,0.15962696,0.74381363
AT5G53460,0.054569475,0.07336559,0.74380195
AT3G53180,0.08606609,0.11571359,0.74378544
AT4G12040,0.04238218,0.056992054,0.74365056
AT5G13110,0.084896654,0.11416261,0.7436467
AT5G16780,0.06633962,0.08921598,0.74358445
AT1G59910,0.08402809,0.11300607,0.7435714
AT1G45688,0.048882443,0.06576935,0.74324036
AT5G10930,0.14146309,0.19036494,0.7431152
AT5G25210,0.18985656,0.25558183,0.7428406
AT1G74940,0.11890454,0.160104,0.74267054
AT3G56370,0.10042319,0.13526405,0.74242324
AT2G37710,0.118197806,0.15930915,0.7419398
AT1G13980,0.05462719,0.07366482,0.7415641
AT2G28200,0.13207734,0.17815676,0.7413545
AT1G05560,0.2805319,0.37852326,0.741122
AT3G01460,0.06855049,0.09253811,0.7407811
AT1G11360,0.08648776,0.11677406,0.74064183
AT2G25850,0.05536865,0.07476176,0.7406011
AT2G19730,0.043334927,0.0585334,0.7403452
AT1G06180,0.18678568,0.25232214,0.74026674
AT3G47490,0.09756263,0.1318766,0.73980236
AT4G29780,0.19785272,0.26752907,0.73955595
AT4G29010,0.055567767,0.075150214,0.73942256
AT1G61690,0.060649127,0.08203665,0.739293
AT3G57040,0.12475863,0.16877961,0.7391806
AT3G49790,0.15647055,0.2117532,0.7389288
AT5G58870,0.048514325,0.06567957,0.7386516
AT2G16710,0.079650186,0.10783485,0.7386311
AT5G64260,0.08847099,0.11981014,0.7384265
AT4G11850,0.08760308,0.11865411,0.7383063
AT3G04010,0.1769434,0.23967963,0.7382496
AT1G61740,0.115384646,0.15637323,0.7378797
AT1G65020,0.063620575,0.086222544,0.7378647
AT1G11400,0.05791574,0.07849639,0.737814
AT4G32410,0.048433255,0.065664224,0.7375896
AT5G52160,0.18353018,0.2489395,0.73724806
AT3G10420,0.11026339,0.14960608,0.7370247
AT4G12720,0.112052724,0.15204608,0.7369655
AT5G50850,0.041283216,0.05603437,0.7367479
AT4G17900,0.07490466,0.101752974,0.73614216
AT1G75760,0.07079654,0.09618589,0.7360387
AT1G16040,0.09316947,0.12660792,0.7358897
AT5G62900,0.12291416,0.1670468,0.73580664
AT2G27150,0.10967887,0.14912753,0.73547024
AT3G05220,0.07139236,0.09708192,0.73538256
AT3G12150,0.10047833,0.1366446,0.73532593
AT1G80280,0.1059492,0.14408967,0.73530036
AT2G07180,0.06491883,0.08831572,0.73507667
AT2G40940,0.05839258,0.079438195,0.7350693
AT1G32750,0.053938605,0.07338095,0.7350491
AT3G13050,0.1277012,0.17374605,0.73498756
AT2G36380,0.10826595,0.14730601,0.734973
AT2G27310,0.12070215,0.1642886,0.7346958
AT3G27740,0.05567724,0.07580528,0.73447704
AT1G80480,0.07848494,0.10686364,0.73444
AT3G27210,0.1595947,0.21731631,0.7343889
AT1G48760,0.057906996,0.07890226,0.7339079
AT5G41990,0.061492797,0.083789766,0.7338938
AT1G21700,0.054778058,0.07465204,0.7337784
AT5G03490,0.1057732,0.14415073,0.733768
AT2G38120,0.07306156,0.09961755,0.73342055
AT4G18710,0.05940968,0.08103156,0.7331671
AT5G11670,0.064355485,0.0878054,0.73293304
AT2G47470,0.06624673,0.09038698,0.7329233
AT5G13180,0.10673397,0.14574358,0.73234075
AT3G05120,0.09541448,0.13031948,0.7321582
AT5G67560,0.08285564,0.11319232,0.7319899
AT4G36380,0.10995825,0.15024398,0.7318645
AT2G47390,0.05241664,0.07164824,0.731583
AT3G15630,0.19135529,0.2616109,0.73145
AT1G31910,0.045437574,0.062122237,0.73142195
AT1G52420,0.05030828,0.068808444,0.7311352
AT5G26570,0.11431121,0.1563858,0.73095644
AT2G29490,0.2158904,0.29536068,0.73093814
AT5G52040,0.04301631,0.05886556,0.73075503
AT1G03090,0.14473875,0.19807231,0.73073685
AT5G59550,0.0936589,0.12820067,0.7305648
AT3G52580,0.052959636,0.072540365,0.7300712
AT1G11660,0.07205497,0.09872844,0.72982985
AT5G40850,0.08404436,0.11516771,0.72975624
AT1G15740,0.08891698,0.12184976,0.7297263
AT4G34150,0.11685497,0.16018963,0.72947896
AT1G73920,0.081226796,0.111371994,0.7293287
AT5G25930,0.12930025,0.17730136,0.7292682
AT5G25280,0.12469918,0.17100194,0.72922665
AT5G62350,0.102126606,0.1400549,0.72918975
AT4G35090,0.111685224,0.15327881,0.7286409
AT1G22920,0.046157207,0.063361816,0.7284703
AT3G07770,0.07858486,0.10789114,0.7283717
AT5G23860,0.09646611,0.13245068,0.7283171
AT1G07370,0.12872885,0.17678747,0.7281559
AT5G46860,0.068814605,0.09452374,0.72801393
AT3G18290,0.11972919,0.16447984,0.7279262
AT3G14100,0.039728917,0.054602142,0.72760713
AT4G13520,0.09318615,0.12816818,0.7270614
AT3G05970,0.061648317,0.08481563,0.72685087
AT1G67480,0.047548067,0.065425955,0.72674614
AT3G22290,0.058992967,0.081196435,0.7265462
AT4G13940,0.035557814,0.048961632,0.7262382
AT5G54500,0.052048188,0.07167138,0.72620595
AT1G04510,0.06009481,0.0827717,0.72603077
AT3G52140,0.047489803,0.06541154,0.7260156
AT2G44060,0.047718223,0.06574081,0.7258538
AT4G20980,0.053729303,0.07403495,0.7257288
AT2G32150,0.12662011,0.17454669,0.72542256
AT4G38430,0.04944367,0.068174906,0.72524726
AT1G19860,0.09156314,0.12625827,0.725205
AT5G51560,0.094257705,0.12997873,0.7251778
AT4G17490,0.20091175,0.27716476,0.724882
AT2G43790,0.059501063,0.08210989,0.7246515
AT3G04640,0.16946507,0.23386477,0.7246284
AT5G58350,0.09508651,0.13122892,0.7245849
AT5G63680,0.048807733,0.06743468,0.72377783
AT4G30270,0.21109228,0.2917509,0.72353595
AT2G37410,0.052772515,0.072946265,0.7234436
AT5G62290,0.06381083,0.08825486,0.723029
AT5G47560,0.12803386,0.17712203,0.72285676
AT2G36620,0.057338156,0.07936171,0.7224914
AT1G08510,0.047602754,0.06591494,0.72218454
AT2G38550,0.05852545,0.08104217,0.7221604
AT1G06570,0.12128221,0.1679582,0.7220975
AT1G30510,0.08999732,0.12472999,0.7215371
AT2G32080,0.04170446,0.057807934,0.7214313
AT3G16850,0.053580932,0.07430702,0.72107494
AT5G38560,0.043492198,0.06036354,0.72050434
AT5G63570,0.054001503,0.07495392,0.7204626
AT3G13750,0.112971716,0.15687858,0.7201219
AT4G17615,0.112194546,0.15580055,0.72011644
AT5G25450,0.26001632,0.36125943,0.71974957
AT3G06720,0.06476218,0.08998333,0.71971303
AT4G15470,0.041248027,0.057334784,0.719424
AT1G69260,0.17389901,0.2417281,0.7193992
AT3G42130,0.17834866,0.24791828,0.71938485
AT2G37500,0.07245138,0.10072774,0.7192793
AT1G76600,0.18780646,0.26114297,0.71917105
AT2G26730,0.06968778,0.09690875,0.7191072
AT4G28450,0.08457635,0.11771818,0.7184646
AT3G55430,0.07722979,0.10753378,0.7181909
AT5G11090,0.094737045,0.13200422,0.7176819
AT4G30690,0.08635311,0.12035844,0.7174661
AT3G57550,0.08027952,0.11190855,0.7173672
AT1G66580,0.07761398,0.10819365,0.7173616
AT1G10760,0.104639776,0.14587708,0.71731466
AT3G58570,0.07224246,0.10077512,0.7168679
AT3G13040,0.07628557,0.10641771,0.7168503
AT3G05910,0.09058144,0.12640345,0.71660566
AT1G33780,0.0672648,0.09388433,0.71646464
AT5G66210,0.111916855,0.15625243,0.7162567
AT4G17770,0.09936337,0.13881323,0.7158061
AT5G63190,0.06669928,0.093219966,0.71550417
AT1G12520,0.09207544,0.12873389,0.71523845
AT4G32030,0.073581085,0.10288158,0.7152017
AT4G01610,0.09021752,0.12616988,0.71504796
AT3G05200,0.07360883,0.10294549,0.7150272
AT3G05590,0.04025414,0.056304242,0.71493953
AT4G32551,0.049714677,0.06956941,0.71460533
AT4G02060,0.11158658,0.1561591,0.71456975
AT2G30930,0.13043348,0.18264113,0.7141517
AT1G03850,0.22213462,0.31107157,0.7140949
AT4G26910,0.05491464,0.07691216,0.7139916
AT1G23710,0.12972656,0.1817638,0.7137095
AT3G57450,0.11526843,0.16163409,0.71314424
AT3G58610,0.035652906,0.050005667,0.7129772
AT5G25070,0.06845339,0.09601588,0.71293813
AT4G25720,0.07223476,0.10133646,0.71282095
AT2G43160,0.03393805,0.047634702,0.7124647
AT3G24170,0.080035,0.11239653,0.7120771
AT5G39570,0.03991722,0.05606579,0.7119709
AT2G40400,0.078883156,0.110814355,0.7118496
AT3G53780,0.07892395,0.11087795,0.71180916
AT5G61780,0.051304635,0.07208158,0.71175784
AT1G69760,0.1286146,0.18072623,0.71165425
AT2G37920,0.13635947,0.19165702,0.71147645
AT5G46070,0.05250334,0.07382,0.7112345
AT4G21790,0.05197989,0.07309777,0.71110076
AT2G30600,0.1422631,0.20008922,0.7109983
AT3G55980,0.16085199,0.22638898,0.7105115
AT3G08510,0.08792758,0.12377511,0.7103817
AT4G11260,0.04761277,0.06703195,0.7102996
AT3G48530,0.06555159,0.09232803,0.70998573
AT3G02550,0.2010512,0.28331095,0.70964855
AT2G27510,0.06189067,0.08723773,0.70944834
AT3G11964,0.0831326,0.11720592,0.7092867
AT1G50460,0.06955383,0.098190844,0.70835346
AT2G18900,0.09279268,0.13102634,0.7081986
AT2G46680,0.18009973,0.2543617,0.7080458
AT5G49940,0.0496137,0.07021924,0.7065541
AT3G25780,0.15206695,0.21531692,0.70624703
AT1G75800,0.057379857,0.08125057,0.7062086
AT2G46020,0.038527343,0.05457059,0.70600915
AT5G65210,0.07482127,0.105996795,0.7058823
AT3G17510,0.11630433,0.1647685,0.705865
AT2G47250,0.069248,0.09816823,0.70540124
AT3G12360,0.036140688,0.05127193,0.7048824
AT3G48140,0.065906204,0.09350155,0.7048674
AT3G54640,0.06760994,0.09592376,0.70482993
AT1G04300,0.046911262,0.06663869,0.70396423
AT1G11670,0.11087971,0.15753582,0.70383805
AT5G10780,0.05558968,0.07900615,0.70361197
AT3G25140,0.0605028,0.08606525,0.70298755
AT1G27650,0.053937513,0.07677922,0.7025014
AT1G11310,0.07253635,0.103303604,0.7021666
AT2G31360,0.10435314,0.14878383,0.7013741
AT5G40580,0.049585853,0.070732184,0.7010366
AT1G75230,0.0876404,0.12505099,0.7008372
AT5G01350,0.1406184,0.20090164,0.6999365
AT1G62740,0.07036407,0.10056779,0.69966805
AT3G14050,0.07172517,0.10255818,0.6993607
AT1G79730,0.06198096,0.088628285,0.69933605
AT1G11580,0.08710942,0.12459485,0.6991413
AT5G05730,0.0934543,0.13372338,0.6988628
AT1G44350,0.17103285,0.2448185,0.6986108
AT1G53035,0.20026909,0.28677556,0.6983478
AT4G26780,0.13356653,0.19128539,0.6982578
AT4G30530,0.08667241,0.12424818,0.69757485
AT4G32720,0.04494485,0.064487584,0.6969534
AT1G37130,0.08943845,0.12833627,0.696907
AT5G53550,0.11137415,0.15983063,0.696826
AT5G13750,0.14132702,0.20284002,0.6967413
AT5G15350,0.09925786,0.14250924,0.69650114
AT3G62980,0.052341577,0.07526547,0.6954261
AT1G71040,0.078121126,0.112350956,0.69533116
AT5G40350,0.18079574,0.260029,0.69529074
AT1G74950,0.10003538,0.1439214,0.69506943
AT3G07050,0.088415846,0.1272508,0.6948155
AT5G40760,0.06495671,0.09348786,0.6948143
AT1G17620,0.10850641,0.15625769,0.6944068
AT3G23220,0.21499448,0.3099583,0.69362384
AT4G25880,0.09787385,0.14113924,0.69345593
AT5G08350,0.20886795,0.30126756,0.6932972
AT5G20960,0.09479144,0.13677165,0.69306344
AT4G26270,0.14570506,0.21043627,0.69239515
AT4G25740,0.04609197,0.06657786,0.6923017
AT3G07470,0.1131649,0.16349964,0.69214153
AT1G42990,0.1140609,0.16481711,0.6920452
AT5G65110,0.093528874,0.13515337,0.69202024
AT2G17580,0.124178566,0.17947239,0.69190896
AT1G01240,0.12772636,0.18463117,0.6917919
AT4G38550,0.113811985,0.16451961,0.69178367
AT1G78670,0.0857974,0.1240712,0.6915174
AT1G75180,0.07994318,0.11560918,0.69149506
AT1G73080,0.07806156,0.112896785,0.6914418
AT1G66080,0.1878212,0.27183133,0.69094753
AT2G23420,0.08812645,0.12756653,0.6908273
AT3G45970,0.2903801,0.42035598,0.69079566
AT5G53160,0.10321655,0.14944753,0.69065404
AT1G07000,0.104503915,0.15136172,0.6904249
AT3G16460,0.09358612,0.1355996,0.6901651
AT5G57580,0.039613195,0.05741903,0.68989646
AT4G27450,0.2780386,0.40316698,0.6896363
AT5G53480,0.037372056,0.054208845,0.68940866
AT1G29400,0.07054731,0.10235074,0.68927014
AT5G65660,0.12357937,0.17940322,0.6888358
AT2G47440,0.12661345,0.18390194,0.6884835
AT2G39900,0.13336098,0.19371942,0.68842334
AT1G11210,0.22601251,0.32836685,0.68829274
AT3G55470,0.091930434,0.13356905,0.68826145
AT5G27540,0.051103447,0.07426855,0.6880899
AT3G18600,0.072231494,0.10504168,0.687646
AT3G25585,0.07994141,0.11635109,0.6870705
AT2G15620,0.083700076,0.12188532,0.68671167
AT4G24960,0.12474504,0.18170749,0.6865156
AT5G02450,0.04952726,0.07215169,0.68643236
AT3G11700,0.08503517,0.1239047,0.6862949
AT1G66510,0.12358381,0.1801231,0.6861074
AT2G45440,0.06919364,0.10090064,0.6857601
AT1G08930,0.1498413,0.21850948,0.68574274
AT5G40890,0.11800106,0.17213069,0.68553174
AT3G53110,0.029668303,0.04328152,0.68547255
AT3G48100,0.14829445,0.21635994,0.68540615
AT2G45170,0.16543789,0.24147885,0.685103
AT2G22770,0.14866672,0.21712214,0.6847147
AT3G20000,0.06970797,0.10182756,0.6845687
AT2G34070,0.1281613,0.18723862,0.684481
AT1G14040,0.112002395,0.1636706,0.68431586
AT4G16740,0.2767121,0.40441036,0.68423593
AT1G15670,0.12396413,0.18120797,0.6840986
AT1G67810,0.15731841,0.23004842,0.6838491
AT5G18630,0.10740292,0.15707277,0.68377805
AT5G59140,0.07881696,0.11529906,0.68358713
AT1G04980,0.15274277,0.22361016,0.68307614
AT3G14660,0.087372676,0.12809677,0.68208325
AT1G07400,0.30076706,0.4411108,0.6818402
AT2G28900,0.13402939,0.19679916,0.6810465
AT1G76180,0.05760994,0.08461613,0.6808387
AT4G21580,0.072768025,0.10692292,0.68056524
AT3G62600,0.089560166,0.1316193,0.6804485
AT3G27280,0.067867115,0.099741556,0.68042964
AT2G40840,0.08704439,0.1279291,0.68041104
AT2G44500,0.14512727,0.21329853,0.680395
AT3G20770,0.061154727,0.08990095,0.6802456
AT2G38820,0.1502857,0.22097643,0.6800983
AT1G26800,0.17670615,0.25987136,0.67997545
AT3G07350,0.18223879,0.2680579,0.67984855
AT3G55000,0.059113678,0.08696125,0.6797703
AT2G17230,0.18847108,0.277279,0.6797164
AT5G52580,0.043830086,0.06449703,0.6795674
AT4G05390,0.108280554,0.15950088,0.67887115
AT3G17100,0.06788413,0.10000657,0.67879665
AT2G24200,0.033561103,0.04945483,0.6786212
AT5G59160,0.043070376,0.06347942,0.67849344
AT1G08570,0.09159463,0.13504635,0.6782458
AT5G15090,0.04988667,0.07364099,0.6774307
AT1G10410,0.07222328,0.10662249,0.67737377
AT3G10410,0.084766105,0.12515514,0.6772882
AT1G69360,0.06813073,0.10059577,0.67727226
AT2G28840,0.0693152,0.1024144,0.67681104
AT2G21970,0.118532166,0.17513718,0.6767961
AT5G60980,0.03157307,0.046655126,0.67673296
AT5G40450,0.14126547,0.20882522,0.676477
AT1G76880,0.08455786,0.12500072,0.67645895
AT5G53970,0.17544985,0.25948736,0.67614025
AT1G14360,0.118340716,0.17515172,0.67564684
AT1G42440,0.0458144,0.06782167,0.6755127
AT1G22530,0.11215668,0.1660847,0.67529804
AT3G22370,0.12825279,0.19002572,0.6749233
AT1G18070,0.051916283,0.076963015,0.6745614
AT5G16880,0.04911764,0.072864436,0.67409617
AT3G52500,0.14436232,0.21426754,0.6737479
AT3G26690,0.17574462,0.2608913,0.6736316
AT5G03470,0.09467866,0.14062126,0.67328835
AT1G53540,0.30821446,0.45813778,0.67275494
AT5G18310,0.060841184,0.09044094,0.6727173
AT3G53990,0.07811399,0.116120234,0.67269915
AT2G24500,0.054523762,0.081053786,0.6726861
AT3G06530,0.0846417,0.12588558,0.6723701
AT5G45340,0.2641297,0.3932414,0.6716732
AT2G45960,0.051090654,0.07609488,0.67140716
AT1G27760,0.086893246,0.12945981,0.67119855
AT3G01650,0.09435998,0.14066832,0.6707976
AT2G22300,0.066499434,0.09915395,0.6706685
AT1G76990,0.056219805,0.08389197,0.67014515
AT5G27760,0.11053609,0.16498584,0.66997313
AT1G55360,0.085064635,0.12703298,0.6696263
AT5G19180,0.052562818,0.078504495,0.6695516
AT3G13062,0.067683116,0.10111887,0.66934204
AT4G04610,0.15457028,0.23094751,0.66928744
AT4G03320,0.13292539,0.19882698,0.668548
AT1G32230,0.045618422,0.06825013,0.66840047
AT3G21690,0.114741586,0.17173916,0.6681154
AT5G03460,0.060709823,0.090967916,0.66737616
AT1G49720,0.1316755,0.19731511,0.66733605
AT5G46410,0.06764794,0.10139355,0.66718185
AT1G74710,0.19427377,0.29137754,0.66674244
AT1G12810,0.079217665,0.11881369,0.66673845
AT2G47380,0.06441254,0.09662308,0.6666372
AT2G16800,0.066255234,0.099387385,0.6666362
AT3G60320,0.06960574,0.10441472,0.6666276
AT5G01820,0.11468696,0.17215088,0.66620016
AT5G46710,0.18534392,0.27840972,0.6657236
AT3G51550,0.047766894,0.07178237,0.6654404
AT1G01940,0.096396096,0.14495821,0.6649922
AT5G05520,0.043357275,0.06521091,0.6648776
AT5G38480,0.050691187,0.07631536,0.664233
AT1G04820,0.061683487,0.092889324,0.6640535
AT3G54500,0.18370715,0.27676457,0.66376686
AT1G23860,0.054178983,0.08164772,0.66357005
AT4G39980,0.057670828,0.086912535,0.66355014
AT5G42050,0.08976308,0.13533615,0.66326016
AT1G59900,0.070284136,0.1059931,0.663101
AT4G30470,0.12198841,0.18413673,0.6624881
AT5G58590,0.06069699,0.09164344,0.66231674
AT5G20250,0.17699037,0.267294,0.6621562
AT5G53350,0.0356256,0.05380716,0.6620976
AT5G44070,0.09636458,0.14574002,0.66120875
AT5G12110,0.23075587,0.34899658,0.6611981
AT3G51450,0.17656116,0.26742962,0.66021544
AT3G22890,0.05767412,0.08736608,0.6601431
AT1G53580,0.09629391,0.14587072,0.6601318
AT3G19820,0.04374442,0.06627876,0.66000646
AT1G25260,0.08048117,0.12212815,0.6589895
AT1G75170,0.09744896,0.14794116,0.65870076
AT1G03080,0.079063825,0.120117575,0.65822023
AT5G59420,0.03094053,0.047022503,0.657994
AT5G09960,0.12041011,0.18322055,0.6571866
AT5G05680,0.06993736,0.10654232,0.656428
AT3G51920,0.10459447,0.15937836,0.6562651
AT5G23450,0.047058858,0.071759984,0.65578127
AT5G47370,0.10906865,0.16633117,0.6557318
AT2G18700,0.17627804,0.26893803,0.6554597
AT5G50960,0.04632663,0.07069044,0.655345
AT1G63690,0.05916662,0.09030684,0.6551731
AT3G44750,0.07777963,0.11885017,0.65443426
AT4G19110,0.052329384,0.08014554,0.6529294
AT1G75950,0.036676843,0.0561835,0.65280443
AT5G57655,0.15651037,0.23979017,0.65269715
AT5G47120,0.09142007,0.14015228,0.65229094
AT5G57910,0.11110183,0.17032571,0.65229034
AT3G09440,0.11589191,0.17773125,0.6520626
AT5G42940,0.03989893,0.061232325,0.651599
AT2G23150,0.10481217,0.16087112,0.6515287
AT2G41160,0.08158886,0.12527728,0.6512661
AT5G06110,0.044558115,0.068427086,0.6511765
AT2G31090,0.12317553,0.18927152,0.6507874
AT3G48070,0.04790078,0.07362238,0.6506279
AT2G23070,0.039672714,0.06098922,0.6504872
AT3G07090,0.12957524,0.19929032,0.65018326
AT3G22380,0.043448858,0.06684025,0.65004027
AT3G14200,0.17529036,0.26973724,0.649856
AT3G28670,0.06810271,0.10483578,0.6496132
AT4G31800,0.20354086,0.31333038,0.6496046
AT2G29420,0.12870555,0.19819915,0.6493748
AT5G38470,0.042609993,0.065638706,0.6491595
AT4G09150,0.092004135,0.14173676,0.64911973
AT5G24890,0.08566157,0.1320757,0.64857924
AT3G53260,0.09944374,0.15346144,0.64800465
AT3G47550,0.051201772,0.07902967,0.6478803
AT2G02810,0.13719124,0.21193607,0.6473236
AT5G58420,0.047374494,0.07327253,0.6465518
AT5G19440,0.09831434,0.15218371,0.646024
AT4G22530,0.11995634,0.18589012,0.6453077
AT5G10740,0.06815014,0.105716966,0.6446471
AT3G05500,0.06289331,0.09757253,0.64458007
AT5G04170,0.045874096,0.071191065,0.6443799
AT3G14720,0.053516693,0.083096474,0.6440308
AT3G50210,0.05501596,0.085481435,0.6436012
AT5G05890,0.13798973,0.2144459,0.643471
AT5G02290,0.09868692,0.15339866,0.6433362
AT1G76790,0.20939712,0.3256182,0.6430756
AT1G34370,0.03995342,0.0621517,0.64283705
AT5G03610,0.09803219,0.15250091,0.64283013
AT5G61820,0.11287382,0.17564847,0.642612
AT3G06500,0.11255516,0.1752086,0.6424065
AT1G08940,0.08208088,0.12779503,0.64228535
AT5G05600,0.17714739,0.2763018,0.6411373
AT5G18130,0.12151624,0.18980764,0.6402073
AT1G22190,0.11197879,0.17491895,0.6401752
AT5G01340,0.098136164,0.15341198,0.6396903
AT2G46330,0.10814323,0.16905892,0.6396777
AT1G28330,0.15332378,0.23977801,0.63944054
AT1G22280,0.06848708,0.107129194,0.6392942
AT5G58110,0.0440843,0.06897054,0.6391757
AT3G10500,0.069700524,0.10925033,0.6379891
AT1G54100,0.082352795,0.12912406,0.6377803
AT5G07230,0.18227151,0.28594217,0.6374419
AT4G29950,0.08357908,0.13122381,0.63692
AT3G21430,0.08211892,0.1289356,0.63689864
AT4G16760,0.08846789,0.13892308,0.636812
AT1G29330,0.09841976,0.15455315,0.636802
AT1G13210,0.109389804,0.17192145,0.6362778
AT5G53560,0.050178442,0.078866184,0.6362478
AT2G31810,0.09373417,0.1473256,0.63623804
AT1G63840,0.09668357,0.15196207,0.6362348
AT1G32920,0.16072634,0.25279403,0.6357996
AT1G49500,0.23276655,0.3663829,0.6353096
AT2G01270,0.03454362,0.054385155,0.63516617
AT1G77450,0.11935474,0.18818851,0.63422966
AT4G00755,0.047976457,0.07565947,0.63411033
AT5G46630,0.04604589,0.07262688,0.6340061
AT5G10960,0.05378397,0.08484685,0.6338947
AT4G30210,0.072311245,0.11414505,0.6335031
AT1G49050,0.06598519,0.10418108,0.6333701
AT1G61890,0.12746428,0.20137626,0.63296574
AT3G12320,0.24470858,0.38666755,0.6328656
AT2G18160,0.08791828,0.13897161,0.63263476
AT5G60100,0.2410275,0.38108712,0.63247347
AT1G14320,0.051154174,0.08088935,0.6323968
AT5G04410,0.0442813,0.070047155,0.63216406
AT5G63370,0.04848662,0.07677249,0.63156235
AT2G33830,0.19633108,0.31092378,0.6314444
AT4G17500,0.11784069,0.1866398,0.63138026
AT3G14067,0.08916902,0.14146882,0.63030857
AT1G64200,0.14554171,0.2309238,0.63025856
AT4G23630,0.044431496,0.07060027,0.6293388
AT5G19450,0.05029589,0.08005241,0.62828696
AT1G66820,0.11167701,0.17776616,0.6282242
AT1G66850,0.17866418,0.2845636,0.6278532
AT2G23350,0.048151445,0.0767115,0.6276952
AT2G37040,0.10789342,0.17194302,0.62749517
AT2G46800,0.04689566,0.07474477,0.62741053
AT2G36460,0.08628747,0.13753304,0.6273944
AT1G71010,0.057747383,0.09205279,0.62732893
AT5G50450,0.17493926,0.2789664,0.62709796
AT3G58170,0.0757293,0.12076358,0.62708724
AT4G27260,0.1605913,0.25637352,0.6263958
AT3G14240,0.06322989,0.10094755,0.6263637
AT3G08720,0.08658157,0.13844961,0.6253652
AT1G43700,0.05747336,0.09200381,0.6246846
AT3G08730,0.059998866,0.09605273,0.62464505
AT1G55960,0.15439346,0.2471861,0.6246041
AT2G43750,0.050844733,0.081452854,0.6242228
AT3G48890,0.04830789,0.07740337,0.6241057
AT5G55230,0.048660442,0.078001335,0.6238411
AT3G12270,0.05982171,0.09589355,0.62383455
AT3G04470,0.06342981,0.10178224,0.6231913
AT5G17280,0.07481397,0.12010302,0.62291497
AT5G64370,0.05949779,0.09565937,0.6219755
AT5G52470,0.044030227,0.070802554,0.6218734
AT2G34660,0.0846845,0.1363854,0.6209205
AT3G04350,0.071341544,0.11494618,0.62065166
AT2G18960,0.036723398,0.059245955,0.6198464
AT5G67480,0.17591487,0.28403643,0.6193391
AT5G54170,0.084336236,0.1362309,0.61906826
AT1G26440,0.08627495,0.13936664,0.61905015
AT4G25340,0.10839297,0.17511256,0.6189902
AT3G12580,0.17830034,0.28808054,0.6189253
AT3G23000,0.0822185,0.13292113,0.61855096
AT2G02220,0.07433925,0.1202059,0.6184326
AT2G30550,0.08799145,0.14232248,0.618254
AT1G07170,0.08214955,0.13288957,0.618179
AT2G36390,0.08391236,0.13578925,0.6179602
AT1G79230,0.0280149,0.045339864,0.6178866
AT1G52740,0.0466144,0.07549953,0.6174131
AT5G11520,0.07084933,0.11481098,0.61709535
AT1G01720,0.103427865,0.16775401,0.6165448
AT3G02470,0.05207244,0.08467745,0.6149504
AT4G17230,0.074384004,0.12096518,0.61492074
AT3G53230,0.11354975,0.18469726,0.6147884
AT5G11710,0.038527526,0.06275628,0.613923
AT5G35620,0.044731833,0.07301958,0.61260045
AT5G51440,0.24707018,0.4033944,0.61247796
AT4G22820,0.04834179,0.07898218,0.61205935
AT2G44770,0.06840621,0.111766316,0.6120467
AT3G09350,0.18328507,0.29988873,0.6111769
AT3G19240,0.081009604,0.13257366,0.61105347
AT4G16146,0.25820023,0.42392045,0.6090771
AT5G02490,0.1338156,0.21971887,0.60903096
AT3G51910,0.2635227,0.43270487,0.6090126
AT3G60300,0.04635013,0.07612473,0.6088708
AT2G40080,0.240072,0.39495274,0.60784996
AT2G41410,0.07203545,0.11851168,0.60783416
AT5G04930,0.06497694,0.10691963,0.6077175
AT3G60450,0.08939284,0.14715344,0.6074804
AT5G16050,0.07902825,0.1301401,0.6072551
AT3G04730,0.046498977,0.07658504,0.6071548
AT3G12740,0.068844415,0.11340781,0.60705173
AT2G37480,0.045649186,0.07520826,0.6069703
AT2G46500,0.03702426,0.061088167,0.606079
AT1G09070,0.091230474,0.15055282,0.6059698
AT5G01010,0.050412983,0.08345673,0.60406125
AT5G47880,0.044437636,0.07357934,0.6039417
AT1G17170,0.19844273,0.32879597,0.6035437
AT1G61100,0.09280465,0.15391812,0.6029481
AT5G13100,0.06568694,0.108946346,0.60292923
AT3G09260,0.17891946,0.29718617,0.60204506
AT5G20400,0.095139384,0.15820761,0.60135776
AT1G19180,0.1504602,0.25028235,0.60116184
AT3G46970,0.14243229,0.23717159,0.6005453
AT5G09330,0.04555842,0.075892575,0.6003013
AT1G16860,0.05264147,0.08776453,0.5998034
AT1G02850,0.19072919,0.31810927,0.5995713
AT1G22780,0.04311703,0.07195055,0.5992592
AT4G25210,0.04122324,0.06887268,0.59854263
AT4G39090,0.06495434,0.10853571,0.5984605
AT1G14870,0.14798611,0.24728082,0.59845364
AT3G13470,0.10889288,0.18198884,0.5983492
AT3G52930,0.052842487,0.08832915,0.5982451
AT4G33540,0.08701557,0.1454516,0.5982441
AT4G30490,0.10330499,0.1727394,0.59803945
AT1G21750,0.07770864,0.12994047,0.5980326
AT3G62420,0.07357155,0.12323604,0.59699696
AT5G56030,0.0869251,0.14580606,0.59616923
AT3G13790,0.12797017,0.21502148,0.59515065
AT1G67360,0.14826374,0.24918225,0.59500116
AT3G01130,0.12802078,0.21519789,0.59489787
AT3G25230,0.09280284,0.15627821,0.5938309
AT2G21130,0.17493276,0.29468915,0.5936179
AT3G01310,0.10327973,0.17434426,0.5923896
AT3G08640,0.057125155,0.096528284,0.591797
AT1G70420,0.1885824,0.31887227,0.5914042
AT5G48380,0.08387745,0.14196147,0.59084654
AT3G56090,0.12403895,0.21020865,0.5900753
AT2G01830,0.09458765,0.16035947,0.5898475
AT3G46620,0.082587875,0.14025372,0.58884615
AT3G25520,0.063960224,0.10873768,0.5882066
AT1G08450,0.06991109,0.11886477,0.5881565
AT2G42570,0.092233315,0.15683946,0.5880746
AT3G47160,0.17046836,0.28997248,0.5878777
AT3G04680,0.07111799,0.12102746,0.5876186
AT1G15780,0.07548967,0.128477,0.5875733
AT4G31860,0.06792786,0.11562352,0.5874917
AT1G20440,0.08258514,0.14078937,0.5865864
AT4G30600,0.039516106,0.06737486,0.5865111
AT4G01870,0.14757992,0.25166598,0.5864119
AT4G35630,0.07940375,0.1355117,0.5859549
AT2G30500,0.076467745,0.13065836,0.5852495
AT3G10020,0.1472651,0.25162986,0.58524495
AT5G61440,0.17584431,0.3006826,0.58481705
AT5G51070,0.06514226,0.11149191,0.58427787
AT2G27580,0.058957208,0.100930326,0.5841377
AT3G11290,0.077118285,0.13213716,0.58362293
AT2G46080,0.07323108,0.12553683,0.5833433
AT1G09970,0.050976623,0.08740331,0.5832344
AT5G41970,0.038047273,0.065239295,0.58319557
AT1G20693,0.07377967,0.12656876,0.58292156
AT2G36950,0.09081972,0.15586784,0.5826712
AT1G74310,0.19195502,0.32954964,0.5824768
AT4G25900,0.061027195,0.10494814,0.58149856
AT2G14890,0.08182135,0.14071667,0.5814616
AT3G44190,0.09784499,0.16834176,0.5812282
AT5G11500,0.029587619,0.050942145,0.58080816
AT5G62390,0.049067978,0.08449154,0.5807442
AT5G13120,0.074022144,0.12769668,0.57967156
AT1G70370,0.103959724,0.17941971,0.57942194
AT1G16790,0.13389824,0.2311598,0.5792453
AT1G76970,0.085009366,0.14678624,0.5791371
AT1G65000,0.10507267,0.18148176,0.5789709
AT1G78680,0.07298173,0.12622981,0.57816553
AT5G64250,0.06465254,0.1118367,0.57809764
AT4G21320,0.19473282,0.33694717,0.5779328
AT5G37260,0.2640621,0.45734474,0.5773809
AT1G68840,0.13151637,0.22809863,0.5765767
AT4G13640,0.07214997,0.12514532,0.57652944
AT5G39660,0.11076282,0.19232994,0.57589996
AT1G51510,0.053379163,0.09269595,0.5758521
AT5G57630,0.14990811,0.2604648,0.5755408
AT1G70780,0.08077976,0.14036821,0.5754847
AT5G47750,0.06090229,0.10584014,0.57541764
AT1G34190,0.051364847,0.08935133,0.57486373
AT1G69510,0.04221008,0.0734849,0.5744048
AT3G44110,0.042328387,0.073725656,0.5741337
AT2G02870,0.040765885,0.07101638,0.5740349
AT4G15570,0.11486281,0.20034091,0.5733367
AT5G52820,0.053608965,0.093634136,0.5725365
AT2G37760,0.0889166,0.15530787,0.5725182
AT2G15480,0.10375312,0.18122552,0.5725083
AT1G21910,0.24667601,0.43092456,0.5724343
AT5G43940,0.026520407,0.046361286,0.57203764
AT1G28290,0.08859589,0.15500803,0.5715567
AT1G05570,0.10299309,0.1803341,0.5711237
AT1G16030,0.17185494,0.30123466,0.57050186
AT3G02040,0.1682258,0.2949212,0.5704093
AT5G56630,0.06258318,0.10973131,0.57033104
AT1G62880,0.066106,0.11601173,0.56982166
AT2G24020,0.08426177,0.14816393,0.5687063
AT5G40340,0.08980606,0.15824892,0.5674987
AT1G06560,0.081476904,0.14376488,0.5667371
AT3G59350,0.12611303,0.22292423,0.56572145
AT1G55310,0.05822945,0.10296646,0.5655186
AT3G24500,0.16767995,0.2971435,0.5643063
AT4G14960,0.053724803,0.09532098,0.5636199
AT5G24530,0.1523308,0.27082795,0.56246334
AT1G27090,0.056615137,0.10065963,0.5624413
AT1G27450,0.05073592,0.090258695,0.5621167
AT1G80670,0.062559836,0.11137123,0.5617235
AT4G39260,0.06737278,0.11994134,0.56171435
AT5G08620,0.067196086,0.11967698,0.5614788
AT1G14685,0.04132713,0.07363127,0.56127137
AT2G41430,0.05560511,0.09910771,0.5610573
AT1G60170,0.031388905,0.05598501,0.5606661
AT3G09840,0.031789932,0.056740988,0.5602639
AT1G15750,0.036436275,0.06503852,0.560226
AT2G46370,0.05337896,0.095488876,0.55900705
AT1G10170,0.077217676,0.13817136,0.55885434
AT2G26190,0.089074604,0.15982118,0.55733913
AT4G26840,0.06520241,0.117110044,0.55676186
AT3G57880,0.074797966,0.13445982,0.5562848
AT1G09850,0.11178419,0.20107025,0.55594593
AT1G32090,0.091356,0.16442883,0.55559593
AT2G30490,0.07895262,0.14234641,0.5546512
AT1G06620,0.12637393,0.22831509,0.5535067
AT1G20696,0.066380344,0.119940825,0.5534424
AT3G23990,0.05220415,0.09438364,0.5531059
AT3G15950,0.10056585,0.18195873,0.5526849
AT5G61600,0.13052528,0.23622636,0.55254316
AT4G24690,0.03392631,0.061408304,0.5524709
AT4G02570,0.050929323,0.09221894,0.5522653
AT5G10695,0.12887216,0.23339568,0.5521617
AT2G34730,0.07396716,0.13407561,0.55168235
AT5G59720,0.22959976,0.41708443,0.5504875
AT5G48020,0.0765031,0.13908553,0.55004346
AT2G15890,0.22535436,0.41042146,0.5490804
AT2G42210,0.04038014,0.07359109,0.5487096
AT5G27380,0.082358636,0.15010741,0.5486646
AT3G20660,0.11599038,0.21155247,0.5482818
AT5G57560,0.24199286,0.4453091,0.5434267
AT5G66880,0.104423195,0.19263957,0.5420651
AT1G36370,0.10294154,0.18997423,0.541871
AT5G08500,0.070600465,0.13036537,0.5415584
AT1G78380,0.066379905,0.12274403,0.54079944
AT2G21620,0.055371363,0.10259406,0.5397131
AT1G23290,0.14936298,0.27677134,0.539662
AT5G51570,0.055435732,0.10275082,0.53951615
AT5G18490,0.0696092,0.12909488,0.53920954
AT4G14270,0.16748782,0.31085512,0.538797
AT5G45130,0.024934655,0.046310276,0.53842586
AT3G56360,0.112110026,0.20848288,0.5377421
AT4G37260,0.091417655,0.1701196,0.5373728
AT1G27385,0.09622703,0.17908701,0.5373199
AT5G42900,0.26982278,0.5027548,0.5366886
AT5G65380,0.09930579,0.18529478,0.5359341
AT2G47000,0.08990411,0.16788499,0.53551006
AT4G12400,0.2062472,0.38521865,0.53540295
AT4G17330,0.045556366,0.08513945,0.53507936
AT5G63790,0.08445135,0.15793088,0.5347361
AT5G21170,0.09000275,0.16836245,0.5345773
AT2G25730,0.06572453,0.122952126,0.53455377
AT2G18220,0.06699924,0.1253977,0.53429395
AT1G23490,0.03799827,0.07113686,0.5341572
AT1G14380,0.04919762,0.092145994,0.53390944
AT2G06050,0.11527906,0.21599276,0.5337172
AT2G20560,0.15693198,0.2948104,0.5323149
AT5G18670,0.14018539,0.26358896,0.5318333
AT5G48570,0.22220552,0.42028588,0.5287009
AT1G68670,0.06634684,0.12589554,0.52699906
AT2G32120,0.16557598,0.31479263,0.5259843
AT1G50010,0.05580601,0.10623453,0.5253095
AT4G08950,0.14723818,0.28051746,0.52488065
AT3G63010,0.09218666,0.17563677,0.52487105
AT5G49360,0.14429246,0.27498838,0.52472204
AT1G79410,0.16263787,0.30997753,0.5246763
AT2G24550,0.097217806,0.18531081,0.52462023
AT1G01060,0.25328338,0.48300794,0.5243876
AT3G17800,0.052548148,0.10023606,0.5242439
AT1G77510,0.09587324,0.18288206,0.5242353
AT1G17665,0.21408303,0.40858337,0.5239641
AT3G46600,0.08065154,0.15409566,0.5233861
AT2G30530,0.06145423,0.117491305,0.5230534
AT1G28050,0.10853242,0.20794292,0.5219337
AT3G63130,0.0573566,0.110225715,0.5203559
AT1G49040,0.05625825,0.10837183,0.5191224
AT5G07440,0.104831986,0.20197396,0.5190371
AT3G59820,0.10950659,0.2114686,0.5178385
AT5G02840,0.08620744,0.16653112,0.5176656
AT5G17330,0.06711866,0.12986249,0.51684403
AT5G15450,0.07241149,0.14013205,0.51673746
AT3G15770,0.109492436,0.21234939,0.5156239
AT3G07700,0.08685335,0.16844669,0.5156132
AT1G08250,0.1323268,0.25733933,0.5142113
AT3G55450,0.06494846,0.12648305,0.5134953
AT1G62180,0.11175109,0.21792169,0.51280385
AT5G61960,0.055693325,0.10899911,0.51095206
AT5G37670,0.2273221,0.4458543,0.50985736
AT2G20670,0.17208913,0.33832,0.5086579
AT3G09600,0.17432925,0.34348938,0.50752443
AT4G19880,0.078656174,0.15503879,0.5073322
AT4G09020,0.1076502,0.21248369,0.50662804
AT1G77470,0.06922614,0.13669397,0.5064315
AT5G14550,0.110418394,0.21829873,0.50581324
AT3G06700,0.06366034,0.12586743,0.5057729
AT5G24470,0.20342173,0.4022992,0.50564784
AT1G49760,0.042445004,0.08394536,0.50562656
AT5G49480,0.14178796,0.28052285,0.5054417
AT1G55920,0.07257642,0.14360842,0.5053771
AT2G31750,0.094548576,0.1874828,0.5043053
AT1G48210,0.08283391,0.16449821,0.50355506
AT5G50320,0.091542885,0.18285273,0.5006372
AT2G17390,0.024723738,0.049400367,0.5004767
AT1G72770,0.08809368,0.17619616,0.499975
AT3G12050,0.058548447,0.117191166,0.49959776
AT4G25630,0.079766415,0.15971948,0.49941564
AT2G01850,0.056805454,0.113840215,0.49899283
AT5G03540,0.044058453,0.08881707,0.49605837
AT1G30270,0.045225278,0.09130209,0.49533668
AT1G75270,0.10887546,0.21988946,0.4951372
AT5G11680,0.036829628,0.07450221,0.4943427
AT5G22060,0.041873004,0.08499427,0.49265674
AT5G53400,0.053684294,0.10898667,0.4925767
AT1G33110,0.094394565,0.19164622,0.4925459
AT3G19340,0.05393013,0.109758124,0.4913543
AT2G30360,0.11699134,0.23822732,0.49109116
AT2G24100,0.11321811,0.23139584,0.4892832
AT1G65930,0.033360135,0.06823119,0.4889279
AT3G20810,0.18744056,0.38351092,0.48874897
AT1G06530,0.09896103,0.20267475,0.48827508
AT1G59870,0.07323037,0.15006968,0.48797572
AT4G26670,0.12719549,0.2607815,0.48774737
AT1G07350,0.08433834,0.17342316,0.48631528
AT2G40000,0.104774736,0.21614999,0.4847316
AT3G05060,0.06823351,0.14178953,0.4812309
AT5G15200,0.046037395,0.09570487,0.481035
AT1G56300,0.23527302,0.49028257,0.4798723
AT1G61150,0.044539854,0.09335169,0.47711882
AT3G02200,0.05983061,0.12541065,0.47707754
AT1G68440,0.07967609,0.1671083,0.4767931
AT2G33590,0.075578205,0.15888579,0.47567624
AT2G17840,0.08657068,0.18259555,0.47411162
AT5G57110,0.10740447,0.22668232,0.4738105
AT3G48860,0.048396785,0.10230509,0.47306326
AT2G39770,0.038603462,0.08175053,0.47221053
AT2G46830,0.19855684,0.4213715,0.47121564
AT3G48360,0.25384924,0.5388866,0.47106245
AT4G37610,0.1762826,0.374811,0.47032398
AT2G26300,0.06007995,0.12787257,0.4698423
AT2G47960,0.059989117,0.12806968,0.46840993
AT4G34200,0.06164869,0.13161913,0.46838695
AT2G25140,0.0998055,0.21398896,0.46640486
AT3G29180,0.066394135,0.14240079,0.46624833
AT5G47830,0.07436617,0.16024916,0.46406585
AT3G60480,0.08886847,0.1918892,0.46312383
AT5G19050,0.05657094,0.1223184,0.46248916
AT1G55850,0.07636855,0.16587992,0.4603845
AT1G66760,0.13893685,0.3027981,0.4588432
AT4G37540,0.10232508,0.22319709,0.45845166
AT1G70490,0.045426868,0.099299796,0.45747188
AT4G26970,0.05043192,0.11033489,0.4570804
AT2G22450,0.10868529,0.2388086,0.4551146
AT5G67420,0.06745685,0.14827982,0.45492935
AT4G20830,0.06324449,0.13961037,0.4530071
AT1G76490,0.042176273,0.09314782,0.45278856
AT1G56280,0.08252931,0.18267547,0.45178097
AT5G17300,0.17690974,0.39239487,0.45084623
AT1G79440,0.06460043,0.144855,0.44596615
AT2G19450,0.10387995,0.2334651,0.4449485
AT1G70530,0.07810937,0.17569329,0.44457796
AT5G52640,0.15917403,0.3583985,0.4441258
AT5G61790,0.05451129,0.12344831,0.44157174
AT1G78600,0.11112254,0.25482005,0.43608242
AT4G15420,0.06881253,0.15932018,0.4319134
AT1G36730,0.03681666,0.08572709,0.42946354
AT5G51830,0.08953553,0.2084915,0.42944446
AT2G33845,0.06305559,0.1478668,0.42643502
AT2G42790,0.05930442,0.13931315,0.42569143
AT1G25550,0.06737923,0.15851872,0.42505533
AT4G10970,0.05034856,0.11884237,0.4236583
AT3G16050,0.12406178,0.29343966,0.42278463
AT5G17380,0.058416646,0.13829017,0.42242077
AT4G21990,0.106650844,0.25299323,0.42155612
AT5G27520,0.0694014,0.16496019,0.42071602
AT1G27000,0.053564563,0.12739691,0.4204541
AT2G25930,0.07743851,0.18481597,0.4190033
AT2G36060,0.03514817,0.08429946,0.41694415
AT3G14990,0.055137508,0.13242956,0.41635343
AT2G46240,0.13807404,0.33326665,0.414305
AT1G52730,0.037055653,0.08956187,0.4137436
AT4G20380,0.07770247,0.18880583,0.41154695
AT1G76150,0.055411797,0.13594024,0.40761876
AT5G39410,0.09481122,0.23267618,0.4074814
AT1G65280,0.058233935,0.14499147,0.40163693
AT1G55530,0.056797136,0.14148636,0.40143183
AT1G30070,0.12236074,0.305258,0.40084368
AT5G19120,0.09604636,0.23986633,0.40041614
AT4G23570,0.0711386,0.17772527,0.40027282
AT5G35320,0.088120766,0.22199205,0.3969546
AT2G21660,0.11032257,0.28325912,0.3894758
AT2G44100,0.041145526,0.10602625,0.3880692
AT2G29500,0.16070704,0.415944,0.386367
AT5G61380,0.07507734,0.1950119,0.3849885
AT1G56580,0.14761597,0.3936802,0.37496415
AT1G63830,0.0547764,0.14621112,0.37463906
AT4G02860,0.08724628,0.23840794,0.3659537
AT5G52180,0.11857422,0.32896373,0.3604477
AT1G29790,0.06715933,0.1877132,0.35777625
AT4G33980,0.17458443,0.48807007,0.35770363
AT2G05830,0.07339005,0.23401901,0.3136072
AT5G55940,0.0498648,0.1626995,0.30648398
AT3G07650,0.123167284,0.4042418,0.30468714
AT4G26500,0.09194372,0.30815575,0.29836768
AT2G19570,0.07785646,0.2682277,0.29026255
AT2G41250,0.07741311,0.28623375,0.27045417
AT5G48250,0.088285685,0.33346462,0.26475278
AT1G12310,0.05276045,0.29169258,0.1808769
