uid,accession,title,gdstype,gpl,n_samples,taxon,pdat,stimuli,tissues,is_expression,include,ftplink,pubmedids,summary,download_status,n_samples_downloaded,has_expression_data
200100525,GSE100525,Toxic metal tolerance of Arabidopsis arenosa inoculated with fungal endophyte Mucor sp. Gene expression study,Expression profiling by array,12621,6,Arabidopsis thaliana; Arabidopsis arenosa,2018/07/01,pathogen_biotic,unspecified,True,True,ftp://ftp.ncbi.nlm.nih.gov/geo/series/GSE100nnn/GSE100525/,,"To determine the mechanisms of improved toxic metal tolerance of A. arenosa inoculated with Mucor sp.  whole gemone microarray profiling was employed. Metal toxicity altered the expression of 5169 probe sets; 2861 genes were up-regulated and 2308 down-regulated. Inoculation with the fungi induced changes in the expression of 899 probes from the above presented data set; 492 genes were up-regulated and 314 were down-regulated. The expression of 93 genes (63 and 30, up and down-regulated respectiv",success,6,True
200102302,GSE102302,"A Tripartite Amplification Loop Involving WRKY75, Salicylic Acid and ROS Accelerates Leaf Senescence in Arabidopsis",Expression profiling by high throughput sequencing,13222,2,Arabidopsis thaliana,2017/11/07,H2O2;antioxidant_mutant,rosette_leaf,True,False,ftp://ftp.ncbi.nlm.nih.gov/geo/series/GSE102nnn/GSE102302/,29061866,"Leaf senescence is a highly coordinated and complicated process with the integration of numerous internal and environmental signals. Salicylic acid (SA) and reactive oxygen species (ROS) are two well-defined inducers of leaf senescence, whose contents progressively and inter-dependently increase during leaf senescence via a yet unknown mechanism. Here, we have characterized a newly identified positive regulator of leaf senescence, WRKY75, and demonstrated that knock-down or knock-out of WRKY75 d",not_attempted,0,False
200102363,GSE102363,"Transcriptome profiling of ozone responses of Arabidopsis thaliana natural accessions Col-0 and Cvi-0, and a near-isogenig line Col-S with Cvi-0's ozone sensitivity introgressed into Col-0",Expression profiling by high throughput sequencing,17639,18,Arabidopsis thaliana,2017/08/09,ozone;chloroplast_stress,unspecified,True,True,ftp://ftp.ncbi.nlm.nih.gov/geo/series/GSE102nnn/GSE102363/,,"Many Arabidopsis thaliana accession show sensitvity to the air pollutant ozone,  including the accession Cvi-0 from the Cape Verde Islands. To understand and assist in genetic mapping of loci causing the ozone sensitvity of Cvi-0, transcript profiling was performed in Cvi-0, the tolerant Col-0, and a near isogenic line (Col-S) where ozone sensitivity was introgressesed from Cvi-0 to Col-0 through eight rounds of backcrossing.",no_data,0,False
200010425,GSE10425,Transcriptional profiling of Arabidopsis thaliana grown under arsenate stress,Expression profiling by array,2508,1,Arabidopsis thaliana,2008/02/08,chloroplast_stress,unspecified,True,False,ftp://ftp.ncbi.nlm.nih.gov/geo/series/GSE10nnn/GSE10425/,18684332,"We examined the changes in gene expression in Arabidopsis thaliana grown under arsenate stress.  The transcriptional profiling reveals antioxidant activity and repression of the phosphate starvation response. Keywords: dual label, stress response",not_attempted,0,False
200010464,GSE10464,Expression data from Arabidopsis thaliana (Ler) rosette leaves treated with paraquat (methyl viologen),Expression profiling by array,198,6,Arabidopsis thaliana,2008/02/11,H2O2;paraquat/MV;singlet_oxygen;herbicide,rosette_leaf;stem,True,True,ftp://ftp.ncbi.nlm.nih.gov/geo/series/GSE10nnn/GSE10464/,14508004,"We used microarrays to detail Arabidopsis gene expression in response to paraquat, a herbicide that acts as a terminal oxidant of photosystem I that in the light leads to the enhanced generation of superoxide and hydrogen peroxide inside plastids. Within a few hours after paraquat treatment changes in nuclear gene expression occur. Distinct sets of genes were activated that were different from those induced by another reactive oxygen species, singlet oxygen. Keywords: Time course",success,6,True
200104916,GSE104916,Transcriptomic characterization of spl7 and Col-0 ecotypes of Arabidopsis reveals new aspects of Fe-Cu crosstalk,Expression profiling by high throughput sequencing,13222,54,Arabidopsis thaliana,2018/03/01,chloroplast_stress,stem,True,True,ftp://ftp.ncbi.nlm.nih.gov/geo/series/GSE104nnn/GSE104916/,,"Iron (Fe) and copper (Cu) are essential metal micronutrients that are necessary for many redox reactions. The uptake of these metals is tightly regulated in plants. Some redox processes can alternatively use Fe-containing proteins or Cu-containing proteins, depending on nutritional status. Copper deficiency can rescue a Cucumis melo Fe uptake deficient mutant, and Fe deficiency can result in increased accumulation of Cu. However, the system responsible for Fe-deficiency-regulated Cu-uptake is un",no_data,0,False
200010509,GSE10509,EXECUTER1- and EXECUTER2-dependent transfer of stress signals from the plastid to the nucleus of Arabidopsis thaliana,Expression profiling by array,198,10,Arabidopsis thaliana,2008/02/14,singlet_oxygen;chloroplast_stress,unspecified,True,True,ftp://ftp.ncbi.nlm.nih.gov/geo/series/GSE10nnn/GSE10509/,17540731;22014227,"Shortly after the release of singlet oxygen (1O2), drastic changes in  nuclear gene expression occur in the conditional flu mutant of  Arabidopsis that reveal a rapid transfer of signals from the plastid  to the nucleus. In contrast to retrograde control of nuclear gene  expression by plastid signals described earlier, the primary effect  of 1O2 generation in the flu mutant is not the control of chloroplast  biogenesis but the activation of a broad range of signaling pathways  known to be involv",success,10,True
200010812,GSE10812,Expression data from thylakoidal ascorbate peroxidase overexpressor Arabidopsis thaliana (Col) rosette leaves,Expression profiling by array,198,8,Arabidopsis thaliana,2008/03/13,H2O2;singlet_oxygen;antioxidant_mutant,rosette_leaf,True,True,ftp://ftp.ncbi.nlm.nih.gov/geo/series/GSE10nnn/GSE10812/,17197417,We used the flu mutant of Arabidopsis and a transgenic line that overexpresses the thylakoid-bound ascorbate peroxidase (tAPX) to address the interactions between different reactive oxygen species (ROS) signaling pathways. The conditional flu mutant of Arabidopsis accumulates excess protochlorophyllide in the dark within chloroplast membranes that upon illumination acts as a photosensitizer and generates singlet oxygen (1O2). Immediately after the release of singlet oxygen rapid changes in nucle,success,8,True
200108730,GSE108730,Root Meristem Growth Factor 1 (RGF1) controls root meristem size through reactive oxygen species (ROS) signaling,Expression profiling by high throughput sequencing,13222,6,Arabidopsis thaliana,2019/10/15,unclassified,seedling;root;seed;stem,True,True,ftp://ftp.ncbi.nlm.nih.gov/geo/series/GSE108nnn/GSE108730/,31801996,"Purpose: Although five receptors of RGF1 have recently been identified, the downstream signaling mechanism remains unknown. The goal of this study is to elucidate signaling events following RGF1 action. Methods: mRNA profiles of the root meristematic zone from Arabidopsis seedlings with or without RGF1 treatment were generated by deep sequencing, in triplicate. The sequence reads were analyzed using Tophat and DESeq2. The mutants of selected differentially expressed genes were generated for phen",no_data,0,False
200010876,GSE10876,Expression data from Arabidopsis thaliana (Ler) rosette leaves after the release of singlet oxygen inside plastids,Expression profiling by array,198,6,Arabidopsis thaliana,2008/03/18,H2O2;singlet_oxygen,seedling;rosette_leaf;seed,True,True,ftp://ftp.ncbi.nlm.nih.gov/geo/series/GSE10nnn/GSE10876/,14508004,"We used the flu mutant of Arabidopsis to detail gene expression in response to singlet oxygen. The conditional flu mutant of Arabidopsis accumulates excess protochlorophyllide in the dark within chloroplast membranes that upon illumination acts as a photosensitizer and generates singlet oxygen. Immediately after the release of singlet oxygen mature flu plants stop growing, whereas seedlings bleach and die. Within the first 30 min after the release of singlet oxygen rapid changes in nuclear gene ",success,6,True
200109282,GSE109282,Effect of foliar GSH treatment on gene expression profile in the root of Brassica napus,Expression profiling by array,198,6,Brassica napus; Arabidopsis thaliana,2019/05/29,antioxidant_mutant,root;seed,True,True,ftp://ftp.ncbi.nlm.nih.gov/geo/series/GSE109nnn/GSE109282/,31128714,"Glutathione is a tripeptide involved in diverse aspects of plant metabolism. We investigated how the reduced form of glutathione, GSH, applied site-specifically to plants, affects zinc (Zn) distribution and behavior in oilseed rape plants (Brassica napus) cultured hydroponically. Foliar-applied GSH significantly increased the Zn content in shoots and the root-to-shoot Zn translocation ratio; furthermore, this treatment raised the Zn concentration in the cytosol of root cells and substantially en",success,6,True
200110079,GSE110079,Comparative analysis of transcriptome profiles between wild-type Arabidopsis and two ABA deficit mutants aba3-1 and aba2-2 in osmotic stress conditions,Expression profiling by array,20796,36,Arabidopsis thaliana,2018/11/13,ABA;chloroplast_stress,unspecified,True,True,ftp://ftp.ncbi.nlm.nih.gov/geo/series/GSE110nnn/GSE110079/,30413758,"Arabidopsis ABA3 is an enzyme involved in the synthesis of the sulfurated form of the molybdenum (Mo) cofactor (MoCo), which is required for the enzymatic activity of so-called Mo enzymes such as aldehyde oxidase (AO) and xanthine dehydrogenase (XDH). It has been reported that AO and XDH are essential for the biosynthesis of the bioactive compounds, ABA and allantoin, respectively. However, aba3 mutants often exhibit pleiotropic phenotypes that are not explained by defects in ABA and/or allantoi",success,36,True
200110488,GSE110488,Hydrogen peroxide positively regulates brassinosteroid signaling through oxidation of the BRASSINAZOLE-RESISTANT1 transcription factor,Expression profiling by high throughput sequencing,24025,14,Arabidopsis thaliana,2018/03/21,H2O2,unspecified,True,True,ftp://ftp.ncbi.nlm.nih.gov/geo/series/GSE110nnn/GSE110488/,29540799,"Hydrogen peroxide (H2O2) is an important signaling molecule in plant developmental processes and stress responses. However, whether H2O2-mediated signaling can crosstalk with plant hormone signaling is largely unclear. Here, we show that H2O2 induces oxidation of the BRASSINAZOLE-RESISTANT1 (BZR1) transcription factor, which functions as a master regulator of Brassinosteroid (BR) signaling. Oxidative modification enhances BZR1 transcriptional activity by promoting its interaction with regulators",success,13,True
200111284,GSE111284,Singlet oxygen induced RNA oxidation and translational arrest [flu mutant],Expression profiling by high throughput sequencing,19580,6,Arabidopsis thaliana,2021/02/28,singlet_oxygen;chloroplast_stress,unspecified,True,True,ftp://ftp.ncbi.nlm.nih.gov/geo/series/GSE111nnn/GSE111284/,36420020,Effect of various dark incubation times on gene expression in Arabidopsis flu mutant,no_data,0,False
200111285,GSE111285,Singlet oxygen induced RNA oxidation and translational arrest [DCMU],Expression profiling by high throughput sequencing,19580,12,Arabidopsis thaliana,2021/02/28,singlet_oxygen;chloroplast_stress,unspecified,True,True,ftp://ftp.ncbi.nlm.nih.gov/geo/series/GSE111nnn/GSE111285/,36420020,Effect of various concentrations of DCMU on gene expression in Arabidopsis,no_data,0,False
200111286,GSE111286,Singlet oxygen induced RNA oxidation and translational arrest [CHX],Expression profiling by high throughput sequencing,19580,12,Arabidopsis thaliana,2021/02/28,singlet_oxygen;chloroplast_stress,unspecified,True,True,ftp://ftp.ncbi.nlm.nih.gov/geo/series/GSE111nnn/GSE111286/,36420020,Effect of various concentrations of CHX on gene expression in Arabidopsis,no_data,0,False
200111287,GSE111287,Singlet oxygen induced RNA oxidation and translational arrest [RB],Expression profiling by high throughput sequencing,19580,12,Arabidopsis thaliana,2021/02/28,singlet_oxygen;chloroplast_stress,unspecified,True,True,ftp://ftp.ncbi.nlm.nih.gov/geo/series/GSE111nnn/GSE111287/,36420020,Effect of various concentrations of RB on gene expression in Arabidopsis,no_data,0,False
200111288,GSE111288,Singlet oxygen induced RNA oxidation and translational arrest,Expression profiling by high throughput sequencing,19580,42,Arabidopsis thaliana,2021/02/28,singlet_oxygen,unspecified,True,True,ftp://ftp.ncbi.nlm.nih.gov/geo/series/GSE111nnn/GSE111288/,36420020,This SuperSeries is composed of the SubSeries listed below.,no_data,0,False
200112389,GSE112389,Vitis Myb14 confer cold and drought tolerance by mediated nsLTP genes expression and ABA signaling passway in arabidopsis,Expression profiling by array,198,8,Arabidopsis thaliana,2018/06/01,drought;ABA;salt;cold;chloroplast_stress,unspecified,True,True,ftp://ftp.ncbi.nlm.nih.gov/geo/series/GSE112nnn/GSE112389/,,"The growth and fruit quality of grapevine are widely affected by abnormal climatic conditions such as extreme temperature. But how grapevine responds to cold stress is still largely unknown. Here we found that VaMyb14, a member of R2R3 Myb transcription factor family, was up-regulated dramatically during cold, drought and salinity treatments in Vitis amurensis, a cold and drought-hardiness wild Vitis species. Overexpression VaMyb14 in Arabidopsis increased antioxidant enzyme activity, especially",success,8,True
200113950,GSE113950,Transcriptional network analysis of osmotic and ionic responses in Arabidopsis,Expression profiling by array,9020,30,Arabidopsis thaliana,2021/04/27,unclassified,unspecified,True,True,ftp://ftp.ncbi.nlm.nih.gov/geo/series/GSE113nnn/GSE113950/,33280127,"Salt and PEG tolerances of 70 Arabidopsis accessions were screened. Five commonly used Arabidopsis accessions （C24, Col, Ler, SHA, Ws） were selected for further analysis. The results showed that SHA and C24 were relatively tolerant, while Ler and Ws were relatively susceptible to both salt and PEG stress. Transcriptomic analysis revealed that 4105 to 8782 genes exhibited significant expression level changes among five accessions in the presence and absence of stress treatments. The function of t",success,30,True
200117052,GSE117052,Transcriptome analysis of apoplastic reactive oxygen species signaling in Arabidopsis thaliana accessions with varying ozone sensitivity.,Expression profiling by high throughput sequencing,19580;17639,12,Arabidopsis thaliana,2020/07/01,ozone;pathogen_biotic;antioxidant_mutant,unspecified,True,True,ftp://ftp.ncbi.nlm.nih.gov/geo/series/GSE117nnn/GSE117052/,33624812,"Ozone (O3) is a phytotoxic air pollutant that enters the plant through stomata and activates cell death programs leading to development of lesions in sensitive plant species. Exposure to O3 provokes the formation of reactive oxygen species (ROS) in the apoplast of plant cells. Imbalanced ROS homeostasis has deleterious toxic effects on DNA, proteins, lipids, and carbohydrates. However, ROS are not merely damaging molecules, as they also initiate signaling events that help plants acclimate to str",download_failed,0,False
200117077,GSE117077,Arabidopsis spliceosome factor SmD3-b modulates immunity to Pseudomonas syringae infection,Expression profiling by high throughput sequencing,21785,12,Arabidopsis thaliana,2021/11/17,pathogen_biotic,unspecified,True,True,ftp://ftp.ncbi.nlm.nih.gov/geo/series/GSE117nnn/GSE117077/,34925413,"SmD3 is a core protein of small nuclear ribonucleoproteins essential for pre-mRNA splicing. To assess the role of Arabidopsis SmD3-b in response to biotic stress we investigated sensitivity of the smd3-b mutant to Pseudomonas syringae pv. tomato DC3000 infection and its pathogenesis effectors flg22, elf18 and coronatine. We show that the mutant exhibits enhanced susceptibility to Pst accompanied with marked changes in the expression of key pathogenesis markers. mRNA levels of major biotic stress",no_data,0,False
200117296,GSE117296,Identification and characterization of a core set of ROS wave-associated transcripts involved in the systemic acquired acclimation response of Arabidopsis to excess light [Timecourse],Expression profiling by high throughput sequencing,19580,48,Arabidopsis thaliana,2018/12/21,high_light;antioxidant_mutant,rosette_leaf;stem,True,True,ftp://ftp.ncbi.nlm.nih.gov/geo/series/GSE117nnn/GSE117296/,30556340,Transcriptome profiling (RNA-seq) of local and systemic leaves of Arabidopsis Col and rbohD plants exposed to a local treatment of high light,success,12,True
200117297,GSE117297,Identification and characterization of a core set of ROS wave-associated transcripts involved in the systemic acquired acclimation response of Arabidopsis to excess light [H2O2],Expression profiling by high throughput sequencing,19580,12,Arabidopsis thaliana,2018/12/21,H2O2;high_light,seedling;seed;stem,True,True,ftp://ftp.ncbi.nlm.nih.gov/geo/series/GSE117nnn/GSE117297/,30556340,Transcriptome profiling (RNA-seq) of Col seedlings growing in liquid MS culture and exposed to 1 mM H2O2 treatment,success,12,True
200117298,GSE117298,Identification and characterization of a core set of ROS wave-associated transcripts involved in the systemic acquired acclimation response of Arabidopsis to excess light [DPI],Expression profiling by high throughput sequencing,19580,24,Arabidopsis thaliana,2018/12/21,high_light,rosette_leaf;stem,True,True,ftp://ftp.ncbi.nlm.nih.gov/geo/series/GSE117nnn/GSE117298/,30556340,Transcriptome profiling (RNA-seq) of local and systemic leaves of Arabidopsis Col treated with 50 mM DPI and exposed to a local treatment of high light,success,23,True
200117300,GSE117300,Identification and characterization of a core set of ROS wave-associated transcripts involved in the systemic acquired acclimation response of Arabidopsis to excess light,Expression profiling by high throughput sequencing,19580,84,Arabidopsis thaliana,2018/12/21,high_light,stem,True,True,ftp://ftp.ncbi.nlm.nih.gov/geo/series/GSE117nnn/GSE117300/,30556340,This SuperSeries is composed of the SubSeries listed below.,no_data,0,False
200119327,GSE119327,"Expression data from Arabidopsis thaliana (Col-0) exposed to Arsenic, Hypoxia and their combination",Expression profiling by array,17416,12,Arabidopsis thaliana,2018/09/01,heavy_metal;hypoxia,root,True,True,ftp://ftp.ncbi.nlm.nih.gov/geo/series/GSE119nnn/GSE119327/,30198184,"Plants often face combinatorial stresses in their natural environment. Here arsenic (As) toxicity was combined with hypoxia (Hpx) in the roots of Arabidopsis thaliana as it often occurs in nature. The present work aimed to explore the effects of single and combined hypoxia and As stress applied at realistic stress levels to hydroponically grown A. thaliana. Arsenic as well as hypoxic growth conditions generate a characteristic signaling pattern, a significant part of which is mediated by ROS. Th",success,12,True
200001205,GSE1205,pFe_vs_H2O,Expression profiling by array,513,12,Arabidopsis thaliana,2005/01/01,unclassified,unspecified,True,True,ftp://ftp.ncbi.nlm.nih.gov/geo/series/GSE1nnn/GSE1205/,15656970,"Series of 6 repetitions of hybridization of treatment (pFe) and control (H2O) each. Comparison of plants grown under oxidative stress due to high-iron concentrations versus no treatment. C. Varotto, unpublished Keywords: repeat sample",success,12,True
200001206,GSE1206,pParL_vs_pParD,Expression profiling by array,513,12,Arabidopsis thaliana,2005/01/01,paraquat/MV;herbicide,unspecified,True,True,ftp://ftp.ncbi.nlm.nih.gov/geo/series/GSE1nnn/GSE1206/,15656970,"Series of 6 repetitions of hybridization of treatment (pParL) and control (pParD) each. Comparison of plants treated with benzoquinone herbicide paraquat 30' after reexposure to light (after one 12h dark period) versus treatment with paraquat and incubation for 12h in darkness. E. Richly et al., EMBO Rep. 4 (2003), pp. 491–498 Keywords: repeat sample",success,12,True
200001207,GSE1207,pPar_vs_H2O,Expression profiling by array,513,12,Arabidopsis thaliana,2005/01/01,paraquat/MV;herbicide,unspecified,True,True,ftp://ftp.ncbi.nlm.nih.gov/geo/series/GSE1nnn/GSE1207/,15656970,"Series of 6 repetitions of hybridization of treatment (pPar) and control (H2O) each. Comparison of plants treated with benzoquinone herbicide paraquat 30' after reexposure to light (after one 12h dark period) versus 30' after reexposure to light and treatment with H20 as control. E. Richly et al., EMBO Rep. 4 (2003), pp. 491–498 Keywords: repeat sample",success,12,True
200123620,GSE123620,"RNA-Seq of Arabidopsis Col-0  seedlings treated with L-Glu, urea, SA, and distilled water.",Expression profiling by high throughput sequencing,21785,39,Arabidopsis thaliana,2019/12/06,pathogen_biotic,seedling;seed;stem,True,True,ftp://ftp.ncbi.nlm.nih.gov/geo/series/GSE123nnn/GSE123620/,,"Plant resistance inducers (PRIs) are compounds that protect crops from diseases by activating plant immunity. The exogenous treatment with glutamate (Glu), an important amino acid for living organisms, was shown to induce resistance against fungal pathogen in rice and tomato. To understand the molecular mechanism of Glu-induced immunity, we developed a model system using Arabidopsis thaliana. Here, we found that exogenous treatment with Glu to Arabidopsis enhances resistance against Pseudomonas ",success,39,True
200123621,GSE123621,RNA-Seq of Arabidopsis Col-0 and sid2 seedlings treated with L-Glu and urea,Expression profiling by high throughput sequencing,21785,12,Arabidopsis thaliana,2019/12/06,pathogen_biotic,seedling;seed;stem,True,True,ftp://ftp.ncbi.nlm.nih.gov/geo/series/GSE123nnn/GSE123621/,,"Plant resistance inducers (PRIs) are compounds that protect crops from diseases by activating plant immunity. The exogenous treatment with glutamate (Glu), an important amino acid for living organisms, was shown to induce resistance against fungal pathogen in rice and tomato. To understand the molecular mechanism of Glu-induced immunity, we developed a model system using Arabidopsis thaliana. Here, we found that exogenous treatment with Glu to Arabidopsis enhances resistance against Pseudomonas ",success,12,True
200124475,GSE124475,Gene Networks Underlying the Early Regulation of Paraburkholderia Phytofirmans Psjn-induced Systemic Resistance in Arabidopsis,Expression profiling by array,198,18,Arabidopsis thaliana,2019/07/31,pathogen_biotic,stem,True,True,ftp://ftp.ncbi.nlm.nih.gov/geo/series/GSE124nnn/GSE124475/,31437216,"Plant defense responses to biotic stresses are complex biological processes, all governed by sophisticated molecular regulations. Induced systemic resistance (ISR) is one of these defense mechanisms where beneficial bacteria or fungi prime plants to resist pathogen or pest attacks. In ISR the defense arsenal in plants remains dormant and it is only triggered by the infection, allowing a rapid response and a better allocation of plant resources. We recently described that the well-known beneficia",success,18,True
200124871,GSE124871,Expression data from the constitutive expression of TaSIN in Arabidopsis,Expression profiling by array,198,10,Arabidopsis thaliana,2019/01/10,chloroplast_stress,seedling;seed,True,True,ftp://ftp.ncbi.nlm.nih.gov/geo/series/GSE124nnn/GSE124871/,,"To gain further insight into the possible signaling pathways in which TaSIN participates, constitutive lines of TaSINFL and TaSIN∆C were generated in Arabidopsis. ∆COE seedlings survived organellar oxidative stress better than the FLOE ones. A microarray experiment was designed to identify the downstream target genes of TaSIN.",success,10,True
200125515,GSE125515,Arabidopsis thaliana FIBRILLIN6 is involved in acclimation to moderate light stress and cadmium tolerance,Expression profiling by high throughput sequencing,17639,6,Arabidopsis thaliana,2022/01/14,high_light;heavy_metal;antioxidant_mutant,seedling;rosette_leaf;root;seed;flower,True,True,ftp://ftp.ncbi.nlm.nih.gov/geo/series/GSE125nnn/GSE125515/,31596965,"By mining public co-expression databases, we have identified FBN6 as a photosynthesis-associated gene. FBN6 is located in thylakoids and plastoglobules, and its knock-out results in stunted plants characterized by slightly reduced chlorophyll contents, shorter roots and late flowering under long-day conditions. The delayed growth phenotype of fbn6-1 cannot be attributed to altered basic photosynthesis parameters or a reduced CO2 assimilation rate. FBN6 is also co-expressed with redox/ROS-associa",no_data,0,False
200125675,GSE125675,Deficiency in the Phosphorylated Pathway of Serine Biosynthesis perturbs sulfur assimilation in Arabidopsis,Expression profiling by high throughput sequencing,16033,12,Arabidopsis thaliana,2019/01/26,singlet_oxygen;antioxidant_mutant,rosette_leaf;root,True,True,ftp://ftp.ncbi.nlm.nih.gov/geo/series/GSE125nnn/GSE125675/,30787133,"Although the plant Phosphorylated Pathway of L-serine Biosynthesis (PPSB) is essential for embryo and pollen development, and for root growth, its metabolic implications have not yet been investigated in depth. A transcriptomics analysis of PPSB-deficient mutants at nighttime, where PPSB activity is thought to be more important, pointed the sulfate assimilation process. As sulfate assimilation takes place mainly during the light period, we also investigated this process in PPSB-deficient lines i",no_data,0,False
200125906,GSE125906,Systematic Discovery of Hidden Dynamics and Regulatory Codes in MAPK Signaling Networks,Expression profiling by high throughput sequencing,17639,141,Arabidopsis thaliana,2025/01/30,unclassified,rosette_leaf;root;stem,True,True,ftp://ftp.ncbi.nlm.nih.gov/geo/series/GSE125nnn/GSE125906/,,"Biological systems orchestrate complex, dynamic and interconnected signaling networks, which remain challenging to elucidate with static, redundant, deleterious or lethal mutations in multicellular genetic circuits. To uncover hidden regulatory mechanisms and resolve genotype-phenotype discrepancies of mitogen-activated protein kinases (MAPKs) as master signaling integrators, we combined systematic network analyses with quantitative chemical perturbations of genetically engineered MAPKs for sign",no_data,0,False
200127002,GSE127002,The RNA NAD+ cap is widespread in the Arabidopsis transcriptome and probably promotes translation,Other,23157,28,Arabidopsis thaliana,2019/06/03,chloroplast_stress,unspecified,False,False,ftp://ftp.ncbi.nlm.nih.gov/geo/series/GSE127nnn/GSE127002/,31142655,"As the most common mRNA cap, the m7G cap impacts the fate of an mRNA in eukaryotes. The metabolite and redox agent, nicotinamide adenine diphosphate (NAD+), can be used as an initiating nucleotide in RNA synthesis to result in NAD+-capped RNAs. Such RNAs have been identified in bacteria, yeast, and human cells, but it is not known whether they exist in plant transcriptomes. The functions of the NAD+ cap in RNA metabolism or translation are still poorly understood. Here, through NAD captureSeq, w",not_attempted,0,False
200127300,GSE127300,Expression of a dominant‐negative AtNEET‐H89C protein disrupts iron–sulfur metabolism and iron homeostasis in Arabidopsis,Expression profiling by high throughput sequencing,19580,21,Arabidopsis thaliana,2019/12/22,unclassified,seedling;rosette_leaf;seed;stem,True,True,ftp://ftp.ncbi.nlm.nih.gov/geo/series/GSE127nnn/GSE127300/,31642128,"Iron–sulfur (Fe–S) clusters play an essential role in plants as protein cofactors mediating diverse electron transfer reactions. Because they can react with oxygen to form reactive oxygen species (ROS) and inflict cellular damage, the biogenesis of Fe–S clusters is highly regulated. A recently discovered group of 2Fe–2S proteins, termed NEET proteins, was proposed to coordinate Fe–S, Fe and ROS homeostasis in mammalian cells. Here we report that disrupting the function of AtNEET, the sole member",success,20,True
200127755,GSE127755,"NAD tagSeq, a new method for transcriptome-wide identification and quantification of NAD+-capped RNAs, revealed that NAD+-capped RNAs are produced from a large number of protein-coding genes in Arabidopsis",Other,26246,12,Arabidopsis thaliana,2019/07/01,chloroplast_stress,unspecified,False,False,ftp://ftp.ncbi.nlm.nih.gov/geo/series/GSE127nnn/GSE127755/,31142650,"The 5’ end of a eukaryotic mRNA generally has a methyl guanosine cap (m7G cap) that not only protects the mRNA from degradation but also mediates almost all other aspects of gene expression. Some RNAs in E. coli, yeast, and mammals were recently found to contain an NAD+ cap at their 5’ ends. Here we report development of a new method – NAD tagSeq – for transcriptome-wide identification and quantification of NAD+-capped RNAs (NAD-RNAs). The method uses first an enzymatic reaction and then a click",not_attempted,0,False
200127759,GSE127759,Transcriptome responses to the natural phytotoxin t-chalcone in Arabidopsis thaliana L.,Expression profiling by high throughput sequencing,17970;17639,72,Arabidopsis thaliana,2019/03/05,herbicide;chloroplast_stress,seedling;root;seed,True,True,ftp://ftp.ncbi.nlm.nih.gov/geo/series/GSE127nnn/GSE127759/,30868714,"BCKGROUND: New modes of action are needed for herbicides. The flavonoid synthesis intermediate t-chalcone causes apoptosis-like symptoms in roots and bleaching of shoots of Arabidospsis, suggesting a unique mode of action as a phytotoxin. RESULTS: Using RNA-Seq, transcriptome changes were monitored in Arabidopsis seedlings during the first 24 h of exposure (at 1, 3, 6, 12 and 24 h) to 21 μM t-chalcone (I50 dose), examining effects on roots and shoots separately.  Expression of 892 and 1000 genes",download_failed,0,False
200128156,GSE128156,Cadmium interference with iron sensing reveals transcriptional programs sensitive and insensitive to reactive oxygen species,Expression profiling by high throughput sequencing,9302,36,Arabidopsis thaliana,2020/07/13,H2O2;heavy_metal,rosette_leaf;root,True,True,ftp://ftp.ncbi.nlm.nih.gov/geo/series/GSE128nnn/GSE128156/,,"Iron (Fe) is an essential micronutrient whose uptake is tightly regulated to balance both deficiency and Fe excess induced oxidative stress. The non-essential heavy metal cadmium (Cd) both induces oxidative stress and an Fe deficiency like response.  It is unclear how Cd induces this response, nor how it relates to Fe status sensing.  Using next generation sequencing, H2O2 quantification in both wild type and the Fe over-accumulating mutant opt3-2, we explored how Cd interferes with Fe sensing. ",success,36,True
200128157,GSE128157,"Impaired sensing of Fe status in opt3-2 leads to opposite transcriptional programs in leaves and roots, and uncovers novel roles for reactive oxygen species signaling within the Fe homeostasis network",Expression profiling by high throughput sequencing,9302,72,Arabidopsis thaliana,2019/03/14,unclassified,rosette_leaf;root,True,True,ftp://ftp.ncbi.nlm.nih.gov/geo/series/GSE128nnn/GSE128157/,,This SuperSeries is composed of the SubSeries listed below.,no_data,0,False
200128953,GSE128953,"PRX2 and PRX25, peroxidases regulated by COG1, are involved in seed longevity in Arabidopsis ",Expression profiling by high throughput sequencing,13222,6,Arabidopsis thaliana,2019/10/15,chloroplast_stress,seed,True,True,ftp://ftp.ncbi.nlm.nih.gov/geo/series/GSE128nnn/GSE128953/,31600827,"Permeability is a crucial trait that affects seed longevity and is regulated by different polymers including proanthocyanidins, suberin, cutin and lignin located in the seed coat. By testing mutants in suberin transport and biosynthesis, we demonstrate the importance of this biopolymer to cope with seed deterioration. Transcriptomic analysis of cog1‐2D, a gain‐of‐function mutant with increased seed longevity, revealed the upregulation of several peroxidase genes. Reverse genetics analysing seed ",success,8,True
200131545,GSE131545,Enzymes degraded under high light maintain proteostasis by transcriptional regulation in Arabidopsis,Expression profiling by high throughput sequencing,19580,21,Arabidopsis thaliana,2022/01/19,high_light;chloroplast_stress,stem,True,True,ftp://ftp.ncbi.nlm.nih.gov/geo/series/GSE131nnn/GSE131545/,35549553,"Photo-inhibitory high-light stress induces damage to photosystems and changes a myriad of metabolic processes in plants. In Arabidopsis it leads to increased abundance of markers of protein degradation and transcriptional upregulation of proteases and proteolytic machinery, but proteostasis is largely maintained. To identify specific enzymes degrading at a faster rate under high light conditions, we developed a 13C partial labelling approach to measure rates of turnover of specific proteins in A",success,6,True
200131610,GSE131610,The Arabidopsis YDL1 suppresses singlet oxygen-induced gene expression changes,Expression profiling by high throughput sequencing,17639,12,Arabidopsis thaliana,2020/04/17,singlet_oxygen,seedling;seed,True,True,ftp://ftp.ncbi.nlm.nih.gov/geo/series/GSE131nnn/GSE131610/,32161131,"Singlet oxygen (1O2), the main ROS produced in chloroplasts, has long been recognized as a cytotoxin that inhibits photosynthesis and damages the cell. However, more recent findings have proposed 1O2 as a highly versatile signal that induces various stress responses. A signaling role for 1O2 was first documented in the conditional fluorescent (flu) mutant of Arabidopsis. Release of 1O2 in flu mutant induces bleach/die of young seedlings and growth inhibition of mature plants. However, all these ",no_data,0,False
200132626,GSE132626,Transcriptional regulation of the glucose-6-phosphate transporter 2,Expression profiling by high throughput sequencing,17639,36,Arabidopsis thaliana,2019/06/13,high_light;chloroplast_stress,rosette_leaf,True,True,ftp://ftp.ncbi.nlm.nih.gov/geo/series/GSE132nnn/GSE132626/,31316533,"Arabidopsis Col-0 and WS ecotypes were subjected to a high light treatment and leaf tissues were harvested 0, 15, 30, 60, 120, or 240 after exposure to high light. RNA was isolated and sequenced in order to determine gene expression changes after an increase in light. The transcript for GPT2 transiently increases several hundred-fold within two hours, and the increase in GPT2 transcript is preceded by an increase in expression of many transcription factor genes including Redox Responsive Transcr",success,61,True
200133182,GSE133182,SME1 deficiency results in oxidative stress tolerance,Expression profiling by high throughput sequencing,19580,6,Arabidopsis thaliana,2022/06/22,antioxidant_mutant;chloroplast_stress,unspecified,True,True,ftp://ftp.ncbi.nlm.nih.gov/geo/series/GSE133nnn/GSE133182/,,"In this work, we describe a nonsense mutation in SME1 that alleviates photorespiratory cell death in the Arabidopsis thaliana cat2-2 mutant. A SME1 loss-of-function mutant (sme1-1) and wild-type Col-0 were subjected to mRNA-seq for differential gene expression and alternative splicing analysis. This revealed a massive transcript reprogramming and occurrence of splicing defects caused by SME1 deficiency. For more details see the publication.",success,6,True
200133900,GSE133900,Redox-sensitive bZIP68 plays a role in balancing stress tolerance with growth in Arabidopsis,Expression profiling by high throughput sequencing,17639;19080,24,Arabidopsis thaliana,2020/07/01,pathogen_biotic,seedling;seed,True,True,ftp://ftp.ncbi.nlm.nih.gov/geo/series/GSE133nnn/GSE133900/,,"Perturbation of the cellular redox state by stress conditions is sensed by redox-sensitive proteins so that the cell can physiologically respond to stressors; however, the mechanisms linking sensing to response remain poorly understood in plants. Here we report that the transcription factor bZIP68 underwent in vivo oxidation in Arabidopsis cells under oxidative stress which is dependent on its redox-sensitive Cys320 residue. bZIP68 is primarily localized to the nucleus under normal conditions in",download_failed,0,False
200136268,GSE136268,The LRX-RALF-FER cell wall integrity sensing module controls plant growth and salt stress responses by modulating multiple plant hormones,Expression profiling by high throughput sequencing,17639,22,Arabidopsis thaliana,2021/07/15,ABA;salt,unspecified,True,True,ftp://ftp.ncbi.nlm.nih.gov/geo/series/GSE136nnn/GSE136268/,34691553,"Plants have evolved cell wall integrity signaling pathways to maintain cell wall homeostasis during rapid growth and in response to environmental stress. The cell wall leucine-rich repeat extensins LRX3/4/5, the RAPID ALKALINIZATION FACTOR (RALF) peptides RALF22/23, and FERONIA (FER) function as a module to regulate plant growth and salt stress responses via the sense of cell wall integrity. However, the intracellular signaling pathways that mediate the effects of the LRX3/4/5-RALF22/23-FER modu",no_data,0,False
200013739,GSE13739,Golovinomyces orontii time course with Col-0 and eds16-1,Expression profiling by array,198,56,Arabidopsis thaliana,2009/02/04,pathogen_biotic;chloroplast_stress,unspecified,True,True,ftp://ftp.ncbi.nlm.nih.gov/geo/series/GSE13nnn/GSE13739/,19176722,"Salicylic acid (SA) is a critical molecule mediating plant innate immunity with an important role limiting the growth and reproduction of the virulent powdery mildew (PM) Golovinomyces orontii on Arabidopsis thaliana. To investigate this later phase of the PM interaction, and the role played by SA, we performed replicated global expression profiling for wild type and SA biosynthetic mutant ics1 Arabidopsis from 0 to 7 days post infection. We found that ICS1-impacted genes comprise 3.8% of profil",success,56,True
200013803,GSE13803,Interaction between the light environment and the Arabidopsis wound response,Expression profiling by array,198,12,Arabidopsis thaliana,2010/04/22,unclassified,rosette_leaf,True,True,ftp://ftp.ncbi.nlm.nih.gov/geo/series/GSE13nnn/GSE13803/,21241328,"We have previously identified a significant increase in chloroplast reactive oxygen species in wounded leaves of Arabidopsis and other plants, which is light-dependent (Flor-Henry et al. (2004) BMC Plant Biology 4:19). The aims of this study were to (i) examine the early response to mechanical wounding in Arabidopsis leaves, (ii) test the hypothesis that light-dependent chloroplast ROS may play a role in signalling for changes in gene expression in wounded leaves, and (iii) examine the broader i",success,12,True
200138203,GSE138203,Dual RNA-seq analysis unveils Trichoderma NoxR as an essential mediator of the molecular dialogue during interaction with Arabidopsis,Expression profiling by high throughput sequencing,27554;13222,29,Arabidopsis thaliana; Trichoderma atroviride,2019/10/01,unclassified,seedling;root;seed,True,True,ftp://ftp.ncbi.nlm.nih.gov/geo/series/GSE138nnn/GSE138203/,,"Trichoderma species promote growth and strengthen immunity of Arabidopsis and crop species through multiple mechanisms. However, how fungal proteins mediate growth-defense tradeoffs is unknown. We analyzed the growth, root architecture, defense and global gene expression profiles in Arabidopsis seedlings co-cultivated with T. atroviride WT, and Δnox1, Δnox2, and ΔnoxR mutants, defective on the catalytic and regulatory subunits of NADPH oxidase, respectively. The gene expression profile in the fu",download_failed,0,False
200138478,GSE138478,Diacetyl determines plant-bacteria relation via phosphate-dependent modulation of plant immunity,Expression profiling by high throughput sequencing,17639,12,Arabidopsis thaliana,2019/12/03,pathogen_biotic,stem,True,True,ftp://ftp.ncbi.nlm.nih.gov/geo/series/GSE138nnn/GSE138478/,31802519,"Plants establish mutualistic association with beneficial microbes while deploy the immune system to defend against pathogens. Little is known about the interplay between mutualism and immunity and about the mediator molecules. Here we show that plants respond differently to a bacterial volatile compound through integral modulation of the immune system and the phosphate starvation response (PSR) system, resulting in either mutualism or immunity. We found that the same exposure of a recognized pla",no_data,0,False
200139100,GSE139100,Blue light regulates phosphate deficiency-dependent primary root growth inhibition in Arabidopsis,Expression profiling by array,12621,64,Arabidopsis thaliana,2019/11/27,chloroplast_stress,root,True,True,ftp://ftp.ncbi.nlm.nih.gov/geo/series/GSE139nnn/GSE139100/,32082352,"Plants have evolved mechanisms to improve utilization efficiency or acquisition of inorganic phosphate (Pi) in response to Pi deficiency, such as altering root architecture, secreting acid phosphatases, and activating the expression of genes related to Pi uptake and recycling. Although many genes responsive to Pi starvation have been identified, transcription factors that affect tolerance to Pi deficiency have not been well characterized. We show here that the ectopic expression of B-BOX32 (BBX3",success,64,True
200141547,GSE141547,Arabidopsis MED8 functions in oxidative stress,Expression profiling by high throughput sequencing,19580,12,Arabidopsis thaliana,2021/03/14,paraquat/MV;chloroplast_stress,seedling;seed,True,True,ftp://ftp.ncbi.nlm.nih.gov/geo/series/GSE141nnn/GSE141547/,33713138,"In this work, we describe a TDNA insertion mutant for Mediator complex subunit 8 (MED8) that regulates the oxidative stress responses. Wild-type Col-0 and med8 seedlings were growth under control condition or oxidative stress (induced by methyl viologen treatment) and were subjected to RNA-seq profiling. Total mRNA fractions were isolated and subjected to signle-end deep sequencing (approx.30M reads/sample) to reveal differential expression between genotypes and conditions.",success,12,True
200141597,GSE141597,Naked1 targets Topless to up-regulate Auxin signaling and suppress immunity,Expression profiling by high throughput sequencing,19580,24,Arabidopsis thaliana,2021/06/01,pathogen_biotic,unspecified,True,True,ftp://ftp.ncbi.nlm.nih.gov/geo/series/GSE141nnn/GSE141597/,35529945,"Plants integrate endogenous and environmental signals to regulate growth and developmental programs by the use different hormonal pathways. Perception of Pathogen/Microbial Associated Molecular Patterns (PAMPs/MAMPs) from invading microorganisms triggers a series of defense reactions known as Pathogen Triggered Immunity (PTI) that inhibit growth promoting signaling pathways such as auxin signaling. On the contrary, pathogens manipulate growth signaling and metabolism to promote disease susceptib",success,24,True
200141916,GSE141916,MYB30 orchestras ROS wave-triggered systemic transcriptomic responses and plant acclimation in Arabidopsis ,Expression profiling by high throughput sequencing,26208,48,Arabidopsis thaliana,2020/08/31,high_light,stem,True,True,ftp://ftp.ncbi.nlm.nih.gov/geo/series/GSE141nnn/GSE141916/,32699028,MYB30 was found to regulate reactive oxygen species (ROS) - mediated systemic transcriptomics responses to light stress in Arabidopsis,success,48,True
200014237,GSE14237,Arabidopsis CBP60g Contributes to MAMP-Induced SA Accumulation and Is Involved in Disease Resistance,Expression profiling by array,3638,64,Arabidopsis thaliana,2009/01/15,pathogen_biotic,unspecified,True,True,ftp://ftp.ncbi.nlm.nih.gov/geo/series/GSE14nnn/GSE14237/,19214217,"Salicylic acid (SA)-induced defense responses are important factors during effector triggered immunity and microbe-associated molecular pattern (MAMP)-induced immunity in plants. This article presents evidence that a member of the Arabidopsis CBP60 gene family, CBP60g, contributes to MAMP-triggered SA accumulation. CBP60g is inducible by both pathogen and MAMP treatments. Pseudomonas syringae growth is enhanced in cbp60g mutants. Expression profiles of a cbp60g mutant after MAMP treatment are si",success,64,True
200014240,GSE14240,Mitochondrial dysfunction in Arabidopsis thaliana.,Expression profiling by array,8013,8,Arabidopsis thaliana,2009/02/15,unclassified,flower,True,True,ftp://ftp.ncbi.nlm.nih.gov/geo/series/GSE14nnn/GSE14240/,20978083,"We characterized the global response of plants carrying a mitochondrial dysfunction induced by the expression of the unedited form of the ATP synthase 9 subunit. The u-ATP9 transgene driven by A9 and Apetala3 promoters induce mitochondrial dysfunction revealed by a decrease in both oxygen uptake and ATP levels, with an increase in ROS and a concomitant oxidative stress response. The transcriptome analysis of young Arabidopsis flowers, validated by RT-PCR and enzymatic or functional tests, show d",success,8,True
200143760,GSE143760,PHOTOTROPIN 1 and 2 regulate photosynthesis and UV-induced oxidative stress and cell death,Expression profiling by high throughput sequencing,21785,24,Arabidopsis thaliana,2020/03/26,chloroplast_stress,unspecified,True,True,ftp://ftp.ncbi.nlm.nih.gov/geo/series/GSE143nnn/GSE143760/,33498294,"Phototropins are plasma membrane‐associated photoreceptors of blue light. Arabidopsis thaliana genome has two genes, PHOT1 and PHOT2, encoding two phototropins that mediate phototropism, chloroplast positioning and stomatal opening. They are well characterized in terms of photomorphogenetic processes, but so far little was known about their involvement in photosynthesis and response to stress factors triggering oxidative stress and cell death. This work fills the gap in our understanding of PHOT",no_data,0,False
200143762,GSE143762,"Novel Role of JAC1 in Influencing Photosynthesis, Stomatal Conductance, and Photooxidative Stress Signalling Pathway in Arabidopsis thaliana",Expression profiling by high throughput sequencing,21785,12,Arabidopsis thaliana,2020/03/26,H2O2;singlet_oxygen;UV,unspecified,True,True,ftp://ftp.ncbi.nlm.nih.gov/geo/series/GSE143nnn/GSE143762/,32849690,"Regulation of light absorption under variable light conditions is essential to optimize photosynthetic and acclimatory processes in plants. Light energy absorbed in excess has a damaging effect on chloroplasts and can lead to cell death. Therefore, plants have evolved protective mechanisms against excess excitation energy that include chloroplast accumulation and avoidance responses. One of the proteins involved in facilitating chloroplast movements in Arabidopsis thaliana is the J domain-contai",no_data,0,False
200144091,GSE144091,Conserved Arabidopsis response to oviposition and crude egg extract treatment,Expression profiling by high throughput sequencing,17639,9,Arabidopsis thaliana,2020/01/23,pathogen_biotic,rosette_leaf;cell_culture,True,True,ftp://ftp.ncbi.nlm.nih.gov/geo/series/GSE144nnn/GSE144091/,32985977,"Although a seemingly harmless developmental stage of herbivores, insect eggs trigger efficient plant defenses that include necrosis, callus formation, accumulation of ovicidal compounds and release of volatiles to attract egg predators. The large white butterfly Pieris brassicae deposits batches of 20-30 eggs onto Arabidopsis leaves, causing a large transcriptional reprograming that is drastically distinct from the expression profile triggered by larval feeding. Also, P. brassicae eggs induce lo",success,9,True
200144768,GSE144768,Effects of root applied glutathione (GSH) on gene expression profile in the root of Brassica napus,Expression profiling by array,198,6,Arabidopsis thaliana; Brassica napus,2021/03/11,singlet_oxygen;heavy_metal;antioxidant_mutant,root;seed,True,True,ftp://ftp.ncbi.nlm.nih.gov/geo/series/GSE144nnn/GSE144768/,33691958,"Glutathione (GSH) is a tripeptide involved in controlling heavy metal movement in plants. Our previous study demonstrated that GSH, applied to plant roots site-specifically, inhibited Cd translocation from roots to shoots in oilseed rape plants (Brassica napus) cultured hydroponically. One of the factors of this inhibitory effect was due to activation of Cd efflux from root cells. To investigate the molecular mechanism triggered by root applied GSH in more detail, the Cd movement was monitored n",success,6,True
200014765,GSE14765,Expression data from Arabidopsis gapcp mutant,Expression profiling by array,198,6,Arabidopsis thaliana,2009/02/10,unclassified,seedling;seed,True,True,ftp://ftp.ncbi.nlm.nih.gov/geo/series/GSE14nnn/GSE14765/,,"Glycolytic Glyceraldehyde 3-phosphate dehydrogenase (GAPDH) catalyzes the conversion of glyceraldehyde 3-phospate to 1,3-bisphosphoglycerate by coupling with the reduction of NAD+ to NADH. Both cytosolic and plastidial isoforms of GAPDH has been described but the in vivo functions of the plastidial isoforms is unresolved. We generated mutants of the Arabidopsis plastidial GAPDH isoforms (At1g79530, At1g16300; GAPCp1, GAPCp2) and performed a microarray analysis comparing gapcp double (gapcp1 gapc",success,6,True
200147793,GSE147793,NTRC controls chloroplast redox homeostasis through the regulation of the redox balance of 2-Cys Prxs in Arabidopsis,Expression profiling by high throughput sequencing,17639,9,Arabidopsis thaliana,2021/09/09,antioxidant_mutant;chloroplast_stress,stem,True,True,ftp://ftp.ncbi.nlm.nih.gov/geo/series/GSE147nnn/GSE147793/,34618130,"Thiol-dependent redox regulation is essential for the rapid adaptation of chloroplast metabolism to unpredictable changes of light intensity. The disulfide reductase activity of thioredoxins (Trxs), which relies on photo-reduced ferredoxin (Fdx) and a Fdx-dependent Trx reductase (FTR), constitutes the Fdx-FTR-Trxs system, which links chloroplast redox regulation to light. In addition, chloroplasts harbor an NADPH-dependent Trx reductase (NTR) with a joint Trx domain, NTRC. The activity of these ",success,9,True
200147962,GSE147962,Multifactorial stress combination,Expression profiling by high throughput sequencing,19580,48,Arabidopsis thaliana,2020/12/31,chloroplast_stress,seedling;seed,True,True,ftp://ftp.ncbi.nlm.nih.gov/geo/series/GSE147nnn/GSE147962/,33496342,"We report the differences in gene expression when Arabidopsis seedlings are subjected to different stressors, impacting alone or in combinations of 2, 3 or 4 factors at a time",success,48,True
200152166,GSE152166,"Differentially expressed genes between WT and HRE1α OX, WT and HRE1β OX, and WT and AtRH17 OX",Expression profiling by high throughput sequencing,19580,8,Arabidopsis thaliana,2020/09/23,drought;ABA;salt;pathogen_biotic;antioxidant_mutant,flower;stem,True,True,ftp://ftp.ncbi.nlm.nih.gov/geo/series/GSE152nnn/GSE152166/,32977426,"We characterized and compared the biological and molecular functions of HRE1α and HRE1β, two alternative splicing variants of HRE1, a AP2/ERF transcription factor in Arabidopsis. To compare the downstream regulatory mechanisms of HRE1α and HRE1β, Quant-Seq analysis was carried out. The experiment was designed to identify and compare differentially expressed genes (DEGs) between WT and HRE1α-overexpressing transgneic plants (OXs) and WT and HRE1β OXs grown for 14 days under SD conditions. We anal",no_data,0,False
200152454,GSE152454,"Transcriptome analysis of Arabidopsis thaliana roots, H2O2 and Rose Bengal [20180920_172844_1O_H2O2]",Expression profiling by high throughput sequencing,19580,15,Arabidopsis thaliana,2021/05/26,H2O2;drought,seedling;root;seed;stem,True,True,ftp://ftp.ncbi.nlm.nih.gov/geo/series/GSE152nnn/GSE152454/,33793947,"In order to better understand the context of root water stress and its relationship to other stresses, I undertook an evaluation of osmotic water stress by transcriptome analyses. Whole transcriptome MARSeq (Diego Adhemar Jaitin, 2017) analysis can enable us to study the changes in gene expression (changes in transcript prevalence) in depth under different treatments. It is a cost effective method to develop transcriptional activity. It uses relatively small amounts of RNA and reads sequences fr",success,15,True
200152455,GSE152455,"Transcriptome analysis of Arabidopsis thaliana roots, H2O2 and Rose Bengal [20180920_173313_H2O2_RB]",Expression profiling by high throughput sequencing,19580,15,Arabidopsis thaliana,2021/05/26,H2O2;drought,seedling;root;seed;stem,True,True,ftp://ftp.ncbi.nlm.nih.gov/geo/series/GSE152nnn/GSE152455/,33793947,"In order to better understand the context of root water stress and its relationship to other stresses, I undertook an evaluation of osmotic water stress by transcriptome analyses. Whole transcriptome MARSeq (Diego Adhemar Jaitin, 2017) analysis can enable us to study the changes in gene expression (changes in transcript prevalence) in depth under different treatments. It is a cost effective method to develop transcriptional activity. It uses relatively small amounts of RNA and reads sequences fr",success,15,True
200152462,GSE152462,A role for lipoxygenase in the production of 1O2 and promoting the root's response to osmotic stress in Arabidopsi,Expression profiling by high throughput sequencing,19580,138,Arabidopsis thaliana,2021/05/26,singlet_oxygen,root,True,True,ftp://ftp.ncbi.nlm.nih.gov/geo/series/GSE152nnn/GSE152462/,33793947,This SuperSeries is composed of the SubSeries listed below.,no_data,0,False
200152776,GSE152776,The function of intragenic tRNA R-loop,Expression profiling by high throughput sequencing; Genome binding/occupancy profiling by high throughput sequencing; Other,23157,13,Arabidopsis thaliana,2021/09/01,chloroplast_stress,unspecified,True,True,ftp://ftp.ncbi.nlm.nih.gov/geo/series/GSE152nnn/GSE152776/,34463741,Intragenic tRNAs-promoted R-loops formation orchestrate Arabidopsis oxidative stress survival,no_data,0,False
200154593,GSE154593,Oxicam-type nonsteroidal anti-inflammatory drugs inhibit NPR1-mediated salicylic acid pathway,Expression profiling by high throughput sequencing,17639,24,Arabidopsis thaliana,2021/11/09,pathogen_biotic,unspecified,True,True,ftp://ftp.ncbi.nlm.nih.gov/geo/series/GSE154nnn/GSE154593/,34911942,"Nonsteroidal anti-inflammatory drugs (NSAIDs), including salicylic acid (SA), target mammalian cyclooxygenases. In plants, SA is a defense hormone that regulates NON-EXPRESSOR OF PATHOGENESIS RELATED GENES 1 (NPR1), the master transcriptional regulator of immunity-related genes. We identify that the oxicam-type NSAIDs tenoxicam (TNX), meloxicam, and piroxicam, but not other types of NSAIDs, exhibit an inhibitory effect on immunity to bacteria and SA-dependent plant immune response. TNX treatment",no_data,0,False
200154886,GSE154886,Apoplastic lipid barriers regulated by conserved homeobox transcription factors extend seed longevity in multiple plant species,Genome binding/occupancy profiling by high throughput sequencing,17639,3,Arabidopsis thaliana,2021/03/31,pathogen_biotic;antioxidant_mutant;chloroplast_stress,seed,False,False,ftp://ftp.ncbi.nlm.nih.gov/geo/series/GSE154nnn/GSE154886/,33864680,"•Cutin and suberin are lipid polyesters deposited in specific apoplastic compartments. Their fundamental roles in plant biology include controlling the movement of gases, water and solutes, and conferring pathogen resistance. Both cutin and suberin have been shown to be present in the Arabidopsis seed coat where they regulate seed dormancy and longevity. •In this study, we use accelerated and natural aging seed assays, glutathione redox potential measures, optical and transmission electron micro",not_attempted,0,False
200155026,GSE155026,Chemical genetics approach identifies ABNORMAL INFLORESCENCE MERISTEM 1 as a putative target of a novel sulfonamide that protects Arabidopsis against photorespiratory stress,Expression profiling by array,198,6,Arabidopsis thaliana,2020/09/03,H2O2;antioxidant_mutant,rosette_leaf;flower;stem,True,True,ftp://ftp.ncbi.nlm.nih.gov/geo/series/GSE155nnn/GSE155026/,32887516,"Alterations of hydrogen peroxide (H2O2) levels have a profound impact on numerous signaling cascades orchestrating stress responses, plant growth and development, including programmed cell death. To expand the repertoire of known molecular mechanisms implicated in H2O2 signaling, we performed a forward chemical screen to identify small molecules that could alleviate the photorespiratory-induced cell death phenotype of Arabidopsis thaliana mutants lacking H2O2 scavenging capacity by peroxisomal C",success,6,True
200155105,GSE155105,Chemical genetics approach identifies ABNORMAL INFLORESCENCE MERISTEM 1 as a putative target of a novel sulfonamide that protects Arabidopsis against photorespiratory stress [RNA-seq],Expression profiling by high throughput sequencing,19580,12,Arabidopsis thaliana,2020/09/03,H2O2;antioxidant_mutant,rosette_leaf;flower;stem,True,True,ftp://ftp.ncbi.nlm.nih.gov/geo/series/GSE155nnn/GSE155105/,32887516,"Alterations of hydrogen peroxide (H2O2) levels have a profound impact on numerous signaling cascades orchestrating stress responses, plant growth and development, including programmed cell death. To expand the repertoire of known molecular mechanisms implicated in H2O2 signaling, we performed a forward chemical screen to identify small molecules that could alleviate the photorespiratory-induced cell death phenotype of Arabidopsis thaliana mutants lacking H2O2 scavenging capacity by peroxisomal C",no_data,0,False
200156883,GSE156883,"Transcriptomic changes in sapx tapx, pgr5, and triple mutants under high-light stress",Expression profiling by high throughput sequencing,17970,12,Arabidopsis thaliana,2020/08/26,high_light;antioxidant_mutant;chloroplast_stress,unspecified,True,True,ftp://ftp.ncbi.nlm.nih.gov/geo/series/GSE156nnn/GSE156883/,34028907,"We focused on Arabidopsis chloroplast ascorbate peroxidases (sAPX and tAPX) and proton gradient regulation 5 (PGR5) and used pgr5 single mutant, sapx tapx double mutant, and sapx tapx pgr5 triple mutant for RNA-seq analysis.",no_data,0,False
200158444,GSE158444,Time of day prioritizes the pool of translating mRNAs in response to heat stress,Expression profiling by high throughput sequencing,19580,148,Arabidopsis thaliana,2021/04/21,heat;chloroplast_stress,unspecified,True,True,ftp://ftp.ncbi.nlm.nih.gov/geo/series/GSE158nnn/GSE158444/,33871647,"The circadian clock helps organisms to anticipate and coordinate gene regulatory responses to changes in environmental stimuli. Under growth limiting temperatures, time of day modulates the accumulation of polyadenylated mRNAs. In response to heat stress, plants will conserve energy and selectively translate mRNAs. How the clock and/or time of day regulates polyadenylated mRNAs bound by ribosomes in response to heat stress is unknown. In-depth analysis of Arabidopsis thaliana translating mRNAs f",success,148,True
200015882,GSE15882,af13_plp2 - plp2 paraquat - Functional analysis of lipid acyl hydrolases in Arabidopsis antimicrobial defense,Expression profiling by array,4346,12,Arabidopsis thaliana,2009/05/05,paraquat/MV;pathogen_biotic;chloroplast_stress,rosette_leaf,True,True,ftp://ftp.ncbi.nlm.nih.gov/geo/series/GSE15nnn/GSE15882/,,"Effects of deregulation of a lipid acyl hydrolase gene (PLP2, At2g26560) on global transcriptome upon infection by Botrytis cinerea. This deregulation affects resistance levels against fungal and bacterial pathogens, likely by perturbing the biosynthesis of oxylipins. Oxylipins are fatty acid-derived compounds (example:jasmonic acid) with diverse signaling or antimicrobial properties. - 10 uM Paraquat was infiltated in mesophyll of leaves with a syringe without needle. Leaf material was harveste",success,12,True
200015973,GSE15973,Functional analysis of lipid acyl hydrolases in Arabidopsis antimicrobial defense: plp2 paraquat,Expression profiling by array,4346,12,Arabidopsis thaliana,2009/05/10,paraquat/MV;pathogen_biotic;chloroplast_stress,rosette_leaf,True,True,ftp://ftp.ncbi.nlm.nih.gov/geo/series/GSE15nnn/GSE15973/,,"af13_plp2 - plp2 paraquat - Effects of deregulation of a lipid acyl hydrolase gene (PLP2, At2g26560) on global transcriptome upon infection by Botrytis cinerea. This deregulation affects resistance levels against fungal and bacterial pathogens, likely by perturbing the biosynthesis of oxylipins. Oxylipins are fatty acid-derived compounds (example:jasmonic acid) with diverse signaling or antimicrobial properties. - 10 uM Paraquat was infiltated in mesophyll of leaves with a syringe without needle",success,12,True
200167244,GSE167244,RNA sequencing of Arabidopsis mature seed and germination stages,Expression profiling by high throughput sequencing,24025,18,Arabidopsis thaliana,2021/03/23,unclassified,seed,True,True,ftp://ftp.ncbi.nlm.nih.gov/geo/series/GSE167nnn/GSE167244/,33807066,"We analysed transcriptome changes in Arabidopsis Col-0 and ros1-4 mutant seeds (3 stages corresponding mature (mat), germination II (II) and germination IV (IV)",success,18,True
200167245,GSE167245,Regulation of DNA (de)methylation positively impacts seed germination during seed development under heat stress,Expression profiling by high throughput sequencing; Methylation profiling by high throughput sequencing,17639;24025;29756,57,Arabidopsis thaliana,2021/03/23,heat,seed,True,True,ftp://ftp.ncbi.nlm.nih.gov/geo/series/GSE167nnn/GSE167245/,33807066,This SuperSeries is composed of the SubSeries listed below.,download_failed,0,False
200016765,GSE16765,Transcriptomic and phenotypic variation for salt stress response in Arabidopsis,Expression profiling by array,198,12,Arabidopsis thaliana,2011/08/16,salt;chloroplast_stress,unspecified,True,True,ftp://ftp.ncbi.nlm.nih.gov/geo/series/GSE16nnn/GSE16765/,21821598,"Transcriptional variation, also called expression level polymorphism (ELP), contributes to intra-specific phenotypic variation in many organisms. Differentially expressed transcripts are typically enriched for stress-related genes, suggesting that differences in response to the environment are a particularly common point of divergence among gentoypes. Analysis of ELPs also has been suggested as a way to assess unintended consequences of transgene introduction; however, it is important that inter",success,12,True
200168993,GSE168993,Spider mite egg extract modifies Arabidopsis response to future infestations,Expression profiling by high throughput sequencing,17639,18,Arabidopsis thaliana,2021/09/15,pathogen_biotic,unspecified,True,True,ftp://ftp.ncbi.nlm.nih.gov/geo/series/GSE168nnn/GSE168993/,34489518;35126411,"Transcriptional plant responses are specially under the scope on herbivore oviposition studies. However, most of the information comes from Lepidopteran models, where egg laying and feeding are separate events, and little is known regarding the plant reaction to those pests where females feed and oviposit simultaneously. The present study unveiled the oviposition-induced transcriptomic response of plants to Tetranychus urticae eggs. Transcriptional evidence indicated that the early events on the",no_data,0,False
200173899,GSE173899,The transcriptomic landscape of the photoperiodic stress response in Arabidopsis thaliana resembles the response to pathogen infection,Expression profiling by high throughput sequencing,24025,72,Arabidopsis thaliana,2022/02/28,ozone;pathogen_biotic,stem,True,True,ftp://ftp.ncbi.nlm.nih.gov/geo/series/GSE173nnn/GSE173899/,35646013,Plants are exposed to regular diurnal rhythms of light and dark. Changes in the photoperiod by the prolongation of the light period cause photoperiod stress in short day-adapted Arabidopsis thaliana. Here we report on the transcriptional response to photoperiod stress of wild-type A. thaliana and photoperiod stress-sensitive cytokinin signaling and clock mutants. Transcriptomic changes induced by photoperiod stress included numerous changes in reactive oxygen species (ROS)-related transcripts an,no_data,0,False
200174025,GSE174025,Transcription Factors HBIs-Mediated ROS Homeostasis Regulates Nitrate Signal Transduction in Arabidopsis,Expression profiling by high throughput sequencing,24025,24,Arabidopsis thaliana,2021/09/29,H2O2;antioxidant_mutant,unspecified,True,True,ftp://ftp.ncbi.nlm.nih.gov/geo/series/GSE174nnn/GSE174025/,34129038,"Nitrate is both an important nutrient and a critical signaling molecule that regulates plant metabolism, growth, and development. Although several components of the nitrate signaling pathway have been identified, the molecular mechanism of nitrate signaling remains unclear. Here, we showed that the growth-related transcription factors HBI1 and its three closest homologs (HBIs) positively regulate nitrate signaling in plants. HBI1 is rapidly induced by nitrate through NLP6 and NLP7, which are mas",no_data,0,False
200179303,GSE179303,"Insights into ROS-dependent signalling underlying transcriptomic plant responses to the herbicide 2,4-D",Expression profiling by array,198,24,Arabidopsis thaliana,2021/12/01,herbicide,rosette_leaf;stem,True,True,ftp://ftp.ncbi.nlm.nih.gov/geo/series/GSE179nnn/GSE179303/,,"The synthetic auxin 2,4-dichlorophenoxyacetic acid (2,4-D) functions as an agronomic weed control herbicide. High concentrations of 2,4-D induce plant growth defects, particularly leaf epinasty and stem curvature. Although the 2,4-D phenotype is associated with ROS production, little is known about ROS-dependent signalling. In this study, by using T-DNA Arabidopsis mutants to silence peroxisomal acyl CoA oxidase 1 (acx1-2), we identified ACX1 as one of the main sources of ROS production and as p",success,24,True
200179628,GSE179628,MKK4/5-MPK3/6 cascade regulates Agrobacterium-mediated transformation by modulating plant immunity in Arabidopsis,Expression profiling by high throughput sequencing,21785,12,Arabidopsis thaliana,2021/10/20,pathogen_biotic,unspecified,True,True,ftp://ftp.ncbi.nlm.nih.gov/geo/series/GSE179nnn/GSE179628/,34659297,"Agrobacterium tumefaciens is a special plant pathogen causing crown gall disease. This pathogen is well known for the technology Agrobacterium-mediated transformation. As a pathogen, Agrobacterium triggers plant immunity, and this affects transformation. But the signaling components and pathways in plant immunity to Agrobacterium remain elusive.     We demonstrate two Arabidopsis MAPKKs MKK4/MKK5 and their downstream MAPKs MPK3/MPK6 play a major role in both Agrobacterium-triggered immunity and ",no_data,0,False
200018217,GSE18217,"Global gene expression analysis of transgenic, mannitol-producing, and salt-tolerant Arabidopsis thaliana indicates widespread changes in abiotic and biotic stress-related genes ",Expression profiling by array,198,8,Arabidopsis thaliana,2010/03/01,salt;pathogen_biotic;chloroplast_stress,seed,True,True,ftp://ftp.ncbi.nlm.nih.gov/geo/series/GSE18nnn/GSE18217/,21821598,"Mannitol is a putative osmoprotectant contributing to salt tolerance in several species. Arabidopsis plants transformed with the mannose-6-phosphate reductase (M6PR) gene from celery were dramatically more salt tolerant (at 100 mM NaCl) as exhibited by reduced salt injury, less inhibition of vegetative growth, and increased seed production relative to the wild type (WT). When treated with 200 mM NaCl, transformants produced no seeds, but did bolt, and exhibited less chlorosis/necrosis and greate",success,8,True
200018336,GSE18336,Effect of AAF overexpression on the leaves before bolting,Expression profiling by array,198,4,Arabidopsis thaliana,2010/09/30,unclassified,rosette_leaf,True,True,ftp://ftp.ncbi.nlm.nih.gov/geo/series/GSE18nnn/GSE18336/,21940719,"Analysis of leaves from 3-week old transgenic plants overexpressing AAF, which is a senescence-associated gene. Overexpression of AAF promoted leaf senescence and accumulation of reactive oxygen species (ROS) in transgenic plants. Results provide insight in the role of AAF in ROS homeostasis and the function in leaf senescence. ",success,4,True
200184508,GSE184508,"Gene expression in roots of the proscoop12 mutant and the wild-type Ws, treated or not with SCOOP12 peptide.",Expression profiling by high throughput sequencing,26208,22,Arabidopsis thaliana,2021/09/23,H2O2,root,True,True,ftp://ftp.ncbi.nlm.nih.gov/geo/series/GSE184nnn/GSE184508/,35639812,The SCOOP12 secreted peptide regulates root growth through the control of the O2.- / H2O2 balance and cell wall modification and has a pleiotropic effect on a bunch of hormones in Arabidopsis.,no_data,0,False
200018646,GSE18646,Transcriptome in Arabidopsis yellow variegated 2 (var2),Expression profiling by array,9020,9,Arabidopsis thaliana,2010/03/31,unclassified,rosette_leaf;stem,True,True,ftp://ftp.ncbi.nlm.nih.gov/geo/series/GSE18nnn/GSE18646/,20400527,The yellow variegated2 (var2) mutant in Arabidopsis thaliana has been studied as a typical leaf-variegated mutant whose defect results from the lack of FtsH2 metalloprotease in chloroplasts. The var2 green sectors suffer from photooxidative stress and accumulate high levels of reactive oxygen species (ROS) because of compromised Photosystem II repair. This study investigated and compared microarray-based expression profiles of green and white sectors of var2 leaves. Results suggest that ROS that,success,9,True
200188732,GSE188732,Phytochrome B regulates reactive oxygen signaling during stress in plants.,Expression profiling by high throughput sequencing,26208,36,Arabidopsis thaliana,2022/05/31,high_light;pathogen_biotic;antioxidant_mutant,unspecified,True,True,ftp://ftp.ncbi.nlm.nih.gov/geo/series/GSE188nnn/GSE188732/,,"Plants are essential for life on Earth converting light into chemical energy in the form of sugars. To adjust for changes in light intensity and quality, and to become as efficient as possible in harnessing light, plants evolved multiple light receptors, signaling, and acclimation mechanisms. In addition to altering plant metabolism, development and growth, light cues sensed by some photoreceptors, such as phytochromes, are also impacting many plant responses to biotic and abiotic stresses. Cent",success,36,True
200019109,GSE19109,Differential gene expression profiling from Arabidopsis thaliana wild type (Columbia-0) and lht1 mutant leaves,Expression profiling by array,198,12,Arabidopsis thaliana,2009/11/20,pathogen_biotic;chloroplast_stress,rosette_leaf,True,True,ftp://ftp.ncbi.nlm.nih.gov/geo/series/GSE19nnn/GSE19109/,21097712,"We found that amino acid transporter LHT1 was required for negatively regulating plant defence responses in addition to its physiological role in development and growth. In order to identify which defense pathways were involved in this process, we compared the expression profiles between wild type and lht1 mutant leaves without or with infection by Pseudomonas syringae pv. tomato DC3000 (Pst). In the lht1 mutant, except the changes in nitrogen metabolism-, cellular redox-, and photorespiration-a",success,12,True
200019241,GSE19241,A novel S-sulfocysteine synthase essential for chloroplast function in Arabidopsis thaliana,Expression profiling by array,198,12,Arabidopsis thaliana,2010/03/31,antioxidant_mutant,rosette_leaf,True,True,ftp://ftp.ncbi.nlm.nih.gov/geo/series/GSE19nnn/GSE19241/,20179139,"In bacteria, the biosynthesis of cysteine is accomplished by two enzymes that are encoged by the cysK and cysM genes. CysM is also able to incorporate thiosulfate to produce S-sulfocysteine. In plant cells, the biosynthesis of cysteine occurs in the cytosol, mitochondria and chloroplasts. Chloroplasts contain two O-acetylserine(thiol)lyase homologs, which are encoded by the OAS-B and CS26 genes. An in vitro enzymatic analysis of the recombinant CS26 protein demonstrated that this isoform possess",success,12,True
200019242,GSE19242,Mitochondrial beta-cyanoalanine synthase is essential for root hair formation in Arabidopsis thaliana,Expression profiling by array,198,12,Arabidopsis thaliana,2010/10/01,unclassified,root,True,True,ftp://ftp.ncbi.nlm.nih.gov/geo/series/GSE19nnn/GSE19242/,20935247,"Cyanide is stoichiometrically produced as a co-product of the ethylene biosynthesis pathway, and it is detoxified by the b-cyanoalanine synthase enzyme. The molecular and phenotypical analysis of T-DNA insertional mutants of the mitochondrial b-cyanoalanine synthase CYS-C1 suggests that discrete accumulation of cyanide is not toxic for the plant and does not alter mitochondrial respiration rates, but does act as a strong inhibitor of root hair development. The cys-c1 null allele is defective in ",success,12,True
200019244,GSE19244,An O-acetylserine(thiol)lyase homolog regulates cysteine homeostasis in Arabidopsis thaliana,Expression profiling by array,198,6,Arabidopsis thaliana,2011/11/23,chloroplast_stress,unspecified,True,True,ftp://ftp.ncbi.nlm.nih.gov/geo/series/GSE19nnn/GSE19244/,21988475;23144183,"Cysteine occupies a central position in plant metabolism due to its biochemical functions. Arabidopsis thaliana cells contain different O-acetylserine(thiol)lyase (OASTL) enzymes that catalyze the biosynthesis of cysteine. Because they are localized in the cytosol, plastids and mitochondria, this results in multiple subcellular cysteine pools. Much progress has been made on the most abundant OASTL enzymes; however, information on the less abundant OASTL-like proteins has been scarce. To unequivo",success,6,True
200019245,GSE19245,Depleting cytosolic cysteine compromises the antioxidant capacity of the cytosol in Arabidopsis thaliana,Expression profiling by array,198,24,Arabidopsis thaliana,2010/10/01,singlet_oxygen;heavy_metal;antioxidant_mutant,unspecified,True,True,ftp://ftp.ncbi.nlm.nih.gov/geo/series/GSE19nnn/GSE19245/,18441224,"Plant cells contain different O-acetylserine(thiol)lyase (OASTL) enzymes involved in Cys biosynthesis and located in different subcellular compartments. These enzymes are made up of a complex variety of isoforms resulting in different subcellular Cys pools. To unravel the contribution of cytosolic Cys to plant metabolism, we characterized the knockout oas-a1.1 and osa-a1.2 mutants, deficient in the most abundant cytosolic OASTL isoform in Arabidposis thaliana. Total intracellular Cys and glutath",success,24,True
200197351,GSE197351,Specific CBF transcription factors and cold‐responsive genes fine‐tune the early triggering response after acquisition of cold priming and memory,Expression profiling by high throughput sequencing,21179,54,Arabidopsis thaliana,2022/07/02,singlet_oxygen;cold,unspecified,True,True,ftp://ftp.ncbi.nlm.nih.gov/geo/series/GSE197nnn/GSE197351/,35776365,Plants need to adapt to fluctuating temperatures throughout their lifetime. Previous research has shown that A. thaliana retains memory of a first cold stress (priming) and improves its primed freezing tolerance even further when subjected to a second similar stress after a lag phase. This study investigates primary metabolomic (gas chromatography–mass spectrometry) and transcriptomic (RNA-Seq) changes during 24 h of cold priming or cold triggering at 4°C. During triggering higher expression of ,success,54,True
200019739,GSE19739,Cytb1-1-Ascorbate metabolism in plants: physiological function and biochemical properties of cytochrome b561,Expression profiling by array,4346,8,Arabidopsis thaliana,2010/04/01,antioxidant_mutant;chloroplast_stress,unspecified,True,True,ftp://ftp.ncbi.nlm.nih.gov/geo/series/GSE19nnn/GSE19739/,,What is the physiological function of cytochrome b561 in Arabidopsis thaliana - We want to check which possible changes occur in gene expression by knocking out the AtCytb1 gene.  au08-01_cytb561 - cytb1-1  Keywords: gene knock out,success,8,True
200198017,GSE198017,The receptor-like cytosolic kinase RIPK activates NADP-malic enzyme 2 to generate NADPH for fueling the ROS production,Expression profiling by high throughput sequencing,26208,6,Arabidopsis thaliana,2022/03/10,antioxidant_mutant,unspecified,True,True,ftp://ftp.ncbi.nlm.nih.gov/geo/series/GSE198nnn/GSE198017/,,"Reactive oxygen species (ROS) production is a conserved immune response, primarily mediated in Arabidopsis by the respiratory burst oxidase homolog D (RBOHD), a nicotinamide adenine dinucleotide phosphate (NADPH) oxidase associated with the plasma membrane. A rapid increase in NADPH is necessary to fuel RBOHD proteins and hence maintain ROS production. However, the molecular mechanism underlying the NADPH generation for fueling RBOHD remains unclear. In this study, we isolated a new mutant allel",no_data,0,False
200019857,GSE19857,Functional characterization of Arabidopsis mutants deficient in cytosolic APX1 and peroxisomal CAT2,Expression profiling by array,2871,8,Arabidopsis thaliana,2011/01/11,high_light;antioxidant_mutant;chloroplast_stress,unspecified,True,True,ftp://ftp.ncbi.nlm.nih.gov/geo/series/GSE19nnn/GSE19857/,21220338,"Transcriptional profiling of WT, cytosolic ascorbate peroxidase 1 (Apx1) and peroxisomal catalase 2 (Cat2) single mutants and apx1/cat2 double mutant plants, subjected to 0h and 1h of high light irradiation in order to identify molecular mechanisms underlying the observed growth retardation and stress resistance of apx1/cat2 double mutant plants.",success,8,True
200199325,GSE199325,Gene network downstream plant stress response modulated by peroxisomal H2O2,Expression profiling by array,13970,27,Arabidopsis thaliana,2022/09/20,H2O2;heavy_metal;pathogen_biotic,unspecified,True,True,ftp://ftp.ncbi.nlm.nih.gov/geo/series/GSE199nnn/GSE199325/,36082297,"Study of the effect of cadmium on KO and overexpressor mutants of glycolate oxidase-GOX2, which is one of the main sources of H202 from peroxisomes. Reactive oxygen species (ROS) act as secondary messengers that can be sensed by specific redox sensitive proteins responsible for the activation of signal transduction culminating in altered gene expression. ROS, which are involved in different activities, elicit a wide range of protein modifications, which might elicit different gene expressions. T",success,27,True
200020009,GSE20009,Response of Arabidopsis thaliana to phenanthrene,Expression profiling by array,198,5,Arabidopsis thaliana,2010/04/15,pathogen_biotic;antioxidant_mutant,rosette_leaf;root;stem,True,True,ftp://ftp.ncbi.nlm.nih.gov/geo/series/GSE20nnn/GSE20009/,20377843,"Background:  Polycyclic aromatic hydrocarbons (PAHs) are toxic, widely-distributed, environmentally persistent, and carcinogenic byproducts of carbon-based fuel combustion. Previously, plant studies have shown that PAHs induce oxidative stress, reduce growth, and cause leaf deformation as well as tissue necrosis. To understand the transcriptional changes that occur during these processes, we performed microarray experiments on Arabidopsis thaliana L. under phenanthrene treatment, and compared th",success,5,True
200201015,GSE201015,Dynamics of mRNA fate during light stress and recovery: from transcription to stability and translation,Expression profiling by high throughput sequencing,19580,124,Arabidopsis thaliana,2022/06/10,high_light;chloroplast_stress,unspecified,True,True,ftp://ftp.ncbi.nlm.nih.gov/geo/series/GSE201nnn/GSE201015/,37947266,"The stability of mRNA is an important determinant of its abundance and, consequently, protein production. There has been extensive research on the pathways governing mRNA stability and translation, however, it is unclear the extent to which these processes are modulated by environmental conditions. We previously modelled rapid recovery gene down-regulation (RRGD) following light stress in Arabidopsis thaliana (Arabidopsis) using mathematical calculations to account for transcription in order to ",no_data,0,False
200020454,GSE20454,Recruitment of GSH into the nucleus during cell proliferation,Expression profiling by array,198,18,Arabidopsis thaliana,2010/02/22,antioxidant_mutant;chloroplast_stress,unspecified,True,True,ftp://ftp.ncbi.nlm.nih.gov/geo/series/GSE20nnn/GSE20454/,21105929;20874710,"The essential thiol antioxidant, glutathione (GSH) is recruited into the nucleus of mammalian cells early in cell proliferation, suggesting a key role of the nuclear thiol pool in cell cycle regulation. However, the functions of nuclear GSH (GSHn) and its integration with the cytoplasmic GSH (GSHc) pools in whole cell redox homeostasis and signaling are unknown. Here we show that GSH is recruited into the nucleus early in cell proliferation in Arabidopsis thaliana, confirming the requirement for",success,18,True
200205194,GSE205194,Effects of Mitochondrial Disturbances on Transcriptional Profile of Arabidopsis ucp double mutant plants,Expression profiling by high throughput sequencing,17639,6,Arabidopsis thaliana,2023/05/01,mitochondrial_stress;chloroplast_stress,unspecified,True,True,ftp://ftp.ncbi.nlm.nih.gov/geo/series/GSE205nnn/GSE205194/,,"Three genes encoding mitochondrial uncoupling proteins (UCPs) have been described in Arabidopsis thaliana (UCP1 to UCP3). In plants, they are characterized as regulators of oxidative stress, and, for instance, much of the biological data were obtained for the UCP1 and UCP2 isoforms compared with UCP3. To gain further insights, we investigated the transcriptome profiles of ucp1 ucp3 double mutant plants during vegetative phase. We found that the double knockdown of UCP1 and UCP3 promotes importan",no_data,0,False
200020756,GSE20756,Interactions between reactive oxygen species stress and brassinosteroid hormone signaling in Arabidopsis seedlings,Expression profiling by array,198,16,Arabidopsis thaliana,2011/02/28,H2O2,seedling;seed,True,True,ftp://ftp.ncbi.nlm.nih.gov/geo/series/GSE20nnn/GSE20756/,,"We were interested in investigating the transcriptome responses to exogenous applications of brassinosteroid hormone when Arabidopsis seedlings are pre-stressed with a reactive oxygen species, hydrogen peroxide. We were interested in seeing which subsets of BR-responsive gene transcripts were most affected and how BR-responsive gene transcripts responded to increasing concentrations of hydrogen peroxide both as a whole and individually.",success,16,True
200208057,GSE208057,Control of protein accumulation by LON2 peroxisomal protease and autophagy,Expression profiling by high throughput sequencing,26208,12,Arabidopsis thaliana,2024/12/27,unclassified,unspecified,True,True,ftp://ftp.ncbi.nlm.nih.gov/geo/series/GSE208nnn/GSE208057/,39526456,"Peroxisomes are membrane-bound eukaryotic organelles that house essential metabolic pathways. Many of these pathways generate damaging reactive oxygen species (ROS) that also function as signaling molecules. In Arabidopsis thaliana, damaged or obsolete peroxisomal proteins can be degraded by the LON2 peroxisomal protease. In addition, peroxisomes can be entirely degraded through a specialized form of autophagy (pexophagy), a process that is amplified when LON2 is dysfunctional. As a first step t",no_data,0,False
200208786,GSE208786,The Sm Core Protein SmEb Regulates Salt Stress Responses Through Maintaining Proper Splicing of RCD1 Pre-mRNA in Arabidopsis,Expression profiling by high throughput sequencing,17639,12,Arabidopsis thaliana,2023/04/01,H2O2;salt,unspecified,True,True,ftp://ftp.ncbi.nlm.nih.gov/geo/series/GSE208nnn/GSE208786/,,"Salt stress caused by soil salination inhibits plant growth and development that result in reduction of crop yield and threaten the food security. Several spliceosome components are considered to modify salt stress responses in plants. However, the molecular basis of spliceosome proteins adjustment to salt stress is still unclear. Here we report that an Sm core protein SmEb is required for salt tolerance in Arabidopsis. In addition, SmEb controls alternative splicing of hundreds of pre-mRNA to p",success,12,True
200020996,GSE20996,Infection with Salmonella or Pseudomonas or E. coli - Interactions between plants and human pathogenic bacteria.,Expression profiling by array,6403,12,Arabidopsis thaliana,2010/03/25,pathogen_biotic,seedling;seed,True,True,ftp://ftp.ncbi.nlm.nih.gov/geo/series/GSE20nnn/GSE20996/,21915285,"au07-07_salmonella - infection with Salmonella or Pseudomonas or E. coli. Identification of genes involved in early Arabidopsis response to pathogenic and non-pathogenic bacteria. Arabidopsis thaliana Col-0 seedlings were infected for 2 hours with a) Salmonella typhimurium strain 14028s, b) Pseudomonas syringae DC3000 or c) Escherichia coli DH5A  Keywords: treated vs untreated comparison",success,12,True
200211131,GSE211131,Effect of AtSMC3 depletion and mutation of Topoisomerase VI complex on the transcriptome of 2-week-old Arabidopsis thaliana plants.,Expression profiling by high throughput sequencing,28290,6,Arabidopsis thaliana,2025/08/12,chloroplast_stress,unspecified,True,True,ftp://ftp.ncbi.nlm.nih.gov/geo/series/GSE211nnn/GSE211131/,,"To investigate the potential interplays between topoisomerase VI and  cohesin complexes in the field of oxidative stress signaling, we generated the ess line, which supresses the expression of the cohesin subunit AtSMC3 at 2 weeks. We performed a comparative study with the caa39 hypomorphic line which is mutated for the A-subunit of Topoisomerase VI complex.",no_data,0,False
200211873,GSE211873,Intronic miRNA–directed regulation of mitochondrial RNA editing enhances plant stress tolerance in Arabidopsis,Expression profiling by high throughput sequencing,17639,9,Arabidopsis thaliana,2025/08/19,heavy_metal,unspecified,True,True,ftp://ftp.ncbi.nlm.nih.gov/geo/series/GSE211nnn/GSE211873/,,"MicroRNAs (miRNAs) have emerged as key regulators in plant development and stress responses. Increasing evidence points to the crucial role of intronic miRNA that derived from the introns of other genes in animals, whereas few reports have explored this topic in plants. We report here an RNA splicing–mediated mechanism involved in stress responses, whereby intronic miR400 modulates mitochondrial RNA editing by targeting the PPR1 mRNA. An intronic miR400 splicing–dependent luciferase transgenic l",no_data,0,False
200213185,GSE213185,Activation of a singlet oxygen signaling pathway by competition cues in Arabidopsis thaliana,Expression profiling by high throughput sequencing,26208,9,Arabidopsis thaliana,2022/09/14,singlet_oxygen;chloroplast_stress,unspecified,True,True,ftp://ftp.ncbi.nlm.nih.gov/geo/series/GSE213nnn/GSE213185/,39228834,"The goal of this work was to investigate oxidative stress responses of Arabidopsis to low red to far-red ratios of light as a signal of competition using a biological weedy and an artificial source of far-red light. More specifically, elucidation of the signaling role of singlet oxygen in Arabidopsis under low red-to far-red light environments was the major objective of this work. Oxidative stress responses of Arabidopsis to low red (R) to far-red (FR) signals (R:FR ≈ 0.3), generated by a biolog",success,9,True
200021424,GSE21424,Interactions between H2O2 and glutathione in gene expression,Expression profiling by array,6403;9553,40,Arabidopsis thaliana,2010/07/22,H2O2;antioxidant_mutant,unspecified,True,True,ftp://ftp.ncbi.nlm.nih.gov/geo/series/GSE21nnn/GSE21424/,20488891,"rs08-03_glutathion - glutathion - How does glutathione content or reduction state affect H2O2-induced changes in the transcriptome? - Three single Arabidopsis mutants were used: cat2, knockout for catalase2 and so enriched in H2O2; cad2, defective in glutathione content; cytGR, knockout for cytosolic glutathione reductase. Cat2 was crossed with cad2 and cyt GR, and col0, 3 single mutants, and 2 double mutants were sampled in controlled growth conditions either in 8h or 16h photoperiod.  Keywords",download_failed,0,False
200215755,GSE215755,A CYBDOM protein impacts iron homeostasis and primary root growth under phosphate deficiency in Arabidopsis,Expression profiling by high throughput sequencing,21785,12,Arabidopsis thaliana,2023/10/01,antioxidant_mutant,root;stem,True,True,ftp://ftp.ncbi.nlm.nih.gov/geo/series/GSE215nnn/GSE215755/,38212368,"Phosphate is an essential macronutrient required for plant growth and development. However, it is present at suboptimal levels in many terrestrial ecosystems. To ameliorate this limitation, plants have evolved developmental and physiological mechanisms known as phosphate starvation responses (PSR). One of the main PSR in Arabidopsis thaliana is a deep restructuration of the root system architecture, which includes a reduction in primary root growth resulting in a shallower root system better ada",no_data,0,False
200216148,GSE216148,A single RRM domain-containing protein SARP1 is required for the separation zone establishment in Arabidopsis,Expression profiling by high throughput sequencing,13222,4,Arabidopsis thaliana,2024/07/23,chloroplast_stress,unspecified,True,True,ftp://ftp.ncbi.nlm.nih.gov/geo/series/GSE216nnn/GSE216148/,,"Abscission is a developmental process that sheds organs in response to developmental and environmental cues. Abscission involves cell separation between two neighboring cell types in the abscission zone (AZ), residuum cells (RECs) and secession cells (SECs). However, the regulatory mechanisms for spatial determination governing cell separation are poorly understood. BREVIPEDICELLUS (BP) is one of the key transcription factors regulating the AZ cell size and number. To identify molecular componen",no_data,0,False
200021741,GSE21741,Transcriptional regulation of ROS controls the transition from proliferation to differentiation in the root,Genome binding/occupancy profiling by genome tiling array,10326,4,Arabidopsis thaliana,2010/11/12,unclassified,root,False,False,ftp://ftp.ncbi.nlm.nih.gov/geo/series/GSE21nnn/GSE21741/,21074051,ChIP-chip analysis was used to identify direct targets of the transcription factor UPBEAT1 (UPB1),not_attempted,0,False
200021765,GSE21765,Expression data from Arabidopsis gapcp mutant treated with ABA,Expression profiling by array,198,6,Arabidopsis thaliana,2010/05/11,ABA;antioxidant_mutant,seedling;root;seed,True,True,ftp://ftp.ncbi.nlm.nih.gov/geo/series/GSE21nnn/GSE21765/,21068209,"Glycolytic Glyceraldehyde 3-phosphate dehydrogenase (GAPDH) catalyzes the conversion of glyceraldehyde 3-phospate to 1,3-bisphosphoglycerate by coupling with the reduction of NAD+ to NADH. We generated mutants of the Arabidopsis plastidial GAPDH isoforms (At1g79530, At1g16300; GAPCp1, GAPCp2). gapcp double mutants (gapcp1 gapcp2) display a drastic phenotype of arrested root development and sterility.Complex interactions occurring between ABA and sugar signal transduction pathways have been shown",success,6,True
200021876,GSE21876,Transcriptional regulation of ROS controls the transition from proliferation to differentiation in the root,Expression profiling by array,198,12,Arabidopsis thaliana,2010/11/12,unclassified,root;stem,True,True,ftp://ftp.ncbi.nlm.nih.gov/geo/series/GSE21nnn/GSE21876/,21074051,"We isolated the meristematic and elongation zones of Col-0, upb1-1 mutant and 35S::UPB1-3YFP/upb1-1 plants by micro-dissection and extracted RNA from each section independently. To identify genes that might mediate UPB1 function we conducted a series of microarray experiments. The spatial distribution of the UPB1 protein suggested that it might exert a different effect on gene expression in the meristematic and elongation zones. Therefore, we isolated the meristematic and elongation zones by mic",success,12,True
200225107,GSE225107,Extracellular pyridine nucleotides mediate systemic acquired resistance in Arabidopsis thaliana,Expression profiling by high throughput sequencing,26208,12,Arabidopsis thaliana,2023/10/02,antioxidant_mutant,rosette_leaf;stem,True,True,ftp://ftp.ncbi.nlm.nih.gov/geo/series/GSE225nnn/GSE225107/,37891163,"Systemic acquired resistance (SAR) is a long-lasting broad-spectrum plant defense mechanism that is induced by mobile signals generated in the primarily infected leaves. Although multiple mobile SAR signals have been proposed, how these signals are perceived in the systemic leaves is unknown. Here, we show that extracellular nicotinamide adenine dinucleotide (phosphate) (eNAD(P)) accumulates in the systemic leaves and that both eNAD(P) and its receptor, the lectin receptor kinase (LecRK), LecRK-",no_data,0,False
200022517,GSE22517,primary floral stem 20cm-Modifications of transcriptome in primary floral stem of Arabidopsis thaliana deregulated for a peroxydase involved in the lignification.,Expression profiling by array,9553,8,Arabidopsis thaliana,2011/05/25,chloroplast_stress,stem,True,True,ftp://ftp.ncbi.nlm.nih.gov/geo/series/GSE22nnn/GSE22517/,,"ra07-01_prx34 - primary floral stem 20cm - The At3g49120 gene codes for the peroxidase 34 (PRX 34), an enzyme potentially involved in the polymérisation of monolignols, the lignin precursors. This enzyme is expressed in primary floral stem and its absence has an impact on the lignin quantity and biomass (at the young stage). Here, its question to characterize several mutants. - Each mutant compare to wild type, samples only primary floral stem of 20cm  Keywords: normal vs transgenic comparaison",success,8,True
200022518,GSE22518,primary floral stem 40cm-Modifications of transcriptome in primary floral stem of Arabidopsis thaliana deregulated for a peroxydase involved in the lignification.,Expression profiling by array,9553,4,Arabidopsis thaliana,2011/05/25,chloroplast_stress,stem,True,True,ftp://ftp.ncbi.nlm.nih.gov/geo/series/GSE22nnn/GSE22518/,,"ra07-01_prx34 - primary floral stem 40cm - The At3g49120 gene codes for the peroxidase 34 (PRX 34), an enzyme potentially involved in the polymérisation of monolignols, the lignin precursors. This enzyme is expressed in primary floral stem and its absence has an impact on the lignin quantity and biomass (at the young stage). Here, its question to characterize several mutants. - Each mutant compare to wild type, samples only primary floral stem of 40cm  Keywords: normal vs transgenic comparaison",success,4,True
200225407,GSE225407,Rapid systemic responses of Arabidopsis to waterlogging stress are mediated by the ROS wave,Expression profiling by high throughput sequencing,26208,30,Arabidopsis thaliana,2024/05/06,antioxidant_mutant,rosette_leaf;stem,True,True,ftp://ftp.ncbi.nlm.nih.gov/geo/series/GSE225nnn/GSE225407/,37534775,"We show that an abrupt waterlogging treatment of Arabidopsis thaliana plants triggers a systemic ROS and calcium wave response, and that the waterlogging-triggered ROS wave response is dependent on RBOHD, calcium-permeable channels GLR3.3 and GLR3.6, and aquaporin PIP2;1 proteins. We further show that waterlogging stress is accompanied by a rapid systemic transcriptomic response that is evident as early as 10 min following waterlogging initiation and is partially dependent on RBOHD. Interestingl",no_data,0,False
200225960,GSE225960,Systemic acquired adaptation induced by mito-stress (RNA-Seq),Expression profiling by high throughput sequencing,26208,4,Arabidopsis thaliana,2026/02/28,pathogen_biotic,stem,True,True,ftp://ftp.ncbi.nlm.nih.gov/geo/series/GSE225nnn/GSE225960/,,"Systemic acquired adaptation (SAA) is a necessary biological process for plants to survive under abiotic stress. it can quickly transmit local stress to the whole body through signals such as reactive oxygen species and calcium ions and form a defense response. Recently, we have found that mitochondrial stress caused by mitochondrial translation inhibitor doxycycline can induce plant to form systemic acquired adaptation (Mito-SAA). We will further explore its molecular mechanism through multiomi",no_data,0,False
200225961,GSE225961,Systemic acquired adaptation induced by mito-stress (WGBS),Methylation profiling by high throughput sequencing,26208,2,Arabidopsis thaliana,2026/02/28,pathogen_biotic,stem,False,False,ftp://ftp.ncbi.nlm.nih.gov/geo/series/GSE225nnn/GSE225961/,,"Systemic acquired adaptation (SAA) is a necessary biological process for plants to survive under abiotic stress. it can quickly transmit local stress to the whole body through signals such as reactive oxygen species and calcium ions and form a defense response. Recently, we have found that mitochondrial stress caused by mitochondrial translation inhibitor doxycycline can induce plant to form systemic acquired adaptation (Mito-SAA). We will further explore its molecular mechanism through multiomi",not_attempted,0,False
200022671,GSE22671,Gene expression from Arabidopsis  under high light conditions,Expression profiling by array,198,9,Arabidopsis thaliana,2011/05/05,singlet_oxygen;high_light,cell_culture;whole_plant,True,True,ftp://ftp.ncbi.nlm.nih.gov/geo/series/GSE22nnn/GSE22671/,21531897,"We have investigated the genomic response of Arabidopsis cell suspension culture under high light. Our main goal has been twofold: first, to establish whether chloroplasts in Arabidopsis cell suspension culture are functional and, as such, can act as sensors of adverse external stimuli leading to the activation of genomic defence responses in a manner similar to that described in whole plants exposed to a wide range of environmental stresses and; second, to distinguish which of the ROS that woul",success,9,True
200228403,GSE228403,Expression data of glutathione-fed Arabidopsis thaliana,Expression profiling by array,198,24,Arabidopsis thaliana,2023/08/01,antioxidant_mutant;chloroplast_stress,unspecified,True,True,ftp://ftp.ncbi.nlm.nih.gov/geo/series/GSE228nnn/GSE228403/,,"To comprehensively investigate the effects of glutathione on the gene expression, the microarray analysis was performed in the glutathione-fed wild-type Arabidopsis thaliana.  Wild-type Arabidopsis (ecotype Columbia-0) were fed with 1 mM oxidized glutathione (GSSG) and 2 mM reduced glutathione (GSH) for comparison at equal nitrogen equivalents. To examine the effects of glutathione other than nitrogen at equal nitrogen equivalents, plants were fed with 3 mM NH4NO3. Plants grown by water were use",success,24,True
200022942,GSE22942,Transcription profiling of WT and dsr1 Arabidopsis seedlings treated with salicylic acid,Expression profiling by array,198,12,Arabidopsis thaliana,2010/12/14,H2O2;pathogen_biotic,seedling;seed,True,True,ftp://ftp.ncbi.nlm.nih.gov/geo/series/GSE22nnn/GSE22942/,21670306,"Reactive oxygen species such as hydrogen peroxide (H2O2) are important in biotic and abiotic stress responses in plants, but their source is often unclear. We have identified an Arabidopsis mutant that shows loss of stress responsive GSTF8 gene expression in response to the plant defence signal salicylic acid (SA) .  The mutant showed increased susceptibility to both fungal and bacterial pathogens. The dsr1 mutation was mapped to mitochondrial succinate dehydrogenase (SDH1-1) and dsr1 had reduce",success,12,True
200022951,GSE22951,Transcript profiling of three genotypes by ultraviolet-B (UV-B) radiation,Expression profiling by array,198,18,Arabidopsis thaliana,2011/12/31,ozone;singlet_oxygen;UV;chloroplast_stress,unspecified,True,True,ftp://ftp.ncbi.nlm.nih.gov/geo/series/GSE22nnn/GSE22951/,,Due to ever increasing environmental deterioration it is likely that influx of solar UV-B radiation (280-320 nm) will increase further due to the depletion of stratospheric ozone. Given this fact it becomes essential that we better understand both rapid and adaptive responses of plants to UV-B imposed stress. Here we compare the transcriptmic responses of wild type Arabidopsis to that of Arabidopsis mutants impaired in flavonoid (TRANSPARENT TESTA4 [tt4] or sinapoyl-malate (sinapoylglucose accum,success,18,True
200231365,GSE231365,Transcriptome comparison of Arabidopsis and rice responses to fungal infection under different Fe availability periods.,Expression profiling by high throughput sequencing,17639;18525,36,Oryza sativa Japonica Group; Arabidopsis thaliana,2025/01/26,pathogen_biotic;chloroplast_stress,stem,True,True,ftp://ftp.ncbi.nlm.nih.gov/geo/series/GSE231nnn/GSE231365/,,"Iron (Fe) is an essential nutrient for virtually all plants that modulate immune responses. However, whereas low and high Fe availalbility confers susceptibility to the fungus Colletotrichum higgisianum, the same conditions lead to rice tolerance to Magnaporthe oryzae. To better understand the systemic responses behind this antagonistic pattern, transcriptome profiling on  fungal infected Arabidopsis and rice plants has been conducted. To consider the signaling component and avoid the interferen",download_failed,0,False
200232781,GSE232781,Comparative transcriptome analysis of iron-overaccumulating Arabidopsis genotypes uncover novel putative regulators of systemic and retrograde signaling,Expression profiling by high throughput sequencing,17639,32,Arabidopsis thaliana,2024/05/01,unclassified,rosette_leaf;root;stem,True,True,ftp://ftp.ncbi.nlm.nih.gov/geo/series/GSE232nnn/GSE232781/,,"Maintaining iron homeostasis requires a precise orchestration of cellular uptake, trafficking through mesophyll cells, translocation via xylem and phloem, and uptake of iron by roots adjusted to the demand of sink organs by systemic signals. Plants defective in the iron transporter OPT3 in the leaves behave as if they were constitutively iron deficient and accumulate toxic iron levels in their leaves. IRONMAN (IMA) genes encode peptides that trigger iron remobilization and uptake by inhibiting t",success,32,True
200023301,GSE23301,Quantitative transcriptomic analysis of abscisic acid-induced and reactive oxygen species-dependent expression changes and proteomic profiling in Arabidopsis suspension cells,Expression profiling by array,198,12,Arabidopsis thaliana,2011/04/07,ABA,cell_culture,True,True,ftp://ftp.ncbi.nlm.nih.gov/geo/series/GSE23nnn/GSE23301/,21426425,"Early rapid changes in response to the phytohormone abscisic acid (ABA) have been observed at the transcript level, but little is known how these transcript changes translate to changes in protein abundance under the same conditions. Here we have performed a global quantitative analysis of transcript and protein changes in Arabidopsis suspension cells in response to ABA using microarrays and quantitative proteomics. In summary, 3494 transcripts and 50 proteins were significantly regulated by ABA",success,12,True
200233247,GSE233247,"Recurring heat waves affect DNA methylation to reduce respirational losses, enhancing heat tolerance Arabidopsis thaliana [Bisulfite-seq]",Methylation profiling by high throughput sequencing,19080,16,Arabidopsis thaliana,2025/06/01,heat;chloroplast_stress,seed;stem,False,False,ftp://ftp.ncbi.nlm.nih.gov/geo/series/GSE233nnn/GSE233247/,,"we investigated the effect of exposing 4 successive generations of Arabidopsis thaliana to severe heatwave conditions. We show that heat-primed offspring has increased survival rates and seed production after exposure to heat wave conditions. Bisulfite sequencing allowed us to link this to altered DNA methylation, including a global hypomethylation of the mitochondrial DNA. mRNA sequencing showed that priming affected genes related to the mitochondrial energy system and oxidative stress response",not_attempted,0,False
200233248,GSE233248,"Recurring heat waves affect DNA methylation to reduce respirational losses, enhancing heat tolerance Arabidopsis thaliana [RNA-seq]",Expression profiling by high throughput sequencing,19080,13,Arabidopsis thaliana,2025/06/01,heat;chloroplast_stress,seed;stem,True,True,ftp://ftp.ncbi.nlm.nih.gov/geo/series/GSE233nnn/GSE233248/,,"we investigated the effect of exposing 4 successive generations of Arabidopsis thaliana to severe heatwave conditions. We show that heat-primed offspring has increased survival rates and seed production after exposure to heat wave conditions. Bisulfite sequencing allowed us to link this to altered DNA methylation, including a global hypomethylation of the mitochondrial DNA. mRNA sequencing showed that priming affected genes related to the mitochondrial energy system and oxidative stress response",no_data,0,False
200023329,GSE23329,"Transcriptome analysis of vtc2, abi4-102 and the corresponding double mutant abi4 vtc2",Expression profiling by array,198,17,Arabidopsis thaliana,2011/08/26,ABA,unspecified,True,True,ftp://ftp.ncbi.nlm.nih.gov/geo/series/GSE23nnn/GSE23329/,21926335,"The role of abscisic acid (ABA) signalling in the ascorbic acid (AA)-dependent control of plant growth and defence was determined using the vtc1 and vtc2 mutants, which have impaired ascorbic acid synthesis, and in the abi4 mutant that is impaired in ABA-signalling. ABA levels were increase in the mutants relative to the wild type (Col0). Like vtc1 the vtc2 mutants have a slow growth relative to Col0. However, the wild type phenotype is restored in the abi4vtc2 double mutant. Similarly, the suga",success,17,True
200023330,GSE23330,"Transcriptome analysis of vtc1, abi4-102 and wild type Col 0",Expression profiling by array,198,10,Arabidopsis thaliana,2011/08/26,ABA,unspecified,True,True,ftp://ftp.ncbi.nlm.nih.gov/geo/series/GSE23nnn/GSE23330/,21926335,"The role of abscisic acid (ABA) signalling in the ascorbic acid (AA)-dependent control of plant growth and defence was determined using the vtc1 and vtc2 mutants, which have impaired ascorbic acid synthesis, and in the abi4 mutant that is impaired in ABA-signalling. ABA levels were increase in the mutants relative to the wild type (Col0). Like vtc1 the vtc2 mutants have a slow growth relative to Col0. However, the wild type phenotype is restored in the abi4vtc2 double mutant. Similarly, the suga",success,10,True
200234954,GSE234954,"Transcriptome analysis of cruabcabc (a triple cruabcciferin (cruabc) mutant of cruabcA, cruabcB, and cruabcC) during seed maturation",Expression profiling by high throughput sequencing,26208,30,Arabidopsis thaliana,2025/01/12,unclassified,seed,True,True,ftp://ftp.ncbi.nlm.nih.gov/geo/series/GSE234nnn/GSE234954/,,An in-depth analysis of the cruabc triple mutant showed the importance of translational machinery and response to oxidative stress in proteome rebalancing during the early onset of maturation.,success,30,True
200235511,GSE235511,A CYBDOM protein impacts iron homeostasis and primary root growth under phosphate deficiency in Arabidopsis,Expression profiling by high throughput sequencing,21785,12,Arabidopsis thaliana,2023/10/25,antioxidant_mutant,root;stem,True,True,ftp://ftp.ncbi.nlm.nih.gov/geo/series/GSE235nnn/GSE235511/,38212368,"Phosphate is an essential macronutrient required for plant growth and development. However, it is present at suboptimal levels in many terrestrial ecosystems. To ameliorate this limitation, plants have evolved developmental and physiological mechanisms known as phosphate starvation responses (PSR). One of the main PSR in Arabidopsis thaliana is a deep restructuration of the root system architecture, which includes a reduction in primary root growth resulting in a shallower root system better ada",no_data,0,False
200235893,GSE235893,Inferring co-expression networks of Arabidopsis thaliana genes during their interaction with Trichoderma spp.,Expression profiling by high throughput sequencing,17639,27,Arabidopsis thaliana,2023/06/30,pathogen_biotic;hypoxia,root,True,True,ftp://ftp.ncbi.nlm.nih.gov/geo/series/GSE235nnn/GSE235893/,,"Tricoderma genus fungi are referred to as ""biostimulants"" because they promote plant development and provide disease resistance. In this study, utilizing a conventional transcriptome analysis and gene co-expression network analysis after conventionally stimulating Arabidopsis thaliana with Trichoderma atroviride or Trichoderma virens. We found by differential expression and functional enrichment analyses that the transcriptome analysis of the plant during interactions, T. atroviride and T. viren",no_data,0,False
200236189,GSE236189,"HDA9 Epigenetically Regulate Mitochondria, Chloroplast Redox Systems Under ABA Signaling",Expression profiling by high throughput sequencing,19580,12,Arabidopsis thaliana,2026/08/01,drought;ABA,stem,True,True,ftp://ftp.ncbi.nlm.nih.gov/geo/series/GSE236nnn/GSE236189/,,"The regulation of stomatal aperture in plants is impacted by changes in hormones and the environment and is controlled by a complex signaling cascade within guard cells. Mitochondria and chloroplast play a crucial role in regulating reactive oxygen species (ROS) production in plants, which also triggers stomatal movement. However, the regulation of ROS production in mitochondria and chloroplasts still need to be addressed. Abscisic acid (ABA) stimulates ROS production in guard cells, leading to ",success,12,True
200024052,GSE24052,Expression data in whole Arabidopsis seedlings after treatment with the herbicide dicamba,Expression profiling by array,198,6,Arabidopsis thaliana,2010/12/10,ABA;herbicide,seedling;seed,True,True,ftp://ftp.ncbi.nlm.nih.gov/geo/series/GSE24nnn/GSE24052/,21408147,"Dicamba is an auxin-like herbicide that can stimulate the production of ethylene and ABA biosynthesis.  The subsequent stomatal closure and build-up of reactive oxygen species is hypothesized to contribute to plant death. In order to further understand the herbicide dicamba's mode of action at the molecular level, we used microarrays to dissect global gene expression in Arabidopsis seedlings 10 hrs after dicamba treatment.",success,6,True
200002406,GSE2406,WTv.AOXantisense,Expression profiling by array,198,4,Arabidopsis thaliana,2005/04/04,unclassified,rosette_leaf,True,True,ftp://ftp.ncbi.nlm.nih.gov/geo/series/GSE2nnn/GSE2406/,16299171,"Leaf transcriptome comparison of untransformed Col-0 Arabidopsis plants with plants transformed to be anti-sense for AtAOX1a (alternative oxidase).  Two “bio-replicates” were sampled, for a total of four microarray chips—Col-0 and anti-sense leaf tissue from a first planting (samples GSM45208 and GSM45231, respectively), and from a second planting made one week later (samples GSM45209 and GSM45278, respectively).  See sample descriptions for growth conditions and microarray procedure. Keywords =",success,4,True
200242125,GSE242125,PSI photoinhibition alters iron homeostasis in chloroplasts and initiates retrograde signaling regulating nuclear gene expression,Expression profiling by high throughput sequencing,17311,32,Arabidopsis thaliana,2023/11/29,high_light;chloroplast_stress,stem,True,True,ftp://ftp.ncbi.nlm.nih.gov/geo/series/GSE242nnn/GSE242125/,38001755,"Photosystem I (PSI) is a critical component of the photosynthetic machinery in plants. Under conditions of environmental stress, PSI becomes photoinhibited, leading to redox imbalance in the chloroplast. PSI photoinhibition is caused by an increase in electron pressure within PSI, which damages the iron-sulfur centers. In this study, we investigated the effect of PSI electron acceptors on the susceptibility of PSI to photoinhibition at different CO2 concentrations in the plant environment. We al",success,32,True
200242479,GSE242479,Physiochemical interaction between osmotic stress and a bacterial exometabolite promotes plant disease,Expression profiling by high throughput sequencing,30821,23,Arabidopsis thaliana,2024/04/23,salt;pathogen_biotic,root;stem,True,True,ftp://ftp.ncbi.nlm.nih.gov/geo/series/GSE242nnn/GSE242479/,38806462,"Various microbes isolated from healthy plants are detrimental under laboratory conditions, indicating the existence of molecular mechanisms preventing disease in nature. Here, we demonstrated that application of sodium chloride (NaCl) in natural and gnotobiotic soil systems is needed to induce plant disease caused by an otherwise non-pathogenic root-derived Pseudomonas brassicacearum isolate (R401). Disease caused by combinatorial treatment of NaCl and R401 triggered extensive, root-specific tra",no_data,0,False
200244175,GSE244175,Root meristem growth factor 1 (RGF1) controls the PLETHORA 2 (PLT2) protein stability by redox-based modification in root meristem,Expression profiling by high throughput sequencing,30821,47,Arabidopsis thaliana,2025/07/09,unclassified,root;stem,True,True,ftp://ftp.ncbi.nlm.nih.gov/geo/series/GSE244nnn/GSE244175/,40608788,"The root meristem size and activity are maintained by the distributions of two reactive oxygen species (ROS) along root developmental zones and the gradient concentrations of a master regulator, PLETHORA 2 (PLT2). The ROOT MERISTEM GROWTH FACTOR 1 (RGF1) peptide modulates these two ROS distributions. The alterations of the ROS distribution by RGF1 result in the extended localizations of PLT2 and the enlarged root meristem. Therefore, deciphering the regulation mechanism of how ROS modulates the ",success,47,True
200024696,GSE24696,RNA-seq of Arabidopsis spl7 identifies two genes required for copper acquisition and a copper dependence of iron homeostasis,Expression profiling by high throughput sequencing,9302,8,Arabidopsis thaliana,2013/10/14,chloroplast_stress,unspecified,True,True,ftp://ftp.ncbi.nlm.nih.gov/geo/series/GSE24nnn/GSE24696/,22374396,"The transition metal copper (Cu) is an essential element for all living organisms. In plants, Cu plays key roles in electron transport chains of chloroplasts and mitochondria, as well as in cell wall metabolism, ethylene perception, molybdenum cofactor synthesis and oxidative stress protection. Because of its physiological importance, suboptimal concentrations of Cu trigger a re-organization of metabolism to economize on Cu, and pronounced Cu deficiency causes severe growth reduction and defects",no_data,0,False
200024766,GSE24766,"LSD1, EDS1 and PAD4 Conditionally Regulate Cellular Signaling Homeostasis, Photosynthesis, Water Use Efficiency and Seed Yield in Arabidopsis",Expression profiling by array,9020,24,Arabidopsis thaliana,2013/02/07,H2O2;singlet_oxygen;high_light;drought,seed;stem,True,True,ftp://ftp.ncbi.nlm.nih.gov/geo/series/GSE24nnn/GSE24766/,23400705,"There is growing evidence that for a comprehensive insight into the function of plant genes it is crucial to assess their functionalities under a wide range of conditions. In this study we examined the role of LESION SIMULATING DISEASE1 (LSD1), ENHANCED DISEASE SUSCEPTIBILITY1 (EDS1) and PHYTOALEXIN DEFICIENT4 (PAD4) in the regulation of photosynthesis, water use efficiency (WUE), ROS/hormonal homeostasis and seed yield in Arabidopsis thaliana grown in the laboratory and in the field. We demonst",success,24,True
200249592,GSE249592,"Glutathione triggers leaf-to-leaf, calcium-based plant defense signaling",Expression profiling by high throughput sequencing,26208,15,Arabidopsis thaliana,2025/01/06,antioxidant_mutant,rosette_leaf;stem,True,True,ftp://ftp.ncbi.nlm.nih.gov/geo/series/GSE249nnn/GSE249592/,39994230,"To get deeper insights into the GSH-triggered systemic defense signaling events in plants, we performed transcriptome profiling on leaf 6 collected after one hour application of GSH to leaf 1 of WT plants. To further investigate the relations between GSH and Glu in plant wound response, we generated transcriptome data sets from leaf 6 one hour after wounding leaf 1 or application of Glu to leaf 1 of WT plants.",success,15,True
200250123,GSE250123,Oxidation-reduction process of Arabidopsis thaliana roots induced by bisphenol compounds based on RNA-seq analysis,Expression profiling by high throughput sequencing,17639,18,Arabidopsis thaliana,2023/12/19,singlet_oxygen,rosette_leaf;root;seed,True,True,ftp://ftp.ncbi.nlm.nih.gov/geo/series/GSE250nnn/GSE250123/,,"Bisphenol compounds (BPs) have various industrial uses and can enter the environment through various sources. To evaluate the ecotoxicity of BPs and identify potential gene candidates involved in the plant toxicity, Arabidopsis thaliana was exposed to bisphenol A (BPA), BPB, BPE, BPF, and BPS at a concentration of 1, 3, 10 mg/L for a duration of 14 days, and their growth status were monitored. At day 14, roots and leaves samples were collected for internal BPs exposure concentration detection, R",no_data,0,False
200250299,GSE250299,Transcriptome and epigenome data analysis to reveal the key role of KAKU4 during leaf senescence in Arabidopsis,Expression profiling by high throughput sequencing; Genome binding/occupancy profiling by high throughput sequencing,13222;26208,8,Arabidopsis thaliana,2024/02/09,H2O2,rosette_leaf,True,True,ftp://ftp.ncbi.nlm.nih.gov/geo/series/GSE250nnn/GSE250299/,38448830,"We conducted the combination analysis of transcriptomic and epigenomic data between kaku4-2 mutant and WT suggested that KAKU4 may inhibit the expression of a series of genes related to hormone signals and H2O2 metabolism by affecting the deposition of H3K27me3, thereby suppressing leaf senescence.",download_failed,0,False
200251796,GSE251796,Microbe-enhanced high light stress tolerance of Arabidopsis thaliana photosynthesis is coordinated through Iron-dependent redox metabolism,Expression profiling by high throughput sequencing,21785,31,Arabidopsis thaliana,2024/12/05,high_light,stem,True,True,ftp://ftp.ncbi.nlm.nih.gov/geo/series/GSE251nnn/GSE251796/,38956873,"High light stress in subtropical and tropical regions strongly limits agricultural production due to photo-oxidative damage, decreased growth and yield. Here, we investigated whether beneficial microbes can protect plants under high light stress. We show that Enterobacter sp. SA187 (SA187) assists Arabidopsis in maintaining growth under high light stress, reducing the accumulation of reactive oxygen species (ROS) and maintaining photosynthesis. Under high light stress, SA187 induces dynamic tran",no_data,0,False
200251921,GSE251921,DOG1 role in BRM SWI/SNF complex mediated control of seed quality and physiology,Expression profiling by high throughput sequencing,19580,16,Arabidopsis thaliana,2025/01/02,mitochondrial_stress;chloroplast_stress,seed,True,True,ftp://ftp.ncbi.nlm.nih.gov/geo/series/GSE251nnn/GSE251921/,39661382,"The SWI/SNF chromatin remodeling complex is involved in various aspects of plant development and stress responses. In this study, we investigated the role of BRM, a core subunit of the SWI/SNF complex, in seed physiological quality in Arabidopsis thaliana. We found that brm-3 seeds exhibited enlarged size, reduced yield, increased longevity, and enhanced secondary dormancy, but no change in primary dormancy or salt tolerance. We also showed that some of these phenotypes were dependent on DOG1, a",success,16,True
200252067,GSE252067,ARABIDOPSIS HOMOLOG OF THRITORAX impact the lateral root development by epigenetic regulation of targets involved in root system architecture.,Expression profiling by high throughput sequencing,13222,4,Arabidopsis thaliana,2025/06/25,chloroplast_stress,root;stem,True,True,ftp://ftp.ncbi.nlm.nih.gov/geo/series/GSE252nnn/GSE252067/,40624794,"The chemical modifications of histones between others process are important to modify the chromatin structure and permit the access to DNA. The ARABIDOPSIS HOMOLOG OF TRITHORAX1 (ATX1/SDG27) is a known regulator of floral development which encodes a histone methyltransferase (H3K4me). ATX1 is directly involved in the H3K4 trimethylation which is associated with maintenance of transcriptionally active chromatin state. To study the ATX1 role in lateral root development, we performed a root phenoty",no_data,0,False
200025838,GSE25838,MYB46-related transcriptome analysis in Arabidopsis thaliana,Expression profiling by array,9020,3,Arabidopsis thaliana,2011/11/21,pathogen_biotic;chloroplast_stress,stem,True,True,ftp://ftp.ncbi.nlm.nih.gov/geo/series/GSE25nnn/GSE25838/,21282403,"In this study we show that the Arabidopsis transcription factor MYB46, previously described to regulate secondary cell wall biosynthesis in the vascular tissue of the stem, is pivotal for mediating disease susceptibility to the fungal pathogen Botrytis cinerea. We identified MYB46 by its ability to bind to a new cis element located in the 5´ promoter region of the pathogen-induced Ep5C gene which encodes a type III cell wall-bound peroxidase. We present genetic and molecular evidence indicating ",success,3,True
200026197,GSE26197,"Comparative physiology and transcriptional networks underlying the heat shock response in Populus trichocarpa, Arabidopsis thaliana and Glycine max [Arabidopsis]",Expression profiling by array,198,16,Arabidopsis thaliana,2011/04/01,heat;pathogen_biotic;antioxidant_mutant,rosette_leaf;stem,True,True,ftp://ftp.ncbi.nlm.nih.gov/geo/series/GSE26nnn/GSE26197/,21554326,"The heat shock response continues to be layered with additional complexity as interactions and cross-talk among heat shock proteins, the reactive oxygen network and hormonal signaling are discovered. However, comparative analyses exploring variation in each of these processes among species remains relatively unexplored. In controlled environment experiments, photosynthetic response curves were conducted from 22 °C to 42 °C and indicated that temperature optimum of light saturated photosynthesis ",success,16,True
200262756,GSE262756,Hydrogen Peroxide Regulation of Root Growth and Stem Cell Differentiation by XAANTAL1 in Arabidopsis thaliana,Expression profiling by high throughput sequencing,11221,6,Arabidopsis thaliana,2024/07/20,H2O2,root;stem,True,True,ftp://ftp.ncbi.nlm.nih.gov/geo/series/GSE262nnn/GSE262756/,39377268,"The balance between cell proliferation, differentiation and elongation rates emerges from gene regulatory networks coupled to various signal transduction pathways, including reactive oxygen species (ROS) and transcription factors, to respond to environmental cues. The Arabidopsis thaliana primary root has become a valuable system to unravel such networks and the role of transcription factors mediating the inhibition of primary root growth by ROS is just beginning to be studied. In this study, we",no_data,0,False
200263276,GSE263276,Early N-hydroxy-pipecolic acid transcriptional profile,Expression profiling by high throughput sequencing,26208,72,Arabidopsis thaliana,2024/08/16,pathogen_biotic,stem,True,True,ftp://ftp.ncbi.nlm.nih.gov/geo/series/GSE263nnn/GSE263276/,39404105,"N-hydroxy-pipecolic acid (NHP) is a mobile metabolite essential for inducing and amplifying systemic acquired resistance (SAR) following pathogen attack. In Arabidopsis thaliana (Arabidopsis), exogenous NHP is sufficient to activate SAR-related immune responses, including salicylic acid (SA) accumulation and changes in global transcriptional profile. Previous studies have tracked these changes 1-2 days after an initial NHP treatment, resulting in little knowledge of the very early phases of NHP ",success,72,True
200264581,GSE264581,mRNA profiling in dss1(I) and dss1(V) mutant lines of Arabidopsis thaliana under oxidative stress (hydrogen peroxide),Expression profiling by high throughput sequencing,26208,3,Arabidopsis thaliana,2024/06/03,H2O2,seedling;seed,True,True,ftp://ftp.ncbi.nlm.nih.gov/geo/series/GSE264nnn/GSE264581/,38927997,"The Arabidopsis genome contains two highly homologous DSS1 genes, AtDSS1(I) and AtDSS1(V). This study was designed to identify the functional differences between AtDSS1s, focusing on their potential roles in oxidative stress. We generated single dss1(I) and dss1(V) mutant lines of both Arabidopsis DSS1 genes using CRISPR/Cas9 technology. The sensitivity of homozygous mutant lines with large indels (dss1(I)del25 and dss1(V)ins18) were analyzed to oxidative stress. Plant seedlings were exposed to ",no_data,0,False
200268259,GSE268259,Plant U-Box 4 regulates chloroplast stress signaling and programmed cell death via Salicylic acid modulation,Expression profiling by high throughput sequencing,17639,18,Arabidopsis thaliana,2025/06/03,singlet_oxygen;pathogen_biotic,unspecified,True,True,ftp://ftp.ncbi.nlm.nih.gov/geo/series/GSE268nnn/GSE268259/,40457237,"In response to environmental stress, chloroplasts generate reactive oxygen species, including singlet oxygen (1O2), which regulates nuclear gene expression (retrograde signaling), chloroplast turnover, and programmed cell death (PCD). Yet, the central signaling mechanisms and downstream responses remain poorly understood. The Arabidopsis thaliana plastid ferrochelatase two (fc2) mutant conditionally accumulates 1O2 and involves Plant U-Box 4 (PUB4), a cytoplasmic E3 ubiquitin ligase, in propagat",success,18,True
200269018,GSE269018,A SnRK1-JMJ15-CRF6 coregulatory module gages mitochondrial functional status to mitigate growth-defense trade-off in Arabidopsis,Expression profiling by high throughput sequencing,26208,30,Arabidopsis thaliana,2025/01/07,mitochondrial_stress;chloroplast_stress,unspecified,True,True,ftp://ftp.ncbi.nlm.nih.gov/geo/series/GSE269nnn/GSE269018/,39909830,"Mitochondrion is a signaling organelle sensing environmental changes and integrating cellular responses via retrograde signalling. However, it is still largely unknown how mitochondria help plants cope with adversity while it powers plant growth. In this work, we identify two new targets of plant SNF1-Related Kinase1 (SnRK1), namely histone H3K4me3 demethylase JMJ15 and transcription factor CRF6. We show that JMJ15 and CRF6 are required for reprograming transcription in response to Antimycin A (",success,30,True
200269623,GSE269623,Glutathione accelerates the cell cycle and cellular reprogramming in plant regeneration [bulk RNA-seq],Expression profiling by high throughput sequencing,26208,6,Arabidopsis thaliana,2024/12/03,antioxidant_mutant;chloroplast_stress,root,True,True,ftp://ftp.ncbi.nlm.nih.gov/geo/series/GSE269nnn/GSE269623/,39755116,"The plasticity of plant cells underlies their wide capacity to regenerate, with increasing evidence in plants and animals implicating cell cycle dynamics in cellular reprogramming. To investigate the cell cycle during cellular reprogramming, we developed a comprehensive set of cell cycle phase markers in the Arabidopsis root. Using single-cell RNA-seq profiles and live imaging during regeneration, we found that a subset of cells near an ablation injury dramatically increases division rate by tru",success,6,True
200269624,GSE269624,Glutathione accelerates the cell cycle and cellular reprogramming in plant regeneration [scRNA-seq],Expression profiling by high throughput sequencing,26208,3,Arabidopsis thaliana,2024/12/03,antioxidant_mutant;chloroplast_stress,root,True,True,ftp://ftp.ncbi.nlm.nih.gov/geo/series/GSE269nnn/GSE269624/,39755116,"The plasticity of plant cells underlies their wide capacity to regenerate, with increasing evidence in plants and animals implicating cell cycle dynamics in cellular reprogramming. To investigate the cell cycle during cellular reprogramming, we developed a comprehensive set of cell cycle phase markers in the Arabidopsis root. Using single-cell RNA-seq profiles and live imaging during regeneration, we found that a subset of cells near an ablation injury dramatically increases division rate by tru",no_data,0,False
200026983,GSE26983,Comparison of salt stress resistance genes in transgenic Arabidopsis thaliana indicates that extent of transcriptomic change may not predict secondary phenotypic or fitness effects,Expression profiling by array,198,24,Arabidopsis thaliana,2011/10/06,salt;pathogen_biotic;chloroplast_stress,unspecified,True,True,ftp://ftp.ncbi.nlm.nih.gov/geo/series/GSE26nnn/GSE26983/,22070784,"Engineered abiotic stress resistance is an important target for increasing agricultural productivity.There are concerns, however, regarding possible ecological impacts of transgenic crops. In contrast to the first wave of transgenic crops, many abiotic stress resistance genes can initiate complex downstream changes. Transcriptome profiling has been suggested as a comprehensive non-targeted approach to examine secondary effects. We compared phenotypic and transcriptomic effects of constitutive ex",success,24,True
200270487,GSE270487,Exogenous bacterial cellulose induces plant tissue regeneration through the regulation of cytokinin and defense networks,Expression profiling by high throughput sequencing,13222,24,Arabidopsis thaliana,2025/01/10,pathogen_biotic,stem;cell_culture,True,True,ftp://ftp.ncbi.nlm.nih.gov/geo/series/GSE270nnn/GSE270487/,39937889,"Regeneration is a unique feature of postembryonic development extensively observed in plants. Several hormonal signaling networks govern plant regeneration responses, and while these networks can potentially integrate external cues, the capacity to induce regeneration exogenously is limited and usually confined to meristematic tissues. As bacterial cellulose (BC) contains plant hormones and shows unique physicochemical properties, it provides a valuable tool to investigate the relationships betw",no_data,0,False
200270544,GSE270544,Transcriptome analyses of Arabidopsis lines overexpressing distinct PLC genes to explore their contribution to drought tolerance,Expression profiling by high throughput sequencing,20696,46,Arabidopsis thaliana,2024/07/01,H2O2;drought,root,True,True,ftp://ftp.ncbi.nlm.nih.gov/geo/series/GSE270nnn/GSE270544/,,"Overexpression (OE) of phospholipase C (PLC) promotes drought stress tolerance in various plant species. How PLC contributes to this phenotype is unknown. To investigate this, transcriptomic analyses of drought-stressed Arabidopsis plants were performed in wild type (WT) and four distinct PLC-OE backgrounds. To be able to measure the earliest responses in both root- and shoot tissues, a vermiculite-based assay was developed. Subsequent transcriptomics analyses revealed that WT plants responded r",no_data,0,False
200275743,GSE275743,Wound Induces Multi-Layered Barrier Formation in Mature Leaves via Phytohormone Signaling and ATML1-Mediated Epidermal Specification,Expression profiling by high throughput sequencing,17639,75,Arabidopsis thaliana,2025/03/09,pathogen_biotic;antioxidant_mutant,rosette_leaf,True,True,ftp://ftp.ncbi.nlm.nih.gov/geo/series/GSE275nnn/GSE275743/,,"The epidermis of plants forms a protective barrier against biotic and abiotic stress. Little is known about how breaches in the epidermis are repaired, especially those of mature leaves. Here, we investigated wound healing in the mature leaves of Arabidopsis. We discover a novel wound protection mechanism comprising a multi-layered ligno-suberized barrier covered with cuticular wax. This barrier is formed by mesophyll cells that adopt an epidermal fate. This cell fate transition is regulated in ",success,75,True
200277977,GSE277977,Jasmonic acid signaling and glutathione coordinate plant recovery from high light stress,Expression profiling by high throughput sequencing,17311,15,Arabidopsis thaliana,2024/10/15,H2O2;singlet_oxygen;high_light;antioxidant_mutant,unspecified,True,True,ftp://ftp.ncbi.nlm.nih.gov/geo/series/GSE277nnn/GSE277977/,40205714,"High light (HL)-induced chloroplast retrograde signaling originates from the photosynthetic apparatus and regulates nuclear gene expression to enhance photoprotection and coordinate cell metabolism. Here, we analyzed the transcript profiles and accumulation of reactive oxygen species (ROS), stress hormones and small molecule antioxidants to investigate the signaling mechanisms operating under HL stress, and in particular during plant recovery (R) from stress under growth conditions. Exposure to ",success,15,True
200027985,GSE27985,"Microarray analysis of  Arabidopsis Col-0 and catalase 2 mutant define interactions between CO2, daylength and H2O2",Expression profiling by array,198,30,Arabidopsis thaliana,2012/03/07,H2O2;antioxidant_mutant,unspecified,True,True,ftp://ftp.ncbi.nlm.nih.gov/geo/series/GSE27nnn/GSE27985/,21631535,"Growth daylength, ambient CO2 level, and intracellular hydrogen peroxide (H2O2) availability all impact plant function by modulating signalling pathways, but interactions between them remain unclear. Using a whole-genome transcriptomics approach, we exploited the conditional photorespiratory nature of the catalase-deficient cat2 mutant to identify gene expression patterns responding to these three factors. Arabidopsis Col-0 and cat2 grown for 5 weeks in high CO2 in short days (SD) were transferr",success,30,True
200282484,GSE282484,CEPD proteins activate N starvation response genes by interfering with the repressive activity of transcription factors TGA1 and TGA4,Expression profiling by high throughput sequencing,13222,7,Arabidopsis thaliana,2025/03/13,chloroplast_stress,unspecified,True,True,ftp://ftp.ncbi.nlm.nih.gov/geo/series/GSE282nnn/GSE282484/,40053521,"Plants have developed a variety of adaptive responses to variable nitrogen (N) conditions in the soil. N starvation leads to profound alterations in the transcriptome, allowing improved N acquisition, allocation and remobilization. In Arabidopsis thaliana, N starvation-induced CEPD (C-TERMINALLY ENCODED PEPTIDE DOWNSTREAM) proteins have been shown to be required for transcriptional activation of genes involved in high affinity nitrate transport. CEPDs belong to a plant-specific class of glutared",no_data,0,False
200282627,GSE282627,CEPD proteins activate N starvation response genes by interfering with the repressive activity of transcription factors TGA1 and TGA4 [II],Expression profiling by high throughput sequencing,26208,32,Arabidopsis thaliana,2025/03/13,chloroplast_stress,unspecified,True,True,ftp://ftp.ncbi.nlm.nih.gov/geo/series/GSE282nnn/GSE282627/,40053521,"Plants have developed a variety of adaptive responses to variable nitrogen (N) conditions in the soil. N starvation leads to profound alterations in the transcriptome, allowing improved N acquisition, allocation and remobilization. In Arabidopsis thaliana, N starvation-induced CEPD (C-TERMINALLY ENCODED PEPTIDE DOWNSTREAM) proteins have been shown to be required for transcriptional activation of genes involved in high affinity nitrate transport. CEPDs belong to a plant-specific class of glutared",no_data,0,False
200285082,GSE285082,Transcriptomic analysis reveals the participation of NTRC in iron homeostasis throughout Arabidopsis development,Expression profiling by high throughput sequencing,21785;19580,9,Arabidopsis thaliana,2025/04/11,unclassified,seedling;rosette_leaf;seed,True,True,ftp://ftp.ncbi.nlm.nih.gov/geo/series/GSE285nnn/GSE285082/,40207666,"NADPH-dependent thioredoxin reductase C (NTRC) plays a central role in redox regulation of chloroplast photosynthetic metabolism. Accordingly, Arabidopsis (Arabidopsis thaliana) NTRC null mutants show defective photosynthetic performance and growth inhibition. Remarkably, these mutants show almost wild type phenotype at the seedling stage, which raises the question of whether NTRC plays different functions throughout plant development. In this work, we have addressed this issue by performing tra",download_failed,0,False
200285083,GSE285083,2-Cys peroxiredoxins and the chaperone cpHSP70 act in concert in chloroplast biogenesis in Arabidopsis seedlings,Expression profiling by high throughput sequencing,19580,9,Arabidopsis thaliana,2026/04/05,antioxidant_mutant;chloroplast_stress,seedling;seed,True,True,ftp://ftp.ncbi.nlm.nih.gov/geo/series/GSE285nnn/GSE285083/,41902386,"The redox balance between NADPH-dependent thioredoxin reductase C (NTRC) and 2-Cys peroxiredoxins (PRXs) help chloroplast photosynthetic performance acclimate rapidly to environmental cues. The Arabidopsis (Arabidopsis thaliana) 2cpab mutant, which lacks chloroplast 2-Cys PRXs A and B, shows impaired embryogenesis and cotyledon development. This phenotype indicates that these enzymes have a relevant function at early stages of plant development, although this function is poorly understood. Here,",no_data,0,False
200285787,GSE285787,DNA damage drives DNA methylation generation and evolution in plant,Methylation profiling by high throughput sequencing,30471,5,Arabidopsis thaliana,2026/01/06,unclassified,rosette_leaf,False,False,ftp://ftp.ncbi.nlm.nih.gov/geo/series/GSE285nnn/GSE285787/,,"In mammals, it has long been hypothesized that DNA damage could induce DNA hypermethylation and contribute to carcinogenesis. However, the evidence that DNA damage is a cause of genome hypermethylation is still insufficient. Here, we demonstrated that, in plant, DNA damage can induce DNA hypermethylation in the context of symmetric CG, CHG as well as asymmetric CHH. Mechanically, DNA damage regulates the DREAM complex, to induce CG and CHG methylation. Moreover, DNA damage also utilizes the RdDM",not_attempted,0,False
200289165,GSE289165,Germline cell identity maintenance by a pair of zinc finger proteins C3H14 and C3H15 in flowering plants,Expression profiling by high throughput sequencing,26208,23,Arabidopsis thaliana,2025/09/20,unclassified,flower,True,True,ftp://ftp.ncbi.nlm.nih.gov/geo/series/GSE289nnn/GSE289165/,,"In the anther of flowering plants, innermost germline cells (meiocytes) and surrounding somatic cells (tapetum) are differentiated from the same precursor archesporial cells (ARs), and these cells after specification acquire distinct cell identities. However, the maintenance of meiocyte identity is elusive. Here we demonstrate a conserved surveillance mechanism governed by Arabidopsis zinc-finger proteins C3H14 and C3H15, which regulate mRNA homeostasis to safeguard the meiocyte identity. C3H14/",no_data,0,False
200291552,GSE291552,The Arabidopsis deNADding enzyme DXO1 modulates the plant immunity response.,Expression profiling by high throughput sequencing,19580,16,Arabidopsis thaliana,2025/09/29,pathogen_biotic,unspecified,True,True,ftp://ftp.ncbi.nlm.nih.gov/geo/series/GSE291nnn/GSE291552/,40988468,"The DXO family proteins, highly conserved among eukaryotes, are involved in mRNA 5’-end quality control (5’QC) and also remove non-canonical NAD+ cap from RNA (deNADding). DXO1 protein, the only DXO homolog in Arabidopsis, due to its plant-specific features has a strong deNADding enzymatic activity but no apparent role in 5’ QC. Despite its significant contribution to plant RNA metabolism, a direct role for DXO1 enzymatic activity in the cell has not yet been demonstrated. Notably, all molecular",no_data,0,False
200029204,GSE29204,Inhibition of the mitochondrial electron transport chain by antimycin A in Arabidopsis thaliana,Expression profiling by array,13517,1,Arabidopsis thaliana,2013/01/01,mitochondrial_stress;chloroplast_stress,rosette_leaf,True,False,ftp://ftp.ncbi.nlm.nih.gov/geo/series/GSE29nnn/GSE29204/,23028523,Plant mitochondria signal to the nucleus leading to altered transcription of nuclear genes by a process called mitochondrial retrograde regulation (MRR). MRR is implicated in metabolic homeostasis and responses to stress conditions. Transcriptional consequences on nuclear gene expression of mitochondrial perturbations were examined by a microarray analyses.  Expression of 1316 was altered by antimycin A (AA) inhibition of the cytochrome respiratory pathway in leaves of soil grown Arabidopsis pla,not_attempted,0,False
200292110,GSE292110,A suppressor screen uncovers flu as a weak mutant and chloroplastic 1O2 triggers EX1-independent stress responses in Arabidopsis,Expression profiling by high throughput sequencing,31102,12,Arabidopsis thaliana,2026/05/02,singlet_oxygen;high_light,unspecified,True,True,ftp://ftp.ncbi.nlm.nih.gov/geo/series/GSE292nnn/GSE292110/,,"• Singlet oxygen (1O2) is the main ROS produced in chloroplasts, particularly under environmental stress conditions. Studies using the Arabidopsis conditional flu (flu1-1) mutant have shown that chloroplastic 1O2 acts as a signal, activating retrograde signaling that eventually leads to photoinhibition or cell death.  • Through a forward genetic screen for suppressors using EMS-mutagenized Arabidopsis flu1-1/ex1 mutants, we isolated two suppressor mutants (mut1 and mut2) that restored 1O2-induce",no_data,0,False
200029268,GSE29268,Inhibition of the mitochondrial TCA cycle by monofluoroacetate in Arabidopsis thaliana,Expression profiling by array,13517,1,Arabidopsis thaliana,2013/01/01,singlet_oxygen;chloroplast_stress,rosette_leaf,True,False,ftp://ftp.ncbi.nlm.nih.gov/geo/series/GSE29nnn/GSE29268/,23028523,Plant mitochondria signal to the nucleus leading to altered transcription of nuclear genes by a process called mitochondrial retrograde regulation (MRR). MRR is implicated in metabolic homeostasis and responses to stress conditions. Transcriptional consequences on nuclear gene expression of mitochondrial perturbations were examined by a microarray analyses. Expression of 606 genes was altered by monofluoroacetate (MFA) inhibition of the TCA cycle in leaves of soil grown Arabidopsis plants in the,not_attempted,0,False
200293328,GSE293328,Evaporative cooling signals for wound healing in plants,Expression profiling by high throughput sequencing,30821,9,Arabidopsis thaliana,2025/06/25,unclassified,rosette_leaf,True,True,ftp://ftp.ncbi.nlm.nih.gov/geo/series/GSE293nnn/GSE293328/,40502075,"Repairing a damaged body part is critical for the survival of an organism. Tissue damage induces rapid responses to activate downstream events including defense, regeneration and wound healing. Despite accumulating knowledge of early wound signaling including the orchestrated actions of phytohormones, electric circus and reactive oxygen species, our knowledge about the end point of a wound response - wound healing, is still limited. We observed that a local temperature reduction associated with ",success,9,True
200293768,GSE293768,Impacts of VTC3 and VTC2 on transcriptome under illumination in Arabidopsis,Expression profiling by high throughput sequencing,17970,9,Arabidopsis thaliana,2025/12/10,antioxidant_mutant;chloroplast_stress,unspecified,True,True,ftp://ftp.ncbi.nlm.nih.gov/geo/series/GSE293nnn/GSE293768/,40794740,"VITAMIN C DEFECTIVE 3 (VTC3) is a distinctive protein with both kinase and phosphatase domains and is essential for ascorbate accumulation in Arabidopsis. In the vtc3 mutant, ascorbate levels are approximately 50% of those in the wild type, and light-induced increases in the ascorbate pool size are markedly suppressed. The regulation of the ascorbate pool size by light involves GDP-L-galactose phosphorylase (VTC2), a key biosynthetic enzyme. To elucidate the physiological function of VTC3, we co",no_data,0,False
200294853,GSE294853,Modulation of plant immunity and bacterial virulence by phage biocontrol,Expression profiling by high throughput sequencing,26208,27,Arabidopsis thaliana,2025/04/17,pathogen_biotic,rosette_leaf;stem,True,True,ftp://ftp.ncbi.nlm.nih.gov/geo/series/GSE294nnn/GSE294853/,,"Bacteriophages are increasingly recognised as key players in modulating plant-microbe interactions, including their potential in the biocontrol of plant pathogenic bacteria.   In this study, we investigated the tripartite interaction between, Arabidopsis thaliana, the bacterial plant pathogen Xanthomonas campestris pv. campestris (Xcc), and the lytic phage Seregon. Using meta-transcriptomic profiling, we characterized host and pathogen responses during infection and phage treatment. While a sing",success,27,True
200029589,GSE29589,Comparison of root transcriptomes in Arabidopsis thaliana plants supplied with different forms of inorganic nitrogen,Expression profiling by array,198,15,Arabidopsis thaliana,2011/05/28,chloroplast_stress,root,True,True,ftp://ftp.ncbi.nlm.nih.gov/geo/series/GSE29nnn/GSE29589/,20444219,"Plants aquire nitrogen from the soil, most commonly in the form of either nitrate or ammonium. Unlike ammonium, nitrate must be reduced (with NADH and ferredoxin as electron donors) prior to assimilation. Thus, nitrate nutrition imposes a substantially greater energetic cost than ammonium nutrition. Our goal was to compare the transcriptomes of nitrate-supplied and ammonium-supplied plants, with a particular interest in characterizing the differences in redox metabolism elicited by different for",success,15,True
200029626,GSE29626,genes regulated by ros and dme-Genetic dissection of endosperm development,Expression profiling by array,9553,8,Arabidopsis thaliana,2011/06/02,unclassified,seed,True,True,ftp://ftp.ncbi.nlm.nih.gov/geo/series/GSE29nnn/GSE29626/,,rs10-02_ros_dme - genes regulated by ros and dme - Genes regulated by ros/dme? - Seeds of Col x ROS-/-/DME+/- 3 and 6 days after pollination (DAP) were harvested. Seeds of the cross Col x Col (3 and 6 DAP) were used as a control.,success,8,True
200296827,GSE296827,Arabidopsis lines with modified ascorbate concentrations reveal a link between ascorbate and auxin biosynthesis,Expression profiling by high throughput sequencing,19580,12,Arabidopsis thaliana,2025/05/17,antioxidant_mutant;chloroplast_stress,unspecified,True,True,ftp://ftp.ncbi.nlm.nih.gov/geo/series/GSE296nnn/GSE296827/,41431746,"Ascorbate is the most abundant water-soluble antioxidant in plants and an essential molecule for normal plant development. Although present in all green plants, ascorbate concentrations vary among plant species and tissues. While ascorbate accumulation is a trait of nutritional, and therefore, agronomical interest, the impact of different concentrations on cellular homeostasis remains elusive. To shed light on this question, we compared Arabidopsis (Arabidopsis thaliana) lines with very low (vtc",no_data,0,False
200297308,GSE297308,PROTECTION OF TELOMERES 1b safeguards the Arabidopsis genome by regulating ROS homeostasis,Expression profiling by high throughput sequencing,30821,12,Arabidopsis thaliana,2026/03/04,antioxidant_mutant,unspecified,True,True,ftp://ftp.ncbi.nlm.nih.gov/geo/series/GSE297nnn/GSE297308/,41807397,"Telomeres safeguard the genome, acting as sentinels of oxidative stress and preventing chromosome ends from eliciting a DNA damage response. PROTECTION OF TELOMERES 1 (POT1) is a highly conserved telomere protein, essential for chromosome integrity and telomeric DNA replication. Arabidopsis thaliana encodes two divergent POT1 paralogs: AtPOT1a stimulates telomerase activity, but AtPOT1b function is unknown. Here we show that AtPOT1b modulates reactive oxygen species (ROS) homeostasis. Oxidative ",no_data,0,False
200299572,GSE299572,Decoding plant defense signaling using the defenseless mutant,Expression profiling by high throughput sequencing,17639,12,Arabidopsis thaliana,2026/01/18,unclassified,unspecified,True,True,ftp://ftp.ncbi.nlm.nih.gov/geo/series/GSE299nnn/GSE299572/,41575294,"Despite extensive disruption of immune signaling in the defenseless mutant, residual resistance to A. alternata and Pst DC3000 persisted at levels exceeding those of known defense-compromised controls. Our RNA-seq analysis revealed a largely preserved transcriptional response, with comparable differential gene expression profiles in both Col-0 and defenseless backgrounds. These results further emphasize that full immune suppression necessitates the concurrent disruption of multiple, potentially ",no_data,0,False
200299982,GSE299982,ABC1K2 is involved in stress response and glucosinolate modification during seed development in Arabidopsis thaliana,Expression profiling by array,9020,6,Arabidopsis thaliana,2025/12/03,chloroplast_stress,seed,True,True,ftp://ftp.ncbi.nlm.nih.gov/geo/series/GSE299nnn/GSE299982/,41152436,"The Activity of BC1 complex Kinases (ABC1K) family is a ubiquitous group of proteins that share a highly conserved ABC1 domain (unrelated to the ATP-Binding Cassette – ABC – transporter proteins), whose precise function is still undetermined. The ABC1K proteins are included among the atypical protein kinases due to their lack of many features characterizing canonical eukaryotic protein kinases; despite this, they share a structurally similar kinase fold domain and have been reported to exhibit k",success,6,True
200301070,GSE301070,United we stand: Plants that physically touch each other are more resilient to stress.,Expression profiling by high throughput sequencing,26208,57,Arabidopsis thaliana,2026/06/26,unclassified,stem,True,True,ftp://ftp.ncbi.nlm.nih.gov/geo/series/GSE301nnn/GSE301070/,,"Plants use sophisticated signaling networks to communicate with each other. These are thought to support the overall health and resilience of plant communities, but could also reflect eavesdropping between plants, used for competition. Here we reveal that plants that physically touch each other aboveground are more resilient to stress, and that this phenomenon is dependent on the ability of plants to exchange systemic electric, calcium, and reactive oxygen species (ROS) signals between them. We ",success,57,True
200302041,GSE302041,Single-cell transcriptomics revealing LRFC specification dynamics,Expression profiling by high throughput sequencing,26208,4,Arabidopsis thaliana,2026/07/13,unclassified,root,True,True,ftp://ftp.ncbi.nlm.nih.gov/geo/series/GSE302nnn/GSE302041/,,"A conserved GA–ROS–GASA1 regulatory module specifies and commits plant lateral root founder cells by orchestrating nuclear migration, asymmetric division, and ROS homeostasis.",no_data,0,False
200303753,GSE303753,Chemifortification of leaves through enhanced metabolic flux to tocopherol biosynthesis and plastoglobule proliferation.,Expression profiling by high throughput sequencing,17639,6,Arabidopsis thaliana,2026/02/19,singlet_oxygen,rosette_leaf,True,True,ftp://ftp.ncbi.nlm.nih.gov/geo/series/GSE303nnn/GSE303753/,41446143;41327931;42207870,"Plant biofortification with phytonutrients typically relies on metabolic engineering strategies known as “push” (enhancing biosynthetic flux), “block” (inhibiting competing pathways), and “pull” (promoting metabolite storage). Here, we describe a novel chemifortification approach independent of genetic manipulation. A chemical screening identified X57, a synthetic compound that simultaneously activates all three mechanisms to enhance leaf tocopherol content. Besides their dietary value as vitami",success,6,True
200307070,GSE307070,"The vesicle trafficking R-SNARE VAMP714 connects auxin responses, ROS and ion homeostasis in Arabidopsis under salt stress",Expression profiling by high throughput sequencing,34608,24,Arabidopsis thaliana,2026/04/08,singlet_oxygen;salt,root,True,True,ftp://ftp.ncbi.nlm.nih.gov/geo/series/GSE307nnn/GSE307070/,,"•Plant responses to salt stress include an altered root architecture mediated by ion imbalances, reactive oxygen species (ROS) accumulation, and altered hormonal responses. Auxin is implicated in these processes, and to understand better the molecular network we investigated the role of VAMP714, a R-SNARE essential for correct trafficking of the auxin efflux carrier PIN-FORMED (PIN) proteins (implicated in the salt stress response), but also with a reported role in ROS vesicular transport in Ara",success,24,True
200308159,GSE308159,Landscape of plastid DNA breaks in Arabidopsis during development and environmental stimulus,Other,26208,9,Arabidopsis thaliana,2026/08/05,pathogen_biotic,rosette_leaf;seed,False,False,ftp://ftp.ncbi.nlm.nih.gov/geo/series/GSE308nnn/GSE308159/,42302795,"Exposure to external and internal environmental factors can lead to the genomic DNA modifications and even DNA breaks. While the landscapes of DNA break in eukaryotic nuclear genomes have been extensively studied, the frequencies and genomic loci of DNA breaks in endosymbiotic organelle remain poorly understood. Here, we employ DEtail-seq, a deep sequencing-based assay, to profile the DNA breaks in the Arabidopsis plastid genome. We find that plastid DNAs (ptDNA) in cotyledons and true leaves re",not_attempted,0,False
200308349,GSE308349,Landscape of plastid DNA breaks in Arabidopsis during development and environmental stimulus II,Other,26208,9,Arabidopsis thaliana,2026/08/05,pathogen_biotic,rosette_leaf;seed,False,False,ftp://ftp.ncbi.nlm.nih.gov/geo/series/GSE308nnn/GSE308349/,42302795,"Exposure to external and internal environmental factors can lead to the genomic DNA modifications and even DNA breaks. While the landscapes of DNA break in eukaryotic nuclear genomes have been extensively studied, the frequencies and genomic loci of DNA breaks in endosymbiotic organelle remain poorly understood. Here, we employ DEtail-seq, a deep sequencing-based assay, to profile the DNA breaks in the Arabidopsis plastid genome. We find that plastid DNAs (ptDNA) in cotyledons and true leaves re",not_attempted,0,False
200311358,GSE311358,Contrasting Mutant and Overexpressor Phenotypes Position KIN10 as a Central Growth-Defense Integrator,Expression profiling by high throughput sequencing,26208,26,Arabidopsis thaliana,2025/12/31,pathogen_biotic;mitochondrial_stress,unspecified,True,True,ftp://ftp.ncbi.nlm.nih.gov/geo/series/GSE311nnn/GSE311358/,,"Plants continuously balance growth and defense in dynamic environments where energy supply, microbial cues, and developmental programs interact intimately. The Sucrose non-fermenting-1 Related Kinase 1 (SnRK1) complex is widely recognized as a central metabolic hub, yet how its catalytic subunit KIN10 coordinates energy status with organ-specific developmental and immune outputs remains poorly understood. Our work fills this knowledge gap by combining transcriptomics, hormone profiling, pathogen",no_data,0,False
200311803,GSE311803,Root meristem growth factor (RGF) peptide signaling as a molecular bridge between root development and non-lethal thermal stress adaptation,Expression profiling by high throughput sequencing,30821,20,Arabidopsis thaliana,2026/06/14,heat;chloroplast_stress,root;stem,True,True,ftp://ftp.ncbi.nlm.nih.gov/geo/series/GSE311nnn/GSE311803/,,"Roots adapt to temperature ranges that restrict growth without causing lethality, a largely unexplored physiological state. Although lethal heat shock and moderately high temperatures have been studied in detail, the effects of non-lethal high temperatures on root development remain largely unknown. We defined 31°C as a non-lethal thermal stress in Arabidopsis thaliana and examined its impact on root growth using phenotypic analyses and developmental-zone-specific transcriptomics. Under the non-",success,20,True
200031373,GSE31373,miRNA expression data from low nitrate culture in leaf and root of maize,Non-coding RNA profiling by array,14115,12,Sorghum bicolor; Zea mays; Oryza sativa; Saccharum officinarum; Physcomitrium patens; Arabidopsis thaliana; Glycine max; Populus trichocarpa; Medicago truncatula,2011/09/01,pathogen_biotic,rosette_leaf;root;stem,True,True,ftp://ftp.ncbi.nlm.nih.gov/geo/series/GSE31nnn/GSE31373/,22132192,"Nitrate is the major source of nitrogen available for many crop plants and is often the limiting factor for plant growth and agricultural productivity especially for maize. Many studies have been done identifying the transcriptome changes under low nitrate conditions. However, the microRNAs (miRNAs) varied under nitrate limiting conditions in maize has not been reported. MiRNAs play important roles in abiotic stress responses and nutrient deprivation. We used the microarray systems to detect miR",success,12,True
200031492,GSE31492,miRNA expression data from low nitrate cultures in maize,Non-coding RNA profiling by array,8786;14115,21,Physcomitrium patens; Zea mays; Zea mays subsp. mays; Arabidopsis thaliana; Sorghum bicolor; Oryza sativa; Saccharum officinarum; Populus trichocarpa; Glycine max; Medicago truncatula; synthetic construct,2011/09/01,unclassified,unspecified,True,True,ftp://ftp.ncbi.nlm.nih.gov/geo/series/GSE31nnn/GSE31492/,22132192,This SuperSeries is composed of the SubSeries listed below.,download_failed,0,False
200031517,GSE31517,A plasma membrane calcium ATPase functions in FLS2-mediated immunity,Expression profiling by array,9139,6,Arabidopsis thaliana,2012/04/25,singlet_oxygen;pathogen_biotic,seedling;seed,True,True,ftp://ftp.ncbi.nlm.nih.gov/geo/series/GSE31nnn/GSE31517/,,"Pattern recognition receptors (PRRs) at the plasma membrane promote plant immunity through the detection of conserved microbe-associated molecular patterns (MAMPs). In plants, the PRR for bacterial flagellin (flg22) is encoded by the receptor kinase FLS2. One of the earliest MAMP responses is the rapid and transient increase of cytosolic calcium (Ca2+) ions, which is required for many of the well-described downstream responses, e.g. generation of reactive oxygen species (ROS) and the transcripti",success,6,True
200317547,GSE317547,RBOHD-dependent apoplastic oxidative burst plays a protective role against the necrotrophic fungus Botrytis cinerea,Expression profiling by high throughput sequencing,26208,12,Arabidopsis thaliana,2026/01/28,pathogen_biotic;antioxidant_mutant,unspecified,True,True,ftp://ftp.ncbi.nlm.nih.gov/geo/series/GSE317nnn/GSE317547/,,"The necrotrophic fungus Botrytis cinerea rapidly kills host tissue with its secreted proteins and metabolites. Necrotrophs can trigger the hypersensitive response (HR), which is accompanied by reactive oxygen species (ROS) production, but it remains unclear whether this ROS burst promotes or restricts B. cinerea infection. We have combined Arabidopsis RESPIRATORY BURST OXIDASE HOMOLOG D (RBOHD) mutant analysis, luminol-based in vivo assays, and the use of CRISPR-Cas generated B. cinerea ROS deto",no_data,0,False
200031977,GSE31977,Transcriptome profiling identified genes and pathways associated with arsenic toxicity and tolerance in Arabidopsis,Expression profiling by array,198,15,Arabidopsis thaliana,2011/11/26,heavy_metal;chloroplast_stress,root,True,True,ftp://ftp.ncbi.nlm.nih.gov/geo/series/GSE31nnn/GSE31977/,24734953,"Transcriptional profiling of arsenic-induced toxicity and tolerance in Arabidopsis plants of different ecotypes Arsenic (As) is a toxic metalloid found ubiquitously in the environment and has widely been known as an acute poison and carcinogen.  As toxicity is a major factor leading to root growth inhibition in plants.  However, the molecular mechanisms of plants in response to As has not been extensively characterized.  In this study, Arabidopsis ecotypes that are As-tolerant (Col-0) and -sensi",success,15,True
200326413,GSE326413,Histone chaperones ASF1s control germination by repressing PRX69,Expression profiling by high throughput sequencing,26208,6,Arabidopsis thaliana,2026/04/08,chloroplast_stress,seed,True,True,ftp://ftp.ncbi.nlm.nih.gov/geo/series/GSE326nnn/GSE326413/,,"Seed germination is a critical developmental decision that integrates hormonal and epigenetic signals. While physiological dormancy has been extensively studied, the molecular basis of physical dormancy—mediated by structural barriers such as the seed coat (testa)—remains poorly understood. Here, we investigate the role of Arabidopsis ASF1 histone chaperones in germination, revealing their function in altering chromatin structure to regulate testa penetrability. The asf1a1b double mutant exhibit",success,6,True
200330879,GSE330879,RAP2.3 is required for MYB51 and SIGMA3 expression during the response of Arabidopsis thaliana to multifactorial stress combination,Expression profiling by high throughput sequencing,26208,48,Arabidopsis thaliana,2026/05/13,chloroplast_stress,unspecified,True,True,ftp://ftp.ncbi.nlm.nih.gov/geo/series/GSE330nnn/GSE330879/,,"In nature, plants are subjected to multiple environmental stress factors simultaneously or sequentially. Recent studies revealed that when three or more stress factors impact a plant simultaneously (termed ‘multifactorial stress combination’; MFSC), plant survival declines, even if the intensity of each individual stress involved in the MFSC is low. We previously identified RAP2.3 as a key transcription factor (TF) required for Arabidopsis thaliana survival, specifically under a MFSC of salt+exc",success,48,True
200334721,GSE334721,"Effect on flg22 treatment on Col-0, hir2-2, and hir2-5 seedlings",Expression profiling by high throughput sequencing,26208,18,Arabidopsis thaliana,2026/07/29,pathogen_biotic,seedling;seed,True,True,ftp://ftp.ncbi.nlm.nih.gov/geo/series/GSE334nnn/GSE334721/,,"We here analyze the response of Col-0, hir2-2, and hir2-5 seedlings to flg22. HIR2 was shown to interact with PAMP-involved receptor-like kinases and signalling proteins. Furthermore, hir2 mutants are alterred in their ROS response upon PAMP treatment.",success,18,True
200033978,GSE33978,Expression data of seeds imbibed at 22˚C or 4˚C for 24hr of Arabidopsis thaliana,Expression profiling by array,198,8,Arabidopsis thaliana,2012/06/01,cold;antioxidant_mutant;chloroplast_stress,seed;flower,True,True,ftp://ftp.ncbi.nlm.nih.gov/geo/series/GSE33nnn/GSE33978/,22628560,"Keeping imbibed seeds at low temperatures for a certain period, so called seed vernalization (SV) treatment, promotes seed germination and subsequent flowering in various plants. Vernalization-promoting flowering requires GSH. However, the expression patterns analyzed by GeneChip arrays showed that increased GSH biosynthesis partially mimics SV treatment in Arabidopsis thaliana. SV treatment (keeping imbibed seeds at 4°C for 24 h) induced a specific pattern of gene expression and promoted subseq",success,8,True
200034247,GSE34247,Photooxidative stress and light acclimation in the PSII antenna-deficient ch1 mutant,Expression profiling by array,9553,48,Arabidopsis thaliana,2011/12/09,chloroplast_stress,unspecified,True,True,ftp://ftp.ncbi.nlm.nih.gov/geo/series/GSE34nnn/GSE34247/,,"cea10-02_light - photooxidative stress  - To characterize the metabolic pathways implicated in oxidative stress responses and in acclimation mechanisms in the ch1 mutant  - The extracts are carried out starting from sheets of Arabidopis thaliana having pushed on compost in controlled conditions (light: 250 µmol.m-2.s-1, temperature: 22°C day 18°C night, moisture: 55%, photoperiod: 8:00 jour/16h night) during 4 and 8 weeks for respectively the Col0 genotype and the mutant ch1. The acclimatization",success,48,True
200343067,GSE343067,The splicing factor UAP1 exhibits a conserved function in cold stress responses among three dicotyledonous species,Expression profiling by high throughput sequencing,23157,24,Arabidopsis thaliana,2026/08/09,cold,unspecified,True,True,ftp://ftp.ncbi.nlm.nih.gov/geo/series/GSE343nnn/GSE343067/,,"Cold stress is a major environmental factor limiting the productivity and geographical distribution of horticultural crops. Here, we identified the spliceosome U4/U6.U5 tri-snRNP-associated protein 1 (UAP1) as a pivotal negative regulator of cold tolerance in both tomato (Solanum lycopersicum) and soybean (Glycine max). Using CRISPR/Cas9-mediated gene editing, we generated UAP1 knockout orthologs in three dicotyledonous species: tomato, soybean and Arabidopsis. The sluap1 and gmuap1 mutants exhi",success,24,True
200034667,GSE34667,Expression data from ozone-treated wild-type and G-protein null mutant Arabidopsis lines,Expression profiling by array,198,27,Arabidopsis thaliana,2011/12/24,ozone;chloroplast_stress,unspecified,True,True,ftp://ftp.ncbi.nlm.nih.gov/geo/series/GSE34nnn/GSE34667/,21988569,Ozone pollution decreases plant growth and yield worldwide.  Some of the effects are genetically-mediated and are reported to involve G-protein signaling pathways.  Effects of ozone on gene expression were examined in wild-type and G-protein null mutants to determine affected genes and to determine differential responses that may help define affected pathways. We used microarrays to examine changes in gene expression in response to ozone exposure and identified distinct classes of up- and down-r,success,27,True
200003539,GSE3539,Characterization of an Arabidopsis mutant deficient in the non-phosphorylating of GAPN gene. ,Expression profiling by array,1941,3,Arabidopsis thaliana,2005/11/23,chloroplast_stress,rosette_leaf;root;flower,True,True,ftp://ftp.ncbi.nlm.nih.gov/geo/series/GSE3nnn/GSE3539/,16368875,"Non-phosphorylating glyceraldehyde-3-phosphate dehydrogenase (GAPN) is a conserved protein found in higher plants. In photosynthetic cells, the enzyme is involved in a shuttle transfer mechanism to export NADPH from the chloroplast to the cytosol. In this work, we demonstrate that GAPN gene express in leaves and roots at similar levels; showing the highest level of expression in flowers. To investigate the role of this enzyme in different plant tissues, we characterized a mutant from Arabidopsis",success,3,True
200035526,GSE35526,Gene expression in response to chloroplastic H2O2: IS-GUS-2-17 vs. IS-tAPX-19-23 under estrogen treatment,Expression profiling by array,7299,4,Arabidopsis thaliana,2012/02/04,H2O2;antioxidant_mutant,unspecified,True,True,ftp://ftp.ncbi.nlm.nih.gov/geo/series/GSE35nnn/GSE35526/,22334687,"To identify chloroplastic H2O2-responseive genes, an estrogen-inducible RNAi method was used for silencing of tAPX, a H2O2-scavenging enzyme in chloroplasts. At 48 h after treatment with estrogen, the expression of  tAPX was silenced in the IS-tAPX-19-23 plants, but not in the IS-GUS-2-17 plants (negative control), resulting a large change in gene expression. These genes are candidates for chloroplastic H2O2-responseive genes.",success,4,True
200036893,GSE36893,Redox regulation of auxin and strigolactone signaling in the control of Arabidopsis thaliana root growth,Expression profiling by array,14926,8,Arabidopsis thaliana,2013/01/10,antioxidant_mutant;chloroplast_stress,root;stem,True,True,ftp://ftp.ncbi.nlm.nih.gov/geo/series/GSE36nnn/GSE36893/,23148274,"Reduced glutathione (GSH) is required for cell cycle initiation and auxin-regulated root meristem development. Transcriptome profiling of the roots and shoots of the root meristemless 1 (rml1) mutant, which has about 3% of the wild type GSH, revealed a divergent auxin and strigolactone response linked to the arrest of the cell cycle.",success,8,True
200037220,GSE37220,Gsr1 in Arabidopsis thaliana: A locus inferred to regulate gene expression in response to exogenous glutamine,Expression profiling by array,15428;15431,2,Arabidopsis thaliana,2012/04/13,chloroplast_stress,unspecified,True,False,ftp://ftp.ncbi.nlm.nih.gov/geo/series/GSE37nnn/GSE37220/,,An altered response to methylamine (MA) has been used to identify genes involved in nitrogen metabolism in many microbes and as an uncoupler of proton motive force in both prokaryotes and eukaryotes. The aim of this study was to attempt the use of MA to identify critical genes for response to exogenous nitrogen sources in Arabidopsis thaliana (thale cress). EMS mutagenesis and selection on MA were used to identify a series of mutants that showed increased sensitivity to MA but failed to identify,not_attempted,0,False
200037818,GSE37818,Expression data in WT and erf6 mutant under high-light treatment,Expression profiling by array,198,4,Arabidopsis thaliana,2012/05/15,high_light,unspecified,True,True,ftp://ftp.ncbi.nlm.nih.gov/geo/series/GSE37nnn/GSE37818/,,"Reactive oxygen species (ROS) have been characterized as both important signaling molecules and universal stressors that mediate many developmental and physiological responses. So far, details of the transcriptional mechanism of ROS-responsive genes are still largely unknown. In the study reported herein, we identified eight potential ROS-responsive cis-acting elements (ROSEs) from the promoters of genes upregulated by ROS. We also found that the APETALA2 (AP2/EREBP)-type transcription factor ER",success,4,True
200038102,GSE38102,Expression data from Oryza sativa and Arabidopsis thaliana,Expression profiling by array,198;2025,16,Oryza sativa; Arabidopsis thaliana,2015/06/10,unclassified,unspecified,True,True,ftp://ftp.ncbi.nlm.nih.gov/geo/series/GSE38nnn/GSE38102/,26045464,"In this study, we used a cross-species network approach to uncover nitrogen (N)-regulated network modules conserved across a model and a crop species. By translating gene network knowledge from the data-rich model Arabidopsis (Arabidopsis thaliana, ecotype Columbia-0) to a crop, rice (Oryza sativa spp. japonica (Nipponbare)), we identified evolutionarily conserved N-regulatory modules as targets for translational studies to improve N use efficiency in transgenic plants.",download_failed,0,False
200038965,GSE38965,Effect of oligomycin on transcript levels in Arabidopsis seedling cultures,Expression profiling by array,198,12,Arabidopsis thaliana,2012/06/28,H2O2;antioxidant_mutant,seedling;seed,True,True,ftp://ftp.ncbi.nlm.nih.gov/geo/series/GSE38nnn/GSE38965/,22805435,"To understand how an inhibition of the mitochondrial ATP synthase affects transcriptional programming and to identify potential candidates of the signaling machinery involved in ATP synthase deficiency responses, we used oligomycin on seedling liquid cultures. Seedlings were harvested at time points 0, 1 and 4 h after the start of oligomycin and control (EtOH) treatments. Already 1 h after addition of oligomycin a total of 102 genes were more than threefold up-regulated and 14 genes were repress",success,12,True
200039570,GSE39570,Regulation of the Arabidopsis Transcriptome by Oxidative Stress,Expression profiling by array,3226,2,Arabidopsis thaliana,2012/07/24,H2O2;pathogen_biotic,unspecified,True,False,ftp://ftp.ncbi.nlm.nih.gov/geo/series/GSE39nnn/GSE39570/,11553744,"Oxidative stress, resulting from an imbalance in the accumulation and removal of reactive oxygen species such as hydrogen peroxide (H2O2), is a challenge faced by all aerobic organisms. In plants, exposure to various abiotic and biotic stresses results in accumulation of H2O2 and oxidative stress. Increasing evidence indicates that H2O2 functions as a stress signal in plants, mediating adaptive responses to various stresses. To analyze cellular responses to H2O2, we have undertaken a large-scale",not_attempted,0,False
200004021,GSE4021,effect of redox on gene expression,Expression profiling by array,198,4,Arabidopsis thaliana,2006/04/10,singlet_oxygen;reductant;chloroplast_stress,rosette_leaf,True,True,ftp://ftp.ncbi.nlm.nih.gov/geo/series/GSE4nnn/GSE4021/,16648214,"In this study, we used GC-MS analysis in combination with flux analysis and the Affymetrix ATH1 GeneChip to survey the metabolome and transcriptome of Arabidopsis leaves in response to manipulation of the thiol-disulfide status. Feeding low concentrations of the sulfhydryl reagent dithiothreitol (DTT) for one hour at the end of the dark period led to post-translational redox-activation of ADP-glucose pyrophosphorylase and major alterations in leaf carbon partitioning, including an increased flux",success,4,True
200040574,GSE40574,Expression data from Arabidopsis under hydrogen peroxide and light treatment,Expression profiling by array,198,6,Arabidopsis thaliana,2012/09/05,H2O2,seedling;seed,True,True,ftp://ftp.ncbi.nlm.nih.gov/geo/series/GSE40nnn/GSE40574/,23024208,"Green plants are more robust to hydrogen peroxide (H2O2) stress and contain high endogeneous H2O2 levels which is generated during photorespiration and photosynthesis. Therefore, exgeneous H2O2 application mostly impose oxidative stress. To reduce endogenous H2O2 background, we adopted a strategy which is to grow Arabidopsis seedlings in the dark to eliminate light-induced H2O2 production, thus to reduce the endogenous H2O2 level. Exogenous H2O2 was then applied to induce transcriptome changes. ",success,6,True
200040735,GSE40735,Regulation of Oxidative Stress Responses by the Arabidopsis Heat Shock Factor A4A,Expression profiling by high throughput sequencing,16033,4,Arabidopsis thaliana,2012/12/31,heat,unspecified,True,True,ftp://ftp.ncbi.nlm.nih.gov/geo/series/GSE40nnn/GSE40735/,24676858,Identification of target genes for the transcription factor HSFA4A  in Arabidopsis thaliana.,success,4,True
200040940,GSE40940,Natural variation of transcriptional networks in Arabidopsis thaliana in response to salt stress,Expression profiling by array,9020,8,Arabidopsis; Arabidopsis thaliana,2014/01/01,ABA;salt;chloroplast_stress,root,True,True,ftp://ftp.ncbi.nlm.nih.gov/geo/series/GSE40nnn/GSE40940/,23894403,"Arabidopsis ecotypes of Sha and Ler showed differences in tolerance to salinity stress. A previous study indicated that a premature stop codon resulting in a truncated Response to ABA and Salt 1 (RAS1) protein in Sha contributes to the increased salt tolerance relative to Ler ecotype. Sha exhibited higher germination rates and longer roots on MS plate, presumably due to the decreased ABA sensitivity in Sha. More Sha plants also survived in soil after salt treatment with relatively lower electrol",success,8,True
200004113,GSE4113,Arabidopsis plants with altered levels of alternative oxidase,Expression profiling by array,198,9,Arabidopsis thaliana,2006/01/31,unclassified,rosette_leaf,True,True,ftp://ftp.ncbi.nlm.nih.gov/geo/series/GSE4nnn/GSE4113/,,"In higher plants, various developmental and environmental conditions enhance expression of the mitochondrial alternative oxidase (AOX). In this work transgenic Arabidopsis thaliana plants were generated that either overexpress AOX or inhibit its synthesis. Gene expression following antimycin A treatment, which inhibits the cytochrome pathway in mitochondria, was studied in an AOX overexpressor line. The role of AOX in regulation of reactive oxygen species (ROS) in leaves was studied in the trans",success,9,True
200041136,GSE41136,"Arabidopsis transcription factor ANAC017 is a necessary and central control point for normal transcriptome changes in response to reactive oxygen signals, such as H2O2, and specific mitochondrial retrograde stress signals",Expression profiling by array,198,36,Arabidopsis thaliana,2013/01/30,H2O2,unspecified,True,True,ftp://ftp.ncbi.nlm.nih.gov/geo/series/GSE41nnn/GSE41136/,24045017,"Stresses that target mitochondrial function lead to altered transcriptional responses for 100-1000s of genes genome wide, and are signalled via retrograde communication pathways within the cell. rao2 mutants contain a mutation in the NAC family transcription factor ANAC017 and cannot induce stress responsive genes (such as the mitochondrial alternative oxidase 1a) in response to mitochondrial dysfunction. We sought to define the global gene network regulated through RAO2 function in response to ",success,36,True
200041963,GSE41963,Gene expression analysis in wild-type and OsGRX8 overexpression line in response to various treatments,Expression profiling by array,198,16,Arabidopsis thaliana,2013/09/23,pathogen_biotic;chloroplast_stress,unspecified,True,True,ftp://ftp.ncbi.nlm.nih.gov/geo/series/GSE41nnn/GSE41963/,23918184,"Glutaredoxins (GRXs) are the ubiquitous oxidoreductase enzymes, which play important role in defense against various stresses. To analyze the function of a CC-type rice GRX gene, OsGRX8, we overexpressed it into Arabidopsis constitutively. The physiological analyses revealed that overexpression of GRX gene enhanced abiotic stress tolerance in transgenic plants as compared to wild-type. We used microarrays to study the global effect of overexpression of OsGRX8 in Arabidopsis under control and var",success,16,True
200042065,GSE42065,A key role for a glutathione transferase in multiple herbicide resistance in grass weeds,Expression profiling by array,198,6,Arabidopsis thaliana,2013/03/13,herbicide;antioxidant_mutant;chloroplast_stress,unspecified,True,True,ftp://ftp.ncbi.nlm.nih.gov/geo/series/GSE42nnn/GSE42065/,23530204,The gene encoding a protein (AmGSTF1) associated with multiple herbicide resistance (MHR) in black-grass was transgenically expressed in Arabidopsis thaliana.The goal of this study was to determine if AmGSTF1 could elicit an MHR phenotype in the transgenic host. Affymetix microarrays were used to detect changes in transcriptional regulation between amgstf1-expressors and wild-type Arabidopsis plants (ecotype Col0).,success,6,True
200042113,GSE42113,Trichoderma-plant root colonization: escaping early plant defense responses and activation of the antioxidant machinery,Expression profiling by array,12621,2,Arabidopsis thaliana,2012/11/09,chloroplast_stress,root,True,False,ftp://ftp.ncbi.nlm.nih.gov/geo/series/GSE42nnn/GSE42113/,23516362,"Trichoderma spp. are versatile opportunistic plant symbionts which can colonize the apoplast of plant roots. Microarrays analysis of Arabidopsis thaliana roots inoculated with Trichoderma asperelloides T203, coupled with qPCR analysis of 137 stress-responsive genes and transcription factors, revealed wide gene transcript reprogramming, preceded by a transient repression of the plant immune responses supposedly to allow root colonization. Enhancement in the expression of WRKY18 and 40, which stim",not_attempted,0,False
200042149,GSE42149,Expression data from Arabidopsis grown in perlite and compost,Expression profiling by array,198,5,Arabidopsis thaliana,2012/11/09,chloroplast_stress,unspecified,True,True,ftp://ftp.ncbi.nlm.nih.gov/geo/series/GSE42nnn/GSE42149/,23405252,Composts are the products obtained after the aerobic degradation of different types of organic matter wastes and can be used as substrates or substrate/soil amendments. There are a small but increasing number of reports that suggest that foliar diseases may be reduced when using compost as growing medium compared to standard substrates. The purpose of this study was to unravel the gene expression alteration produced by the compost to gain knowledge about the mechanisms involved in the compost-in,success,5,True
200042545,GSE42545,Chimeric repressors of GLKs confer tolerance to air pollutant by closing stomata in Arabidopsis,Expression profiling by array,7299,12,Arabidopsis thaliana,2015/10/01,ozone;chloroplast_stress,unspecified,True,True,ftp://ftp.ncbi.nlm.nih.gov/geo/series/GSE42nnn/GSE42545/,27035938,"Regulation of stomatal movement is one of the effective strategies for developing resistant crops to air pollutant because stomata allows absorption of various air pollutants, such as ozone and sulfur dioxide. Transcription factor (TF) is a fascinating target of genetic manipulation for this end because TF regulates many genes simultaneously and methods of genetic manipulation are universally established. Here, we have screened transgenic Arabidopsis lines expressing chimeric repressor of TFs in",success,12,True
200042642,GSE42642,The Arabidopsis copper transport protein COPT2 and the responses under copper and iron deficiency.,Expression profiling by array,2508,12,Arabidopsis thaliana,2013/06/05,chloroplast_stress,unspecified,True,True,ftp://ftp.ncbi.nlm.nih.gov/geo/series/GSE42nnn/GSE42642/,23487432,"Copper and iron are essential micronutrients for most living organisms because they participate as cofactors in biological processes including respiration, photosynthesis and oxidative stress protection. In many eukaryotic organisms, including yeast and mammals, copper and iron homeostases are highly interconnected; however such interdependence is not well established in higher plants. Here we propose that COPT2, a high-affinity copper transport protein, functions under copper and iron deficienc",success,12,True
200042710,GSE42710,Intersystem photosynthetic redox signal in retrograde chloroplast-to-nucleus communication,Expression profiling by array,198,18,Arabidopsis thaliana,2015/03/23,chloroplast_stress,stem,True,True,ftp://ftp.ncbi.nlm.nih.gov/geo/series/GSE42nnn/GSE42710/,25778986,"To analyze the impact of photosynthetic redox signals, light sources with spectral qualities that preferentially excite either Photosystem I (PSI light) or Photosystem II (PSII light) were used. The light sources have been described in (Wagner et al, Planta 2008). Strong reduction signals were induced by light shifts from PSI to PSII light (PSI-II). In order to find primary regulated genes the acclimation responses were monitored at 30 min and 60 min after a light shift. The control was continuo",success,18,True
200042899,GSE42899,Magnesium Availability Regulates Development of Root Hairs in Arabidopsis thaliana,Expression profiling by high throughput sequencing,13222,5,Arabidopsis thaliana,2012/12/14,unclassified,root,True,True,ftp://ftp.ncbi.nlm.nih.gov/geo/series/GSE42nnn/GSE42899/,,"Root hairs are frequently reported to be plastic in response to nutrient supply, but relatively little is known about their development in response to magnesium (Mg) availability, and evidence is scarce about the signals involved in this process. Here, we showed that both density and length of root hairs of Arabidopsis decreased logarithmically with increasing Mg supply in the media , which correlated with the initiation of new trichoblast files and likelihood of trichoblasts to form hairs. Low ",success,5,True
200043551,GSE43551,Chloroplast-dependent programmed cell death is activated in Arabidopsis cell cultures after singlet oxygen production by Rose Bengal,Expression profiling by array,198,18,Arabidopsis thaliana,2014/03/13,H2O2;singlet_oxygen;high_light;pathogen_biotic,stem;cell_culture,True,True,ftp://ftp.ncbi.nlm.nih.gov/geo/series/GSE43nnn/GSE43551/,24723397,"Arabidopsis thaliana cell suspension cultures (ACSC) were subjected to 30-min, mild chemical treatments with three different singlet oxygen elicitors at low-medium light conditions (150 µE m–2 s–1) with the aim of getting a better understanding of singlet oxygen-mediated defence responses in plants. The three elicitors Indigo Carmine (IC), Methylene Violet (MV) and Rose Bengal (RB) at a concentration of 0.5 µM were chosen because they exhibited different abilities to permeate the plasma membrane",success,18,True
200044984,GSE44984,Plant growth in Arabidopsis is assisted by whole soil microbial communities,Expression profiling by array,12621,4,Arabidopsis thaliana,2013/03/09,chloroplast_stress,root,True,True,ftp://ftp.ncbi.nlm.nih.gov/geo/series/GSE44nnn/GSE44984/,23847639,"Plants in their natural and agricultural environments are continuously exposed to a plethora of diverse microorganisms resulting in microbial colonization of plants in the rhizosphere. This process is believed to be accompanied by an intricate network of ongoing simultaneous interactions. In this study, we compared transcriptional patterns of Arabidopsis thaliana roots and shoots in the presence and absence of whole microbial communities extracted from compost soil. The results show a clear grow",success,4,True
200048474,GSE48474,Dissecting physiological and transcriptional responses of nitric oxide to drought stress by increasing in vivo nitric oxide content in Arabidopsis,Expression profiling by array,198,8,Arabidopsis thaliana; Arabidopsis,2014/06/03,H2O2;drought;ABA;nitric_oxide,stem,True,True,ftp://ftp.ncbi.nlm.nih.gov/geo/series/GSE48nnn/GSE48474/,24868034,"Nitric oxide (NO) is involved in all major environmental stresses. However, most of these understandings were mainly based on pharmacological study using NO modulator compounds. Recently, our studies together with others provided a new class of plant experimental system with specific in vivo NO release through constitutively overexpressing rat neuronal NO synthase (nNOS) in plants. In this study, we found that the nNOS transgenic Arabidopsis plants displayed lower level of H2O2 content, but high",success,8,True
200048676,GSE48676,Expression data from Arabidopsis leavs 10 min after wounding.,Expression profiling by array,198,6,Arabidopsis thaliana,2013/07/11,pathogen_biotic;chloroplast_stress,unspecified,True,True,ftp://ftp.ncbi.nlm.nih.gov/geo/series/GSE48nnn/GSE48676/,24599491,Rapid responses to biotic and abiotic insults are crucial for plant survival. We examined the very early (10 min) wound transcriptome in order to increase our understanding regarding this critical intial phase of the plant response to stress. Our analysis revealed a rapid induction of stress-related transcripts that was distinct from the long term events which are dominated by jasmonic pathway responses. The transcriptome showed high correlation between the early wound response and other early b,success,6,True
200049001,GSE49001,Mining the genome of Arabidopsis thaliana as a basis for the identification of novel bioactive peptides involved in oxidative stress tolerance,Expression profiling by genome tiling array,10977,4,Arabidopsis thaliana,2013/08/31,paraquat/MV,rosette_leaf,True,True,ftp://ftp.ncbi.nlm.nih.gov/geo/series/GSE49nnn/GSE49001/,24043855,"Although evidence accumulates on the role of plant peptides in the response to external conditions, the number of peptide-encoding genes in the genome is still underestimated. In order to identify novel oxidative stress-induced peptides in Arabidopsis thaliana a tiling array analysis (GeneChip® Arabidopsis Tiling 1.0R Arrays ) was performed on mRNA extracted from leaves treated with paraquat (PQ), an reactive oxygen species inducer and water (control), resulting in the identification of 92,844 a",no_data,0,False
200049418,GSE49418,Transcription factor WRKY46 regulates osmotic stress responses and stomatal movement tissue specifically and independently in Arabidopsis,Expression profiling by array,198,12,Arabidopsis thaliana,2015/02/01,drought;ABA;salt,unspecified,True,True,ftp://ftp.ncbi.nlm.nih.gov/geo/series/GSE49nnn/GSE49418/,24773321,"Drought and salt stress severely inhibit plant growth and development. However, the regulatory mechanisms of plants in response to these stresses are not fully understood. Here we find that the expression of a WRKY transcription factor WRKY46 is rapidly induced by drought, salt and oxidative stresses. Mutations of WRKY46 by T-DNA insertion lead to more sensitive to drought and salt stress, whereas, overexpression of WRKY46 exhibits hypersensitive in soil culture with higher water loss rate, but ",success,12,True
200049596,GSE49596,A New Mediator of Singlet Oxygen Responses in Chlamydomonas and Arabidopsis,Expression profiling by array,198,30,Arabidopsis thaliana,2014/04/21,singlet_oxygen;high_light;chloroplast_stress,unspecified,True,True,ftp://ftp.ncbi.nlm.nih.gov/geo/series/GSE49nnn/GSE49596/,24151292,"We identified a small zinc finger protein, MBS, as a new mediator of singlet oxygen responses in Chlamydomonas and Arabidopsis.  MBS is required for induction of singlet oxygen-dependent gene expression and, upon oxidative stress, accumulates in distinct granules in the cytosol of Arabidopsis cells. First, we recorded changes in light stress-regulated gene expression profiles after genetically perturbing MBS function by isolating mutants for the two MBS genes (MBS1 and MBS2) and by overexpressio",success,30,True
200049919,GSE49919,The nucleolar SAHY1 is involved in pre-rRNA processing and normal plant growth in Arabidopsis,Expression profiling by array,198,12,Arabidopsis thaliana,2018/08/13,unclassified,root,True,True,ftp://ftp.ncbi.nlm.nih.gov/geo/series/GSE49nnn/GSE49919/,33793900,"Although the nucleolus is known to be involved in the plant stress response, the underlying mechanisms remain unclear. In the present study, we genetically isolated and characterized the Arabidopsis thaliana salt hypersensitive mutant 1 (sahy1), which exhibits slow growth, short roots, and sterility. SAHY1 encodes an unknown protein that is predominantly expressed in root tips and mature pollens. Subcellular localization further demonstrated that SAHY1 is a nucleolar protein. Ploidy analysis and",success,12,True
200051767,GSE51767,Construction of gene expression profiles for anoxia-reoxygenation in Arabidopsis,Expression profiling by array,12621,78,Arabidopsis thaliana,2014/02/18,hypoxia,seedling;seed,True,True,ftp://ftp.ncbi.nlm.nih.gov/geo/series/GSE51nnn/GSE51767/,24506560,"To understand how plants respond to anoxia-reoxygenation, we have employed a global microarray expression profiling as a basic platform to characterize genes with the potential to mediate the recovery responses in Arabidopsis. 7-day-old seedlings were trated with 4hr and 8hr anoxia, and then reoxygenated in air for 0, 0.5, 1, 3, 6 hrs. Genes changed in both condition were designated as reoxygenation-regulated genes. They included the genes in ROS detoxification, dehydration, metabolic process, a",success,78,True
200052013,GSE52013,Activation of auxin signalling counteracts photorespiratory hydrogen peroxide dependent cell death,Expression profiling by array,198,6,Arabidopsis thaliana,2013/11/02,H2O2;singlet_oxygen;herbicide;antioxidant_mutant,seedling;seed;stem,True,True,ftp://ftp.ncbi.nlm.nih.gov/geo/series/GSE52nnn/GSE52013/,,"The high metabolic flux through photorespiration constitutes a significant part of the carbon cycle. Although, the major enzymatic steps of the photorespiratory pathway are well characterized, little information is available on the functional significance of photorespiration beyond carbon recycling. Particularly important in this respect is the peroxisomal catalase activity which removes photorespiratory H2O2 generated during the oxidation of glycolate to glyoxylate, thus maintaining the cellula",success,6,True
200052326,GSE52326,Arabidopsis AtbHLH112 protein binds to the G-box and a novel motif GCG-box to regulate gene expression in response to abiotic stress,Expression profiling by array,12621,12,Arabidopsis thaliana,2013/11/14,drought;salt;pathogen_biotic,unspecified,True,True,ftp://ftp.ncbi.nlm.nih.gov/geo/series/GSE52nnn/GSE52326/,,"Plant basic helix-loop-helix (bHLH) proteins play essential roles in physiological and developmental processes and are also involved in abiotic stresses. However, their exact roles in abiotic stress are still not fully understood, and most of them have not been functionally characterised. In the present study, we characterised the functional role of AtbHLH112 in response to abiotic stress. A WRKY gene, AtWRKY66, can regulate the expression of the AtbHLH112 via binding to W-box motifs present in ",success,12,True
200053078,GSE53078,HBI1 integrates hormonal and environmental signals to regulate the trade-off between growth and immunity (RNA-seq),Expression profiling by high throughput sequencing,9062,4,Arabidopsis thaliana,2014/05/30,pathogen_biotic,unspecified,True,True,ftp://ftp.ncbi.nlm.nih.gov/geo/series/GSE53nnn/GSE53078/,24550223,"The trade-off between growth and immunity is crucial for survival in plants. An antagonistic interaction has been observed between the growth-promoting hormone brassinosteroid and pathogen associated molecular pattern (PAMP) signals, which induce immunity but inhibit growth, however the underlying molecular mechanism has remained unclear. The PRE-IBH1-HBI1 triple helix-loop-helix/basic helix-loop-helix (HLH/bHLH) cascade has been shown to mediate growth responses to several hormonal and environm",no_data,0,False
200053099,GSE53099,HBI1 integrates hormonal and environmental signals to regulate the trade-off between growth and immunity (ChIP-seq),Genome binding/occupancy profiling by high throughput sequencing,9062,2,Arabidopsis thaliana,2014/05/30,pathogen_biotic,unspecified,False,False,ftp://ftp.ncbi.nlm.nih.gov/geo/series/GSE53nnn/GSE53099/,24550223,"The trade-off between growth and immunity is crucial for survival in plants. An antagonistic interaction has been observed between the growth-promoting hormone brassinosteroid and pathogen associated molecular pattern (PAMP) signals, which induce immunity but inhibit growth, however the underlying molecular mechanism has remained unclear. The PRE-IBH1-HBI1 triple helix-loop-helix/basic helix-loop-helix (HLH/bHLH) cascade has been shown to mediate growth responses to several hormonal and environm",not_attempted,0,False
200053152,GSE53152,Gene expression analysis in wild-type and OsGSTU4 overexpression line,Expression profiling by array,198,4,Arabidopsis thaliana,2014/08/28,pathogen_biotic;antioxidant_mutant;chloroplast_stress,unspecified,True,True,ftp://ftp.ncbi.nlm.nih.gov/geo/series/GSE53nnn/GSE53152/,24663444,"Glutathione S-transferases (GSTs) are the ubiquitous enzymes, which play important role in defense against various stresses. To analyze the function of a rice GST gene, OsGSTU4, we overexpressed it into Arabidopsis constitutively. The physiological analyses revealed that overexpression of GRX gene enhanced abiotic stress tolerance in transgenic plants as compared to wild-type. We used microarrays to study the global effect of overexpression of OsGSTU4 in Arabidopsis.",success,4,True
200054534,GSE54534,Expression data provoked by H2O2 from plastid or peroxisomal origin,Expression profiling by array,198,27,Arabidopsis thaliana,2014/09/30,H2O2;pathogen_biotic,stem,True,True,ftp://ftp.ncbi.nlm.nih.gov/geo/series/GSE54nnn/GSE54534/,24908268,"Reactive oxygen species (ROS) are key signalling molecules that regulate growth and development and coordinate responses to biotic and abiotic stresses. ROS homeostasis is controlled through a complex network of ROS production and scavenging enzymes. Recently, the first genes involved in ROS perception and signal transduction have been identified and, currently, we are facing the challenge to uncover the other players within the ROS regulatory gene network. The specificity of ensuing cellular re",success,27,True
200005530,GSE5530,Hydrogen peroxide stress and Zat12 over-expression in Arabidopsis.,Expression profiling by array,198,12,Arabidopsis thaliana,2006/08/15,H2O2,seedling;seed,True,True,ftp://ftp.ncbi.nlm.nih.gov/geo/series/GSE5nnn/GSE5530/,,In this experiment we tested the transcriptome of transgenic Arabidopsis seedlings (5-day-old) constitutively expressing the zinc-finger protein Zat12 (At5g59820) under the control of the 35S-CaMV promoter (Zat12). The transcriptome of these seedlings was compared to that of wild type seedlings grown under the same conditions (WT) and to that of wild type seedlings grown under the same conditions and subjected to a hydrogen peroxide stress (WT+H2O2). Hydrogen peroxide treatment was performed by ,success,12,True
200055436,GSE55436,Genome-wide transcriptome analysis reveals ABA mediated response in Arabidopsis during gold (Aucl4-) treatment,Expression profiling by array,17416;18349,12,Arabidopsis thaliana,2014/10/05,ABA;antioxidant_mutant;chloroplast_stress,seedling;root;seed,True,True,ftp://ftp.ncbi.nlm.nih.gov/geo/series/GSE55nnn/GSE55436/,25506348,"Genome-wide transcriptome analysis was carried out in root tissue of Arabidopsis seedlings treated with gold (Au) as Chloroauric acid (HAuCl4). This study demonstrated remarkable changes in root transcriptome within the 12 h exposure. Most of the genes differentially expressed were related to glutathione binding, methylations, secondary metabolism, sugar metabolism, ABA, ethylene, auxin related signalling, transport and signal-transduction pathways.",download_failed,0,False
200057035,GSE57035,"Physiological, biochemical and genome-wide transcriptional analysis reveals that elevated CO2 mitigates the impact of combined heat wave and drought stress in Arabidopsis thaliana at multiple organizational levels",Expression profiling by array,12621,16,Arabidopsis thaliana,2014/04/24,H2O2;singlet_oxygen;drought,unspecified,True,True,ftp://ftp.ncbi.nlm.nih.gov/geo/series/GSE57nnn/GSE57035/,24802996;29462345,"Genome-wide transcriptional profiling of Arabidopsis thaliana to a combination of heatwave and drought under ambient and elevated CO2. Goal of this study was elucidate the transcriptional responses to a combination of heat wave and drought, and to see  how these responses are modifed under future climate (high) CO2. Climate changes increasingly threaten plant growth and productivity. Such changes are complex and involve multiple environmental factors, including rising CO2 levels and climate extr",success,16,True
200005718,GSE5718,The protective role of silicon in the Arabidopsis-powdery mildew pathosystem,Expression profiling by array,2871,24,Arabidopsis thaliana,2006/09/30,pathogen_biotic,stem,True,True,ftp://ftp.ncbi.nlm.nih.gov/geo/series/GSE5nnn/GSE5718/,17082308,"The role and essentiality of silicon (Si) in plant biology has been debated for over 150 years in spite of numerous reports describing its beneficial properties. To obtain unique insights regarding the effect of Si on plants, we performed a complete transcriptome analysis of both control and powdery mildew-stressed Arabidopsis plants, with or without Si application, using a 44K microarray. Surprisingly, the expression of all but two genes was unaffected by Si in control plants, a result contradi",success,24,True
200005722,GSE5722,Functional Genomics of Ozone Stress in Arabidopsis.,Expression profiling by array,198,6,Arabidopsis thaliana,2007/01/08,ozone;chloroplast_stress,seedling;seed,True,True,ftp://ftp.ncbi.nlm.nih.gov/geo/series/GSE5nnn/GSE5722/,,Ozone is known to induce gene expression in plants. The roles of the induced genes and the molecular basis for the induction however largely remain to be elucidated. We will expose 2 week-old Arabidopsis seedlings to 200 ppb ozone for 1 h. RNA will be extracted from control and ozone-fumigated seedlings 3 h following the end of the fumigation period. The induction of the known anti-oxidant enzyme GST will be confirmed prior to submission of the RNA samples to GARNet. Changes in gene expression w,success,6,True
200005728,GSE5728,Environmental Genomics of calcicole-calcifuge physiology,Expression profiling by array,198,8,Arabidopsis thaliana,2007/01/08,ozone,unspecified,True,True,ftp://ftp.ncbi.nlm.nih.gov/geo/series/GSE5nnn/GSE5728/,,"Aim To identify genes which are differentially expressed between calcicoles and non- calcicoles. Background Grasslands on the calcareous soils of chalk and other limestones are among the most species-rich plant communities in Europe (Rodwell 1991 et seq.). They have experienced huge losses and remain vulnerable to such impacts as neglect of traditional management, agricultural improvement and global changes in climate, nitrogen depositions and ozone levels. Our understanding of the physiological",success,8,True
200057286,GSE57286,Expression data from Arabidopsis thaliana under mild oxidative stress elicited by methyl viologen and stress induced by the limited availability of phosphate,Expression profiling by array,198,18,Arabidopsis thaliana,2017/08/07,paraquat/MV;pathogen_biotic;antioxidant_mutant;chloroplast_stress,unspecified,True,True,ftp://ftp.ncbi.nlm.nih.gov/geo/series/GSE57nnn/GSE57286/,28894456,"Plants possess highly sensitive mechanisms that monitor environmental stress levels for a dose-dependent fine-tuning of their growth and development. Differences in plant responses to severe and mild abiotic stresses have been recognized. Although many studies have revealed that glutathione can contribute to plant tolerance to various environmental stresses, little is known about the relationship between glutathione and mild abiotic stress, especially the effect of stress-induced altered glutath",success,18,True
200005737,GSE5737,Carbohydrate- and redox-regulation of gene expression in a TPT mutant,Expression profiling by array,198,12,Arabidopsis thaliana,2007/01/08,high_light;antioxidant_mutant;chloroplast_stress,unspecified,True,True,ftp://ftp.ncbi.nlm.nih.gov/geo/series/GSE5nnn/GSE5737/,,"The triose-phosphate/phosphate translocator (TPT) of the chloroplast inner envelope membrane mediates the counter-exchange of stromal triose phosphates derived from CO2 fixation with cytosolic phosphate, thus providing the cytosol with precursors for sucrose synthesis. We have isolated an Arabidopsis mutant (tpt-1) in which the gene encoding TPT is disrupted by a T-DNA insertion. During growth in low light tpt-1 plants are phenotypically normal, but in high light photosynthesis is inhibited and ",success,12,True
200057690,GSE57690,Genome-wide analysis of PAPS1-dependent polyadenylation identifies novel roles for functionally specialized poly(A) polymerases in Arabidopsis thaliana,Expression profiling by high throughput sequencing,13222,16,Arabidopsis thaliana,2015/07/30,chloroplast_stress,unspecified,True,True,ftp://ftp.ncbi.nlm.nih.gov/geo/series/GSE57nnn/GSE57690/,26305463,"The poly(A) tail at 3' ends of eukaryotic mRNAs promotes their nuclear export, stability and translational efficiency, and changes in its length can strongly impact gene expression. The Arabidopsis thaliana genome encodes three canonical nuclear poly(A) polymerases, PAPS1, PAPS2 and PAPS4. As shown by their different mutant phenotypes, these three isoforms are functionally specialized, with PAPS1 modifying organ growth and suppressing a constitutive immune response. However, the molecular basis ",no_data,0,False
200058771,GSE58771,Expression data from Arabidopsis thaliana root and piriformaspora indica  during log and short term interaction,Expression profiling by array,198,4,Arabidopsis thaliana,2016/05/30,pathogen_biotic,root,True,True,ftp://ftp.ncbi.nlm.nih.gov/geo/series/GSE58nnn/GSE58771/,25849363;26697320,"Piriformospora indica, an endophytic fungus of Sebacinales, colonizes the roots of many plant species including Arabidopsis thaliana. The symbiotic interaction promotes plant per-formance, growth and resistance/tolerance against abiotic and biotic stress. We demonstrate that exudated compounds from the fungus activate stress and defense responses in the Arabidopsis roots and shoots before the two partners are in physical contact. They induce stomata closure, stimulate reactive oxygen species (RO",success,4,True
200059562,GSE59562,Gene expression data of the Arabidopsis thaliana mutant aladin,Expression profiling by array,17416,12,Arabidopsis thaliana,2015/12/30,mitochondrial_stress;chloroplast_stress,unspecified,True,True,ftp://ftp.ncbi.nlm.nih.gov/geo/series/GSE59nnn/GSE59562/,,"The ALADIN protein is a component of the nuclear pore complex in higher eukaryotes. Alteration in ALADIN is the basis for the human disease called triple A syndrome (Achalasia-Addisonianism-Alacrima Syndrome). A recent report showed that ALADIN deficiency decreases the tolerance to oxidative stress in human cells and impairs their ability to proliferate. An ALADIN homologue exists in plants, but its functions are still unknown. Therefore, the role of ALADIN was investigated in Arabidopsis thalia",success,12,True
200060260,GSE60260,Arabidopsis AtbHLH112 protein positively regulates tolerance to abiotic stress and binds to the E-box and a novel motif GCG-box,Expression profiling by array,12621,18,Arabidopsis thaliana,2014/08/09,drought;pathogen_biotic,unspecified,True,True,ftp://ftp.ncbi.nlm.nih.gov/geo/series/GSE60nnn/GSE60260/,,"Plant basic helix-loop-helix (bHLH) transcription factors are involved in physiological and developmental processes, and also play essential roles in abiotic stresses. However, their exact roles in abiotic stress are still need to be elucidated, and most of bHLHs have not been functionally characterized. In the present study, we characterized the functional role of AtbHLH112 in response to abiotic stresses. AtbHLH112 is a nuclear-localized protein, and its nuclear-localization is induced by salt",success,18,True
200061170,GSE61170,Transcriptomic profiling of Arabidopsis thaliana in response to combined stress treatment under altered GSH conditions.,Expression profiling by array,19154,4,Arabidopsis thaliana,2015/04/08,pathogen_biotic;antioxidant_mutant;chloroplast_stress,rosette_leaf;seed,True,True,ftp://ftp.ncbi.nlm.nih.gov/geo/series/GSE61nnn/GSE61170/,25822199,The Arabidopsis seeds of Col-0 and pad2.1 were grown for three weeks and were further placed in filter paper for 5 min at 4°C and then transferred to 1/2MS media with 30% PEG at 4°C for an additional 6 hours; the leaves were collected for RNA isolation. Trancriptomic profiling of the combined stress treated Col-0 and pad2.1 indicated downregulation of various abiotic and oxidative stress responsive genes in pad2.1 in response to combined stress treatment.,success,4,True
200061542,GSE61542,Quantitative trait loci mapping and transcriptome analysis reveal candidate genes regulating the response to ozone in Arabidopsis thaliana,Expression profiling by high throughput sequencing,17639,24,Arabidopsis thaliana,2014/09/19,ozone,unspecified,True,True,ftp://ftp.ncbi.nlm.nih.gov/geo/series/GSE61nnn/GSE61542/,25496229,"The formation of Reactive oxygen species (ROS) has been detected in all cellular departments and even in apoplastic space of plants. As multifaceted molecule, ROS are known to accumulate in response to various stresses, and ROS burst accompanied with transcriptomic reprogramming leading to defense response or programmed cell death. Acute ozone exposure has been used as a noninvasive tool to study ROS burst induced defense response and cell death for a long time. Moreover the variation of ozone s",no_data,0,False
200006163,GSE6163,Transcription profiling of Arabidopsis acclimation to light intensity,Expression profiling by array,71,6,Arabidopsis thaliana,2007/01/22,chloroplast_stress,unspecified,True,True,ftp://ftp.ncbi.nlm.nih.gov/geo/series/GSE6nnn/GSE6163/,,The acclimation of plants to environmental factors (light/temperature/nutrient availability) plays a crucial role in determining their tolerance to stress their ability to compete with other plants and the efficiency with which external inputs are used for growth and productivity.  Some of the clearest responses involve the major modifications in the composition of the photosynthetic apparatus in response to light intensity.  Photosynthetic acclimation. The acclimation response involves changes ,success,6,True
200006165,GSE6165,The effect of mutations in AtrbohC on the pattern of gene expression in primary root tissue.,Expression profiling by array,198,6,Arabidopsis thaliana,2007/01/22,H2O2;singlet_oxygen;antioxidant_mutant,root;stem,True,True,ftp://ftp.ncbi.nlm.nih.gov/geo/series/GSE6nnn/GSE6165/,,"Aim:  To determine the effect of an AtrbohC mutation on the gene expression pattern in primary root tissue, to identify candidate genes acting downstream of AtrbohC, particularly any encoding antioxidant-related proteins, signal transduction components or proteins known to be required for normal root-hair development. Background:  Root-hairs are a model system for investigating plant cell polarity. The root-hair mutant rhd2 (Schiefelbein and Somerville, 1990. Plant Cell, 2:235) has short hairs t",success,6,True
200006170,GSE6170,Establishing the action(s) of nitric oxide in plants.,Expression profiling by array,71,2,Arabidopsis thaliana,2007/01/08,pathogen_biotic;nitric_oxide,unspecified,True,False,ftp://ftp.ncbi.nlm.nih.gov/geo/series/GSE6nnn/GSE6170/,,"Nitric oxide (NO.) is a well-established signal in mammalian cells regulating e.g. smooth muscle tone, neurotransmission and apoptosis. NO interacts with superoxide (O2-) to derive the highly reactive peroxynitrite (ONOO-) radical leading to the generation of lipid hydroxy-peroxides (ROO.) and cell death. Thus the recent reports implicating of .NO in the Hypersensitive Response (HR) a form of programmed cell death elicited by pathogens in plantsis suggestive of parallel roles in animals and plan",not_attempted,0,False
200061922,GSE61922,APR2 mapping,Genome variation profiling by SNP array,10855,2,Arabidopsis thaliana,2014/10/01,unclassified,unspecified,False,False,ftp://ftp.ncbi.nlm.nih.gov/geo/series/GSE61nnn/GSE61922/,25245030,"ABSTRACT: Natural variation allows the investigation of both the fundamental functions of genes and their role in local adaptation. As one of the essential macronutrients, sulfur is vital for plant growth and development, and also for crop yield and quality. Selenium and sulfur are assimilated by the same process, and although plants do not require selenium, plant-based selenium is an important source of this essential element for animals. Here, we report the use of linkage mapping in synthetic ",not_attempted,0,False
200062888,GSE62888,The ThbZIP1 can be regulated by an ABF Transcription Factor and sensitivity to ABA treatment,Expression profiling by array,12621,8,Arabidopsis thaliana,2014/11/01,ABA,rosette_leaf,True,True,ftp://ftp.ncbi.nlm.nih.gov/geo/series/GSE62nnn/GSE62888/,,"In the current report, we report that ThbZIP1 is a direct target gene of the ThABF1 transcription factor. There are three ABRE motifs in the promoter of ThbZIP1, Yeast one-hybrid (Y1H) assays showed that a ABF protein, ThABF1, specifically binds to the ABRE motifs. The interaction between ThABF1 and the promoter of ThbZIP1 was further confirmed by transient expression assays in tobacco leaves. Chromatin Immunoprecipitation (ChIP) results suggested that binding of ThABF1 to ABRE motifs in the pro",success,8,True
200063184,GSE63184,RNA-DIRECTED DNA METHYLATION 4 modulates cold stress resistance in Arabidopsis through the C-REPEAT-BINDING FACTOR-mediated pathway [Agilent],Expression profiling by array,9020,12,Arabidopsis thaliana,2016/06/30,cold,unspecified,True,True,ftp://ftp.ncbi.nlm.nih.gov/geo/series/GSE63nnn/GSE63184/,26522658,"The C-REPEAT-BINDING FACTOR (CBF) pathway has important roles in plant responses to cold stress. Previous research documented that constitutively expressed upstream transcription factors are activated by cold stress to induce the expression of CBF genes and the resulting CBF proteins trigger the expression of downstream cold responsive genes that confer freezing tolerance. In the present study, we found that dysfunction of RNA-DIRECTED DNA METHYLATION 4 (RDM4), which encodes a protein that assoc",success,12,True
200063185,GSE63185,RNA-DIRECTED DNA METHYLATION 4 modulates cold stress resistance in Arabidopsis through the C-REPEAT-BINDING FACTOR-mediated pathway [Affymetrix],Expression profiling by array,198,12,Arabidopsis thaliana,2016/06/30,cold,unspecified,True,True,ftp://ftp.ncbi.nlm.nih.gov/geo/series/GSE63nnn/GSE63185/,26522658,"The C-REPEAT-BINDING FACTOR (CBF) pathway has important roles in plant responses to cold stress. Previous research documented that constitutively expressed upstream transcription factors are activated by cold stress to induce the expression of CBF genes and the resulting CBF proteins trigger the expression of downstream cold responsive genes that confer freezing tolerance. In the present study, we found that dysfunction of RNA-DIRECTED DNA METHYLATION 4 (RDM4), which encodes a protein that assoc",success,12,True
200063946,GSE63946,Expression data from Arabidopsis Col and rglg1/2 mutant in response to Fe deficiency,Expression profiling by array,198,24,Arabidopsis thaliana,2016/10/30,chloroplast_stress,rosette_leaf;root,True,True,ftp://ftp.ncbi.nlm.nih.gov/geo/series/GSE63nnn/GSE63946/,,"Iron is an essential element for almost all organisms, catalyzing numerous essential redox reactions by virtue of its unique electrochemical properties. Iron levels in cells need to be carefully balanced. Rglg1/2 is an Arabidopsis mutant which display a pleiotropic phenotype partly resembling iron-deficient plants.To dissect global transcriptional regulation of gene expression in iron-deficient plants, we conducted genome-wide proteomic and transcriptomic surveys of leaves and roots from iron-su",success,24,True
200064354,GSE64354,Reactive leaf volatiles act as powerful inducers of abiotic stress-related gene expression [Agilent],Expression profiling by array,9020,4,Arabidopsis thaliana,2014/12/20,heat;pathogen_biotic,rosette_leaf,True,True,ftp://ftp.ncbi.nlm.nih.gov/geo/series/GSE64nnn/GSE64354/,25619826,"Abiotic stresses cause serious damage to plants; therefore, plants undergo a complicated stress response through signal transduction originating from environmental stimuli. Here we show that a subset of short-chain leaf volatiles with an α,β-unsaturated carbonyl bond in their structure (reactive short-chain leaf volatiles, RSLVs) like (E)-2-hexenal and (E)-2-butenal can act as signal chemicals that strongly induce the gene expression of abiotic-related transcription factors, such as heat stress-",success,4,True
200064355,GSE64355,Reactive leaf volatiles act as powerful inducers of abiotic stress-related gene expression [NimbleGen],Expression profiling by array,10689,4,Arabidopsis thaliana,2014/12/20,heat;pathogen_biotic,rosette_leaf,True,True,ftp://ftp.ncbi.nlm.nih.gov/geo/series/GSE64nnn/GSE64355/,25619826,"Abiotic stresses cause serious damage to plants; therefore, plants undergo a complicated stress response through signal transduction originating from environmental stimuli. Here we show that a subset of short-chain leaf volatiles with an α,β-unsaturated carbonyl bond in their structure (reactive short-chain leaf volatiles, RSLVs) like (E)-2-hexenal and (E)-2-butenal can act as signal chemicals that strongly induce the gene expression of abiotic-related transcription factors, such as heat stress-",success,4,True
200064501,GSE64501,Physiological and transcriptome responses to elevated CO2 and magnesium in Arabidopsis thaliana,Expression profiling by high throughput sequencing,17639,24,Arabidopsis thaliana,2015/05/01,singlet_oxygen;chloroplast_stress,unspecified,True,True,ftp://ftp.ncbi.nlm.nih.gov/geo/series/GSE64nnn/GSE64501/,26881808,Background: The unprecedented rise in atmospheric CO2 concentration and injudicious fertilization or heterogeneous distribution of Mg in the soil warrant further research to understand the synergistic and holistic mechanisms involved in the plant growth regulation. The objective of this work is to understand responses in plants along with interactive effect of elevated CO2 and Mg levels by comparing data on single stress with that of combined stresses. Results: This study investigated the influe,no_data,0,False
200064783,GSE64783,High REDOX RESONSIVE TRANSCRIPTION FACTOR1 levels result in accumulation of reactive oxygen species in Arabidopsis thaliana shoots and roots,Expression profiling by array,198,6,Arabidopsis thaliana,2015/04/23,H2O2;pathogen_biotic,rosette_leaf;root;stem,True,True,ftp://ftp.ncbi.nlm.nih.gov/geo/series/GSE64nnn/GSE64783/,25882345,"Redox Responsive Transcription Factor1 (RRTF1) in Arabidopsis is rapidly and transiently upregulated by H202, as well as biotic and abiotic induced redox signals. Inactivation of RRTF1 restricts and overexpression promotes reactive oxygen species (ROS) accumulation in response to stress. Overexpressor (oe) lines are impaired in root and shoot development, light sensitive and susceptible to Alternaria brassicae infection. These symptoms are diminished by the beneficial root endophyte Piriformospo",success,6,True
200064853,GSE64853,High REDOX RESONSIVE TRANSCRIPTION FACTOR1 levels result in accumulation of reactive oxygen species in Arabidopsis thaliana shoots and roots [mature leaves],Expression profiling by array,198,6,Arabidopsis thaliana,2015/04/23,H2O2;pathogen_biotic,rosette_leaf;root;stem,True,True,ftp://ftp.ncbi.nlm.nih.gov/geo/series/GSE64nnn/GSE64853/,25882345,"Redox Responsive Transcription Factor1 (RRTF1) in Arabidopsis is rapidly and transiently upregulated by H202, as well as biotic and abiotic induced redox signals. Inactivation of RRTF1 restricts and overexpression promotes reactive oxygen species (ROS) accumulation in response to stress. Overexpressor (oe) lines are impaired in root and shoot development, light sensitive and susceptible to Alternaria brassicae infection. These symptoms are diminished by the beneficial root endophyte Piriformospo",success,6,True
200065740,GSE65740,Transcriptome analysis of apoplastic reactive oxygen species signaling and dissection of its regulatory pathways,Expression profiling by high throughput sequencing,17639,24,Arabidopsis thaliana,2015/02/10,singlet_oxygen;pathogen_biotic,stem,True,True,ftp://ftp.ncbi.nlm.nih.gov/geo/series/GSE65nnn/GSE65740/,33624812,"As sessile organism, plants evolved a highly complicated signaling system to cope with unfavorable and fluctuating environmental conditions. Rapid and transient Reactive Oxygen Species (ROS) burst is a common response to both biotic and abiotic stresses. Plants exposed with O3 could trigger extracellular similar ROS production through cell wall peroxidases and NPADPH oxidases, resulting in changes in the gene expression and cell death. Whereas ROS induced cell death is not simply due to its toxi",no_data,0,False
200066365,GSE66365,Transcriptomic responses of cat2-2 and shr-6 cat2-2 to photorespiratory conditions,Expression profiling by array,198,6,Arabidopsis thaliana,2016/06/10,H2O2;singlet_oxygen;antioxidant_mutant,root,True,True,ftp://ftp.ncbi.nlm.nih.gov/geo/series/GSE66nnn/GSE66365/,27246095,"Hydrogen peroxide (H2O2) is a potent signaling molecule influencing various aspects of plant growth and development. Its limited lifetime and specific production sites in the plant cell necessitate the existence of specialized mechanisms that relay H2O2-encoded information. To discover such mechanisms, we focused on peroxisomal H2O2 production triggered by enhanced photorespiration in Arabidopsis mutants lacking catalase activity (cat2-2), and looked for second-site mutations that attenuate the ",success,6,True
200066477,GSE66477,Transcript profiling upon ethanol-induced expression of Xcv type 3- effector xopB in A. thaliana,Expression profiling by array,9020,10,Arabidopsis thaliana,2015/10/01,pathogen_biotic,unspecified,True,True,ftp://ftp.ncbi.nlm.nih.gov/geo/series/GSE66nnn/GSE66477/,,The bacterial pathogen Xanthomonas campestris pv. vesicatoria 85-10 (Xcv) translocates about 30 type 3 effector proteins (T3Es) into pepper plants (Capsicum annuum) to suppress its immune responses. Among them is XopB which was previously shown to interfere with cell wall-bound invertase (CwInv) and sugar-mediated defence responses. Transgenic Arabidopsis thaliana lines expressing xopB under control of an ethanol inducible promotor were generated to investigate the in planta activity of this eff,success,10,True
200066980,GSE66980,Arabidopsis thaliana Growth is Negatively Regulated by the Class III Peroxidase AtPrx71 during Development and in Response to Cell Wall Damage,Expression profiling by array,15543,9,Arabidopsis thaliana,2016/01/06,unclassified,unspecified,True,True,ftp://ftp.ncbi.nlm.nih.gov/geo/series/GSE66nnn/GSE66980/,26468518,"The cell wall is a crucial structure in plant cells, and modifications in its composition often have a major impact on growth and development. However, the molecular mechanisms responsible for the negative effects of cell wall alterations on plant growth are largely unknown. It was previously shown that a reduction in the levels of de-esterified homogalacturonan, a major pectin component of cell walls, in Arabidopsis thaliana plants expressing a fungal polygalacturonase or mutated in the QUASIMO",success,9,True
200067356,GSE67356,Increased level of glutathione contributes to stress tolerances and global translational changes in Arabidopsis,Expression profiling by array,12621,16,Arabidopsis thaliana,2015/03/28,antioxidant_mutant;chloroplast_stress,root,True,True,ftp://ftp.ncbi.nlm.nih.gov/geo/series/GSE67nnn/GSE67356/,,"Polysomal profiling results showed that global translation was enhanced in roots after 8 h and in shoots after 24 h of GSH treatment. By performing transcriptomic analyses of steady-state and polysome-bound mRNAs in GSH-treated plants, we reveal that GSH has more a greatersubstantial impact on translational change.",success,16,True
200068093,GSE68093,Root development and responses are alerted by light,Expression profiling by array,13970,6,Arabidopsis thaliana,2016/04/01,H2O2,root;stem,True,True,ftp://ftp.ncbi.nlm.nih.gov/geo/series/GSE68nnn/GSE68093/,26628743,"Investigation of whole genome gene expression level changes in Arabidopsis roots by the effect of light. Plant growth is sustained by a continuous cell division in meristems  followed by cell differentiation and elongation. We have found that in  Arabidopsis thaliana roots, flavonols play a key role in regulating the transition from cell division to differentiation. Using an engineered device to grow roots in darkness, but shoot in  light cycle, coupled with transcriptomic and metabolomics analy",success,6,True
200069510,GSE69510,Reducing Cytoplasmic Polyamine Oxidase Activity in Arabidopsis Increases Salt and Drought Tolerance by Reducing Reactive Oxygen Species Production and Increasing Defense Gene Expression.,Expression profiling by high throughput sequencing,13222,8,Arabidopsis thaliana,2016/02/22,drought,rosette_leaf;stem,True,True,ftp://ftp.ncbi.nlm.nih.gov/geo/series/GSE69nnn/GSE69510/,26973665,"Arabidopsis thaliana polyamine oxidase 5 gene (AtPAO5) functions as a thermospermine (T-Spm) oxidase. Aerial growth of its knock-out mutant (Atpao5-2) is significantly repressed by low dose(s) of T-Spm but not by other polyamines. Massive analysis of 3’-cDNA ends (MACE) was performed. Cell wall, lipid and secondary metabolisms were dramatically affected in low dose T-Spm-treated Atpao5-2. Intriguingly Fe-deficient responsive genes and drought stress-induced genes were up-regulated, suggesting th",no_data,0,False
200071188,GSE71188,"Expression data of 20 Arabidopsis thaliana accessions at dusk, dawn and after an extension of the night",Expression profiling by array,198,119,Arabidopsis thaliana,2023/12/31,chloroplast_stress,unspecified,True,True,ftp://ftp.ncbi.nlm.nih.gov/geo/series/GSE71nnn/GSE71188/,,"Large-scale identification of transcripts with large cross-genotype differences in abundance provides a genome-wide approach to identify natural variation in gene function. Transcript profiling was performed in 20 Arabidopsis accessions at dusk, dawn and after a 6h extension of the night. Individual genes with a high variance in transcript abundances across accessions were identified by inspection at each individual time point and by ANOVA across all three time points. Up to 40% of genes show si",success,119,True
200071914,GSE71914,Arabidopsis Me-0 vs tetraploid Col,Expression profiling by array,12621,7,Arabidopsis thaliana,2016/01/14,chloroplast_stress,cell_culture,True,True,ftp://ftp.ncbi.nlm.nih.gov/geo/series/GSE71nnn/GSE71914/,26754665,"To investigate gene expression differences related to the regulation of stomatal aperture between two Arabidopsis accessions, Me-0 and tetraploid Col, we performed microarray analysis on guard cell protoplasts from these two accessions. We identified 1,777 probes as up-regulated and 1,706 probes as down-regulated differentially expressed genes (DEGs) in Me-0 compared with tetraploid Col (adjusted P-value < 0.001 and log 2 fold change of greater than 1 or less than -1). Using gene set analysis to",success,7,True
200072050,GSE72050,Expression of Vitis amurensis NAC26 in Arabidopsis enhances drought tolerance by modulating jasmonic acid synthesis,Expression profiling by array,198,8,Arabidopsis thaliana,2015/08/14,H2O2;drought;salt;pathogen_biotic,unspecified,True,True,ftp://ftp.ncbi.nlm.nih.gov/geo/series/GSE72nnn/GSE72050/,27162276,"The growth and fruit quality of grapevine are widely affected by abnormal climatic conditions such as water deficit. But how grapevine responds to drought stress is still largely unknown. Here we found that VaNAC26, a member of NAC transcription factor family, was up-regulated dramatically during cold, drought and salinity treatments in Vitis amurensis, a cold and drought-hardiness wild Vitis species. Ectopic overexpression of VaNAC26 enhanced the drought and salt tolerances in transgenic Arabid",success,8,True
200007211,GSE7211,A polyadenylation factor subunit implicated in regulating oxidative stress responses in Arabidopsis thaliana,Expression profiling by array,198,10,Arabidopsis thaliana,2007/03/07,chloroplast_stress,unspecified,True,True,ftp://ftp.ncbi.nlm.nih.gov/geo/series/GSE7nnn/GSE7211/,18545667,"The oxt6 mutant is an oxidative stress-tolerant Arabidopsis mutant that is deficient in a polyadenylation factor subunit.  Expression analysis suggests that impaired poly(A) site choice is responsible for the stress-tolerant phenotype. We used microarrays to understand the link between the polyadenylation defect and stress tolerance. Keywords: mutant, wild-type, complemented line comparison",success,10,True
200072547,GSE72547,Exogenous isoprene modulates gene expression in unstressed Arabidopsis thaliana plants,Expression profiling by array,9020,12,Arabidopsis thaliana,2015/09/01,pathogen_biotic;chloroplast_stress,unspecified,True,True,ftp://ftp.ncbi.nlm.nih.gov/geo/series/GSE72nnn/GSE72547/,26477606,"Isoprene is a well-studied volatile hemiterpene that protects plants from abiotic stress through mechanisms that are not fully understood. The antioxidant and membrane stabilizing potential of isoprene are the two most commonly invoked mechanisms. However, isoprene also affects phenylpropanoid metabolism, suggesting an additional role as a signaling molecule. In this study, microarray based gene expression profiling reveals widespread transcriptional reprogramming of Arabidopsis thaliana plants ",success,12,True
200007334,GSE7334,Microarray Analysis of Arabidopsis Genome Response to Aluminum Stress,Expression profiling by array,198,4,Arabidopsis thaliana,2007/12/31,chloroplast_stress,seedling;seed,True,True,ftp://ftp.ncbi.nlm.nih.gov/geo/series/GSE7nnn/GSE7334/,,"To better understand the mechanisms involved in aluminum (Al) toxicity and tolerance in plants, microarray technology was used to evaluate changes in gene expression in Arabidopsis thaliana under Al stress. With the use of Affymetrix Arabidopsis ATH1 Genechip, a comparison of RNA expression profiles was made between control and Al-treated Arabidopsis seedlings. A total of 256 genes were identified as Al-responsive. Ninety-four genes were shown to be up-regulated and 162 were down-regulated; comp",success,4,True
200074386,GSE74386,Correlative Controls of Seeds over Maternal Growth and Senescence in Arabidopsis,Expression profiling by high throughput sequencing,17639,12,Arabidopsis thaliana,2016/01/01,singlet_oxygen,seed;flower;stem,True,True,ftp://ftp.ncbi.nlm.nih.gov/geo/series/GSE74nnn/GSE74386/,27009281,"Correlative controls (influences of one organ over another organ) of seeds over maternal growth are one of the most obvious phenotypic expressions of the trade-off between growth and reproduction. However, the underlying molecular mechanisms are largely unknown. Here, we characterize the physiological and molecular effects of correlative inhibition by seeds on Arabidopsis thaliana inflorescences, i.e. global proliferative arrest (GPA) during which all maternal growth ceases upon the production o",success,12,True
200077017,GSE77017,SHORT-ROOT Deficiency Alleviates the Cell Death Phenotype of the Arabidopsis catalase2 Mutant under Photorespiration-Promoting Conditions,Expression profiling by high throughput sequencing,19580,24,Arabidopsis thaliana,2016/07/28,H2O2;singlet_oxygen;antioxidant_mutant,root,True,True,ftp://ftp.ncbi.nlm.nih.gov/geo/series/GSE77nnn/GSE77017/,27432873,"Hydrogen peroxide (H2O2) can act as a signaling molecule that influences various aspects of plant growth and development, including stress signaling and cell death. To unravel the molecular mechanisms that regulate the response towards an impact of increased H2O2 levels in plant cells, we focused on the photorespiration-dependent peroxisomal H2O2 production in Arabidopsis thaliana mutants lacking CATALASE2 (CAT2) activity (cat2-2) and screened for second-site mutations that attenuate the Fv'/Fm'",success,24,True
200077170,GSE77170,Arabidopsis GLYCOLATE OXIDASE 1 and 2 display divergent roles under conditions promoting photorespiration,Expression profiling by high throughput sequencing,19580,12,Arabidopsis thaliana,2016/06/10,H2O2;singlet_oxygen;antioxidant_mutant,unspecified,True,True,ftp://ftp.ncbi.nlm.nih.gov/geo/series/GSE77nnn/GSE77170/,27225899,"Hydrogen peroxide (H2O2) can act as a signaling molecule that influences various aspects of plant growth and development, including stress signaling and cell death. To unravel the molecular mechanisms that regulate the response towards an impact of increased H2O2 levels in plant cells, we focused on the photorespiration-dependent peroxisomal H2O2 production in Arabidopsis thaliana mutants lacking CATALASE2 (CAT2) activity (cat2-2) and screened for second-site mutations that attenuate the Fv'/Fm'",success,12,True
200077171,GSE77171,Photorespiratory stress in catalase deficient plants,Expression profiling by high throughput sequencing,19580,6,Arabidopsis thaliana,2016/06/10,H2O2;singlet_oxygen;antioxidant_mutant,unspecified,True,True,ftp://ftp.ncbi.nlm.nih.gov/geo/series/GSE77nnn/GSE77171/,27225899;27246095,"Hydrogen peroxide (H2O2) can act as a signaling molecule that influences various aspects of plant growth and development, including stress signaling and cell death. To unravel the molecular mechanisms that regulate the response towards an impact of increased H2O2 levels in plant cells, we focused on the photorespiration-dependent peroxisomal H2O2 production in Arabidopsis thaliana mutants lacking CATALASE2 (CAT2) activity (cat2-2).",success,6,True
200077467,GSE77467,The IDA-LIKE peptides IDL6 and IDL7 are negative modulators of stress responses in Arabidopsis thaliana,Expression profiling by array,12621,8,Arabidopsis thaliana,2016/03/31,chloroplast_stress,unspecified,True,True,ftp://ftp.ncbi.nlm.nih.gov/geo/series/GSE77nnn/GSE77467/,,"We present a functional characterisation of two members of the IDA-LIKE (IDL) peptide family in Arabidopsis thaliana, IDL6 and IDL7. They are processed both C- and N-terminally to produce active peptides. Structure analyses of synthesized IDL6 and IDL7 peptides indicate that they lack secondary structure elements. Localisation studies suggest that the peptides require a signal peptide and C-terminally processing to be correctly transported out of the cell. Treatment of plants with synthetic IDL6",success,8,True
200079287,GSE79287,Correlative Controls of Seeds over Maternal Growth and Senescence in Arabidopsis (expression),Expression profiling by array,13838,14,Arabidopsis thaliana,2016/03/17,singlet_oxygen,seed;flower;stem,True,True,ftp://ftp.ncbi.nlm.nih.gov/geo/series/GSE79nnn/GSE79287/,27009281,"Correlative controls (influences of one organ over another organ) of seeds over maternal growth are one of the most obvious phenotypic expressions of the trade-off between growth and reproduction. However, the underlying molecular mechanisms are largely unknown. Here, we characterize the physiological and molecular effects of correlative inhibition by seeds on Arabidopsis thaliana inflorescences, i.e. global proliferative arrest (GPA) during which all maternal growth ceases upon the production o",success,14,True
200007941,GSE7941,Time course h2o2 treatment-involvement of small non coding RNAs in Arabidopsis responses to oxidative stress,Expression profiling by array,4346,8,Arabidopsis thaliana,2007/05/31,H2O2,unspecified,True,True,ftp://ftp.ncbi.nlm.nih.gov/geo/series/GSE7nnn/GSE7941/,,"rs04-10_oxydative--stress - time course h2o2 treatment - Effect of an hydrogen peroxide treatment on gene regulation in arabidopsis cells - Arabidopsis cells (5 days after subculturing) were cultured at 21degreeC, 8 h photoperiod under agitation. H2O2 2.5 uM was added to cells 5 days after subculturing and 2 hours after the beginning of the light period. Treated and control cells were collected 15 min, 1 h, 5 h and 12 h after treatment. Keywords: treated vs untreated comparison",success,8,True
200007978,GSE7978,comparison ws vs de and dy-Impact of a plastidial redox perturbation on Arabidopsis transcriptome,Expression profiling by array,5337,8,Arabidopsis thaliana,2007/06/20,antioxidant_mutant;chloroplast_stress,unspecified,True,True,ftp://ftp.ncbi.nlm.nih.gov/geo/series/GSE7nnn/GSE7978/,,af47_thioredoxins - comparison ws vs de and dy - Knock-out mutants of the ferredoxin-thioredoxin reductase were used to evaluate the impact of the redox perturbation of the plastidial thioredoxins on Arabidopsis transcriptome. - Wild-type (WS) and two T-DNA mutant lines for the variable subunit of ferredoxin:thioredoxin reductase ( DY and DE from INRA of Versailles collection) were compared Keywords: wt vs mutant comparison,success,8,True
200079855,GSE79855,"Transcriptome analysis of apoplastic reactive oxygen species (ROS) signaling and dissection of the roles of WRKY25, WRKY33 and WRKY75 in the transcriptional reprogramming triggered by apoplastic ROS",Expression profiling by high throughput sequencing,17639,20,Arabidopsis thaliana,2016/04/03,ozone,unspecified,True,True,ftp://ftp.ncbi.nlm.nih.gov/geo/series/GSE79nnn/GSE79855/,,"In order to dissect the roles of sequence-specific transcription factors WRKY25, WRKY33 and WRKY75 in apoplastic ROS signaling, a transcriptome profiling of ozone response was done using two arabidopsis mutants: a double mutant wrky25 wrky33 and a single mutant wrky75. The single mutant lines used for transcriptomic analyses were obtained from NASC: wrky25 (SAIL_529_B11) and wrky33 (SALK_006603) were crossed to generate double mutant wrky25 wrky33. T-DNA insertion mutant wrky75-25 (N121525) was ",no_data,0,False
200079856,GSE79856,Transcriptome analysis of estradiol-inducible overexpression of transcription factor WRKY75 in Arabidopsis thaliana,Expression profiling by high throughput sequencing,17639,14,Arabidopsis thaliana,2016/04/03,pathogen_biotic,rosette_leaf;root,True,True,ftp://ftp.ncbi.nlm.nih.gov/geo/series/GSE79nnn/GSE79856/,,"Sequence-specific transcription factor WRKY75 is highly responsive to reactive oxygen species on transcriptional level in the rosettes of Arabidopsis thaliana. In addition, it acts in developmental responses, acquisition of nutrients, and in stress responses. In the root, WRKY75 is a repressor of root hair formation, it regulates the phosphate starvation response, and the response to certain pathogens. In order to find the target genes of WRKY75, the effects of estradiol-inducible overexpression",no_data,0,False
200079885,GSE79885,The role of WRKY transcription factors in stress responses,Expression profiling by high throughput sequencing,17639,34,Arabidopsis thaliana,2016/04/04,unclassified,unspecified,True,True,ftp://ftp.ncbi.nlm.nih.gov/geo/series/GSE79nnn/GSE79885/,,This SuperSeries is composed of the SubSeries listed below.,no_data,0,False
200007998,GSE7998,ntr-Transcriptomic study of a thioredoxin reductase knock-out mutant.,Expression profiling by array,5337,6,Arabidopsis thaliana,2007/06/20,antioxidant_mutant;chloroplast_stress,unspecified,True,True,ftp://ftp.ncbi.nlm.nih.gov/geo/series/GSE7nnn/GSE7998/,19825611,"rs04-02_ntr - ntr - Thioredoxins are small redox proteins implicated in crucial pathways of cell life. They are reduced by a conserved flavoprotein named NADPH-dependent thioredoxin reductase (NTR). In order to give an insight into the functions of the NTR/thioredoxin pathway in Arabidopsis, we have used a reverse genetic approch. Both NTR genes (NTRA and NTRB) have been inactivated in the double ntra ntrb mutant. T-DNA lines have been provided by the SALK library. Surprisingly, this mutant show",success,6,True
200080053,GSE80053,Gene expression analysis (RNA-seq) of Arabidopsis thaliana roots in wild type and trm4b-1 mutants under control and oxidative stress conditions,Expression profiling by high throughput sequencing,13222,12,Arabidopsis thaliana,2017/04/07,chloroplast_stress,root,True,True,ftp://ftp.ncbi.nlm.nih.gov/geo/series/GSE80nnn/GSE80053/,,"To investigate why Arabidopsis trm4b mutants have short roots and increased sensitivity to oxidative stress, we investigated gene expression in wild type and trm4b-1 mutants under control and oxidative stress conditions",no_data,0,False
200080054,GSE80054,"Transcriptome-wide RNA 5-methylcytosine methylation in siliques, shoots and roots and root gene expression profiling of Arabidopsis thaliana",Expression profiling by high throughput sequencing; Methylation profiling by high throughput sequencing; Other,13222,29,Arabidopsis thaliana,2017/04/07,chloroplast_stress,root;silique,True,True,ftp://ftp.ncbi.nlm.nih.gov/geo/series/GSE80nnn/GSE80054/,,This SuperSeries is composed of the SubSeries listed below.,no_data,0,False
200080158,GSE80158,Photorespiratory stress  low CO2 conditions,Expression profiling by array,21063,6,Arabidopsis thaliana,2016/06/10,chloroplast_stress,unspecified,True,True,ftp://ftp.ncbi.nlm.nih.gov/geo/series/GSE80nnn/GSE80158/,27246095,Six weeks old Arabidopsis plants were transferred to a low CO2 (100 ppm) environment during 24 hours and compared to control plants kept under ambient CO2 conditions. Limited CO2 availability will cause higher rates of photorespiration and affect the plant redox homeostasis. We studied the transcriptomic impact of exposing plants to a lower CO2 environment to further eliculidate the signaling pathways during photorespiratory stress.,success,6,True
200080200,GSE80200,Transcriptional responses in Arabidopsis seedlings after hydrogen peroxide treatment,Expression profiling by array,21063,6,Arabidopsis thaliana,2016/06/10,H2O2,seedling;seed,True,True,ftp://ftp.ncbi.nlm.nih.gov/geo/series/GSE80nnn/GSE80200/,27246095,"Excessive levels of reactive oxygen species (ROS) cause cellular stress through damage to all classes of macromolecules and result in cell death. However, ROS can also act as signaling molecules in various biological processes. In plants, ROS signaling has been documented in environmental stress perception, plant development and cell death amongst others. Knowledge on the regulatory events governing ROS signal transduction is however still scratching the surface. To further elucidate the transcr",success,6,True
200080815,GSE80815,Transcriptomic analysis reveals the early signaling events of narciclasine in Arabidopsis root apex,Expression profiling by high throughput sequencing,17639,4,Arabidopsis thaliana,2019/04/19,chloroplast_stress,root,True,True,ftp://ftp.ncbi.nlm.nih.gov/geo/series/GSE80nnn/GSE80815/,27562382,"we report the application of high throughput sequencing technology for digital gene expression profiling of the gene expression pattern in Arabidopsis root tips treated with 0.5 µM narciclasine at 2 and 12 hr.Compared with controls, 236 genes were upregulated and 54 genes were downregulated with 2 hrs of narciclasine treatment, while 968 genes were upregulated and 835 genes were down-regulated with 12 hrs of treatment. The Gene Ontology analysis revealed that the differentially expressed genes w",success,4,True
200081516,GSE81516,Respiratory burst oxidase homologues D and F in catalase2 deficient plants,Expression profiling by array,198,9,Arabidopsis thaliana,2016/06/10,H2O2;singlet_oxygen;antioxidant_mutant,stem,True,True,ftp://ftp.ncbi.nlm.nih.gov/geo/series/GSE81nnn/GSE81516/,27246095,"Hydrogen peroxide (H2O2) can act as a signaling molecule that influences various aspects of plant growth and development, including stress signaling and cell death. Catalase deficient plants are pioneering systems which accumulate hydrogen peroxide (H2O2) from peroxisomal origin during photorespiratory challenges. Respiratory burst oxidase homologues D and F are known to participate in intracellular oxidative stress response launched in cat2 mutants (Chaouch et al., 2012). We studied the compare",success,9,True
200081634,GSE81634,"Allyl-isothiocyanate treatment induces a complex transcriptional reprogramming including heat stress, oxidative stress and plant defense responses in Arabidopsis thaliana",Expression profiling by array,12621,12,Arabidopsis thaliana,2016/10/27,heat;pathogen_biotic;chloroplast_stress,unspecified,True,True,ftp://ftp.ncbi.nlm.nih.gov/geo/series/GSE81nnn/GSE81634/,27639974,Isothiocyanates (ITCs) are degradation products of the plant secondary metabolites glucosinolates (GSLs) and are known to affect human health as well as plant herbivores and pathogens. To investigate the processes engaged in plants upon exposure to isothiocyanate we performed a genome scale transcriptional profiling of Arabidopsis thaliana at different time points in response to an exogenous treatment with allyl-isothiocyanate.,success,12,True
200083262,GSE83262,Dual role of LESION SIMULATING DISEASE 1 as a condition-dependent scaffold protein and transcription regulator in Arabidopsis,Expression profiling by high throughput sequencing,19580,12,Arabidopsis thaliana,2017/05/30,pathogen_biotic;chloroplast_stress,unspecified,True,True,ftp://ftp.ncbi.nlm.nih.gov/geo/series/GSE83nnn/GSE83262/,28555890,"Since its discovery over two decades ago as an important cell death regulator in Arabidopsis thaliana, the role of LESION SIMULATING DISEASE 1 (LSD1) has been studied intensively within both biotic and abiotic stress responses as well as with respect to plant fitness regulation. However, its molecular mode of action remains enigmatic. Here we demonstrate that nucleo-cytoplasmic LSD1 interacts with a broad range of other proteins that are engaged in various molecular pathways such as ubiquitinati",success,12,True
200084002,GSE84002,ARA-PEPs : a repository of putative sORF-encoded peptides in Arabidopsis thaliana,Expression profiling by genome tiling array,10977,4,Arabidopsis thaliana,2016/12/23,chloroplast_stress,unspecified,True,True,ftp://ftp.ncbi.nlm.nih.gov/geo/series/GSE84nnn/GSE84002/,28095775,"Many eukaryotic RNAs have been considered non-coding as they only contain short open reading frames (sORFs). There is increasing evidence for the translation of these sORFs into bioactive peptides. Yet only a few small peptides are annotated in the model organism Arabidopsis thaliana. To aid the functional annotation of small peptides, we have developed ARA-PEPs, a repository and webserver of putative peptides encoded by sORFs in the Arabidopsis genome from in house Tiling arrays, RNA sequencing",success,4,True
200084087,GSE84087,"The function of OsbHLH068 is partially redundant with its homolog, AtbHLH112, in the regulation of the salt stress response but has opposite functions to control flowering in Arabidopsis",Expression profiling by array,12621,6,Arabidopsis thaliana,2017/08/07,H2O2;drought;salt;pathogen_biotic,seedling;root;seed;flower,True,True,ftp://ftp.ncbi.nlm.nih.gov/geo/series/GSE84nnn/GSE84087/,28631168,"The transcription factor (TF) basic/Helix-Loop- Helix (bHLH) is important for plant growth, development, and stress responses. OsbHLH068, which is a homologous gene of AtbHLH112 that is up-regulated under drought and salt stresses, as indicated by previous microarray data analysis. However, the intrinsic function of OsbHLH068 remains unknown. In the present study, we characterized the function and compared the role of OsbHLH068 with that of its homolog, AtbHLH112. Histochemical GUS staining indi",success,6,True
200084770,GSE84770,Oxidative and Cytokinin Treatment of CRF6,Expression profiling by array,17416,18,Arabidopsis thaliana,2016/09/23,unclassified,seedling;seed,True,True,ftp://ftp.ncbi.nlm.nih.gov/geo/series/GSE84nnn/GSE84770/,27550996,"Oxidative and Cytokinin treatment of Arabidopsis wildtype, crf6 mutant, and CRF6 overexpressing seedlings Arabidopsis seedlings were treated with oxidative stress or cytokinin to determine transcripts altered in each genotype background",success,18,True
200084997,GSE84997,Gene expression profiling of retrograde PAP-signaling and ABA-signaling mutants in response to ABA treatment,Expression profiling by array,17416,22,Arabidopsis thaliana,2017/03/21,ABA,unspecified,True,True,ftp://ftp.ncbi.nlm.nih.gov/geo/series/GSE84nnn/GSE84997/,28323614,"Chloroplast-nuclear retrograde signaling is viewed as a mechanism for inter-organelle communication. Here we show the SAL1-PAP (3′-phosphoadenosine 5′- phosphate) retrograde pathway functions more broadly in guard cells, interacting with abscisic acid (ABA) signaling at least in part via exoribonucleases. Unexpectedly, PAP bypasses the canonical signaling components ABA Insensitive 1 (ABI1) and Open Stomata 1 (OST1) by priming an alternative pathway that restores ABA-responsive gene expression, ",success,22,True
200085015,GSE85015,Expression data of H2O2 responding genes at Arabidopsis root tip,Expression profiling by array,198,28,Arabidopsis thaliana,2018/07/31,H2O2,root,True,True,ftp://ftp.ncbi.nlm.nih.gov/geo/series/GSE85nnn/GSE85015/,29712840,"To identify genes that regulate root development in a hydrogen peroxide devendent manner, we performed a time course microarray analysis of root treated with 1mM H2O2.",success,28,True
200085778,GSE85778,"Determination of ascorbate-, glutathione- and salicylate-responsive miRNAs in Arabidopsis",Non-coding RNA profiling by high throughput sequencing,17639,11,Arabidopsis thaliana,2020/06/30,antioxidant_mutant;chloroplast_stress,unspecified,True,True,ftp://ftp.ncbi.nlm.nih.gov/geo/series/GSE85nnn/GSE85778/,,"miRNA profile of wild type Arabidopsis plants was compared to miRNA profiles in three different lines with altered levels of ascorbate (vtc2-1), glutathione (pad2-1) or salicylate (nahG).",no_data,0,False
200086380,GSE86380,The Photorespiratory BOU Gene Mutation Alters Sulfur Assimilation and Its Crosstalk With Carbon and Nitrogen Metabolism in Arabidopsis thaliana,Expression profiling by high throughput sequencing,21179,12,Arabidopsis thaliana,2018/11/27,chloroplast_stress,unspecified,True,True,ftp://ftp.ncbi.nlm.nih.gov/geo/series/GSE86nnn/GSE86380/,30559749,"This study was aimed at elucidating the significance of photorespiratory serine (Ser) production for cysteine (Cys) biosynthesis. For this purpose, sulfur (S) metabolism and its crosstalk with nitrogen (N) and carbon (C) metabolism were analyzed in wildtype Arabidopsis and its photorespiratory bou-2 mutant with impaired glycine decarboxylase (GDC) activity. Foliar glycine and Ser contents were enhanced in the mutant at day and night. The high Ser levels in the mutant cannot be explained by trans",no_data,0,False
200008994,GSE8994,A Comparison of microarray and MPSS Technology Platforms for Expression Analysis of Arabidopsis,Expression profiling by array,5800;888;198,44,Arabidopsis thaliana,2007/09/14,unclassified,unspecified,True,True,ftp://ftp.ncbi.nlm.nih.gov/geo/series/GSE8nnn/GSE8994/,17997849,"A comparison of microarray and MPSS technologies can help to establish the metrics for data comparisons across these technology platforms and determine some of the factors affecting the measurement of mRNA abundances using different platforms. Here,  different Treatments/Conditions based on different Arabidopsis tissues were used for three different platforms include MPSS, Affymetrix and Agilent. Keywords: MPSS, Affymetrix, Agilent",download_failed,0,False
200090004,GSE90004,Next-Generation Sequencing Facilitates Quantitative Analysis of Wild Type and abi5 Transcriptomes,Expression profiling by high throughput sequencing,17639,6,Arabidopsis thaliana,2017/07/11,ABA,seed,True,True,ftp://ftp.ncbi.nlm.nih.gov/geo/series/GSE90nnn/GSE90004/,28391398,"It has been known that ABA INSENSITIVE 5 (ABI5) plays a vital role in regulating seed germination. In the present experiment, we showed that 3-amino-1,2,4-triazole (3-AT) inhibits seed germination of the loss-of-function mutant abi5-1, but promotes seed germination of the ABI5-overexpression transgenic line, and that ABI5 affects reactive oxygen species (ROS) homeostasis. RNA-sequencing analysis indicates that the transcription of the genes involved in ROS metabolic process or genes responsive t",no_data,0,False
200090465,GSE90465,Expression data from two weeks old Arabidopsis wild-type (Columbia-0) and lcbk1-2 knock-out mutant,Expression profiling by array,198,6,Arabidopsis thaliana,2017/10/01,cold,unspecified,True,True,ftp://ftp.ncbi.nlm.nih.gov/geo/series/GSE90nnn/GSE90465/,,"Microarray assays can facilitate elucidation of cellular processes and gene network functions in the processes of plant growth and development. To gain further insight into the potential molecular role of the LCBK1 gene in the freezing tolerance of plant, we performed Affymetrix whole-genome microarray analysis (http://www.affymetrix.com/) on WT and lcbk1-2 plants to compare their genome-wide expression profiles under 22 °C or 4 °C treatment. The differently expressed genes revealed by transcrip",success,6,True
200090701,GSE90701,Root avoidance of toxic metals requires the GeBP-LIKE 4 transcription factor in Arabidopsis thaliana.,Expression profiling by array,14727,8,Arabidopsis thaliana,2016/12/01,heavy_metal,root,True,True,ftp://ftp.ncbi.nlm.nih.gov/geo/series/GSE90nnn/GSE90701/,27768815,"Plants reorganize their root architecture to avoid growth into unfavorable regions of the rhizosphere. In a screen based on chimeric repressor gene-silencing technology, we identified the Arabidopsis thaliana GeBP-LIKE 4 (GPL4) transcription factor as an inhibitor of root growth that is induced rapidly in root tips in response to cadmium (Cd). We tested the hypothesis that GPL4 functions in the root avoidance of Cd by analyzing root proliferation in split medium, in which only half of the medium",success,8,True
200091044,GSE91044,The vacuolar high affinity copper transporter COPT5 participates in the copper requirement for iron signaling in Arabidopsis Thaliana,Expression profiling by array,9020,12,Arabidopsis thaliana,2017/05/30,chloroplast_stress,unspecified,True,True,ftp://ftp.ncbi.nlm.nih.gov/geo/series/GSE91nnn/GSE91044/,30874615,"Iron and copper are important environmental nutrients for plant growth. However, the molecular mechanisms of both iron and copper signaling that integrate the two pathways remain poorly understood. The Arabidopsis thaliana high affinity copper transporter COPT5, is a tonoplast localized permease involved in copper remobilization. Here, a global expression microarray analysis of the copt5 mutant points out the induction of iron deficiency responses, including NATURAL RESISTANCE-ASSOCIATED MACROPH",success,12,True
200092314,GSE92314,Regulatory inversion in NAC networks steers the timing of age-dependent cell death in plants [RNA-Seq],Expression profiling by high throughput sequencing,17639,12,Arabidopsis thaliana,2018/04/29,unclassified,rosette_leaf,True,True,ftp://ftp.ncbi.nlm.nih.gov/geo/series/GSE92nnn/GSE92314/,29735710,"Aging is a time-dependent biological phenomenon governed by complex networks of regulatory components and their transitions over lifetime. Yet, there have been limited efforts to pin down age-associated networks and map their dynamic characteristics onto aging phenotypes. Here, we built time-course genetic regulatory networks of NAM/ATAF/CUC (NAC) transcription factors during the course of leaf aging in Arabidopsis, using causal regulatory relationships among NACs identified from mutants of 49 a",success,12,True
200009235,GSE9235,A binary redox control mode in gene expression and metabolism of plants,Expression profiling by array,513,10,Arabidopsis thaliana,2009/07/30,chloroplast_stress,stem,True,True,ftp://ftp.ncbi.nlm.nih.gov/geo/series/GSE9nnn/GSE9235/,19737978,"To analyze the impact of photosynthetic redox signals, light sources with spectral qualities that preferentially excite either Photosystem I (PSI light) or Photosystem II (PSII light) were used. The light sources have been described in (Fey et al., 2005). Strong reduction and oxidation signals were induced by light shifts from PSI to PSII light (PSI-II) and the reverse light shift (PSII-I), respectivly. The acclimation responses were monitored at 0.5, 2, 8, and 48h after a light shift. Samples t",success,10,True
200092369,GSE92369,Regulatory inversion in NAC networks steers the timing of age-dependent cell death in plants [Nanostring],Expression profiling by array,22796,434,Arabidopsis thaliana,2018/04/29,unclassified,rosette_leaf,True,True,ftp://ftp.ncbi.nlm.nih.gov/geo/series/GSE92nnn/GSE92369/,29735710,"Aging is a time-dependent biological phenomenon governed by complex networks of regulatory components and their transitions over lifetime. Yet, there have been limited efforts to pin down age-associated networks and map their dynamic characteristics onto aging phenotypes. Here, we built time-course genetic regulatory networks of NAM/ATAF/CUC (NAC) transcription factors during the course of leaf aging in Arabidopsis, using causal regulatory relationships among NACs identified from mutants of 49 a",success,434,True
200093183,GSE93183,Effect of ftr mutation on Arabidopsis transcriptome - Redox regulation in plants,Expression profiling by array,18904,16,Arabidopsis thaliana,2017/02/01,chloroplast_stress,rosette_leaf,True,True,ftp://ftp.ncbi.nlm.nih.gov/geo/series/GSE93nnn/GSE93183/,,au15-02_trx - effect of ftr mutation on arabidopsis trancriptome - Recherche nouvelles fonctions pour le système TRX plastidial. -  - Comparison Mut1 vs sauv1 at the same developmental stage (8-10 leaves) as Mut1 at the time of sampling - Comparison Mut1 vs sauv1 at the same age (11 weeks) as Mut1 at the time of sampling - Comparison Mut2 vs sauv2 at the same developmental stage (8-10 leaves) as Mut1 at the time of sampling - Comparison Mut2 vs sauv2 at the same age (9 weeks) as Mut1 at the time,success,16,True
200093393,GSE93393,Jasmonate Regulates Plant Responses to Reoxygenation through Activation of Antioxidant Synthesis,Expression profiling by high throughput sequencing,17639,4,Arabidopsis thaliana,2017/08/25,antioxidant_mutant;hypoxia,unspecified,True,True,ftp://ftp.ncbi.nlm.nih.gov/geo/series/GSE93nnn/GSE93393/,28082717,"Submergence induces hypoxia in plants; exposure to oxygen following submergence, termed reoxygenation, produces a burst of reactive oxygen species. The mechanisms of hypoxia sensing and signaling in plants have been well studied, but how plants respond to reoxygenation remains unclear. Here, we show that reoxygenation in Arabidopsis thaliana involves rapid accumulation of jasmonates (JAs) and increased transcript levels of JA biosynthesis genes. Application of exogenous methyl jasmonate improved",no_data,0,False
200009402,GSE9402,FNR1 mutation against ecotype variation,Expression profiling by array,198,4,Arabidopsis thaliana,2008/10/11,chloroplast_stress,unspecified,True,True,ftp://ftp.ncbi.nlm.nih.gov/geo/series/GSE9nnn/GSE9402/,,"The mechanism by which plants regulate channeling of photosynthetically derived electrons into different areas of chloroplast metabolism remains obscure. In higher plants, these electrons are made accessible to stromal enzymes, or cyclic electron flow, as reduced ferredoxin (Fd), or NADPH. We investigated how the specific loss of an Arabidopsis (Arabidopsis thaliana) ferredoxin:NADPH reductase (FNR) isoprotein affected channeling of photosynthetic electrons into NADPH and Fd dependent metabolism",success,4,True
200094327,GSE94327,"The redox-sensitive regulatory module of cyclophilin 20-3, 2-cysteine peroxiredoxin and cysteine synthase in the high light acclimation response in Arabidopsis thaliana",Expression profiling by array,23011,40,Arabidopsis thaliana,2017/07/31,high_light;antioxidant_mutant;chloroplast_stress,rosette_leaf,True,True,ftp://ftp.ncbi.nlm.nih.gov/geo/series/GSE94nnn/GSE94327/,28644561,"Previous data suggest that 2-cysteine peroxiredoxin, cyclophilin 20-3 and the cysteine synthase complex work as a dynamically interacting module (here named COPS-module) and are involved in stress response. In this study we performed global transcriptome analyses to investigate the responses to short-term high light in wildtype and mutants deficient in each protein of COPS-module. The global transcriptomic response in leaves to 6 h high light in Col.0 and mutants deficient in each protein of COP",success,40,True
200094995,GSE94995,Ascorbate concentration in Arabidopsis is controlled at the gene expression level mainly by GDP galactose phosphorylase,Expression profiling by high throughput sequencing,17639,48,Arabidopsis thaliana,2017/02/17,singlet_oxygen;antioxidant_mutant;chloroplast_stress,rosette_leaf,True,True,ftp://ftp.ncbi.nlm.nih.gov/geo/series/GSE94nnn/GSE94995/,,"We explore where transcriptional regulation of ascorbate concentration lies in plants. Is it in biosynthesis, recycling, regulation or consumption? Arabidopsis thaliana plants were grown under controlled environment at four photon flux density levels (PFD). Rosettes from plants were harvested at the four PFD levels and over a diurnal cycle and after a step change in PFD and analysed for ascorbate concentration and transcript levels measured by RNAseq. Ascorbate concentrations and expression of g",success,48,True
200095202,GSE95202,Ethanol enhances high-salinity stress tolerance by detoxification of reactive oxygen species in Arabidopsis and rice,Expression profiling by array,19830,16,Arabidopsis thaliana,2017/05/31,salt,unspecified,True,True,ftp://ftp.ncbi.nlm.nih.gov/geo/series/GSE95nnn/GSE95202/,28717360,"To analyze the molecular function of ethanol in salt stress responses in Arabidopsis, we conducted microarray analysis using 4-day-old plants, which were treated with 0.3 % ethanol or water for 24 h, and then treated with or without 100 mM NaCl for 2 h",success,16,True
200097308,GSE97308,Aluminum Oxide Nanoparticles and Aluminum Ion Leading to Distinct Physiological and Molecular Responses in Arabidopsis thaliana,Expression profiling by high throughput sequencing,21785,6,Arabidopsis thaliana,2018/03/31,H2O2;singlet_oxygen;antioxidant_mutant;nitric_oxide,root;stem,True,True,ftp://ftp.ncbi.nlm.nih.gov/geo/series/GSE97nnn/GSE97308/,,"Nano-aluminium oxide (nAl2O3) is one of the most widely used nanomaterials, but the molecular toxic mechanism of nAl2O3 on plants is still not clarified completely. In this study, we compared the toxic effects of nAl2O3 and Al3+ ion at the physiological and molecular levels. The shoot weight and root weight of Arabidopsis thaliana were decrease to 57.01% and 45.15% after the Al3+ ion exposure , while nAl2O3 increased the root weight by 48.07% and length by 38.53% at the selected concentration (9",success,6,True
200098880,GSE98880,"Expression profiles of Arabidopsis thaliana Col-0 seedlings and seedlings of a mutant impaired in cytoplasmic calcium elevation in response to cellotriose treatment (Johnson et al., 2017)",Expression profiling by array,19450,10,Arabidopsis thaliana,2018/02/09,drought;pathogen_biotic,seedling;rosette_leaf;root;seed;stem,True,True,ftp://ftp.ncbi.nlm.nih.gov/geo/series/GSE98nnn/GSE98880/,,"The endophytic fungus Piriformospora indica is a member of Sebacinales. It colonizes the roots of many plant species including the model plant Arabidospis thaliana (Peskan-Berghofer et al. 2004). P. indica promotes plant growth (Peskan-Berghofer et al. 2004), seed production (Shahollari et al. 2007) and confers resistance to biotic (Camehl et al. 2011) and abiotic stresses (Sherameti et al., 2008, Matsuo et al., 2015). Vadassery et al. (2009) have shown that a cell wall extract from P. indica in",success,10,True
200099576,GSE99576,Exploring the link between ER stress and autophagy in Arabidopsis,Expression profiling by high throughput sequencing,13222,18,Arabidopsis thaliana,2018/03/31,chloroplast_stress,unspecified,True,True,ftp://ftp.ncbi.nlm.nih.gov/geo/series/GSE99nnn/GSE99576/,,"Autophagy is a conserved process in eukaryotes that contributes to cell survival in response to stress. Previously, we found that ER stress induces autophagy in a manner dependent upon IRE1b, an ER membrane-associated factor involved in the splicing of bZIP60 mRNA. IRE1 is a dual protein kinase and ribonuclease, and here we studied the involvement of the protein kinase catalytic domain, nucleotide binding and RNase domains of IRE1b in activating autophagy.  Autophagy was assessed by quantifying ",no_data,0,False
