sample,time_hours,time_type,time_raw,age_hours,age_raw,source,title
GSM2685959,,,,912.0,age: 38days,a_arenosa_notinoculated_comercialsoil_rep1,a_arenosa_notinoculated_comercialsoil_rep1
GSM2685960,,,,912.0,age: 38days,a_arenosa_notinoculated_comercialsoil_rep2,a_arenosa_notinoculated_comercialsoil_rep2
GSM2685961,,,,912.0,age: 38days,a_arenosa_notinoculated_toxicmetalsubstrate_rep1,a_arenosa_notinoculated_toxicmetalsubstrate_rep1
GSM2685962,,,,912.0,age: 38days,a_arenosa_notinoculated_toxicmetalsubstrate_rep2,a_arenosa_notinoculated_toxicmetalsubstrate_rep2
GSM2685963,,,,912.0,age: 38days,a_arenosa_inoculated_toxicmetalsubstrate_rep1,a_arenosa_inoculated_toxicmetalsubstrate_rep1
GSM2685964,,,,912.0,age: 38days,a_arenosa_inoculated_toxicmetalsubstrate_rep2,a_arenosa_inoculated_toxicmetalsubstrate_rep2
GSM264761,1.0,treatment_duration,from:Tween 0.1% 1h,,,Rosette leaves of the flu mutant (Ler) grown under continuous light 1h after mock spray with Tween 0.1%,Tween 0.1% 1h
GSM264762,2.0,treatment_duration,from:Tween 0.1% 2h,,,Rosette leaves of the flu mutant (Ler) grown under continuous light 2h after mock spray with Tween 0.1%,Tween 0.1% 2h
GSM264763,4.0,treatment_duration,from:Tween 0.1% 4h,,,Rosette leaves of the flu mutant (Ler) grown under continuous light 4h after mock spray with Tween 0.1%,Tween 0.1% 4h
GSM264764,1.0,treatment_duration,from:paraquat 20mM 1h,,,Rosette leaves of the flu mutant (Ler) grown under continuous light 1h after spray paraquat 20mM in Tween 0.1%,paraquat 20mM 1h
GSM264765,2.0,treatment_duration,from:paraquat 20mM 2h,,,Rosette leaves of the flu mutant (Ler) grown under continuous light 2h after spray paraquat 20mM in Tween 0.1%,paraquat 20mM 2h
GSM264766,4.0,treatment_duration,from:paraquat 20mM 4h,,,Rosette leaves of the flu mutant (Ler) grown under continuous light 4h after spray paraquat 20mM in Tween 0.1%,paraquat 20mM 4h
GSM265530,8.0,treatment_duration,from:col_dark 8hours/30 minute light_1,,,rosette leaves from wild-type Columbia,col_dark 8hours/30 minute light_1
GSM265531,8.0,treatment_duration,from:col_dark 8hours/30 minute light_2,,,rosette leaves from wild-type Columbia,col_dark 8hours/30 minute light_2
GSM265532,8.0,treatment_duration,from:flu_dark 8hours/30 minute light_1,,,rosette leaves from flu Col-0 mutant,flu_dark 8hours/30 minute light_1
GSM265533,8.0,treatment_duration,from:flu_dark 8hours/30 minute light_2,,,rosette leaves flu Col-0 mutant,flu_dark 8hours/30 minute light_2
GSM265534,8.0,treatment_duration,from:ex1_flu_dark 8hours/30 minute light_1,,,rosette leaves from EX1/flu cross,ex1_flu_dark 8hours/30 minute light_1
GSM265535,8.0,treatment_duration,from:ex1_flu_dark 8hours/30 minute light_2,,,rosette leaves from EX1/flu cross,ex1_flu_dark 8hours/30 minute light_2
GSM265536,8.0,treatment_duration,from:ex2_flu_dark 8hours/30 minute light_1,,,rosette leaves from EX2/flu cross,ex2_flu_dark 8hours/30 minute light_1
GSM265537,8.0,treatment_duration,from:ex2_flu_dark 8hours/30 minute light_2,,,rosette leaves from EX2/flu cross,ex2_flu_dark 8hours/30 minute light_2
GSM265538,8.0,treatment_duration,from:ex1ex2flu_dark 8hours/30 minute light_1,,,rosette leaves from EX1/EX2/flu cross,ex1ex2flu_dark 8hours/30 minute light_1
GSM265539,8.0,treatment_duration,from:ex1ex2flu_dark 8hours/30 minute light_2,,,rosette leaves from EX1/EX2/flu cross,ex1ex2flu_dark 8hours/30 minute light_2
GSM272985,8.0,treatment_duration,"from:wild type plants (Col) grown under continuous light, transferred to the dark for 8h and shifted to light for 2h",,,"wild type plants (Col) grown under continuous light, transferred to the dark for 8h and shifted to light for 2h","WT Col, biological rep1"
GSM272986,8.0,treatment_duration,"from:wild type plants (Col) grown under continuous light, transferrd to the dark for 8h and shifted to light for 2h",,,"wild type plants (Col) grown under continuous light, transferrd to the dark for 8h and shifted to light for 2h","WT Col, biological rep2"
GSM272987,8.0,treatment_duration,"from:the flu mutant (SAIL_136_E05) grown under continuous light, transferrd to the dark for 8h and shifted to light for 2h",,,"the flu mutant (SAIL_136_E05) grown under continuous light, transferrd to the dark for 8h and shifted to light for 2h","flu, biological rep1"
GSM272988,8.0,treatment_duration,"from:the flu mutant (SAIL_136_E05) grown under continuous light, transferrd to the dark for 8h and shifted to light for 2h",,,"the flu mutant (SAIL_136_E05) grown under continuous light, transferrd to the dark for 8h and shifted to light for 2h","flu, biological rep2"
GSM272989,8.0,treatment_duration,"from:thylakoidal ascorbate peroxidase overexpressor plants (line 14/2, PMID: 15165186 ) grown under continuous light, transferrd to the dark for 8h and shifted to light for 2h",,,"thylakoidal ascorbate peroxidase overexpressor plants (line 14/2, PMID: 15165186 ) grown under continuous light, transferrd to the dark for 8h and shifted to light for 2h","over-tAPX 14-2, biological rep1"
GSM272990,8.0,treatment_duration,"from:thylakoidal ascorbate peroxidase overexpressor plants (line 14/2, PMID: 15165186 ) grown under continuous light, transferrd to the dark for 8h and shifted to light for 2h",,,"thylakoidal ascorbate peroxidase overexpressor plants (line 14/2, PMID: 15165186 ) grown under continuous light, transferrd to the dark for 8h and shifted to light for 2h","over-tAPX 14-2, biological rep2"
GSM272991,8.0,treatment_duration,"from:the flu mutant (SAIL_136_E05) overexpressing thylakoidal ascorbate peroxidase (line 14/2, PMID: 15165186 ) grown under continuous light, transferrd to the dark for 8h and shifted to light for 2h",,,"the flu mutant (SAIL_136_E05) overexpressing thylakoidal ascorbate peroxidase (line 14/2, PMID: 15165186 ) grown under continuous light, transferrd to the dark for 8h and shifted to light for 2h","flu over-tAPX 14-2, biological rep1"
GSM272992,8.0,treatment_duration,"from:the flu mutant (SAIL_136_E05) overexpressing thylakoidal ascorbate peroxidase (line 14/2, PMID: 15165186 ) grown under continuous light, transferrd to the dark for 8h and shifted to light for 2h",,,"the flu mutant (SAIL_136_E05) overexpressing thylakoidal ascorbate peroxidase (line 14/2, PMID: 15165186 ) grown under continuous light, transferrd to the dark for 8h and shifted to light for 2h","flu over-tAPX 14-2, biological rep2"
GSM275637,0.5,treatment_duration,from:Ler_30min,,,"Rosette leaves of wild type plants (Ler) grown under continuous light, transferrd to the dark for 8h and shifted to light for 30 min.",Ler_30min
GSM275638,1.0,treatment_duration,from:Ler_60min,,,"Rosette leaves of wild type plants (Ler) grown under continuous light, transferrd to the dark for 8h and shifted to light for 60 min.",Ler_60min
GSM275639,2.0,treatment_duration,from:Ler_2h,,,"Rosette leaves of wild type plants (Ler) grown under continuous light, transferrd to the dark for 8h and shifted to light for 2h.",Ler_2h
GSM275641,0.5,treatment_duration,from:flu_30min,,,"Rosette leaves of the flu mutant (Ler) grown under continuous light, transferrd to the dark for 8h and shifted to light for 30 min.",flu_30min
GSM275642,1.0,treatment_duration,from:flu_60min,,,"Rosette leaves of the flu mutant (Ler) grown under continuous light, transferrd to the dark for 8h and shifted to light for 60 min.",flu_60min
GSM275643,2.0,treatment_duration,from:flu_2h,,,"Rosette leaves of the flu mutant (Ler) grown under continuous light, transferrd to the dark for 8h and shifted to light for 2h.",flu_2h
GSM2936534,96.0,treatment_duration,"from:Root of Brassica napus, left untreated for 4 days",,,"Root of Brassica napus, left untreated for 4 days","Root of control (untreated) Brassica napus, biological replicate 1"
GSM2936535,96.0,treatment_duration,"from:Root of Brassica napus, left untreated for 4 days",,,"Root of Brassica napus, left untreated for 4 days","Root of control (untreated) Brassica napus, biological replicate 2"
GSM2936536,96.0,treatment_duration,"from:Root of Brassica napus, left untreated for 4 days",,,"Root of Brassica napus, left untreated for 4 days","Root of control (untreated) Brassica napus, biological replicate 3"
GSM2936537,96.0,treatment_duration,"from:Root of Brassica napus, after 4 days of foliar GSH treatment",,,"Root of Brassica napus, after 4 days of foliar GSH treatment","Root of foliar GSH-treated Brassica napus, biological replicate 1"
GSM2936538,96.0,treatment_duration,"from:Root of Brassica napus, after 4 days of foliar GSH treatment",,,"Root of Brassica napus, after 4 days of foliar GSH treatment","Root of foliar GSH-treated Brassica napus, biological replicate 2"
GSM2936539,96.0,treatment_duration,"from:Root of Brassica napus, after 4 days of foliar GSH treatment",,,"Root of Brassica napus, after 4 days of foliar GSH treatment","Root of foliar GSH-treated Brassica napus, biological replicate 3"
GSM2977304,3.0,treatment_duration,from:Col-0_3 h mock solution_biological rep1,,,"Col-0, whole seedlings, 3 h mock",Col-0_3 h mock solution_biological rep1
GSM2977305,3.0,treatment_duration,from:Col-0_3 h mock solution_biological rep2,,,"Col-0, whole seedlings, 3 h mock",Col-0_3 h mock solution_biological rep2
GSM2977306,3.0,treatment_duration,from:Col-0_3 h mock solution_biological rep3,,,"Col-0, whole seedlings, 3 h mock",Col-0_3 h mock solution_biological rep3
GSM2977307,3.0,treatment_duration,from:aba3-1_3 h mock solution_biological rep1,,,"aba3-1, whole seedlings, 3 h mock",aba3-1_3 h mock solution_biological rep1
GSM2977308,3.0,treatment_duration,from:aba3-1_3 h mock solution_biological rep2,,,"aba3-1, whole seedlings, 3 h mock",aba3-1_3 h mock solution_biological rep2
GSM2977309,3.0,treatment_duration,from:aba3-1_3 h mock solution_biological rep3,,,"aba3-1, whole seedlings, 3 h mock",aba3-1_3 h mock solution_biological rep3
GSM2977310,3.0,treatment_duration,from:aba2-2_3 h mock solution_biological rep1,,,"aba2-2, whole seedlings, 3 h mock",aba2-2_3 h mock solution_biological rep1
GSM2977311,3.0,treatment_duration,from:aba2-2_3 h mock solution_biological rep2,,,"aba2-2, whole seedlings, 3 h mock",aba2-2_3 h mock solution_biological rep2
GSM2977312,3.0,treatment_duration,from:aba2-2_3 h mock solution_biological rep3,,,"aba2-2, whole seedlings, 3 h mock",aba2-2_3 h mock solution_biological rep3
GSM2977313,3.0,treatment_duration,from:Col-0_3 h PEG solution_biological rep1,,,"Col-0, whole seedlings, 3 h PEG",Col-0_3 h PEG solution_biological rep1
GSM2977314,3.0,treatment_duration,from:Col-0_3 h PEG solution_biological rep2,,,"Col-0, whole seedlings, 3 h PEG",Col-0_3 h PEG solution_biological rep2
GSM2977315,3.0,treatment_duration,from:Col-0_3 h PEG solution_biological rep3,,,"Col-0, whole seedlings, 3 h PEG",Col-0_3 h PEG solution_biological rep3
GSM2977316,3.0,treatment_duration,from:aba3-1_3 h PEG solution_biological rep1,,,"aba3-1, whole seedlings, 3 h PEG",aba3-1_3 h PEG solution_biological rep1
GSM2977317,3.0,treatment_duration,from:aba3-1_3 h PEG solution_biological rep2,,,"aba3-1, whole seedlings, 3 h PEG",aba3-1_3 h PEG solution_biological rep2
GSM2977318,3.0,treatment_duration,from:aba3-1_3 h PEG solution_biological rep3,,,"aba3-1, whole seedlings, 3 h PEG",aba3-1_3 h PEG solution_biological rep3
GSM2977319,3.0,treatment_duration,from:aba2-2_3 h PEG solution_biological rep1,,,"aba2-2, whole seedlings, 3 h PEG",aba2-2_3 h PEG solution_biological rep1
GSM2977320,3.0,treatment_duration,from:aba2-2_3 h PEG solution_biological rep2,,,"aba2-2, whole seedlings, 3 h PEG",aba2-2_3 h PEG solution_biological rep2
GSM2977321,3.0,treatment_duration,from:aba2-2_3 h PEG solution_biological rep3,,,"aba2-2, whole seedlings, 3 h PEG",aba2-2_3 h PEG solution_biological rep3
GSM2977322,8.0,treatment_duration,from:Col-0_8 h mock plate_biological rep1,,,"Col-0, whole seedlings, 8 h mock",Col-0_8 h mock plate_biological rep1
GSM2977323,8.0,treatment_duration,from:Col-0_8 h mock plate_biological rep2,,,"Col-0, whole seedlings, 8 h mock",Col-0_8 h mock plate_biological rep2
GSM2977324,8.0,treatment_duration,from:Col-0_8 h mock plate_biological rep3,,,"Col-0, whole seedlings, 8 h mock",Col-0_8 h mock plate_biological rep3
GSM2977325,8.0,treatment_duration,from:aba3-1_8 h mock plate_biological rep1,,,"aba3-1, whole seedlings, 8 h mock",aba3-1_8 h mock plate_biological rep1
GSM2977326,8.0,treatment_duration,from:aba3-1_8 h mock plate_biological rep2,,,"aba3-1, whole seedlings, 8 h mock",aba3-1_8 h mock plate_biological rep2
GSM2977327,8.0,treatment_duration,from:aba3-1_8 h mock plate_biological rep3,,,"aba3-1, whole seedlings, 8 h mock",aba3-1_8 h mock plate_biological rep3
GSM2977328,8.0,treatment_duration,from:aba2-2_8 h mock plate_biological rep1,,,"aba2-2, whole seedlings, 8 h mock",aba2-2_8 h mock plate_biological rep1
GSM2977329,8.0,treatment_duration,from:aba2-2_8 h mock plate_biological rep2,,,"aba2-2, whole seedlings, 8 h mock",aba2-2_8 h mock plate_biological rep2
GSM2977330,8.0,treatment_duration,from:aba2-2_8 h mock plate_biological rep3,,,"aba2-2, whole seedlings, 8 h mock",aba2-2_8 h mock plate_biological rep3
GSM2977331,8.0,treatment_duration,from:Col-0_8 h PEG plate_biological rep1,,,"Col-0, whole seedlings, 8 h PEG",Col-0_8 h PEG plate_biological rep1
GSM2977332,8.0,treatment_duration,from:Col-0_8 h PEG plate_biological rep2,,,"Col-0, whole seedlings, 8 h PEG",Col-0_8 h PEG plate_biological rep2
GSM2977333,8.0,treatment_duration,from:Col-0_8 h PEG plate_biological rep3,,,"Col-0, whole seedlings, 8 h PEG",Col-0_8 h PEG plate_biological rep3
GSM2977334,8.0,treatment_duration,from:aba3-1_8 h PEG plate_biological rep1,,,"aba3-1, whole seedlings, 8 h PEG",aba3-1_8 h PEG plate_biological rep1
GSM2977335,8.0,treatment_duration,from:aba3-1_8 h PEG plate_biological rep2,,,"aba3-1, whole seedlings, 8 h PEG",aba3-1_8 h PEG plate_biological rep2
GSM2977336,8.0,treatment_duration,from:aba3-1_8 h PEG plate_biological rep3,,,"aba3-1, whole seedlings, 8 h PEG",aba3-1_8 h PEG plate_biological rep3
GSM2977337,8.0,treatment_duration,from:aba2-2_8 h PEG plate_biological rep1,,,"aba2-2, whole seedlings, 8 h PEG",aba2-2_8 h PEG plate_biological rep1
GSM2977338,8.0,treatment_duration,from:aba2-2_8 h PEG plate_biological rep2,,,"aba2-2, whole seedlings, 8 h PEG",aba2-2_8 h PEG plate_biological rep2
GSM2977339,8.0,treatment_duration,from:aba2-2_8 h PEG plate_biological rep3,,,"aba2-2, whole seedlings, 8 h PEG",aba2-2_8 h PEG plate_biological rep3
GSM3069397,8.0,treatment_duration,from:wild type cold 8h rep1,,,wild type Arabdopsis leaf,wild type cold 8h rep1
GSM3069398,8.0,treatment_duration,from:wild type cold 8h rep2,,,wild type Arabdopsis leaf,wild type cold 8h rep2
GSM3069401,8.0,treatment_duration,from:VaMyb14-OE cold 8h rep1,,,VaMyb14 transgenic Arabdopsis leaf,VaMyb14-OE cold 8h rep1
GSM3069402,8.0,treatment_duration,from:VaMyb14-OE cold 8h rep2,,,VaMyb14 transgenic Arabdopsis leaf,VaMyb14-OE cold 8h rep2
GSM3124468,,,,336.0,age: 2 weeks,C24 control rep1,C24 control rep1
GSM3124469,,,,336.0,age: 2 weeks,C24 control rep2,C24 control rep2
GSM3124470,,,,336.0,age: 2 weeks,C24 after PEG treatment rep1,C24 after PEG treatment rep1
GSM3124471,,,,336.0,age: 2 weeks,C24 after PEG treatment rep2,C24 after PEG treatment rep2
GSM3124472,,,,336.0,age: 2 weeks,C24 after salt treatment rep1,C24 after salt treatment rep1
GSM3124473,,,,336.0,age: 2 weeks,C24 after salt treatment rep2,C24 after salt treatment rep2
GSM3124474,,,,336.0,age: 2 weeks,Col control rep1,Col control rep1
GSM3124475,,,,336.0,age: 2 weeks,Col control rep2,Col control rep2
GSM3124476,,,,336.0,age: 2 weeks,Col after PEG treatment rep1,Col after PEG treatment rep1
GSM3124477,,,,336.0,age: 2 weeks,Col after PEG treatment rep2,Col after PEG treatment rep2
GSM3124478,,,,336.0,age: 2 weeks,Col after salt treatment rep1,Col after salt treatment rep1
GSM3124479,,,,336.0,age: 2 weeks,Col after salt treatment rep2,Col after salt treatment rep2
GSM3124480,,,,336.0,age: 2 weeks,Ler control rep1,Ler control rep1
GSM3124481,,,,336.0,age: 2 weeks,Ler control rep2,Ler control rep2
GSM3124482,,,,336.0,age: 2 weeks,Ler after PEG treatment rep1,Ler after PEG treatment rep1
GSM3124483,,,,336.0,age: 2 weeks,Ler after PEG treatment rep2,Ler after PEG treatment rep2
GSM3124484,,,,336.0,age: 2 weeks,Ler after salt treatment rep1,Ler after salt treatment rep1
GSM3124485,,,,336.0,age: 2 weeks,Ler after salt treatment rep2,Ler after salt treatment rep2
GSM3124486,,,,336.0,age: 2 weeks,Sha control rep1,Sha control rep1
GSM3124487,,,,336.0,age: 2 weeks,Sha control rep2,Sha control rep2
GSM3124488,,,,336.0,age: 2 weeks,Sha after PEG treatment rep1,Sha after PEG treatment rep1
GSM3124489,,,,336.0,age: 2 weeks,Sha after PEG treatment rep2,Sha after PEG treatment rep2
GSM3124490,,,,336.0,age: 2 weeks,Sha after salt treatment rep1,Sha after salt treatment rep1
GSM3124491,,,,336.0,age: 2 weeks,Sha after salt treatment rep2,Sha after salt treatment rep2
GSM3124492,,,,336.0,age: 2 weeks,Ws control rep1,Ws control rep1
GSM3124493,,,,336.0,age: 2 weeks,Ws control rep2,Ws control rep2
GSM3124494,,,,336.0,age: 2 weeks,Ws after PEG treatment rep1,Ws after PEG treatment rep1
GSM3124495,,,,336.0,age: 2 weeks,Ws after PEG treatment rep2,Ws after PEG treatment rep2
GSM3124496,,,,336.0,age: 2 weeks,Ws after salt treatment rep1,Ws after salt treatment rep1
GSM3124497,,,,336.0,age: 2 weeks,Ws after salt treatment rep2,Ws after salt treatment rep2
GSM3370021,168.0,treatment_duration,from:At_7d treatment control_rep1,,,Arabidopsis thaliana (Col-0) roots after 7d of treatment (39d old plant),At_7d treatment control_rep1
GSM3370022,168.0,treatment_duration,from:At_7d Arsenic treatment _rep1,,,Arabidopsis thaliana (Col-0) roots after 7d of treatment (39d old plant),At_7d Arsenic treatment _rep1
GSM3370023,168.0,treatment_duration,from:At_7d Hypoxia treatment _rep1,,,Arabidopsis thaliana (Col-0) roots after 7d of treatment (39d old plant),At_7d Hypoxia treatment _rep1
GSM3370024,168.0,treatment_duration,from:At_7d Combination treatment _rep1,,,Arabidopsis thaliana (Col-0) roots after 7d of treatment (39d old plant),At_7d Combination treatment _rep1
GSM3370025,168.0,treatment_duration,from:At_7d treatment control_rep2,,,Arabidopsis thaliana (Col-0) roots after 7d of treatment (39d old plant),At_7d treatment control_rep2
GSM3370026,168.0,treatment_duration,from:At_7d Arsenic treatment _rep2,,,Arabidopsis thaliana (Col-0) roots after 7d of treatment (39d old plant),At_7d Arsenic treatment _rep2
GSM3370027,168.0,treatment_duration,from:At_7d Hypoxia treatment _rep2,,,Arabidopsis thaliana (Col-0) roots after 7d of treatment (39d old plant),At_7d Hypoxia treatment _rep2
GSM3370028,168.0,treatment_duration,from:At_7d Combination treatment _rep2,,,Arabidopsis thaliana (Col-0) roots after 7d of treatment (39d old plant),At_7d Combination treatment _rep2
GSM3370029,168.0,treatment_duration,from:At_7d treatment control_rep3,,,Arabidopsis thaliana (Col-0) roots after 7d of treatment (39d old plant),At_7d treatment control_rep3
GSM3370030,168.0,treatment_duration,from:At_7d Arsenic treatment _rep3,,,Arabidopsis thaliana (Col-0) roots after 7d of treatment (39d old plant),At_7d Arsenic treatment _rep3
GSM3370031,168.0,treatment_duration,from:At_7d Hypoxia treatment _rep3,,,Arabidopsis thaliana (Col-0) roots after 7d of treatment (39d old plant),At_7d Hypoxia treatment _rep3
GSM3370032,168.0,treatment_duration,from:At_7d Combination treatment _rep3,,,Arabidopsis thaliana (Col-0) roots after 7d of treatment (39d old plant),At_7d Combination treatment _rep3
GSM19981,12.0,treatment_duration,"from:WT, ecotype Landsberg, treated with 50 microM paraquat and dark adapted for 12 h",,,"WT, ecotype Landsberg, treated with 50 microM paraquat and dark adapted for 12 h",50-pParD_1
GSM19982,0.5,treatment_duration,"from:WT, ecotype Landsberg, treated with 50 microM paraquat and reexposed for 30 min in light",,,"WT, ecotype Landsberg, treated with 50 microM paraquat and reexposed for 30 min in light",50-pParL_1
GSM19983,12.0,treatment_duration,"from:WT, ecotype Landsberg, treated with 50 microM paraquat and dark adapted for 12 h",,,"WT, ecotype Landsberg, treated with 50 microM paraquat and dark adapted for 12 h",50-pParD_2
GSM19984,0.5,treatment_duration,"from:WT, ecotype Landsberg, treated with 50 microM paraquat and reexposed for 30 min in light",,,"WT, ecotype Landsberg, treated with 50 microM paraquat and reexposed for 30 min in light",50-pParL_2
GSM19985,12.0,treatment_duration,"from:WT, ecotype Landsberg, treated with 50 microM paraquat and dark adapted for 12 h",,,"WT, ecotype Landsberg, treated with 50 microM paraquat and dark adapted for 12 h",50-pParD_3
GSM19986,0.5,treatment_duration,"from:WT, ecotype Landsberg, treated with 50 microM paraquat and reexposed for 30 min in light",,,"WT, ecotype Landsberg, treated with 50 microM paraquat and reexposed for 30 min in light",50-pParL_3
GSM19987,12.0,treatment_duration,"from:WT, ecotype Landsberg, treated with 50 microM paraquat and dark adapted for 12 h",,,"WT, ecotype Landsberg, treated with 50 microM paraquat and dark adapted for 12 h",50-pParD_4
GSM19988,0.5,treatment_duration,"from:WT, ecotype Landsberg, treated with 50 microM paraquat and reexposed for 30 min in light",,,"WT, ecotype Landsberg, treated with 50 microM paraquat and reexposed for 30 min in light",50-pParL_4
GSM19989,12.0,treatment_duration,"from:WT, ecotype Landsberg, treated with 50 microM paraquat and dark adapted for 12 h",,,"WT, ecotype Landsberg, treated with 50 microM paraquat and dark adapted for 12 h",50-pParD_5
GSM19990,0.5,treatment_duration,"from:WT, ecotype Landsberg, treated with 50 microM paraquat and reexposed for 30 min in light",,,"WT, ecotype Landsberg, treated with 50 microM paraquat and reexposed for 30 min in light",50-pParL_5
GSM19991,12.0,treatment_duration,"from:WT, ecotype Landsberg, treated with 50 microM paraquat and dark adapted for 12 h",,,"WT, ecotype Landsberg, treated with 50 microM paraquat and dark adapted for 12 h",50-pParD_6
GSM19992,0.5,treatment_duration,"from:WT, ecotype Landsberg, treated with 50 microM paraquat and reexposed for 30 min in light",,,"WT, ecotype Landsberg, treated with 50 microM paraquat and reexposed for 30 min in light",50-pParL_6
GSM19993,0.5,treatment_duration,"from:WT, ecotype Landsberg, treated with H20 and reexposed for 30 min in light",,,"WT, ecotype Landsberg, treated with H20 and reexposed for 30 min in light",51-H2O_1
GSM19994,0.5,treatment_duration,"from:WT, ecotype Landsberg, treated with 50 microM paraquat and reexposed for 30 min in light",,,"WT, ecotype Landsberg, treated with 50 microM paraquat and reexposed for 30 min in light",51-pPar_1
GSM19995,0.5,treatment_duration,"from:WT, ecotype Landsberg, treated with H20 and reexposed for 30 min in light",,,"WT, ecotype Landsberg, treated with H20 and reexposed for 30 min in light",51-H2O_2
GSM19996,0.5,treatment_duration,"from:WT, ecotype Landsberg, treated with 50 microM paraquat and reexposed for 30 min in light",,,"WT, ecotype Landsberg, treated with 50 microM paraquat and reexposed for 30 min in light",51-pPar_2
GSM19997,0.5,treatment_duration,"from:WT, ecotype Landsberg, treated with H20 and reexposed for 30 min in light",,,"WT, ecotype Landsberg, treated with H20 and reexposed for 30 min in light",51-H2O_3
GSM19998,0.5,treatment_duration,"from:WT, ecotype Landsberg, treated with 50 microM paraquat and reexposed for 30 min in light",,,"WT, ecotype Landsberg, treated with 50 microM paraquat and reexposed for 30 min in light",51-pPar_3
GSM19999,0.5,treatment_duration,"from:WT, ecotype Landsberg, treated with H20 and reexposed for 30 min in light",,,"WT, ecotype Landsberg, treated with H20 and reexposed for 30 min in light",51-H2O_4
GSM20000,0.5,treatment_duration,"from:WT, ecotype Landsberg, treated with 50 microM paraquat and reexposed for 30 min in light",,,"WT, ecotype Landsberg, treated with 50 microM paraquat and reexposed for 30 min in light",51-pPar_4
GSM20001,0.5,treatment_duration,"from:WT, ecotype Landsberg, treated with H20 and reexposed for 30 min in light",,,"WT, ecotype Landsberg, treated with H20 and reexposed for 30 min in light",51-H2O_5
GSM20002,0.5,treatment_duration,"from:WT, ecotype Landsberg, treated with 50 microM paraquat and reexposed for 30 min in light",,,"WT, ecotype Landsberg, treated with 50 microM paraquat and reexposed for 30 min in light",51-pPar_5
GSM20003,0.5,treatment_duration,"from:WT, ecotype Landsberg, treated with H20 and reexposed for 30 min in light",,,"WT, ecotype Landsberg, treated with H20 and reexposed for 30 min in light",51-H2O_6
GSM20004,0.5,treatment_duration,"from:WT, ecotype Landsberg, treated with 50 microM paraquat and reexposed for 30 min in light",,,"WT, ecotype Landsberg, treated with 50 microM paraquat and reexposed for 30 min in light",51-pPar_6
GSM3508146,0.0,treatment_duration,time: 0 h,,,seedlings,Col-0_mock_0_h_rep1 time course
GSM3508147,0.0,treatment_duration,time: 0 h,,,seedlings,Col-0_mock_0_h_rep2 time course
GSM3508148,0.0,treatment_duration,time: 0 h,,,seedlings,Col-0_mock_0_h_rep3 time course
GSM3508149,6.0,treatment_duration,time: 6 h,,,seedlings,Col-0_urea_06_h_rep1 time course
GSM3508150,6.0,treatment_duration,time: 6 h,,,seedlings,Col-0_urea_06_h_rep2 time course
GSM3508151,6.0,treatment_duration,time: 6 h,,,seedlings,Col-0_urea_06_h_rep3 time course
GSM3508152,12.0,treatment_duration,time: 12 h,,,seedlings,Col-0_urea_12_h_rep1 time course
GSM3508153,12.0,treatment_duration,time: 12 h,,,seedlings,Col-0_urea_12_h_rep2 time course
GSM3508154,12.0,treatment_duration,time: 12 h,,,seedlings,Col-0_urea_12_h_rep3 time course
GSM3508155,24.0,treatment_duration,time: 24 h,,,seedlings,Col-0_urea_24_h_rep1 time course
GSM3508156,24.0,treatment_duration,time: 24 h,,,seedlings,Col-0_urea_24_h_rep2 time course
GSM3508157,24.0,treatment_duration,time: 24 h,,,seedlings,Col-0_urea_24_h_rep3 time course
GSM3508158,48.0,treatment_duration,time: 48 h,,,seedlings,Col-0_urea_48_h_rep1 time course
GSM3508159,48.0,treatment_duration,time: 48 h,,,seedlings,Col-0_urea_48_h_rep2 time course
GSM3508160,48.0,treatment_duration,time: 48 h,,,seedlings,Col-0_urea_48_h_rep3 time course
GSM3508161,6.0,treatment_duration,time: 6 h,,,seedlings,Col-0_L-Glu_06_h_rep1 time course
GSM3508162,6.0,treatment_duration,time: 6 h,,,seedlings,Col-0_L-Glu_06_h_rep2 time course
GSM3508163,6.0,treatment_duration,time: 6 h,,,seedlings,Col-0_L-Glu_06_h_rep3 time course
GSM3508164,12.0,treatment_duration,time: 12 h,,,seedlings,Col-0_L-Glu_12_h_rep1 time course
GSM3508165,12.0,treatment_duration,time: 12 h,,,seedlings,Col-0_L-Glu_12_h_rep2 time course
GSM3508166,12.0,treatment_duration,time: 12 h,,,seedlings,Col-0_L-Glu_12_h_rep3 time course
GSM3508167,24.0,treatment_duration,time: 24 h,,,seedlings,Col-0_L-Glu_24_h_rep1 time course
GSM3508168,24.0,treatment_duration,time: 24 h,,,seedlings,Col-0_L-Glu_24_h_rep2 time course
GSM3508169,24.0,treatment_duration,time: 24 h,,,seedlings,Col-0_L-Glu_24_h_rep3 time course
GSM3508170,48.0,treatment_duration,time: 48 h,,,seedlings,Col-0_L-Glu_48_h_rep1 time course
GSM3508171,48.0,treatment_duration,time: 48 h,,,seedlings,Col-0_L-Glu_48_h_rep2 time course
GSM3508172,48.0,treatment_duration,time: 48 h,,,seedlings,Col-0_L-Glu_48_h_rep3 time course
GSM3508173,6.0,treatment_duration,time: 6 h,,,seedlings,Col-0_SA_06_h_rep1 time course
GSM3508174,6.0,treatment_duration,time: 6 h,,,seedlings,Col-0_SA_06_h_rep2 time course
GSM3508175,6.0,treatment_duration,time: 6 h,,,seedlings,Col-0_SA_06_h_rep3 time course
GSM3508176,12.0,treatment_duration,time: 12 h,,,seedlings,Col-0_SA_12_h_rep1 time course
GSM3508177,12.0,treatment_duration,time: 12 h,,,seedlings,Col-0_SA_12_h_rep2 time course
GSM3508178,12.0,treatment_duration,time: 12 h,,,seedlings,Col-0_SA_12_h_rep3 time course
GSM3508179,24.0,treatment_duration,time: 24 h,,,seedlings,Col-0_SA_24_h_rep1 time course
GSM3508180,24.0,treatment_duration,time: 24 h,,,seedlings,Col-0_SA_24_h_rep2 time course
GSM3508181,24.0,treatment_duration,time: 24 h,,,seedlings,Col-0_SA_24_h_rep3 time course
GSM3508182,48.0,treatment_duration,time: 48 h,,,seedlings,Col-0_SA_48_h_rep1 time course
GSM3508183,48.0,treatment_duration,time: 48 h,,,seedlings,Col-0_SA_48_h_rep2 time course
GSM3508184,48.0,treatment_duration,time: 48 h,,,seedlings,Col-0_SA_48_h_rep3 time course
GSM3534687,0.0,treatment_duration,time: 0 hr,,,Arabidopsis non-inoculated or control time 0,Arabidopsis non-inoculated Time 0 biological replicate 1
GSM3534688,0.0,treatment_duration,time: 0 hr,,,Arabidopsis non-inoculated or control time 0,Arabidopsis non-inoculated Time 0 biological replicate 2
GSM3534689,0.0,treatment_duration,time: 0 hr,,,Arabidopsis non-inoculated or control time 0,Arabidopsis non-inoculated Time 0 biological replicate 3
GSM3534690,1.0,treatment_duration,time: 1 hr,,,Arabidopsis non-inoculated or control  1 hour after a challenge with Pseudomona syringae Pst DC3000,Arabidopsis non-inoculated 1 hour after a challenge with Pseudomona syringae Pst DC3000  biological replicate 1
GSM3534691,1.0,treatment_duration,time: 1 hr,,,Arabidopsis non-inoculated or control  1 hour after a challenge with Pseudomona syringae Pst DC3000,Arabidopsis non-inoculated 1 hour after a challenge with Pseudomona syringae Pst DC3000  biological replicate 2
GSM3534692,1.0,treatment_duration,time: 1 hr,,,Arabidopsis non-inoculated or control  1 hour after a challenge with Pseudomona syringae Pst DC3000,Arabidopsis non-inoculated 1 hour after a challenge with Pseudomona syringae Pst DC3000  biological replicate 3
GSM3534693,24.0,treatment_duration,time: 24 hr,,,Arabidopsis non-inoculated or control 24 hour after a challenge with Pseudomona syringae Pst DC3000,Arabidopsis non-inoculated 24 hour after a challenge with Pseudomona syringae Pst DC3000  biological replicate 1
GSM3534694,24.0,treatment_duration,time: 24 hr,,,Arabidopsis non-inoculated or control 24 hour after a challenge with Pseudomona syringae Pst DC3000,Arabidopsis non-inoculated 24 hour after a challenge with Pseudomona syringae Pst DC3000  biological replicate 2
GSM3534695,24.0,treatment_duration,time: 24 hr,,,Arabidopsis non-inoculated or control 24 hour after a challenge with Pseudomona syringae Pst DC3000,Arabidopsis non-inoculated 24 hour after a challenge with Pseudomona syringae Pst DC3000  biological replicate 3
GSM3534696,0.0,treatment_duration,time: 0 hr,,,PsJN-inoculated Arabidopsis Time 0,PsJN-inoculated Arabidopsis Time 0 biological replicate 1
GSM3534697,0.0,treatment_duration,time: 0 hr,,,PsJN-inoculated Arabidopsis Time 0,PsJN-inoculated Arabidopsis Time 0 biological replicate 2
GSM3534698,0.0,treatment_duration,time: 0 hr,,,PsJN-inoculated Arabidopsis Time 0,PsJN-inoculated Arabidopsis Time 0 biological replicate 3
GSM3534699,1.0,treatment_duration,time: 1 hr,,,PsJN-inoculated Arabidopsis 1 hour after a challenge with Pseudomona syringae Pst DC3000,PsJN-inoculated Arabidopsis 1 hour after a challenge with Pseudomona syringae Pst DC3000  biological replicate 1
GSM3534700,1.0,treatment_duration,time: 1 hr,,,PsJN-inoculated Arabidopsis 1 hour after a challenge with Pseudomona syringae Pst DC3000,PsJN-inoculated Arabidopsis 1 hour after a challenge with Pseudomona syringae Pst DC3000  biological replicate 2
GSM3534701,1.0,treatment_duration,time: 1 hr,,,PsJN-inoculated Arabidopsis 1 hour after a challenge with Pseudomona syringae Pst DC3000,PsJN-inoculated Arabidopsis 1 hour after a challenge with Pseudomona syringae Pst DC3000  biological replicate 3
GSM3534702,24.0,treatment_duration,time: 24 hr,,,PsJN-inoculated Arabidopsis 24 hour after a challenge with Pseudomona syringae Pst DC3000,PsJN-inoculated Arabidopsis 24 hour after a challenge with Pseudomona syringae Pst DC3000  biological replicate 1
GSM3534703,24.0,treatment_duration,time: 24 hr,,,PsJN-inoculated Arabidopsis 24 hour after a challenge with Pseudomona syringae Pst DC3000,PsJN-inoculated Arabidopsis 24 hour after a challenge with Pseudomona syringae Pst DC3000  biological replicate 2
GSM3534704,24.0,treatment_duration,time: 24 hr,,,PsJN-inoculated Arabidopsis 24 hour after a challenge with Pseudomona syringae Pst DC3000,PsJN-inoculated Arabidopsis 24 hour after a challenge with Pseudomona syringae Pst DC3000  biological replicate 3
GSM3557665,,,,12.0,age: 12-day-old seedlings,Arabidopsis transgenic line carrying an empty vector,VC_rep1
GSM3557666,,,,12.0,age: 12-day-old seedlings,Arabidopsis transgenic line carrying an empty vector,VC_rep2
GSM3557667,,,,12.0,age: 12-day-old seedlings,Arabidopsis wild type Col-0,Col_rep1
GSM3557668,,,,12.0,age: 12-day-old seedlings,Arabidopsis wild type Col-0,Col_rep2
GSM3557669,,,,12.0,age: 12-day-old seedlings,Arabidopsis transgenic line harboring full length TaSIN,FL3_rep1
GSM3557670,,,,12.0,age: 12-day-old seedlings,Arabidopsis transgenic line harboring full length TaSIN,FL3_rep2
GSM3557671,,,,12.0,age: 12-day-old seedlings,Arabidopsis transgenic line harboring a truncated TaSIN lacking the transmembrane motif,ÎC26_rep1
GSM3557672,,,,12.0,age: 12-day-old seedlings,Arabidopsis transgenic line harboring a truncated TaSIN lacking the transmembrane motif,ÎC26_rep2
GSM3557673,,,,12.0,age: 12-day-old seedlings,Arabidopsis transgenic line harboring a truncated TaSIN lacking the transmembrane motif,ÎC27_rep1
GSM3557674,,,,12.0,age: 12-day-old seedlings,Arabidopsis transgenic line harboring a truncated TaSIN lacking the transmembrane motif,ÎC27_rep2
GSM3785645,0.0,unknown,time: t0,,,Col-0 3-week old whole rosette shoot tissue; end of night (dark harvested),Col-0 dark replicate 1
GSM3785646,0.0,unknown,time: t0,,,Col-0 3-week old whole rosette shoot tissue; end of night (dark harvested),Col-0 dark replicate 2
GSM3785647,0.0,unknown,time: t0,,,Col-0 3-week old whole rosette shoot tissue; end of night (dark harvested),Col-0 dark replicate 3
GSM3785648,2.0,unknown,time: t2,,,"Col-0 3-week old whole rosette shoot tissue; dark - standard light, 2 hours",Col-0 2 hours standard light replicate 1
GSM3785649,2.0,unknown,time: t2,,,"Col-0 3-week old whole rosette shoot tissue; dark - standard light, 2 hours",Col-0 2 hours standard light replicate 2
GSM3785650,2.0,unknown,time: t2,,,"Col-0 3-week old whole rosette shoot tissue; dark - standard light, 2 hours",Col-0 2 hours standard light replicate 3
GSM345297,0.0,treatment_duration,"from:Col whole leaf, 0h UI, biological rep 1",672.0,age: 4 weeks old at time 0 (innoculation),Col whole leaf uninfected 0h,"Col whole leaf, 0h UI, biological rep 1"
GSM345298,0.0,treatment_duration,"from:Col whole leaf, 0h UI, biological rep 2",672.0,age: 4 weeks old at time 0 (innoculation),Col whole leaf uninfected 0h,"Col whole leaf, 0h UI, biological rep 2"
GSM345299,0.0,treatment_duration,"from:Col whole leaf, 0h UI, biological rep 3",672.0,age: 4 weeks old at time 0 (innoculation),Col whole leaf uninfected 0h,"Col whole leaf, 0h UI, biological rep 3"
GSM345300,0.0,treatment_duration,"from:Col whole leaf, 0h UI, biological rep 4",672.0,age: 4 weeks old at time 0 (innoculation),Col whole leaf uninfected 0h,"Col whole leaf, 0h UI, biological rep 4"
GSM345301,6.0,treatment_duration,from:Col whole leaf infected with Golovinomyces orontii 6h,672.0,age: 4 weeks old at time 0 (innoculation),Col whole leaf infected with Golovinomyces orontii 6h,"Col whole leaf, 6hpi, biological rep 1"
GSM345302,6.0,treatment_duration,from:Col whole leaf infected with Golovinomyces orontii 6h,672.0,age: 4 weeks old at time 0 (innoculation),Col whole leaf infected with Golovinomyces orontii 6h,"Col whole leaf, 6hpi, biological rep 2"
GSM345303,6.0,treatment_duration,from:Col whole leaf infected with Golovinomyces orontii 6h,672.0,age: 4 weeks old at time 0 (innoculation),Col whole leaf infected with Golovinomyces orontii 6h,"Col whole leaf, 6hpi, biological rep 3"
GSM345304,6.0,treatment_duration,from:Col whole leaf infected with Golovinomyces orontii 6h,672.0,age: 4 weeks old at time 0 (innoculation),Col whole leaf infected with Golovinomyces orontii 6h,"Col whole leaf, 6hpi, biological rep 4"
GSM345305,24.0,treatment_duration,from:Col whole leaf infected with Golovinomyces orontii 1d,672.0,age: 4 weeks old at time 0 (innoculation),Col whole leaf infected with Golovinomyces orontii 1d,"Col whole leaf, 1dpi, biological rep 1"
GSM345306,24.0,treatment_duration,from:Col whole leaf infected with Golovinomyces orontii 1d,672.0,age: 4 weeks old at time 0 (innoculation),Col whole leaf infected with Golovinomyces orontii 1d,"Col whole leaf, 1dpi, biological rep 2"
GSM345307,24.0,treatment_duration,from:Col whole leaf infected with Golovinomyces orontii 1d,672.0,age: 4 weeks old at time 0 (innoculation),Col whole leaf infected with Golovinomyces orontii 1d,"Col whole leaf, 1dpi, biological rep 3"
GSM345308,24.0,treatment_duration,from:Col whole leaf infected with Golovinomyces orontii 1d,672.0,age: 4 weeks old at time 0 (innoculation),Col whole leaf infected with Golovinomyces orontii 1d,"Col whole leaf, 1dpi, biological rep 4"
GSM345309,72.0,treatment_duration,from:Col whole leaf infected with Golovinomyces orontii 3d,672.0,age: 4 weeks old at time 0 (innoculation),Col whole leaf infected with Golovinomyces orontii 3d,"Col whole leaf, 3dpi, biological rep 1"
GSM345310,72.0,treatment_duration,from:Col whole leaf infected with Golovinomyces orontii 3d,672.0,age: 4 weeks old at time 0 (innoculation),Col whole leaf infected with Golovinomyces orontii 3d,"Col whole leaf, 3dpi, biological rep 2"
GSM345311,72.0,treatment_duration,from:Col whole leaf infected with Golovinomyces orontii 3d,672.0,age: 4 weeks old at time 0 (innoculation),Col whole leaf infected with Golovinomyces orontii 3d,"Col whole leaf, 3dpi, biological rep 3"
GSM345312,72.0,treatment_duration,from:Col whole leaf infected with Golovinomyces orontii 3d,672.0,age: 4 weeks old at time 0 (innoculation),Col whole leaf infected with Golovinomyces orontii 3d,"Col whole leaf, 3dpi, biological rep 4"
GSM345313,120.0,treatment_duration,from:Col whole leaf infected with Golovinomyces orontii 5d,672.0,age: 4 weeks old at time 0 (innoculation),Col whole leaf infected with Golovinomyces orontii 5d,"Col whole leaf, 5dpi, biological rep 1"
GSM345314,120.0,treatment_duration,from:Col whole leaf infected with Golovinomyces orontii 5d,672.0,age: 4 weeks old at time 0 (innoculation),Col whole leaf infected with Golovinomyces orontii 5d,"Col whole leaf, 5dpi, biological rep 2"
GSM345315,120.0,treatment_duration,from:Col whole leaf infected with Golovinomyces orontii 5d,672.0,age: 4 weeks old at time 0 (innoculation),Col whole leaf infected with Golovinomyces orontii 5d,"Col whole leaf, 5dpi, biological rep 3"
GSM345316,120.0,treatment_duration,from:Col whole leaf infected with Golovinomyces orontii 5d,672.0,age: 4 weeks old at time 0 (innoculation),Col whole leaf infected with Golovinomyces orontii 5d,"Col whole leaf, 5dpi, biological rep 4"
GSM345317,168.0,treatment_duration,from:Col whole leaf infected with Golovinomyces orontii 7d,672.0,age: 4 weeks old at time 0 (innoculation),Col whole leaf infected with Golovinomyces orontii 7d,"Col whole leaf, 7dpi, biological rep 1"
GSM345318,168.0,treatment_duration,from:Col whole leaf infected with Golovinomyces orontii 7d,672.0,age: 4 weeks old at time 0 (innoculation),Col whole leaf infected with Golovinomyces orontii 7d,"Col whole leaf, 7dpi, biological rep 2"
GSM345319,168.0,treatment_duration,from:Col whole leaf infected with Golovinomyces orontii 7d,672.0,age: 4 weeks old at time 0 (innoculation),Col whole leaf infected with Golovinomyces orontii 7d,"Col whole leaf, 7dpi, biological rep 3"
GSM345320,168.0,treatment_duration,from:Col whole leaf infected with Golovinomyces orontii 7d,672.0,age: 4 weeks old at time 0 (innoculation),Col whole leaf infected with Golovinomyces orontii 7d,"Col whole leaf, 7dpi, biological rep 4"
GSM345321,168.0,treatment_duration,"from:Col whole leaf, 7d UI, biological rep 1",672.0,age: 4 weeks old at time 0 (innoculation),Col whole leaf uninfected 7d,"Col whole leaf, 7d UI, biological rep 1"
GSM345322,168.0,treatment_duration,"from:Col whole leaf, 7d UI, biological rep 2",672.0,age: 4 weeks old at time 0 (innoculation),Col whole leaf uninfected 7d,"Col whole leaf, 7d UI, biological rep 2"
GSM345323,168.0,treatment_duration,"from:Col whole leaf, 7d UI, biological rep 3",672.0,age: 4 weeks old at time 0 (innoculation),Col whole leaf uninfected 7d,"Col whole leaf, 7d UI, biological rep 3"
GSM345324,168.0,treatment_duration,"from:Col whole leaf, 7d UI, biological rep 4",672.0,age: 4 weeks old at time 0 (innoculation),Col whole leaf uninfected 7d,"Col whole leaf, 7d UI, biological rep 4"
GSM345325,0.0,treatment_duration,"from:eds16 whole leaf, 0h UI, biological rep 1",672.0,age: 4 weeks old at time 0 (innoculation),eds16 whole leaf uninfected 0h,"eds16 whole leaf, 0h UI, biological rep 1"
GSM345326,0.0,treatment_duration,"from:eds16 whole leaf, 0h UI, biological rep 2",672.0,age: 4 weeks old at time 0 (innoculation),eds16 whole leaf uninfected 0h,"eds16 whole leaf, 0h UI, biological rep 2"
GSM345327,0.0,treatment_duration,"from:eds16 whole leaf, 0h UI, biological rep 3",672.0,age: 4 weeks old at time 0 (innoculation),eds16 whole leaf uninfected 0h,"eds16 whole leaf, 0h UI, biological rep 3"
GSM345328,0.0,treatment_duration,"from:eds16 whole leaf, 0h UI, biological rep 4",672.0,age: 4 weeks old at time 0 (innoculation),eds16 whole leaf uninfected 0h,"eds16 whole leaf, 0h UI, biological rep 4"
GSM345329,6.0,treatment_duration,from:eds16 whole leaf infected with Golovinomyces orontii 6h,672.0,age: 4 weeks old at time 0 (innoculation),eds16 whole leaf infected with Golovinomyces orontii 6h,"eds16 whole leaf, 6hpi, biological rep 1"
GSM345330,6.0,treatment_duration,from:eds16 whole leaf infected with Golovinomyces orontii 6h,672.0,age: 4 weeks old at time 0 (innoculation),eds16 whole leaf infected with Golovinomyces orontii 6h,"eds16 whole leaf, 6hpi, biological rep 2"
GSM345331,6.0,treatment_duration,from:eds16 whole leaf infected with Golovinomyces orontii 6h,672.0,age: 4 weeks old at time 0 (innoculation),eds16 whole leaf infected with Golovinomyces orontii 6h,"eds16 whole leaf, 6hpi, biological rep 3"
GSM345332,6.0,treatment_duration,from:eds16 whole leaf infected with Golovinomyces orontii 6h,672.0,age: 4 weeks old at time 0 (innoculation),eds16 whole leaf infected with Golovinomyces orontii 6h,"eds16 whole leaf, 6hpi, biological rep 4"
GSM345333,24.0,treatment_duration,from:eds16 whole leaf infected with Golovinomyces orontii 1d,672.0,age: 4 weeks old at time 0 (innoculation),eds16 whole leaf infected with Golovinomyces orontii 1d,"eds16 whole leaf, 1dpi, biological rep 1"
GSM345334,24.0,treatment_duration,from:eds16 whole leaf infected with Golovinomyces orontii 1d,672.0,age: 4 weeks old at time 0 (innoculation),eds16 whole leaf infected with Golovinomyces orontii 1d,"eds16 whole leaf, 1dpi, biological rep 2"
GSM345335,24.0,treatment_duration,from:eds16 whole leaf infected with Golovinomyces orontii 1d,672.0,age: 4 weeks old at time 0 (innoculation),eds16 whole leaf infected with Golovinomyces orontii 1d,"eds16 whole leaf, 1dpi, biological rep 3"
GSM345336,24.0,treatment_duration,from:eds16 whole leaf infected with Golovinomyces orontii 1d,672.0,age: 4 weeks old at time 0 (innoculation),eds16 whole leaf infected with Golovinomyces orontii 1d,"eds16 whole leaf, 1dpi, biological rep 4"
GSM345337,72.0,treatment_duration,from:eds16 whole leaf infected with Golovinomyces orontii 3d,672.0,age: 4 weeks old at time 0 (innoculation),eds16 whole leaf infected with Golovinomyces orontii 3d,"eds16 whole leaf, 3dpi, biological rep 1"
GSM345338,72.0,treatment_duration,from:eds16 whole leaf infected with Golovinomyces orontii 3d,672.0,age: 4 weeks old at time 0 (innoculation),eds16 whole leaf infected with Golovinomyces orontii 3d,"eds16 whole leaf, 3dpi, biological rep 2"
GSM345339,72.0,treatment_duration,from:eds16 whole leaf infected with Golovinomyces orontii 3d,672.0,age: 4 weeks old at time 0 (innoculation),eds16 whole leaf infected with Golovinomyces orontii 3d,"eds16 whole leaf, 3dpi, biological rep 3"
GSM345340,72.0,treatment_duration,from:eds16 whole leaf infected with Golovinomyces orontii 3d,672.0,age: 4 weeks old at time 0 (innoculation),eds16 whole leaf infected with Golovinomyces orontii 3d,"eds16 whole leaf, 3dpi, biological rep 4"
GSM345341,120.0,treatment_duration,from:eds16 whole leaf infected with Golovinomyces orontii 5d,672.0,age: 4 weeks old at time 0 (innoculation),eds16 whole leaf infected with Golovinomyces orontii 5d,"eds16 whole leaf, 5dpi, biological rep 1"
GSM345342,120.0,treatment_duration,from:eds16 whole leaf infected with Golovinomyces orontii 5d,672.0,age: 4 weeks old at time 0 (innoculation),eds16 whole leaf infected with Golovinomyces orontii 5d,"eds16 whole leaf, 5dpi, biological rep 2"
GSM345343,120.0,treatment_duration,from:eds16 whole leaf infected with Golovinomyces orontii 5d,672.0,age: 4 weeks old at time 0 (innoculation),eds16 whole leaf infected with Golovinomyces orontii 5d,"eds16 whole leaf, 5dpi, biological rep 3"
GSM345344,120.0,treatment_duration,from:eds16 whole leaf infected with Golovinomyces orontii 5d,672.0,age: 4 weeks old at time 0 (innoculation),eds16 whole leaf infected with Golovinomyces orontii 5d,"eds16 whole leaf, 5dpi, biological rep 4"
GSM345345,168.0,treatment_duration,from:eds16 whole leaf infected with Golovinomyces orontii 7d,672.0,age: 4 weeks old at time 0 (innoculation),eds16 whole leaf infected with Golovinomyces orontii 7d,"eds16 whole leaf, 7dpi, biological rep 1"
GSM345346,168.0,treatment_duration,from:eds16 whole leaf infected with Golovinomyces orontii 7d,672.0,age: 4 weeks old at time 0 (innoculation),eds16 whole leaf infected with Golovinomyces orontii 7d,"eds16 whole leaf, 7dpi, biological rep 2"
GSM345347,168.0,treatment_duration,from:eds16 whole leaf infected with Golovinomyces orontii 7d,672.0,age: 4 weeks old at time 0 (innoculation),eds16 whole leaf infected with Golovinomyces orontii 7d,"eds16 whole leaf, 7dpi, biological rep 3"
GSM345348,168.0,treatment_duration,from:eds16 whole leaf infected with Golovinomyces orontii 7d,672.0,age: 4 weeks old at time 0 (innoculation),eds16 whole leaf infected with Golovinomyces orontii 7d,"eds16 whole leaf, 7dpi, biological rep 4"
GSM345349,168.0,treatment_duration,"from:eds16 whole leaf, 7d UI, biological rep 1",672.0,age: 4 weeks old at time 0 (innoculation),eds16 whole leaf uninfected 7d,"eds16 whole leaf, 7d UI, biological rep 1"
GSM345350,168.0,treatment_duration,"from:eds16 whole leaf, 7d UI, biological rep 2",672.0,age: 4 weeks old at time 0 (innoculation),eds16 whole leaf uninfected 7d,"eds16 whole leaf, 7d UI, biological rep 2"
GSM345351,168.0,treatment_duration,"from:eds16 whole leaf, 7d UI, biological rep 3",672.0,age: 4 weeks old at time 0 (innoculation),eds16 whole leaf uninfected 7d,"eds16 whole leaf, 7d UI, biological rep 3"
GSM345352,168.0,treatment_duration,"from:eds16 whole leaf, 7d UI, biological rep 4",672.0,age: 4 weeks old at time 0 (innoculation),eds16 whole leaf uninfected 7d,"eds16 whole leaf, 7d UI, biological rep 4"
GSM347109,1.0,treatment_duration,"from:Arabidopsis rosette, no treatment, 60 min in light",,,"Arabidopsis rosette, no treatment, 60 min in light",Arabidopsis rosette_Light Control_Rep1
GSM347110,1.0,treatment_duration,"from:Arabidopsis rosette, wounded leaves, 60 min in dark",,,"Arabidopsis rosette, wounded leaves, 60 min in dark",Arabidopsis rosette_Dark Wounded_Rep1
GSM347111,1.0,treatment_duration,"from:Arabidopsis rosette, unwounded leaves, 60 min in dark",,,"Arabidopsis rosette, unwounded leaves, 60 min in dark",Arabidopsis rosette_Dark Control_Rep1
GSM347112,1.0,treatment_duration,"from:Arabidopsis rosette, wounded leaves, 60 min in light",,,"Arabidopsis rosette, wounded leaves, 60 min in light",Arabidopsis rosette_Light Wounded_Rep1
GSM347113,1.0,treatment_duration,"from:Arabidopsis rosette, no treatment, 60 min in light",,,"Arabidopsis rosette, no treatment, 60 min in light",Arabidopsis rosette_Light Control_Rep2
GSM347114,1.0,treatment_duration,"from:Arabidopsis rosette, wounded leaves, 60 min in light",,,"Arabidopsis rosette, wounded leaves, 60 min in light",Arabidopsis rosette_Light Wounded_Rep2
GSM347115,1.0,treatment_duration,"from:Arabidopsis rosette, unwounded leaves, 60 min in dark",,,"Arabidopsis rosette, unwounded leaves, 60 min in dark",Arabidopsis rosette_Dark Control_Rep2
GSM347116,1.0,treatment_duration,"from:Arabidopsis rosette, wounded leaves, 60 min in dark",,,"Arabidopsis rosette, wounded leaves, 60 min in dark",Arabidopsis rosette_Dark Wounded_Rep2
GSM347117,1.0,treatment_duration,"from:Arabidopsis rosette, no treatment, 60 min in light",,,"Arabidopsis rosette, no treatment, 60 min in light",Arabidopsis rosette_Light Control_Rep3
GSM347118,1.0,treatment_duration,"from:Arabidopsis rosette, wounded leaves, 60 min in light",,,"Arabidopsis rosette, wounded leaves, 60 min in light",Arabidopsis rosette_Light Wounded_Rep3
GSM347119,1.0,treatment_duration,"from:Arabidopsis rosette, unwounded leaves, 60 min in dark",,,"Arabidopsis rosette, unwounded leaves, 60 min in dark",Arabidopsis rosette_Dark Control_Rep3
GSM347120,1.0,treatment_duration,"from:Arabidopsis rosette, wounded leaves, 60 min in dark",,,"Arabidopsis rosette, wounded leaves, 60 min in dark",Arabidopsis rosette_Dark Wounded_Rep3
GSM4209365,1.5,treatment_duration,from:Nkd1.5h.rep1,,,whole seedlings,Nkd1.5h.rep1
GSM4209366,1.5,treatment_duration,from:Nkd1.5h.rep2,,,whole seedlings,Nkd1.5h.rep2
GSM4209367,1.5,treatment_duration,from:Nkd1.5h.rep3,,,whole seedlings,Nkd1.5h.rep3
GSM4209368,1.24,treatment_duration,from:Nkd1.24h.rep1,,,whole seedlings,Nkd1.24h.rep1
GSM4209369,1.24,treatment_duration,from:Nkd1.24h.rep2,,,whole seedlings,Nkd1.24h.rep2
GSM4209370,1.24,treatment_duration,from:Nkd1.24h.rep3,,,whole seedlings,Nkd1.24h.rep3
GSM4209371,5.0,treatment_duration,from:mCherry.5h.rep1,,,whole seedlings,mCherry.5h.rep1
GSM4209372,5.0,treatment_duration,from:mCherry.5h.rep2,,,whole seedlings,mCherry.5h.rep2
GSM4209373,5.0,treatment_duration,from:mCherry.5h.rep3,,,whole seedlings,mCherry.5h.rep3
GSM4209374,24.0,treatment_duration,from:mCherry.24h.rep1,,,whole seedlings,mCherry.24h.rep1
GSM4209375,24.0,treatment_duration,from:mCherry.24h.rep2,,,whole seedlings,mCherry.24h.rep2
GSM4209376,24.0,treatment_duration,from:mCherry.24h.rep3,,,whole seedlings,mCherry.24h.rep3
GSM4209377,5.0,treatment_duration,from:Nkd1-SRDX.5h.rep1,,,whole seedlings,Nkd1-SRDX.5h.rep1
GSM4209378,5.0,treatment_duration,from:Nkd1-SRDX.5h.rep2,,,whole seedlings,Nkd1-SRDX.5h.rep2
GSM4209379,5.0,treatment_duration,from:Nkd1-SRDX.5h.rep3,,,whole seedlings,Nkd1-SRDX.5h.rep3
GSM4209380,24.0,treatment_duration,from:Nkd1-SRDX.24h.rep1,,,whole seedlings,Nkd1-SRDX.24h.rep1
GSM4209381,24.0,treatment_duration,from:Nkd1-SRDX.24h.rep2,,,whole seedlings,Nkd1-SRDX.24h.rep2
GSM4209382,24.0,treatment_duration,from:Nkd1-SRDX.24h.rep3,,,whole seedlings,Nkd1-SRDX.24h.rep3
GSM4209383,5.0,treatment_duration,from:Nkd1-delEAR.5h.rep1,,,whole seedlings,Nkd1-delEAR.5h.rep1
GSM4209384,5.0,treatment_duration,from:Nkd1-delEAR.5h.rep2,,,whole seedlings,Nkd1-delEAR.5h.rep2
GSM4209385,5.0,treatment_duration,from:Nkd1-delEAR.5h.rep3,,,whole seedlings,Nkd1-delEAR.5h.rep3
GSM4209386,24.0,treatment_duration,from:Nkd1-delEAR.24h.rep1,,,whole seedlings,Nkd1-delEAR.24h.rep1
GSM4209387,24.0,treatment_duration,from:Nkd1-delEAR.24h.rep2,,,whole seedlings,Nkd1-delEAR.24h.rep2
GSM4209388,24.0,treatment_duration,from:Nkd1-delEAR.24h.rep3,,,whole seedlings,Nkd1-delEAR.24h.rep3
GSM4216257,0.0,treatment_duration,time: 0min,,,Arabidopsis leaves,Col_local_0min_1
GSM4216258,0.0,treatment_duration,time: 0min,,,Arabidopsis leaves,Col_local_0min_2
GSM4216259,0.0,treatment_duration,time: 0min,,,Arabidopsis leaves,Col_local_0min_3
GSM4216260,0.0333333333333333,treatment_duration,time: 2min,,,Arabidopsis leaves,Col_local_2min_1
GSM4216261,0.0333333333333333,treatment_duration,time: 2min,,,Arabidopsis leaves,Col_local_2min_2
GSM4216262,0.0333333333333333,treatment_duration,time: 2min,,,Arabidopsis leaves,Col_local_2min_3
GSM4216263,0.1333333333333333,treatment_duration,time: 8min,,,Arabidopsis leaves,Col_local_8min_1
GSM4216264,0.1333333333333333,treatment_duration,time: 8min,,,Arabidopsis leaves,Col_local_8min_2
GSM4216265,0.1333333333333333,treatment_duration,time: 8min,,,Arabidopsis leaves,Col_local_8min_3
GSM4216266,0.0,treatment_duration,time: 0min,,,Arabidopsis leaves,Col_local_30min_1
GSM4216267,0.0,treatment_duration,time: 0min,,,Arabidopsis leaves,Col_local_30min_2
GSM4216268,0.0,treatment_duration,time: 0min,,,Arabidopsis leaves,Col_local_30min_3
GSM4216269,0.0,treatment_duration,time: 0min,,,Arabidopsis leaves,Col_systemic_0min_1
GSM4216270,0.0,treatment_duration,time: 0min,,,Arabidopsis leaves,Col_systemic_0min_2
GSM4216271,0.0,treatment_duration,time: 0min,,,Arabidopsis leaves,Col_systemic_0min_3
GSM4216272,0.0333333333333333,treatment_duration,time: 2min,,,Arabidopsis leaves,Col_systemic_2min_1
GSM4216273,0.0333333333333333,treatment_duration,time: 2min,,,Arabidopsis leaves,Col_systemic_2min_2
GSM4216274,0.0333333333333333,treatment_duration,time: 2min,,,Arabidopsis leaves,Col_systemic_2min_3
GSM4216275,0.1333333333333333,treatment_duration,time: 8min,,,Arabidopsis leaves,Col_systemic_8min_1
GSM4216276,0.1333333333333333,treatment_duration,time: 8min,,,Arabidopsis leaves,Col_systemic_8min_2
GSM4216277,0.1333333333333333,treatment_duration,time: 8min,,,Arabidopsis leaves,Col_systemic_8min_3
GSM4216278,0.0,treatment_duration,time: 0min,,,Arabidopsis leaves,Col_systemic_30min_1
GSM4216279,0.0,treatment_duration,time: 0min,,,Arabidopsis leaves,Col_systemic_30min_2
GSM4216280,0.0,treatment_duration,time: 0min,,,Arabidopsis leaves,Col_systemic_30min_3
GSM4216281,0.0,treatment_duration,time: 0min,,,Arabidopsis leaves,myb30_local_0min_1
GSM4216282,0.0,treatment_duration,time: 0min,,,Arabidopsis leaves,myb30_local_0min_2
GSM4216283,0.0,treatment_duration,time: 0min,,,Arabidopsis leaves,myb30_local_0min_3
GSM4216284,0.0333333333333333,treatment_duration,time: 2min,,,Arabidopsis leaves,myb30_local_2min_1
GSM4216285,0.0333333333333333,treatment_duration,time: 2min,,,Arabidopsis leaves,myb30_local_2min_2
GSM4216286,0.0333333333333333,treatment_duration,time: 2min,,,Arabidopsis leaves,myb30_local_2min_3
GSM4216287,0.1333333333333333,treatment_duration,time: 8min,,,Arabidopsis leaves,myb30_local_8min_1
GSM4216288,0.1333333333333333,treatment_duration,time: 8min,,,Arabidopsis leaves,myb30_local_8min_2
GSM4216289,0.1333333333333333,treatment_duration,time: 8min,,,Arabidopsis leaves,myb30_local_8min_3
GSM4216290,0.5,treatment_duration,time: 30min,,,Arabidopsis leaves,myb30_local_30min_1
GSM4216291,0.5,treatment_duration,time: 30min,,,Arabidopsis leaves,myb30_local_30min_2
GSM4216292,0.5,treatment_duration,time: 30min,,,Arabidopsis leaves,myb30_local_30min_3
GSM4216293,0.0,treatment_duration,time: 0min,,,Arabidopsis leaves,myb30_systemic_0min_1
GSM4216294,0.0,treatment_duration,time: 0min,,,Arabidopsis leaves,myb30_systemic_0min_2
GSM4216295,0.0,treatment_duration,time: 0min,,,Arabidopsis leaves,myb30_systemic_0min_3
GSM4216296,0.0333333333333333,treatment_duration,time: 2min,,,Arabidopsis leaves,myb30_systemic_2min_1
GSM4216297,0.0333333333333333,treatment_duration,time: 2min,,,Arabidopsis leaves,myb30_systemic_2min_2
GSM4216298,0.0333333333333333,treatment_duration,time: 2min,,,Arabidopsis leaves,myb30_systemic_2min_3
GSM4216299,0.1333333333333333,treatment_duration,time: 8min,,,Arabidopsis leaves,myb30_systemic_8min_1
GSM4216300,0.1333333333333333,treatment_duration,time: 8min,,,Arabidopsis leaves,myb30_systemic_8min_2
GSM4216301,0.1333333333333333,treatment_duration,time: 8min,,,Arabidopsis leaves,myb30_systemic_8min_3
GSM4216302,0.5,treatment_duration,time: 30min,,,Arabidopsis leaves,myb30_systemic_30min_1
GSM4216303,0.5,treatment_duration,time: 30min,,,Arabidopsis leaves,myb30_systemic_30min_2
GSM4216304,0.5,treatment_duration,time: 30min,,,Arabidopsis leaves,myb30_systemic_30min_3
GSM356658,3.0,treatment_duration,from:KTset1_coi1-1_hrcC_3h,672.0,age: 4 week-old,"Arabidopsis thaliana coi1-1, leaves, 1x10E8 Pseudomonas syringae pv. tomato DC3000 hrcC-infiltrated, 3h",KTset1_coi1-1_hrcC_3h
GSM356659,9.0,treatment_duration,from:KTset1_coi1-1_hrcC_9h,672.0,age: 4 week-old,"Arabidopsis thaliana coi1-1, leaves, 1x10E8 Pseudomonas syringae pv. tomato DC3000 hrcC-infiltrated, 9h",KTset1_coi1-1_hrcC_9h
GSM356660,3.0,treatment_duration,from:KTset1_Col-0_hrcC_3h,672.0,age: 4 week-old,"Arabidopsis thaliana Col-0, leaves, 1x10E8 Pseudomonas syringae pv. tomato DC3000 hrcC-infiltrated, 3h",KTset1_Col-0_hrcC_3h
GSM356661,9.0,treatment_duration,from:KTset1_Col-0_hrcC_9h,672.0,age: 4 week-old,"Arabidopsis thaliana Col-0, leaves, 1x10E8 Pseudomonas syringae pv. tomato DC3000 hrcC-infiltrated, 9h",KTset1_Col-0_hrcC_9h
GSM356662,3.0,treatment_duration,from:KTset1_Col-0_mock_3h,672.0,age: 4 week-old,"Arabidopsis thaliana Col-0, leaves, water-infiltrated, 3h",KTset1_Col-0_mock_3h
GSM356663,9.0,treatment_duration,from:KTset1_Col-0_mock_9h,672.0,age: 4 week-old,"Arabidopsis thaliana Col-0, leaves, water-infiltrated, 9h",KTset1_Col-0_mock_9h
GSM356664,3.0,treatment_duration,from:KTset1_dde2-2_hrcC_3h,672.0,age: 4 week-old,"Arabidopsis thaliana dde2-2, leaves, 1x10E8 Pseudomonas syringae pv. tomato DC3000 hrcC-infiltrated, 3h",KTset1_dde2-2_hrcC_3h
GSM356665,9.0,treatment_duration,from:KTset1_dde2-2_hrcC_9h,672.0,age: 4 week-old,"Arabidopsis thaliana dde2-2, leaves, 1x10E8 Pseudomonas syringae pv. tomato DC3000 hrcC-infiltrated, 9h",KTset1_dde2-2_hrcC_9h
GSM356666,3.0,treatment_duration,from:KTset1_ein2-1_hrcC_3h,672.0,age: 4 week-old,"Arabidopsis thaliana ein2-1, leaves, 1x10E8 Pseudomonas syringae pv. tomato DC3000 hrcC-infiltrated, 3h",KTset1_ein2-1_hrcC_3h
GSM356667,9.0,treatment_duration,from:KTset1_ein2-1_hrcC_9h,672.0,age: 4 week-old,"Arabidopsis thaliana ein2-1, leaves, 1x10E8 Pseudomonas syringae pv. tomato DC3000 hrcC-infiltrated, 9h",KTset1_ein2-1_hrcC_9h
GSM356668,3.0,treatment_duration,from:KTset1_mpk3_hrcC_3h,672.0,age: 4 week-old,"Arabidopsis thaliana mpk3, leaves, 1x10E8 Pseudomonas syringae pv. tomato DC3000 hrcC-infiltrated, 3h",KTset1_mpk3_hrcC_3h
GSM356669,9.0,treatment_duration,from:KTset1_mpk3_hrcC_9h,672.0,age: 4 week-old,"Arabidopsis thaliana mpk3, leaves, 1x10E8 Pseudomonas syringae pv. tomato DC3000 hrcC-infiltrated, 9h",KTset1_mpk3_hrcC_9h
GSM356670,3.0,treatment_duration,from:KTset1_pad4-1_hrcC_3h,672.0,age: 4 week-old,"Arabidopsis thaliana pad4-1, leaves, 1x10E8 Pseudomonas syringae pv. tomato DC3000 hrcC-infiltrated, 3h",KTset1_pad4-1_hrcC_3h
GSM356671,9.0,treatment_duration,from:KTset1_pad4-1_hrcC_9h,672.0,age: 4 week-old,"Arabidopsis thaliana pad4-1, leaves, 1x10E8 Pseudomonas syringae pv. tomato DC3000 hrcC-infiltrated, 9h",KTset1_pad4-1_hrcC_9h
GSM356672,3.0,treatment_duration,from:KTset1_sid2-2_hrcC_3h,672.0,age: 4 week-old,"Arabidopsis thaliana sid2-2, leaves, 1x10E8 Pseudomonas syringae pv. tomato DC3000 hrcC-infiltrated, 3h",KTset1_sid2-2_hrcC_3h
GSM356673,9.0,treatment_duration,from:KTset1_sid2-2_hrcC_9h,672.0,age: 4 week-old,"Arabidopsis thaliana sid2-2, leaves, 1x10E8 Pseudomonas syringae pv. tomato DC3000 hrcC-infiltrated, 9h",KTset1_sid2-2_hrcC_9h
GSM356674,3.0,treatment_duration,from:KTset2_coi1-1_hrcC_3h,672.0,age: 4 week-old,"Arabidopsis thaliana coi1-1, leaves, 1x10E8 Pseudomonas syringae pv. tomato DC3000 hrcC-infiltrated, 3h",KTset2_coi1-1_hrcC_3h
GSM356675,9.0,treatment_duration,from:KTset2_coi1-1_hrcC_9h,672.0,age: 4 week-old,"Arabidopsis thaliana coi1-1, leaves, 1x10E8 Pseudomonas syringae pv. tomato DC3000 hrcC-infiltrated, 9h",KTset2_coi1-1_hrcC_9h
GSM356676,3.0,treatment_duration,from:KTset2_Col-0_hrcC_3h,672.0,age: 4 week-old,"Arabidopsis thaliana Col-0, leaves, 1x10E8 Pseudomonas syringae pv. tomato DC3000 hrcC-infiltrated, 3h",KTset2_Col-0_hrcC_3h
GSM356677,9.0,treatment_duration,from:KTset2_Col-0_hrcC_9h,672.0,age: 4 week-old,"Arabidopsis thaliana Col-0, leaves, 1x10E8 Pseudomonas syringae pv. tomato DC3000 hrcC-infiltrated, 9h",KTset2_Col-0_hrcC_9h
GSM356678,3.0,treatment_duration,from:KTset2_Col-0_mock_3h,672.0,age: 4 week-old,"Arabidopsis thaliana Col-0, leaves, water-infiltrated, 3h",KTset2_Col-0_mock_3h
GSM356679,9.0,treatment_duration,from:KTset2_Col-0_mock_9h,672.0,age: 4 week-old,"Arabidopsis thaliana Col-0, leaves, water-infiltrated, 9h",KTset2_Col-0_mock_9h
GSM356680,3.0,treatment_duration,from:KTset2_dde2-2_hrcC_3h,672.0,age: 4 week-old,"Arabidopsis thaliana dde2-2, leaves, 1x10E8 Pseudomonas syringae pv. tomato DC3000 hrcC-infiltrated, 3h",KTset2_dde2-2_hrcC_3h
GSM356681,9.0,treatment_duration,from:KTset2_dde2-2_hrcC_9h,672.0,age: 4 week-old,"Arabidopsis thaliana dde2-2, leaves, 1x10E8 Pseudomonas syringae pv. tomato DC3000 hrcC-infiltrated, 9h",KTset2_dde2-2_hrcC_9h
GSM356682,3.0,treatment_duration,from:KTset2_ein2-1_hrcC_3h,672.0,age: 4 week-old,"Arabidopsis thaliana ein2-1, leaves, 1x10E8 Pseudomonas syringae pv. tomato DC3000 hrcC-infiltrated, 3h",KTset2_ein2-1_hrcC_3h
GSM356683,9.0,treatment_duration,from:KTset2_ein2-1_hrcC_9h,672.0,age: 4 week-old,"Arabidopsis thaliana ein2-1, leaves, 1x10E8 Pseudomonas syringae pv. tomato DC3000 hrcC-infiltrated, 9h",KTset2_ein2-1_hrcC_9h
GSM356684,3.0,treatment_duration,from:KTset2_mpk3_hrcC_3h,672.0,age: 4 week-old,"Arabidopsis thaliana mpk3, leaves, 1x10E8 Pseudomonas syringae pv. tomato DC3000 hrcC-infiltrated, 3h",KTset2_mpk3_hrcC_3h
GSM356685,9.0,treatment_duration,from:KTset2_mpk3_hrcC_9h,672.0,age: 4 week-old,"Arabidopsis thaliana mpk3, leaves, 1x10E8 Pseudomonas syringae pv. tomato DC3000 hrcC-infiltrated, 9h",KTset2_mpk3_hrcC_9h
GSM356686,3.0,treatment_duration,from:KTset2_pad4-1_hrcC_3h,672.0,age: 4 week-old,"Arabidopsis thaliana pad4-1, leaves, 1x10E8 Pseudomonas syringae pv. tomato DC3000 hrcC-infiltrated, 3h",KTset2_pad4-1_hrcC_3h
GSM356687,9.0,treatment_duration,from:KTset2_pad4-1_hrcC_9h,672.0,age: 4 week-old,"Arabidopsis thaliana pad4-1, leaves, 1x10E8 Pseudomonas syringae pv. tomato DC3000 hrcC-infiltrated, 9h",KTset2_pad4-1_hrcC_9h
GSM356688,3.0,treatment_duration,from:KTset2_sid2-2_hrcC_3h,672.0,age: 4 week-old,"Arabidopsis thaliana sid2-2, leaves, 1x10E8 Pseudomonas syringae pv. tomato DC3000 hrcC-infiltrated, 3h",KTset2_sid2-2_hrcC_3h
GSM356689,9.0,treatment_duration,from:KTset2_sid2-2_hrcC_9h,672.0,age: 4 week-old,"Arabidopsis thaliana sid2-2, leaves, 1x10E8 Pseudomonas syringae pv. tomato DC3000 hrcC-infiltrated, 9h",KTset2_sid2-2_hrcC_9h
GSM356690,3.0,treatment_duration,from:KTset3_coi1-1_hrcC_3h,672.0,age: 4 week-old,"Arabidopsis thaliana coi1-1, leaves, 1x10E8 Pseudomonas syringae pv. tomato DC3000 hrcC-infiltrated, 3h",KTset3_coi1-1_hrcC_3h
GSM356691,9.0,treatment_duration,from:KTset3_coi1-1_hrcC_9h,672.0,age: 4 week-old,"Arabidopsis thaliana coi1-1, leaves, 1x10E8 Pseudomonas syringae pv. tomato DC3000 hrcC-infiltrated, 9h",KTset3_coi1-1_hrcC_9h
GSM356692,3.0,treatment_duration,from:KTset3_Col-0_hrcC_3h,672.0,age: 4 week-old,"Arabidopsis thaliana Col-0, leaves, 1x10E8 Pseudomonas syringae pv. tomato DC3000 hrcC-infiltrated, 3h",KTset3_Col-0_hrcC_3h
GSM356693,9.0,treatment_duration,from:KTset3_Col-0_hrcC_9h,672.0,age: 4 week-old,"Arabidopsis thaliana Col-0, leaves, 1x10E8 Pseudomonas syringae pv. tomato DC3000 hrcC-infiltrated, 9h",KTset3_Col-0_hrcC_9h
GSM356694,3.0,treatment_duration,from:KTset3_Col-0_mock_3h,672.0,age: 4 week-old,"Arabidopsis thaliana Col-0, leaves, water-infiltrated, 3h",KTset3_Col-0_mock_3h
GSM356695,9.0,treatment_duration,from:KTset3_Col-0_mock_9h,672.0,age: 4 week-old,"Arabidopsis thaliana Col-0, leaves, water-infiltrated, 9h",KTset3_Col-0_mock_9h
GSM356696,3.0,treatment_duration,from:KTset3_dde2-2_hrcC_3h,672.0,age: 4 week-old,"Arabidopsis thaliana dde2-2, leaves, 1x10E8 Pseudomonas syringae pv. tomato DC3000 hrcC-infiltrated, 3h",KTset3_dde2-2_hrcC_3h
GSM356697,9.0,treatment_duration,from:KTset3_dde2-2_hrcC_9h,672.0,age: 4 week-old,"Arabidopsis thaliana dde2-2, leaves, 1x10E8 Pseudomonas syringae pv. tomato DC3000 hrcC-infiltrated, 9h",KTset3_dde2-2_hrcC_9h
GSM356698,3.0,treatment_duration,from:KTset3_ein2-1_hrcC_3h,672.0,age: 4 week-old,"Arabidopsis thaliana ein2-1, leaves, 1x10E8 Pseudomonas syringae pv. tomato DC3000 hrcC-infiltrated, 3h",KTset3_ein2-1_hrcC_3h
GSM356699,9.0,treatment_duration,from:KTset3_ein2-1_hrcC_9h,672.0,age: 4 week-old,"Arabidopsis thaliana ein2-1, leaves, 1x10E8 Pseudomonas syringae pv. tomato DC3000 hrcC-infiltrated, 9h",KTset3_ein2-1_hrcC_9h
GSM356700,3.0,treatment_duration,from:KTset3_mpk3_hrcC_3h,672.0,age: 4 week-old,"Arabidopsis thaliana mpk3, leaves, 1x10E8 Pseudomonas syringae pv. tomato DC3000 hrcC-infiltrated, 3h",KTset3_mpk3_hrcC_3h
GSM356701,9.0,treatment_duration,from:KTset3_mpk3_hrcC_9h,672.0,age: 4 week-old,"Arabidopsis thaliana mpk3, leaves, 1x10E8 Pseudomonas syringae pv. tomato DC3000 hrcC-infiltrated, 9h",KTset3_mpk3_hrcC_9h
GSM356702,3.0,treatment_duration,from:KTset3_pad4-1_hrcC_3h,672.0,age: 4 week-old,"Arabidopsis thaliana pad4-1, leaves, 1x10E8 Pseudomonas syringae pv. tomato DC3000 hrcC-infiltrated, 3h",KTset3_pad4-1_hrcC_3h
GSM356703,9.0,treatment_duration,from:KTset3_pad4-1_hrcC_9h,672.0,age: 4 week-old,"Arabidopsis thaliana pad4-1, leaves, 1x10E8 Pseudomonas syringae pv. tomato DC3000 hrcC-infiltrated, 9h",KTset3_pad4-1_hrcC_9h
GSM356704,3.0,treatment_duration,from:KTset3_sid2-2_hrcC_3h,672.0,age: 4 week-old,"Arabidopsis thaliana sid2-2, leaves, 1x10E8 Pseudomonas syringae pv. tomato DC3000 hrcC-infiltrated, 3h",KTset3_sid2-2_hrcC_3h
GSM356705,9.0,treatment_duration,from:KTset3_sid2-2_hrcC_9h,672.0,age: 4 week-old,"Arabidopsis thaliana sid2-2, leaves, 1x10E8 Pseudomonas syringae pv. tomato DC3000 hrcC-infiltrated, 9h",KTset3_sid2-2_hrcC_9h
GSM356706,3.0,treatment_duration,from:LWset1_Col-0_hrcC_3h,672.0,age: 4 week-old,"Arabidopsis thaliana Col-0, leaves, 1x10E8 Pseudomonas syringae pv. tomato DC3000 hrcC-infiltrated, 3h",LWset1_Col-0_hrcC_3h
GSM356707,9.0,treatment_duration,from:LWset1_Col-0_hrcC_9h,672.0,age: 4 week-old,"Arabidopsis thaliana Col-0, leaves, 1x10E8 Pseudomonas syringae pv. tomato DC3000 hrcC-infiltrated, 9h",LWset1_Col-0_hrcC_9h
GSM356708,3.0,treatment_duration,from:LWset1_Col-0_mock_3h,672.0,age: 4 week-old,"Arabidopsis thaliana Col-0, leaves, water-infiltrated, 3h",LWset1_Col-0_mock_3h
GSM356709,9.0,treatment_duration,from:LWset1_Col-0_mock_9h,672.0,age: 4 week-old,"Arabidopsis thaliana Col-0, leaves, water-infiltrated, 9h",LWset1_Col-0_mock_9h
GSM356710,3.0,treatment_duration,from:LWset1_SALK_023199_hrcC_3h,672.0,age: 4 week-old,"Arabidopsis thaliana SALK_023199, leaves, 1x10E8 Pseudomonas syringae pv. tomato DC3000 hrcC-infiltrated, 3h",LWset1_SALK_023199_hrcC_3h
GSM356711,9.0,treatment_duration,from:LWset1_SALK_023199_hrcC_9h,672.0,age: 4 week-old,"Arabidopsis thaliana SALK_023199, leaves, 1x10E8 Pseudomonas syringae pv. tomato DC3000 hrcC-infiltrated, 9h",LWset1_SALK_023199_hrcC_9h
GSM356712,3.0,treatment_duration,from:LWset2_Col-0_hrcC_3h,672.0,age: 4 week-old,"Arabidopsis thaliana Col-0, leaves, 1x10E8 Pseudomonas syringae pv. tomato DC3000 hrcC-infiltrated, 3h",LWset2_Col-0_hrcC_3h
GSM356713,9.0,treatment_duration,from:LWset2_Col-0_hrcC_9h,672.0,age: 4 week-old,"Arabidopsis thaliana Col-0, leaves, 1x10E8 Pseudomonas syringae pv. tomato DC3000 hrcC-infiltrated, 9h",LWset2_Col-0_hrcC_9h
GSM356714,3.0,treatment_duration,from:LWset2_Col-0_mock_3h,672.0,age: 4 week-old,"Arabidopsis thaliana Col-0, leaves, water-infiltrated, 3h",LWset2_Col-0_mock_3h
GSM356715,9.0,treatment_duration,from:LWset2_Col-0_mock_9h,672.0,age: 4 week-old,"Arabidopsis thaliana Col-0, leaves, water-infiltrated, 9h",LWset2_Col-0_mock_9h
GSM356716,3.0,treatment_duration,from:LWset2_SALK_023199_hrcC_3h,672.0,age: 4 week-old,"Arabidopsis thaliana SALK_023199, leaves, 1x10E8 Pseudomonas syringae pv. tomato DC3000 hrcC-infiltrated, 3h",LWset2_SALK_023199_hrcC_3h
GSM356717,9.0,treatment_duration,from:LWset2_SALK_023199_hrcC_9h,672.0,age: 4 week-old,"Arabidopsis thaliana SALK_023199, leaves, 1x10E8 Pseudomonas syringae pv. tomato DC3000 hrcC-infiltrated, 9h",LWset2_SALK_023199_hrcC_9h
GSM356718,3.0,treatment_duration,from:LWset3_Col-0_hrcC_3h,672.0,age: 4 week-old,"Arabidopsis thaliana Col-0, leaves, 1x10E8 Pseudomonas syringae pv. tomato DC3000 hrcC-infiltrated, 3h",LWset3_Col-0_hrcC_3h
GSM356719,9.0,treatment_duration,from:LWset3_Col-0_hrcC_9h,672.0,age: 4 week-old,"Arabidopsis thaliana Col-0, leaves, 1x10E8 Pseudomonas syringae pv. tomato DC3000 hrcC-infiltrated, 9h",LWset3_Col-0_hrcC_9h
GSM356720,3.0,treatment_duration,from:LWset3_Col-0_mock_3h,672.0,age: 4 week-old,"Arabidopsis thaliana Col-0, leaves, water-infiltrated, 3h",LWset3_Col-0_mock_3h
GSM356721,9.0,treatment_duration,from:LWset3_Col-0_mock_9h,672.0,age: 4 week-old,"Arabidopsis thaliana Col-0, leaves, water-infiltrated, 9h",LWset3_Col-0_mock_9h
GSM356656,,,,1008.0,age: 6 weeks,WT Arabidopsis plants,Mitochondrial dysfunction effects in Arabidopsis thaliana-1
GSM356724,,,,1008.0,age: 6 weeks,WT Arabidopsis plants,Mitochondrial dysfunction effects in Arabidopsis thaliana-2
GSM356728,,,,1008.0,age: 6 weeks,A9::u-ATP9 transgenic Arabidopsis plants,Mitochondrial dysfunction effects in Arabidopsis thaliana-3
GSM356729,,,,1008.0,age: 6 weeks,A9::u-ATP9 transgenic Arabidopsis plants,Mitochondrial dysfunction effects in Arabidopsis thaliana-4
GSM356748,,,,1008.0,age: 6 weeks,WT Arabidopsis plants,Mitochondrial dysfunction effects in Arabidopsis thaliana-5
GSM356750,,,,1008.0,age: 6 weeks,WT Arabidopsis plants,Mitochondrial dysfunction effects in Arabidopsis thaliana-7
GSM356751,,,,1008.0,age: 6 weeks,WT Arabidopsis plants,Mitochondrial dysfunction effects in Arabidopsis thaliana-8
GSM356752,,,,1008.0,age: 6 weeks,WT Arabidopsis plants,Mitochondrial dysfunction effects in Arabidopsis thaliana-9
GSM4295378,48.0,treatment_duration,"from:Root of Brassica napus, treated with Cd only for 2 days",,,"Root of Brassica napus, treated with Cd only for 2 days","Root of control (treated with Cd only) Brassica napus, biological replicate 1"
GSM4295379,48.0,treatment_duration,"from:Root of Brassica napus, treated with Cd only for 2 days",,,"Root of Brassica napus, treated with Cd only for 2 days","Root of control (treated with Cd only) Brassica napus, biological replicate 2"
GSM4295380,48.0,treatment_duration,"from:Root of Brassica napus, treated with Cd only for 2 days",,,"Root of Brassica napus, treated with Cd only for 2 days","Root of control (treated with Cd only) Brassica napus, biological replicate 3"
GSM4295381,48.0,treatment_duration,"from:Root of Brassica napus, treated with Cd plus GSH for 2 days",,,"Root of Brassica napus, treated with Cd plus GSH for 2 days","Root of Cd plus GSH-treated Brassica napus, biological replicate 1"
GSM4295382,48.0,treatment_duration,"from:Root of Brassica napus, treated with Cd plus GSH for 2 days",,,"Root of Brassica napus, treated with Cd plus GSH for 2 days","Root of Cd plus GSH-treated Brassica napus, biological replicate 2"
GSM4295383,48.0,treatment_duration,"from:Root of Brassica napus, treated with Cd plus GSH for 2 days",,,"Root of Brassica napus, treated with Cd plus GSH for 2 days","Root of Cd plus GSH-treated Brassica napus, biological replicate 3"
GSM368741,360.0,treatment_duration,from:15 day old whole seedling,,,15 day old whole seedling,"wild type, biological rep1"
GSM368742,360.0,treatment_duration,from:15 day old whole seedling,,,15 day old whole seedling,"wild type, biological rep2"
GSM368743,360.0,treatment_duration,from:15 day old whole seedling,,,15 day old whole seedling,"wild type, biological rep3"
GSM368744,360.0,treatment_duration,from:15 day old whole seedling,,,15 day old whole seedling,"gapcp1gapcp2, biological rep1"
GSM368745,360.0,treatment_duration,from:15 day old whole seedling,,,15 day old whole seedling,"gapcp1gapcp2, biological rep2"
GSM368746,360.0,treatment_duration,from:15 day old whole seedling,,,15 day old whole seedling,"gapcp1gapcp2, biological rep3"
GSM4446041,,,,1344.0,age: 8 weeks,Young rosette leaves,wt1
GSM4446042,,,,1344.0,age: 8 weeks,Young rosette leaves,wt2
GSM4446043,,,,1344.0,age: 8 weeks,Young rosette leaves,wt3
GSM4446044,,,,1344.0,age: 8 weeks,Young rosette leaves,ab_1
GSM4446045,,,,1344.0,age: 8 weeks,Young rosette leaves,ab_2
GSM4446046,,,,1344.0,age: 8 weeks,Young rosette leaves,ab_3
GSM4446047,,,,1344.0,age: 8 weeks,Young rosette leaves,abc_1
GSM4446048,,,,1344.0,age: 8 weeks,Young rosette leaves,abc_2
GSM4446049,,,,1344.0,age: 8 weeks,Young rosette leaves,abc_3
GSM4693845,24.0,treatment_duration,from:Arabidopsis Col-0 (7 day) treated with DMSO for 24 hours,,,Arabidopsis Col-0 (7 day) treated with DMSO for 24 hours,Columbia0_DMSO_1
GSM4693846,24.0,treatment_duration,from:Arabidopsis Col-0 (7 day) treated with DMSO for 24 hours,,,Arabidopsis Col-0 (7 day) treated with DMSO for 24 hours,Columbia0_DMSO_2
GSM4693847,24.0,treatment_duration,from:Arabidopsis Col-0 (7 day) treated with DMSO for 24 hours,,,Arabidopsis Col-0 (7 day) treated with DMSO for 24 hours,Columbia0_DMSO_3
GSM4693848,24.0,treatment_duration,from:Arabidopsis Col-0 (7 day) treated with Pakerine for 24 hours,,,Arabidopsis Col-0 (7 day) treated with Pakerine for 24 hours,Columbia0_Pakerine_1
GSM4693849,24.0,treatment_duration,from:Arabidopsis Col-0 (7 day) treated with Pakerine for 24 hours,,,Arabidopsis Col-0 (7 day) treated with Pakerine for 24 hours,Columbia0_Pakerine_2
GSM4693850,24.0,treatment_duration,from:Arabidopsis Col-0 (7 day) treated with Pakerine for 24 hours,,,Arabidopsis Col-0 (7 day) treated with Pakerine for 24 hours,Columbia0_Pakerine_3
GSM4800496,48.0,unknown,from:Total mRNAs ZT48 control rep 1,13.0,age: day 13 after sowing,Arabidopsis seedlings,Total mRNAs ZT48 control rep 1
GSM4800497,48.0,unknown,from:Total mRNAs ZT48 control rep 2,13.0,age: day 13 after sowing,Arabidopsis seedlings,Total mRNAs ZT48 control rep 2
GSM4800498,48.0,unknown,from:Total mRNAs ZT48 control rep 3,13.0,age: day 13 after sowing,Arabidopsis seedlings,Total mRNAs ZT48 control rep 3
GSM4800499,48.0,unknown,from:Total mRNAs ZT48 heat rep 1,13.0,age: day 13 after sowing,Arabidopsis seedlings,Total mRNAs ZT48 heat rep 1
GSM4800500,48.0,unknown,from:Total mRNAs ZT48 heat rep 2,13.0,age: day 13 after sowing,Arabidopsis seedlings,Total mRNAs ZT48 heat rep 2
GSM4800501,48.0,unknown,from:Total mRNAs ZT48 heat rep 3,13.0,age: day 13 after sowing,Arabidopsis seedlings,Total mRNAs ZT48 heat rep 3
GSM4800502,72.0,unknown,from:Total mRNAs ZT72 control rep 1,13.0,age: day 13 after sowing,Arabidopsis seedlings,Total mRNAs ZT72 control rep 1
GSM4800503,72.0,unknown,from:Total mRNAs ZT72 control rep 2,13.0,age: day 13 after sowing,Arabidopsis seedlings,Total mRNAs ZT72 control rep 2
GSM4800504,72.0,unknown,from:Total mRNAs ZT72 control rep 3,13.0,age: day 13 after sowing,Arabidopsis seedlings,Total mRNAs ZT72 control rep 3
GSM4800505,60.0,unknown,from:Total mRNAs ZT60 control rep 1,13.0,age: day 13 after sowing,Arabidopsis seedlings,Total mRNAs ZT60 control rep 1
GSM4800506,60.0,unknown,from:Total mRNAs ZT60 control rep 2,13.0,age: day 13 after sowing,Arabidopsis seedlings,Total mRNAs ZT60 control rep 2
GSM4800507,60.0,unknown,from:Total mRNAs ZT60 control rep 3,13.0,age: day 13 after sowing,Arabidopsis seedlings,Total mRNAs ZT60 control rep 3
GSM4800508,60.0,unknown,from:Total mRNAs ZT60 heat rep 1,13.0,age: day 13 after sowing,Arabidopsis seedlings,Total mRNAs ZT60 heat rep 1
GSM4800509,60.0,unknown,from:Total mRNAs ZT60 heat rep 2,13.0,age: day 13 after sowing,Arabidopsis seedlings,Total mRNAs ZT60 heat rep 2
GSM4800510,60.0,unknown,from:Total mRNAs ZT60 heat rep 3,13.0,age: day 13 after sowing,Arabidopsis seedlings,Total mRNAs ZT60 heat rep 3
GSM4800511,63.0,unknown,from:Total mRNAs ZT63 control rep 1,13.0,age: day 13 after sowing,Arabidopsis seedlings,Total mRNAs ZT63 control rep 1
GSM4800512,63.0,unknown,from:Total mRNAs ZT63 control rep 2,13.0,age: day 13 after sowing,Arabidopsis seedlings,Total mRNAs ZT63 control rep 2
GSM4800513,63.0,unknown,from:Total mRNAs ZT63 control rep 3,13.0,age: day 13 after sowing,Arabidopsis seedlings,Total mRNAs ZT63 control rep 3
GSM4800514,63.0,unknown,from:Total mRNAs ZT63 heat rep 1,13.0,age: day 13 after sowing,Arabidopsis seedlings,Total mRNAs ZT63 heat rep 1
GSM4800515,63.0,unknown,from:Total mRNAs ZT63 heat rep 2,13.0,age: day 13 after sowing,Arabidopsis seedlings,Total mRNAs ZT63 heat rep 2
GSM4800516,63.0,unknown,from:Total mRNAs ZT63 heat rep 3,13.0,age: day 13 after sowing,Arabidopsis seedlings,Total mRNAs ZT63 heat rep 3
GSM4800517,66.0,unknown,from:Total mRNAs ZT66 control rep 1,13.0,age: day 13 after sowing,Arabidopsis seedlings,Total mRNAs ZT66 control rep 1
GSM4800518,66.0,unknown,from:Total mRNAs ZT66 control rep 2,13.0,age: day 13 after sowing,Arabidopsis seedlings,Total mRNAs ZT66 control rep 2
GSM4800519,66.0,unknown,from:Total mRNAs ZT66 control rep 3,13.0,age: day 13 after sowing,Arabidopsis seedlings,Total mRNAs ZT66 control rep 3
GSM4800520,66.0,unknown,from:Total mRNAs ZT66 heat rep 1,13.0,age: day 13 after sowing,Arabidopsis seedlings,Total mRNAs ZT66 heat rep 1
GSM4800521,66.0,unknown,from:Total mRNAs ZT66 heat rep 2,13.0,age: day 13 after sowing,Arabidopsis seedlings,Total mRNAs ZT66 heat rep 2
GSM4800522,66.0,unknown,from:Total mRNAs ZT66 heat rep 3,13.0,age: day 13 after sowing,Arabidopsis seedlings,Total mRNAs ZT66 heat rep 3
GSM4800523,69.0,unknown,from:Total mRNAs ZT69 control rep 1,13.0,age: day 13 after sowing,Arabidopsis seedlings,Total mRNAs ZT69 control rep 1
GSM4800524,69.0,unknown,from:Total mRNAs ZT69 control rep 2,13.0,age: day 13 after sowing,Arabidopsis seedlings,Total mRNAs ZT69 control rep 2
GSM4800525,69.0,unknown,from:Total mRNAs ZT69 control rep 3,13.0,age: day 13 after sowing,Arabidopsis seedlings,Total mRNAs ZT69 control rep 3
GSM4800526,69.0,unknown,from:Total mRNAs ZT69 heat rep 1,13.0,age: day 13 after sowing,Arabidopsis seedlings,Total mRNAs ZT69 heat rep 1
GSM4800527,69.0,unknown,from:Total mRNAs ZT69 heat rep 2,13.0,age: day 13 after sowing,Arabidopsis seedlings,Total mRNAs ZT69 heat rep 2
GSM4800528,69.0,unknown,from:Total mRNAs ZT69 heat rep 3,13.0,age: day 13 after sowing,Arabidopsis seedlings,Total mRNAs ZT69 heat rep 3
GSM4800529,51.0,unknown,from:Total mRNAs ZT51 control rep 1,13.0,age: day 13 after sowing,Arabidopsis seedlings,Total mRNAs ZT51 control rep 1
GSM4800530,51.0,unknown,from:Total mRNAs ZT51 control rep 2,13.0,age: day 13 after sowing,Arabidopsis seedlings,Total mRNAs ZT51 control rep 2
GSM4800531,51.0,unknown,from:Total mRNAs ZT51 control rep 3,13.0,age: day 13 after sowing,Arabidopsis seedlings,Total mRNAs ZT51 control rep 3
GSM4800532,51.0,unknown,from:Total mRNAs ZT51 heat rep 1,13.0,age: day 13 after sowing,Arabidopsis seedlings,Total mRNAs ZT51 heat rep 1
GSM4800533,51.0,unknown,from:Total mRNAs ZT51 heat rep 2,13.0,age: day 13 after sowing,Arabidopsis seedlings,Total mRNAs ZT51 heat rep 2
GSM4800534,51.0,unknown,from:Total mRNAs ZT51 heat rep 3,13.0,age: day 13 after sowing,Arabidopsis seedlings,Total mRNAs ZT51 heat rep 3
GSM4800535,54.0,unknown,from:Total mRNAs ZT54 control rep 1,13.0,age: day 13 after sowing,Arabidopsis seedlings,Total mRNAs ZT54 control rep 1
GSM4800536,54.0,unknown,from:Total mRNAs ZT54 control rep 2,13.0,age: day 13 after sowing,Arabidopsis seedlings,Total mRNAs ZT54 control rep 2
GSM4800537,54.0,unknown,from:Total mRNAs ZT54 control rep 3,13.0,age: day 13 after sowing,Arabidopsis seedlings,Total mRNAs ZT54 control rep 3
GSM4800538,54.0,unknown,from:Total mRNAs ZT54 heat rep 1,13.0,age: day 13 after sowing,Arabidopsis seedlings,Total mRNAs ZT54 heat rep 1
GSM4800539,54.0,unknown,from:Total mRNAs ZT54 heat rep 2,13.0,age: day 13 after sowing,Arabidopsis seedlings,Total mRNAs ZT54 heat rep 2
GSM4800540,54.0,unknown,from:Total mRNAs ZT54 heat rep 3,13.0,age: day 13 after sowing,Arabidopsis seedlings,Total mRNAs ZT54 heat rep 3
GSM4800541,57.0,unknown,from:Total mRNAs ZT57 control rep 2,13.0,age: day 13 after sowing,Arabidopsis seedlings,Total mRNAs ZT57 control rep 2
GSM4800542,57.0,unknown,from:Total mRNAs ZT57 control rep 3,13.0,age: day 13 after sowing,Arabidopsis seedlings,Total mRNAs ZT57 control rep 3
GSM4800543,57.0,unknown,from:Total mRNAs ZT57 heat rep 1,13.0,age: day 13 after sowing,Arabidopsis seedlings,Total mRNAs ZT57 heat rep 1
GSM420232,144.0,treatment_duration,"from:Ws plant, 0mM NaCl, 6 d",480.0,age: 20 days after sowing,"Ws plant, 0mM NaCl, 6 d",Ws_leaf_0mM NaCl_rep1
GSM420233,144.0,treatment_duration,"from:Ws plant, 0mM NaCl, 6 d",480.0,age: 20 days after sowing,"Ws plant, 0mM NaCl, 6 d",Ws_leaf_0mM NaCl_rep2
GSM420234,144.0,treatment_duration,"from:Ws plant, 100mM NaCl, 6 d",480.0,age: 20 days after sowing,"Ws plant, 100mM NaCl, 6 d",Ws_leaf_100mM NaCl_rep1
GSM420235,144.0,treatment_duration,"from:Ws plant, 100mM NaCl, 6 d",480.0,age: 20 days after sowing,"Ws plant, 100mM NaCl, 6 d",Ws_leaf_100mM NaCl_rep2
GSM420236,144.0,treatment_duration,"from:Col plant, 0mM NaCl, 6 d",480.0,age: 20 days after sowing,"Col plant, 0mM NaCl, 6 d",Col_leaf_0mM NaCl_rep1
GSM420237,144.0,treatment_duration,"from:Col plant, 0mM NaCl, 6 d",480.0,age: 20 days after sowing,"Col plant, 0mM NaCl, 6 d",Col_leaf_0mM NaCl_rep2
GSM420238,144.0,treatment_duration,"from:Col plant, 100mM NaCl, 6 d",480.0,age: 20 days after sowing,"Col plant, 100mM NaCl, 6 d",Col_leaf_100mM NaCl_rep1
GSM420239,144.0,treatment_duration,"from:Col plant, 100mM NaCl, 6 d",480.0,age: 20 days after sowing,"Col plant, 100mM NaCl, 6 d",Col_leaf_100mM NaCl_rep2
GSM420240,144.0,treatment_duration,"from:Col(gl) plant, 0mM NaCl, 6 d",480.0,age: 20 days after sowing,"Col(gl) plant, 0mM NaCl, 6 d",Col(gl)_leaf_0mM NaCl_rep1
GSM420241,144.0,treatment_duration,"from:Col(gl) plant, 0mM NaCl, 6 d",480.0,age: 20 days after sowing,"Col(gl) plant, 0mM NaCl, 6 d",Col(gl)_leaf_0mM NaCl_rep2
GSM420242,144.0,treatment_duration,"from:Col(gl) plant, 100mM NaCl, 6 d",480.0,age: 20 days after sowing,"Col(gl) plant, 100mM NaCl, 6 d",Col(gl)_leaf_100mM NaCl_rep1
GSM420243,144.0,treatment_duration,"from:Col(gl) plant, 100mM NaCl, 6 d",480.0,age: 20 days after sowing,"Col(gl) plant, 100mM NaCl, 6 d",Col(gl)_leaf_100mM NaCl_rep2
GSM5413993,0.0,treatment_duration,from:Leaves of similar sizes and developmental stages of Arabidopsis WT at 0 h treatement,,age: leaves of similar sizes and developmental stages of arabidopsis,Leaves of similar sizes and developmental stages of Arabidopsis WT at 0 h treatement,"WT at T0, biological rep1"
GSM5413994,0.0,treatment_duration,from:Leaves of similar sizes and developmental stages of Arabidopsis WT at 0 h treatement,,age: leaves of similar sizes and developmental stages of arabidopsis,Leaves of similar sizes and developmental stages of Arabidopsis WT at 0 h treatement,"WT at T0, biological rep2"
GSM5413995,0.0,treatment_duration,from:Leaves of similar sizes and developmental stages of Arabidopsis WT at 0 h treatement,,age: leaves of similar sizes and developmental stages of arabidopsis,Leaves of similar sizes and developmental stages of Arabidopsis WT at 0 h treatement,"WT at T0, biological rep3"
GSM5413996,0.0,treatment_duration,from:Leaves of similar sizes and developmental stages of Arabidopsis WT at 0 h treatement,,age: leaves of similar sizes and developmental stages of arabidopsis,Leaves of similar sizes and developmental stages of Arabidopsis WT at 0 h treatement,"WT at T0, biological rep4"
GSM5413997,0.0,treatment_duration,from:Leaves of similar sizes and developmental stages of Arabidopsis WT at 0 h treatement,,age: leaves of similar sizes and developmental stages of arabidopsis,Leaves of similar sizes and developmental stages of Arabidopsis WT at 0 h treatement,"WT at T0, biological rep5"
GSM5413998,0.0,treatment_duration,from:Leaves of similar sizes and developmental stages of Arabidopsis WT at 0 h treatement,,age: leaves of similar sizes and developmental stages of arabidopsis,Leaves of similar sizes and developmental stages of Arabidopsis WT at 0 h treatement,"WT at T0, biological rep6"
GSM5413999,1.0,treatment_duration,from:Leaves of similar sizes and developmental stages of Arabidopsis WT at 1 h treatement,,age: leaves of similar sizes and developmental stages of arabidopsis,Leaves of similar sizes and developmental stages of Arabidopsis WT at 1 h treatement,"WT at T1, biological rep1"
GSM5414000,1.0,treatment_duration,from:Leaves of similar sizes and developmental stages of Arabidopsis WT  at 1 h treatement,,age: leaves of similar sizes and developmental stages of arabidopsis,Leaves of similar sizes and developmental stages of Arabidopsis WT  at 1 h treatement,"WT at T1, biological rep2"
GSM5414001,1.0,treatment_duration,from:Leaves of similar sizes and developmental stages of Arabidopsis WT  at 1 h treatement,,age: leaves of similar sizes and developmental stages of arabidopsis,Leaves of similar sizes and developmental stages of Arabidopsis WT  at 1 h treatement,"WT at T1, biological rep3"
GSM5414002,72.0,treatment_duration,from:Leaves of similar sizes and developmental stages of Arabidopsis WT  at 72 h treatement,,age: leaves of similar sizes and developmental stages of arabidopsis,Leaves of similar sizes and developmental stages of Arabidopsis WT  at 72 h treatement,"WT at T72, biological rep1"
GSM5414003,72.0,treatment_duration,from:Leaves of similar sizes and developmental stages of Arabidopsis WT   at 72 h treatement,,age: leaves of similar sizes and developmental stages of arabidopsis,Leaves of similar sizes and developmental stages of Arabidopsis WT   at 72 h treatement,"WT at T72, biological rep2"
GSM5414004,72.0,treatment_duration,from:Leaves of similar sizes and developmental stages of Arabidopsis WT   at 72 h treatement,,age: leaves of similar sizes and developmental stages of arabidopsis,Leaves of similar sizes and developmental stages of Arabidopsis WT   at 72 h treatement,"WT at T72, biological rep3"
GSM5414005,0.0,treatment_duration,from:Leaves of similar sizes and developmental stages of Arabidopsis ACX at 0h treatment,,age: leaves of similar sizes and developmental stages of arabidopsis,Leaves of similar sizes and developmental stages of Arabidopsis ACX at 0h treatment,"ACX at T0, biological rep1"
GSM5414006,0.0,treatment_duration,from:Leaves of similar sizes and developmental stages of Arabidopsis ACX at 0h treatment,,age: leaves of similar sizes and developmental stages of arabidopsis,Leaves of similar sizes and developmental stages of Arabidopsis ACX at 0h treatment,"ACX at T0, biological rep2"
GSM5414007,0.0,treatment_duration,from:Leaves of similar sizes and developmental stages of Arabidopsis ACX at 0h treatment,,age: leaves of similar sizes and developmental stages of arabidopsis,Leaves of similar sizes and developmental stages of Arabidopsis ACX at 0h treatment,"ACX at T0, biological rep3"
GSM5414008,0.0,treatment_duration,from:Leaves of similar sizes and developmental stages of Arabidopsis ACX at 0h treatment,,age: leaves of similar sizes and developmental stages of arabidopsis,Leaves of similar sizes and developmental stages of Arabidopsis ACX at 0h treatment,"ACX at T0, biological rep4"
GSM5414009,0.0,treatment_duration,from:Leaves of similar sizes and developmental stages of Arabidopsis ACX at 0h treatment,,age: leaves of similar sizes and developmental stages of arabidopsis,Leaves of similar sizes and developmental stages of Arabidopsis ACX at 0h treatment,"ACX at T0, biological rep5"
GSM5414010,0.0,treatment_duration,from:Leaves of similar sizes and developmental stages of Arabidopsis ACX at 0h treatment,,age: leaves of similar sizes and developmental stages of arabidopsis,Leaves of similar sizes and developmental stages of Arabidopsis ACX at 0h treatment,"ACX at T0, biological rep6"
GSM5414011,1.0,treatment_duration,from:Leaves of similar sizes and developmental stages of Arabidopsis ACX at 1h treatment.,,age: leaves of similar sizes and developmental stages of arabidopsis,Leaves of similar sizes and developmental stages of Arabidopsis ACX at 1h treatment.,"ACX at T1, biological rep1"
GSM5414012,1.0,treatment_duration,from:Leaves of similar sizes and developmental stages of Arabidopsis ACX at 1h treatment.,,age: leaves of similar sizes and developmental stages of arabidopsis,Leaves of similar sizes and developmental stages of Arabidopsis ACX at 1h treatment.,"ACX at T1, biological rep2"
GSM5414013,1.0,treatment_duration,from:Leaves of similar sizes and developmental stages of Arabidopsis ACX at 1h treatment.,,age: leaves of similar sizes and developmental stages of arabidopsis,Leaves of similar sizes and developmental stages of Arabidopsis ACX at 1h treatment.,"ACX at T1, biological rep3"
GSM5414014,72.0,treatment_duration,from:Leaves of similar sizes and developmental stages of Arabidopsis ACX at 72h treatment.,,age: leaves of similar sizes and developmental stages of arabidopsis,Leaves of similar sizes and developmental stages of Arabidopsis ACX at 72h treatment.,"ACX at T72, biological rep1"
GSM5414015,72.0,treatment_duration,from:Leaves of similar sizes and developmental stages of Arabidopsis ACX at 72h treatment.,,age: leaves of similar sizes and developmental stages of arabidopsis,Leaves of similar sizes and developmental stages of Arabidopsis ACX at 72h treatment.,"ACX at T72, biological rep2"
GSM5414016,72.0,treatment_duration,from:Leaves of similar sizes and developmental stages of Arabidopsis ACX at 72h treatment.,,age: leaves of similar sizes and developmental stages of arabidopsis,Leaves of similar sizes and developmental stages of Arabidopsis ACX at 72h treatment.,"ACX at T72, biological rep3"
GSM455422,144.0,treatment_duration,"from:M6PR plant, 0mM NaCl, 6 d",480.0,age: 20 days after sowing,"M6PR plant, 0mM NaCl, 6 d",M6PR transgenic_leaf_0mM NaCl_rep1
GSM455423,144.0,treatment_duration,"from:M6PR plant, 0mM NaCl, 6 d",480.0,age: 20 days after sowing,"M6PR plant, 0mM NaCl, 6 d",M6PR transgenic_leaf_0mM NaCl_rep2
GSM455424,144.0,treatment_duration,"from:M6PR plant, 100mM NaCl, 6 d",480.0,age: 20 days after sowing,"M6PR plant, 100mM NaCl, 6 d",M6PR transgenic_leaf_100mM NaCl_rep1
GSM455425,144.0,treatment_duration,"from:M6PR plant, 100mM NaCl, 6 d",480.0,age: 20 days after sowing,"M6PR plant, 100mM NaCl, 6 d",M6PR transgenic_leaf_100mM NaCl_rep2
GSM455426,144.0,treatment_duration,"from:Col plant, 0mM NaCl, 6 d",480.0,age: 20 days after sowing,"Col plant, 0mM NaCl, 6 d",Col_leaf_0mM NaCl_rep1
GSM455427,144.0,treatment_duration,"from:Col plant, 0mM NaCl, 6 d",480.0,age: 20 days after sowing,"Col plant, 0mM NaCl, 6 d",Col_leaf_0mM NaCl_rep2
GSM455428,144.0,treatment_duration,"from:Col plant, 100mM NaCl, 6 d",480.0,age: 20 days after sowing,"Col plant, 100mM NaCl, 6 d",Col_leaf_100mM NaCl_rep1
GSM455429,144.0,treatment_duration,"from:Col plant, 100mM NaCl, 6 d",480.0,age: 20 days after sowing,"Col plant, 100mM NaCl, 6 d",Col_leaf_100mM NaCl_rep2
GSM473660,48.0,treatment_duration,"from:wild type, Pst_48h, biological rep1",,age: three weeks,"wild type, Pst-infiltrated leaves, 48h","wild type, Pst_48h, biological rep1"
GSM473661,48.0,treatment_duration,"from:wild type, Pst_48h, biological rep2",,age: three weeks,"wild type, Pst-infiltrated leaves, 48h","wild type, Pst_48h, biological rep2"
GSM473662,48.0,treatment_duration,"from:wild type, Pst_48h, biological rep3",,age: three weeks,"wild type, Pst-infiltrated leaves, 48h","wild type, Pst_48h, biological rep3"
GSM473663,48.0,treatment_duration,"from:mutant, Pst_48h, biological rep1",,age: three weeks,"mutant, Pst-infiltrated leaves, 48h","mutant, Pst_48h, biological rep1"
GSM473664,48.0,treatment_duration,"from:mutant, Pst_48h, biological rep2",,age: three weeks,"mutant, Pst-infiltrated leaves, 48h","mutant, Pst_48h, biological rep2"
GSM473665,48.0,treatment_duration,"from:mutant, Pst_48h, biological rep3",,age: three weeks,"mutant, Pst-infiltrated leaves, 48h","mutant, Pst_48h, biological rep3"
GSM476839,18.0,treatment_duration,from:Roots-WildType-18h-REP1,,,"Roots, Wild Type, 18h",Roots-WildType-18h-REP1
GSM476840,18.0,treatment_duration,from:Roots-WildType-18h-REP2,,,"Roots, Wild Type, 18h",Roots-WildType-18h-REP2
GSM476841,18.0,treatment_duration,from:Roots-WildType-18h-REP3,,,"Roots, Wild Type, 18h",Roots-WildType-18h-REP3
GSM476842,24.0,treatment_duration,from:Shoots-WildType-24h-REP1,,,"Shoots, Wild Type, 24h",Shoots-WildType-24h-REP1
GSM476843,24.0,treatment_duration,from:Shoots-WildType-24h-REP2,,,"Shoots, Wild Type, 24h",Shoots-WildType-24h-REP2
GSM476844,24.0,treatment_duration,from:Shoots-WildType-24h-REP3,,,"Shoots, Wild Type, 24h",Shoots-WildType-24h-REP3
GSM476845,18.0,treatment_duration,from:Roots-oas-a1.1-18h-REP1,,,"Roots, oas-a1.1, 18h",Roots-oas-a1.1-18h-REP1
GSM476846,18.0,treatment_duration,from:Roots-oas-a1.1-18h-REP2,,,"Roots, oas-a1.1, 18h",Roots-oas-a1.1-18h-REP2
GSM476847,18.0,treatment_duration,from:Roots-oas-a1.1-18h-REP3,,,"Roots, oas-a1.1, 18h",Roots-oas-a1.1-18h-REP3
GSM476848,24.0,treatment_duration,from:Shoots-oas-a1.1-24h-REP1,,,"Shoots, oas-a1.1, 24h",Shoots-oas-a1.1-24h-REP1
GSM476849,24.0,treatment_duration,from:Shoots-oas-a1.1-24h-REP2,,,"Shoots, oas-a1.1, 24h",Shoots-oas-a1.1-24h-REP2
GSM476850,24.0,treatment_duration,from:Shoots-oas-a1.1-24h-REP3,,,"Shoots, oas-a1.1, 24h",Shoots-oas-a1.1-24h-REP3
GSM495948,1.0,treatment_duration,time: 1 hour,,,"WT, 1h HL",WT plants-1h vs 0h HL-Rep1
GSM495949,1.0,treatment_duration,time: 1 hour,,,"apx1, 1h HL",apx1 plants-1h vs 0h HL-Rep1
GSM495950,1.0,treatment_duration,time: 1 hour,,,"cat2,1h HL",cat2 plants-1h vs 0h HL-Rep1
GSM495951,1.0,treatment_duration,time: 1 hour,,,"apx1/cat2, 1h HL",apx1/cat2 plants-1h vs 0h HL-Rep1
GSM495952,0.0,treatment_duration,time: 0 hour,,,"WT, 0h HL",WT plants-1h vs 0h HL-Rep2
GSM495953,0.0,treatment_duration,time: 0 hour,,,"apx1, 0h HL",apx1 plants-1h vs 0h HL-Rep2
GSM495954,0.0,treatment_duration,time: 0 hour,,,"cat2, 0h HL",cat2 plants-1h vs 0h HL-Rep2
GSM495955,0.0,treatment_duration,time: 0 hour,,,"apx1/cat2, 0h HL",apx1/cat2 plants-1h vs 0h HL-Rep2
GSM5970413,24.0,treatment_duration,from:wt Cd 100uM 24h,,,wt Cd 100uM 24h,wt24h1
GSM5970414,24.0,treatment_duration,from:wt Cd 100uM 24h,,,wt Cd 100uM 24h,wt24h2
GSM5970415,24.0,treatment_duration,from:wt Cd 100uM 24h,,,wt Cd 100uM 24h,wt24h3
GSM5970416,0.5,treatment_duration,from:Atgox2 Cd 100uM 0.5h,,,Atgox2 Cd 100uM 0.5h,Atgox2_30m1
GSM5970417,0.5,treatment_duration,from:Atgox2 Cd 100uM 0.5h,,,Atgox2 Cd 100uM 0.5h,Atgox2_30m2
GSM5970418,0.5,treatment_duration,from:Atgox2 Cd 100uM 0.5h,,,Atgox2 Cd 100uM 0.5h,Atgox2_30m3
GSM5970422,0.5,treatment_duration,from:wt30m Cd 100uM 0.5h,,,wt30m Cd 100uM 0.5h,wt30m1
GSM5970423,0.5,treatment_duration,from:wt30m Cd 100uM 0.5h,,,wt30m Cd 100uM 0.5h,wt30m2
GSM5970424,0.5,treatment_duration,from:wt30m Cd 100uM 0.5h,,,wt30m Cd 100uM 0.5h,wt30m3
GSM5970425,24.0,treatment_duration,from:atgox2 Cd 100uM 24h,,,atgox2 Cd 100uM 24h,atgox2_24h1
GSM5970426,24.0,treatment_duration,from:atgox2 Cd 100uM 24h,,,atgox2 Cd 100uM 24h,atgox2_24h2
GSM5970427,24.0,treatment_duration,from:atgox2 Cd 100uM 24h,,,atgox2 Cd 100uM 24h,atgox2_24h3
GSM5970428,0.5,treatment_duration,from:s35s Cd 100uM 0.5h,,,s35s Cd 100uM 0.5h,s35s30m1
GSM5970429,0.5,treatment_duration,from:s35s Cd 100uM 0.5h,,,s35s Cd 100uM 0.5h,s35s30m3
GSM5970430,24.0,treatment_duration,from:s35s Cd 100uM 24h,,,s35s Cd 100uM 24h,s35s_24h1
GSM5970431,24.0,treatment_duration,from:s35s Cd 100uM 24h,,,s35s Cd 100uM 24h,s35s_24h3
GSM5970435,0.5,treatment_duration,from:s35s Cd 100uM 0.5h,,,s35s Cd 100uM 0.5h,s35s_30m2
GSM5970436,24.0,treatment_duration,from:s35s Cd 100uM 24h,,,s35s Cd 100uM 24h,s35s_24h2
GSM499712,,,,504.0,age: 21 days,"whole plants, 0 mM phenanthrene","exp 1, control, rep 1"
GSM499713,,,,504.0,age: 21 days,"whole plants, 0.25 mM phenanthrene","exp 1, treated, rep 1"
GSM499714,,,,504.0,age: 21 days,"whole plants, 0 mM phenanthrene","exp 2, control, rep 1"
GSM499715,,,,504.0,age: 21 days,"whole plants, 0 mM phenanthrene","exp 2, control, rep 2"
GSM499716,,,,504.0,age: 21 days,"whole plants, 0.25 mM phenanthrene","exp 2, treated, rep 1"
GSM513064,6.0,treatment_duration,"from:GSHn1, 6 h after inoculation",,,"GSHn1, 6 h after inoculation","Nuclear GSH sample1, biological rep1"
GSM513065,6.0,treatment_duration,"from:GSHn1, 6 h after inoculation",,,"GSHn1, 6 h after inoculation","Nuclear GSH sample1, biological rep2"
GSM513066,6.0,treatment_duration,"from:GSHn1, 6 h after inoculation",,,"GSHn1, 6 h after inoculation","Nuclear GSH sample1, biological rep3"
GSM513067,198.0,treatment_duration,"from:GSHn2, 198 h after inoculation",,,"GSHn2, 198 h after inoculation","Nuclear GSH sample2, biological rep1"
GSM513068,198.0,treatment_duration,"from:GSHn2, 198 h after inoculation",,,"GSHn2, 198 h after inoculation","Nuclear GSH sample2, biological rep2"
GSM513069,198.0,treatment_duration,"from:GSHn2, 198 h after inoculation",,,"GSHn2, 198 h after inoculation","Nuclear GSH sample2, biological rep3"
GSM513070,78.0,treatment_duration,"from:GSHn3, 78 h after inoculation",,,"GSHn3, 78 h after inoculation","Nuclear GSH sample3, biological rep1"
GSM513071,78.0,treatment_duration,"from:GSHn3, 78 h after inoculation",,,"GSHn3, 78 h after inoculation","Nuclear GSH sample3, biological rep2"
GSM513072,78.0,treatment_duration,"from:GSHn3, 78 h after inoculation",,,"GSHn3, 78 h after inoculation","Nuclear GSH sample3, biological rep3"
GSM513073,78.0,treatment_duration,"from:GSHc1, 78 h after inoculation",,,"GSHc1, 78 h after inoculation","Cytoplasmic GSH sample1, biological rep1"
GSM513074,78.0,treatment_duration,"from:GSHc1, 78 h after inoculation",,,"GSHc1, 78 h after inoculation","Cytoplasmic GSH sample1, biological rep2"
GSM513075,78.0,treatment_duration,"from:GSHc1, 78 h after inoculation",,,"GSHc1, 78 h after inoculation","Cytoplasmic GSH sample1, biological rep3"
GSM513076,102.0,treatment_duration,"from:GSHc2, 102 h after inoculation",,,"GSHc2, 102 h after inoculation","Cytoplasmic GSH sample2, biological rep1"
GSM513077,102.0,treatment_duration,"from:GSHc2, 102 h after inoculation",,,"GSHc2, 102 h after inoculation","Cytoplasmic GSH sample2, biological rep2"
GSM513078,102.0,treatment_duration,"from:GSHc2, 102 h after inoculation",,,"GSHc2, 102 h after inoculation","Cytoplasmic GSH sample2, biological rep3"
GSM513079,174.0,treatment_duration,"from:GSHc3, 174 h after inoculation",,,"GSHc3, 174 h after inoculation","Cytoplasmic GSH sample3, biological rep1"
GSM513080,174.0,treatment_duration,"from:GSHc3, 174 h after inoculation",,,"GSHc3, 174 h after inoculation","Cytoplasmic GSH sample3, biological rep2"
GSM513081,174.0,treatment_duration,"from:GSHc3, 174 h after inoculation",,,"GSHc3, 174 h after inoculation","Cytoplasmic GSH sample3, biological rep3"
GSM520748,,,,12.0,age: 12-day seedlings,"whole seedlings, control","0 H2O2, 0 BL, replicate 1"
GSM520749,,,,12.0,age: 12-day seedlings,"whole seedlings, control","0 H2O2, 0 BL, replicate 2"
GSM520750,,,,12.0,age: 12-day seedlings,"whole seedlings, control","0 H2O2, 0 BL, replicate 3"
GSM520751,,,,12.0,age: 12-day seedlings,"whole seedlings, 1mM H2O2 treated","1 H2O2, 0 BL, replicate 1"
GSM520752,,,,12.0,age: 12-day seedlings,"whole seedlings, 5mM H2O2 treated","5 H2O2, 0 BL, replicate 1"
GSM520753,,,,12.0,age: 12-day seedlings,"whole seedlings, 25mM H2O2 treated","25 H2O2, 0 BL, replicate 1"
GSM520754,,,,12.0,age: 12-day seedlings,"whole seedlings, 50mM H2O2 treated","50 H2O2, 0 BL, replicate 1"
GSM520755,,,,12.0,age: 12-day seedlings,"whole seedlings, 100mM H2O2 treated","100 H2O2, 0 BL, replicate 1"
GSM520756,,,,12.0,age: 12-day seedlings,"whole seedlings, BL treated, control","0 H2O2, 1 BL, replicate 1"
GSM520757,,,,12.0,age: 12-day seedlings,"whole seedlings, BL treated, control","0 H2O2, 1 BL, replicate 2"
GSM520758,,,,12.0,age: 12-day seedlings,"whole seedlings, BL treated, control","0 H2O2, 1 BL, replicate 3"
GSM520759,,,,12.0,age: 12-day seedlings,"whole seedlings, 1mM H2O2 and BL treated","1 H2O2, 1 BL, replicate 1"
GSM520760,,,,12.0,age: 12-day seedlings,"whole seedlings, 5mM H2O2 and BL treated","5 H2O2, 1 BL, replicate 1"
GSM520761,,,,12.0,age: 12-day seedlings,"whole seedlings, 25mM H2O2 and BL treated","25 H2O2, 1 BL, replicate 1"
GSM520762,,,,12.0,age: 12-day seedlings,"whole seedlings, 50mM H2O2 and BL treated","50 H2O2, 1 BL, replicate 1"
GSM520763,,,,12.0,age: 12-day seedlings,"whole seedlings, 100mM H2O2 and BL treated","100 H2O2, 1 BL, replicate 1"
GSM6372129,,,,12.0,age: 12-day old seedlings,seedlings,Col-0 control rep1
GSM6372130,,,,12.0,age: 12-day old seedlings,seedlings,Col-0 control rep2
GSM6372131,,,,12.0,age: 12-day old seedlings,seedlings,smeb-1 control rep1
GSM6372132,,,,12.0,age: 12-day old seedlings,seedlings,smeb-1 control rep2
GSM6372133,,,,12.0,age: 12-day old seedlings,seedlings,smeb-2 control rep1
GSM6372134,,,,12.0,age: 12-day old seedlings,seedlings,smeb-2 control rep2
GSM6372135,,,,12.0,age: 12-day old seedlings,seedlings,Col-0 Salt rep1
GSM6372136,,,,12.0,age: 12-day old seedlings,seedlings,Col-0 Salt rep2
GSM6372137,,,,12.0,age: 12-day old seedlings,seedlings,smeb-1 Salt rep1
GSM6372138,,,,12.0,age: 12-day old seedlings,seedlings,smeb-1 Salt rep2
GSM6372139,,,,12.0,age: 12-day old seedlings,seedlings,smeb-2 Salt rep1
GSM6372140,,,,12.0,age: 12-day old seedlings,seedlings,smeb-2 Salt rep2
GSM6574141,4.0,unknown,time: 4-week-old,,,"Leaf, high red to far-red ratio (1.4), 4 weeks, rep 1",WF1
GSM6574142,4.0,unknown,time: 4-week-old,,,"Leaf, high red to far-red ratio (1.4), 4 weeks, rep 2",WF2
GSM6574143,4.0,unknown,time: 4-week-old,,,"Leaf, high red to far-red ratio (1.4), 4 weeks, rep 3",WF3
GSM6574144,4.0,unknown,time: 4-week-old,,,"Leaf, high red to far-red ratio (1.4), 3 weeks, biological low red to far-red ratio (0.3), 1 week, rep 1",W1
GSM6574145,4.0,unknown,time: 4-week-old,,,"Leaf, high red to far-red ratio (1.4), 3 weeks, biological low red to far-red ratio (0.3), 1 week, rep 2",W2
GSM6574146,4.0,unknown,time: 4-week-old,,,"Leaf, high red to far-red ratio (1.4), 3 weeks, biological low red to far-red ratio (0.3), 1 week, rep 3",W3
GSM6574147,4.0,unknown,time: 4-week-old,,,"Leaf, high red to far-red ratio (1.4), 3 weeks, artificial low red to far-red ratio (0.3), 1 week, rep 1",FR1
GSM6574148,4.0,unknown,time: 4-week-old,,,"Leaf, high red to far-red ratio (1.4), 3 weeks, artificial low red to far-red ratio (0.3), 1 week, rep 2",FR2
GSM6574149,4.0,unknown,time: 4-week-old,,,"Leaf, high red to far-red ratio (1.4), 3 weeks, artificial low red to far-red ratio (0.3), 1 week, rep 3",FR3
GSM542489,360.0,treatment_duration,from:15 day old whole seedling,,,15 day old whole seedling,"wild type with ABA, biological rep1"
GSM542490,360.0,treatment_duration,from:15 day old whole seedling,,,15 day old whole seedling,"wild type with ABA, biological rep2"
GSM542491,360.0,treatment_duration,from:15 day old whole seedling,,,15 day old whole seedling,"wild type with ABA, biological rep3"
GSM542492,360.0,treatment_duration,from:15 day old whole seedling,,,15 day old whole seedling,"gapcp1gapcp2 with ABA, biological rep1"
GSM542493,360.0,treatment_duration,from:15 day old whole seedling,,,15 day old whole seedling,"gapcp1gapcp2 with ABA, biological rep2"
GSM542494,360.0,treatment_duration,from:15 day old whole seedling,,,15 day old whole seedling,"gapcp1gapcp2 with ABA, biological rep3"
GSM543956,,,,144.0,age: 6 days after germination,root meristem zone,ATH1_Col-0_meristematic zone_first biological rep
GSM543957,,,,144.0,age: 6 days after germination,root elongation zone,ATH1_Col-0_elongation zone_first biological rep
GSM543958,,,,144.0,age: 6 days after germination,root meristem zone,ATH1_Col-0_meristematic zone_second biological rep
GSM543959,,,,144.0,age: 6 days after germination,root elongation zone,ATH1_Col-0_elongation zone_second biological rep
GSM543960,,,,144.0,age: 6 days after germination,root meristem zone,ATH1_upb1-1_meristematic zone_first biological rep
GSM543961,,,,144.0,age: 6 days after germination,root elongation zone,ATH1_upb1-1_elongation zone_first biological rep
GSM543962,,,,144.0,age: 6 days after germination,root meristem zone,ATH1_upb1-1_meristematic zone_second biological rep
GSM543963,,,,144.0,age: 6 days after germination,root elongation zone,ATH1_upb1-1_elongation zone_second biological rep
GSM543964,,,,144.0,age: 6 days after germination,root meristem zone,ATH1_OXUPB1-2_meristematic zone_first biological rep
GSM543965,,,,144.0,age: 6 days after germination,root elongation zone,ATH1_OXUPB1-2_elongation zone_first biological rep
GSM543966,,,,144.0,age: 6 days after germination,root meristem zone,ATH1_OXUPB1-2_meristematic zone_second biological rep
GSM543967,,,,144.0,age: 6 days after germination,root elongation zone,ATH1_OXUPB1-2_elongation zone_second biological rep
GSM7120278,504.0,treatment_duration,from:01_3W-Control-4_rep1,,,aerial parts of Col-0 plants under control condition 3 weeks after sowing,01_3W-Control-4_rep1
GSM7120279,504.0,treatment_duration,from:02_3W-GSSG-4_rep1,,,aerial parts of GSSG-fed Col-0 plants 3 weeks after sowing,02_3W-GSSG-4_rep1
GSM7120280,504.0,treatment_duration,from:03_3W-GSH-4_rep1,,,aerial parts of GSH-fed Col-0 plants 3 weeks after sowing,03_3W-GSH-4_rep1
GSM7120281,504.0,treatment_duration,from:04_3W-NH4NO3-4_rep1,,,aerial parts of NH4NO3-fed Col-0 plants 3 weeks after sowing,04_3W-NH4NO3-4_rep1
GSM7120282,504.0,treatment_duration,from:05_3W-Control-5_rep2,,,aerial parts of Col-0 plants under control condition 3 weeks after sowing,05_3W-Control-5_rep2
GSM7120283,504.0,treatment_duration,from:06_3W-GSSG-5_rep2,,,aerial parts of GSSG-fed Col-0 plants 3 weeks after sowing,06_3W-GSSG-5_rep2
GSM7120284,504.0,treatment_duration,from:07_3W-GSH-5_rep2,,,aerial parts of GSH-fed Col-0 plants 3 weeks after sowing,07_3W-GSH-5_rep2
GSM7120285,504.0,treatment_duration,from:08_3W-NH4NO3-5_rep2,,,aerial parts of NH4NO3-fed Col-0 plants 3 weeks after sowing,08_3W-NH4NO3-5_rep2
GSM7120286,672.0,treatment_duration,from:09_4W-Control-3_rep1,,,leaf blades of Col-0 plants under control condition 4 weeks after sowing,09_4W-Control-3_rep1
GSM7120287,672.0,treatment_duration,from:10_4W-GSSG-3_rep1,,,leaf blades of GSSG-fed Col-0 plants 4 weeks after sowing,10_4W-GSSG-3_rep1
GSM7120288,672.0,treatment_duration,from:11_4W-GSH-3_rep1,,,leaf blades of GSH-fed Col-0 plants 4 weeks after sowing,11_4W-GSH-3_rep1
GSM7120289,672.0,treatment_duration,from:12_4W-NH4NO3-3_rep1,,,leaf blades of NH4NO3-fed Col-0 plants 4 weeks after sowing,12_4W-NH4NO3-3_rep1
GSM7120290,672.0,treatment_duration,from:13_4W-Control-4_rep2,,,leaf blades of Col-0 plants under control condition 4 weeks after sowing,13_4W-Control-4_rep2
GSM7120291,672.0,treatment_duration,from:14_4W-GSSG-4_rep2,,,leaf blades of GSSG-fed Col-0 plants 4 weeks after sowing,14_4W-GSSG-4_rep2
GSM7120292,672.0,treatment_duration,from:15_4W-GSH-4_rep2,,,leaf blades of GSH-fed Col-0 plants 4 weeks after sowing,15_4W-GSH-4_rep2
GSM7120293,672.0,treatment_duration,from:16_4W-NH4NO3-4_rep2,,,leaf blades of NH4NO3-fed Col-0 plants 4 weeks after sowing,16_4W-NH4NO3-4_rep2
GSM7120294,840.0,treatment_duration,from:17_5W-Control-4_rep1,,,leaf blades of Col-0 plants under control condition 5 weeks after sowing,17_5W-Control-4_rep1
GSM7120295,840.0,treatment_duration,from:18_5W-GSSG-4_rep1,,,leaf blades of GSSG-fed Col-0 plants 5 weeks after sowing,18_5W-GSSG-4_rep1
GSM7120296,840.0,treatment_duration,from:19_5W-GSH-4_rep1,,,leaf blades of GSH-fed Col-0 plants 5 weeks after sowing,19_5W-GSH-4_rep1
GSM7120297,840.0,treatment_duration,from:20_5W-NH4NO3-4_rep1,,,leaf blades of NH4NO3-fed Col-0 plants 5 weeks after sowing,20_5W-NH4NO3-4_rep1
GSM7120298,840.0,treatment_duration,from:21_5W-Control-5_rep2,,,leaf blades of Col-0 plants under control condition 5 weeks after sowing,21_5W-Control-5_rep2
GSM7120299,840.0,treatment_duration,from:22_5W-GSSG-5_rep2,,,leaf blades of GSSG-fed Col-0 plants 5 weeks after sowing,22_5W-GSSG-5_rep2
GSM7120300,840.0,treatment_duration,from:23_5W-GSH-5_rep2,,,leaf blades of GSH-fed Col-0 plants 5 weeks after sowing,23_5W-GSH-5_rep2
GSM7120301,840.0,treatment_duration,from:24_5W-NH4NO3-5_rep2,,,leaf blades of NH4NO3-fed Col-0 plants 5 weeks after sowing,24_5W-NH4NO3-5_rep2
GSM566473,10.0,treatment_duration,"from:whole seedlings, mock treated, 10 hr",,,"whole seedlings, mock treated, 10 hr",WT mock treated  biological rep 1
GSM566474,10.0,treatment_duration,"from:whole seedlings, mock treated, 10 hr",,,"whole seedlings, mock treated, 10 hr",WT mock treated  biological rep 2
GSM566475,10.0,treatment_duration,"from:whole seedlings, mock treated, 10 hr",,,"whole seedlings, mock treated, 10 hr",WT mock treated  biological rep 3
GSM566476,10.0,treatment_duration,"from:whole seedlings, SA treated, 10 hr",,,"whole seedlings, SA treated, 10 hr",WT SA treated  biological rep 1
GSM566477,10.0,treatment_duration,"from:whole seedlings, SA treated, 10 hr",,,"whole seedlings, SA treated, 10 hr",WT SA treated  biological rep 2
GSM566478,10.0,treatment_duration,"from:whole seedlings, SA treated, 10 hr",,,"whole seedlings, SA treated, 10 hr",WT SA treated  biological rep 3
GSM566479,10.0,treatment_duration,"from:whole seedlings, mock treated, 10 hr",,,"whole seedlings, mock treated, 10 hr",dsr1 mock treated  biological rep 1
GSM566480,10.0,treatment_duration,"from:whole seedlings, mock treated, 10 hr",,,"whole seedlings, mock treated, 10 hr",dsr1 mock treated  biological rep 2
GSM566481,10.0,treatment_duration,"from:whole seedlings, mock treated, 10 hr",,,"whole seedlings, mock treated, 10 hr",dsr1 mock treated  biological rep 3
GSM566482,10.0,treatment_duration,"from:whole seedlings, SA treated, 10 hr",,,"whole seedlings, SA treated, 10 hr",dsr1 SA treated  biological rep 1
GSM566483,10.0,treatment_duration,"from:whole seedlings, SA treated, 10 hr",,,"whole seedlings, SA treated, 10 hr",dsr1 SA treated  biological rep 2
GSM566484,10.0,treatment_duration,"from:whole seedlings, SA treated, 10 hr",,,"whole seedlings, SA treated, 10 hr",dsr1 SA treated  biological rep 3
GSM566614,24.0,treatment_duration,time: 1 day,432.0,age: 18 days,"Arabidopsis thaliana accession Col-0 by UV-1-day radiation (UV1), replicate 1",WT_UV1_rep1_SK24_sample183
GSM566615,24.0,treatment_duration,time: 1 day,432.0,age: 18 days,"Arabidopsis thaliana accession Col-0 by UV-1-day radiation (UV1), replicate 2",WT_UV1_rep2_SK25_sample185
GSM566616,24.0,treatment_duration,time: 1 day,432.0,age: 18 days,"Arabidopsis thaliana accession Col-0 by UV-1-day radiation (UV1), replicate 3",WT_UV1_rep3_SK26_sample188
GSM566617,24.0,treatment_duration,time: 1 day,432.0,age: 18 days,"Arabidopsis thaliana tt4 by UV-1-day radiation (UV1), replicate 1",tt4_UV1_rep1_SK27_sample191
GSM566618,24.0,treatment_duration,time: 1 day,432.0,age: 18 days,"Arabidopsis thaliana tt4 by UV-1-day radiation (UV1), replicate 2",tt4_UV1_rep2_SK28_sample195
GSM566619,24.0,treatment_duration,time: 1 day,432.0,age: 18 days,"Arabidopsis thaliana tt4 by UV-1-day radiation (UV1), replicate 3",tt4_UV1_rep3_SK29_sample197
GSM566620,24.0,treatment_duration,time: 1 day,432.0,age: 18 days,"Arabidopsis thaliana sng1 by UV-1-day radiation (UV1), replicate 1",sng1_UV1_rep1_SK30_sample207
GSM566621,24.0,treatment_duration,time: 1 day,432.0,age: 18 days,"Arabidopsis thaliana sng1 by UV-1-day radiation (UV1), replicate 2",sng1_UV1_rep2_SK31_sample211
GSM566622,24.0,treatment_duration,time: 1 day,432.0,age: 18 days,"Arabidopsis thaliana sng1 by UV-1-day radiation (UV1), replicate 3",sng1_UV1_rep3_SK32_sample213
GSM566623,24.0,treatment_duration,time: 1 day,432.0,age: 18 days,"Arabidopsis thaliana accession Col-0 by the 24-h light treatment (CO1), replicate 1",WT_CO1_rep1_SK33_sample218
GSM566624,24.0,treatment_duration,time: 1 day,432.0,age: 18 days,"Arabidopsis thaliana accession Col-0 by the 24-h light treatment (CO1), replicate 2",WT_CO1_rep2_SK34_sample220
GSM566625,24.0,treatment_duration,time: 1 day,432.0,age: 18 days,"Arabidopsis thaliana accession Col-0 by the 24-h light treatment (CO1), replicate 3",WT_CO1_rep3_SK35_sample224
GSM566626,24.0,treatment_duration,time: 1 day,432.0,age: 18 days,"Arabidopsis thaliana accession tt4 by the 24-h light treatment (CO1), replicate 1",tt4_CO1_rep1_SK36_sample226
GSM566627,24.0,treatment_duration,time: 1 day,432.0,age: 18 days,"Arabidopsis thaliana accession tt4 by the 24-h light treatment (CO1), replicate 2",tt4_CO1_rep2_SK37_sample228
GSM566628,24.0,treatment_duration,time: 1 day,432.0,age: 18 days,"Arabidopsis thaliana accession tt4 by the 24-h light treatment (CO1), replicate 3",tt4_CO1_rep3_SK38_sample233
GSM566629,24.0,treatment_duration,time: 1 day,432.0,age: 18 days,"Arabidopsis thaliana accession sng1 by the 24-h light treatment (CO1), replicate 1",sng1_CO1_rep1_SK39_sample242
GSM566630,24.0,treatment_duration,time: 1 day,432.0,age: 18 days,"Arabidopsis thaliana accession sng1 by the 24-h light treatment (CO1), replicate 2",sng1_CO1_rep2_SK40_sample244
GSM566631,24.0,treatment_duration,time: 1 day,432.0,age: 18 days,"Arabidopsis thaliana accession sng1 by the 24-h light treatment (CO1), replicate 3",sng1_CO1_rep3_SK41_sample246
GSM571891,20.0,treatment_duration,time: 20 hours,120.0,age: 5 days,T87 suspension cells,"control,rep1"
GSM571892,20.0,treatment_duration,time: 20 hours,120.0,age: 5 days,T87 suspension cells,"ABA,rep1"
GSM571893,20.0,treatment_duration,time: 20 hours,120.0,age: 5 days,T87 suspension cells,"control,rep2"
GSM571894,20.0,treatment_duration,time: 20 hours,120.0,age: 5 days,T87 suspension cells,"ABA,rep2"
GSM571895,20.0,treatment_duration,time: 20 hours,120.0,age: 5 days,T87 suspension cells,"control,rep3"
GSM571896,20.0,treatment_duration,time: 20 hours,120.0,age: 5 days,T87 suspension cells,"ABA,rep3"
GSM604750,20.0,treatment_duration,time: 20 hours,120.0,age: 5 days,T87 suspension cells,"ABA+DMTU,rep3"
GSM604751,20.0,treatment_duration,time: 20 hours,120.0,age: 5 days,T87 suspension cells,"ABA+DMTU,rep2"
GSM604752,20.0,treatment_duration,time: 20 hours,120.0,age: 5 days,T87 suspension cells,"DMTU,rep1"
GSM604753,20.0,treatment_duration,time: 20 hours,120.0,age: 5 days,T87 suspension cells,"DMTU,rep2"
GSM604754,20.0,treatment_duration,time: 20 hours,120.0,age: 5 days,T87 suspension cells,"DMTU,rep3"
GSM604755,20.0,treatment_duration,time: 20 hours,120.0,age: 5 days,T87 suspension cells,"ABA+DMTU,rep1"
GSM572630,1008.0,treatment_duration,"from:Rosette of Col 0, 42 days old",1008.0,age: 42 days old,"Rosette of Col 0, 42 days old","Rosette of Col 0, biological rep1 (I)"
GSM572631,1008.0,treatment_duration,"from:Rosette of Col 0, 42 days old",1008.0,age: 42 days old,"Rosette of Col 0, 42 days old","Rosette of Col 0, biological rep2 (I)"
GSM572632,1008.0,treatment_duration,"from:Rosette of Col 0, 42 days old",1008.0,age: 42 days old,"Rosette of Col 0, 42 days old","Rosette of Col 0, biological rep3 (I)"
GSM572633,1008.0,treatment_duration,"from:Rosette of abi4, 42 days old",1008.0,age: 42 days old,"Rosette of abi4, 42 days old","Rosette of abi4-102, biological rep1 (I)"
GSM572634,1008.0,treatment_duration,"from:Rosette of abi4, 42 days old",1008.0,age: 42 days old,"Rosette of abi4, 42 days old","Rosette of abi4-102, biological rep2 (I)"
GSM572635,1008.0,treatment_duration,"from:Rosette of abi4, 42 days old",1008.0,age: 42 days old,"Rosette of abi4, 42 days old","Rosette of abi4-102, biological rep3 (I)"
GSM572636,1008.0,treatment_duration,"from:Rosette of abi4, 42 days old",1008.0,age: 42 days old,"Rosette of abi4, 42 days old","Rosette of abi4-102, biological rep4 (I)"
GSM572637,1008.0,treatment_duration,"from:Rosette of vtc2, 42 days old",1008.0,age: 42 days old,"Rosette of vtc2, 42 days old","Rosette of vtc2, biological rep1 (I)"
GSM572638,1008.0,treatment_duration,"from:Rosette of vtc2, 42 days old",1008.0,age: 42 days old,"Rosette of vtc2, 42 days old","Rosette of vtc2, biological rep2 (I)"
GSM572639,1008.0,treatment_duration,"from:Rosette of vtc2, 42 days old",1008.0,age: 42 days old,"Rosette of vtc2, 42 days old","Rosette of vtc2, biological rep3 (I)"
GSM572640,1008.0,treatment_duration,"from:Rosette of vtc2, 42 days old",1008.0,age: 42 days old,"Rosette of vtc2, 42 days old","Rosette of vtc2, biological rep4 (I)"
GSM572641,1008.0,treatment_duration,"from:Rosette of abi4 vtc2, 42 days old",1008.0,age: 42 days old,"Rosette of abi4 vtc2, 42 days old","Rosette of abi4 vtc2, biological rep1 (I)"
GSM572642,1008.0,treatment_duration,"from:Rosette of abi4 vtc2, 42 days old",1008.0,age: 42 days old,"Rosette of abi4 vtc2, 42 days old","Rosette of abi4 vtc2, biological rep2 (I)"
GSM572643,1008.0,treatment_duration,"from:Rosette of abi4 vtc2, 42 days old",1008.0,age: 42 days old,"Rosette of abi4 vtc2, 42 days old","Rosette of abi4 vtc2, biological rep3 (I)"
GSM572644,1008.0,treatment_duration,"from:Rosette of abi4 vtc2, 42 days old",1008.0,age: 42 days old,"Rosette of abi4 vtc2, 42 days old","Rosette of abi4 vtc2, biological rep4 (I)"
GSM572645,1008.0,treatment_duration,"from:Rosette of abi4 vtc2, 42 days old",1008.0,age: 42 days old,"Rosette of abi4 vtc2, 42 days old","Rosette of abi4 vtc2, biological rep5 (I)"
GSM572646,1008.0,treatment_duration,"from:Rosette of abi4 vtc2, 42 days old",1008.0,age: 42 days old,"Rosette of abi4 vtc2, 42 days old","Rosette of abi4 vtc2, biological rep6 (I)"
GSM572647,1008.0,treatment_duration,"from:Rosette of Col 0, 42 days old",1008.0,age: 42 days old,"Rosette of Col 0, 42 days old","Rosette of Col 0, biological rep1 (II)"
GSM572648,1008.0,treatment_duration,"from:Rosette of Col 0, 42 days old",1008.0,age: 42 days old,"Rosette of Col 0, 42 days old","Rosette of Col 0, biological rep2 (II)"
GSM572649,1008.0,treatment_duration,"from:Rosette of Col 0, 42 days old",1008.0,age: 42 days old,"Rosette of Col 0, 42 days old","Rosette of Col 0, biological rep3 (II)"
GSM572650,1008.0,treatment_duration,"from:Rosette of abi4, 42 days old",1008.0,age: 42 days old,"Rosette of abi4, 42 days old","Rosette of abi4-102, biological rep1 (II)"
GSM572651,1008.0,treatment_duration,"from:Rosette of abi4, 42 days old",1008.0,age: 42 days old,"Rosette of abi4, 42 days old","Rosette of abi4-102, biological rep2 (II)"
GSM572652,1008.0,treatment_duration,"from:Rosette of abi4, 42 days old",1008.0,age: 42 days old,"Rosette of abi4, 42 days old","Rosette of abi4-102, biological rep3 (II)"
GSM572653,1008.0,treatment_duration,"from:Rosette of vtc1, 42 days old",1008.0,age: 42 days old,"Rosette of vtc1, 42 days old","Rosette of vtc1, biological rep1 (II)"
GSM572654,1008.0,treatment_duration,"from:Rosette of vtc1, 42 days old",1008.0,age: 42 days old,"Rosette of vtc1, 42 days old","Rosette of vtc1, biological rep2 (II)"
GSM572655,1008.0,treatment_duration,"from:Rosette of vtc1, 42 days old",1008.0,age: 42 days old,"Rosette of vtc1, 42 days old","Rosette of vtc1, biological rep3 (II)"
GSM572656,1008.0,treatment_duration,"from:Rosette of vtc1, 42 days old",1008.0,age: 42 days old,"Rosette of vtc1, 42 days old","Rosette of vtc1, biological rep4 (II)"
GSM591834,10.0,treatment_duration,"from:4 day old seedlings, mock-treated 10 hr",,,"4 day old seedlings, mock-treated 10 hr",WT mock treated_biological rep 1
GSM591835,10.0,treatment_duration,"from:4 day old seedlings, mock-treated 10 hr",,,"4 day old seedlings, mock-treated 10 hr",WT mock treated_biological rep 2
GSM591836,10.0,treatment_duration,"from:4 day old seedlings, mock-treated 10 hr",,,"4 day old seedlings, mock-treated 10 hr",WT mock treated_biological rep 3
GSM591837,10.0,treatment_duration,from:4 day old seedlings dicamba-treated 10 hr,,,4 day old seedlings dicamba-treated 10 hr,WT dicamba treated_biological rep 1
GSM591838,10.0,treatment_duration,from:4 day old seedlings dicamba-treated 10 hr,,,4 day old seedlings dicamba-treated 10 hr,WT dicamba treated_biological rep 2
GSM591839,10.0,treatment_duration,from:4 day old seedlings dicamba-treated 10 hr,,,4 day old seedlings dicamba-treated 10 hr,WT dicamba treated_biological rep 3
GSM7808290,24.0,treatment_duration,time: 24 hr,,,Root meristematic zone,plt2 mock rep1
GSM7808291,24.0,treatment_duration,time: 24 hr,,,Root meristematic zone,plt2 mock rep2
GSM7808292,24.0,treatment_duration,time: 24 hr,,,Root meristematic zone,plt2 mock rep3
GSM7808293,24.0,treatment_duration,time: 24 hr,,,Root meristematic zone,plt2 mock rep4
GSM7808294,24.0,treatment_duration,time: 24 hr,,,Root meristematic zone,plt2 mock rep5
GSM7808295,24.0,treatment_duration,time: 24 hr,,,Root meristematic zone,plt2 0.3 nM RGF1 rep1
GSM7808296,24.0,treatment_duration,time: 24 hr,,,Root meristematic zone,plt2 0.3 nM RGF1 rep2
GSM7808297,24.0,treatment_duration,time: 24 hr,,,Root meristematic zone,plt2 0.3 nM RGF1 rep3
GSM7808298,24.0,treatment_duration,time: 24 hr,,,Root meristematic zone,plt2 0.3 nM RGF1 rep4
GSM7808299,24.0,treatment_duration,time: 24 hr,,,Root meristematic zone,plt2 0.3 nM RGF1 rep5
GSM7808300,24.0,treatment_duration,time: 24 hr,,,Root meristematic zone,plt2 5 nM RGF1 rep1
GSM7808301,24.0,treatment_duration,time: 24 hr,,,Root meristematic zone,plt2 5 nM RGF1 rep2
GSM7808302,24.0,treatment_duration,time: 24 hr,,,Root meristematic zone,plt2 5 nM RGF1 rep3
GSM7808303,24.0,treatment_duration,time: 24 hr,,,Root meristematic zone,plt2 5 nM RGF1 rep4
GSM7808304,24.0,treatment_duration,time: 24 hr,,,Root meristematic zone,plt2 5 nM RGF1 rep5
GSM7808305,24.0,treatment_duration,time: 24 hr,,,Root meristematic zone,plt2/gPLT2-GFP mock rep1
GSM7808306,24.0,treatment_duration,time: 24 hr,,,Root meristematic zone,plt2/gPLT2-GFP mock rep2
GSM7808307,24.0,treatment_duration,time: 24 hr,,,Root meristematic zone,plt2/gPLT2-GFP mock rep3
GSM7808308,24.0,treatment_duration,time: 24 hr,,,Root meristematic zone,plt2/gPLT2-GFP mock rep4
GSM7808309,24.0,treatment_duration,time: 24 hr,,,Root meristematic zone,plt2/gPLT2-GFP mock rep5
GSM7808310,24.0,treatment_duration,time: 24 hr,,,Root meristematic zone,plt2/gPLT2-GFP 0.3 nM RGF1 rep1
GSM7808311,24.0,treatment_duration,time: 24 hr,,,Root meristematic zone,plt2/gPLT2-GFP 0.3 nM RGF1 rep2
GSM7808312,24.0,treatment_duration,time: 24 hr,,,Root meristematic zone,plt2/gPLT2-GFP 0.3 nM RGF1 rep3
GSM7808313,24.0,treatment_duration,time: 24 hr,,,Root meristematic zone,plt2/gPLT2-GFP 0.3 nM RGF1 rep4
GSM7808314,24.0,treatment_duration,time: 24 hr,,,Root meristematic zone,plt2/gPLT2-GFP 0.3 nM RGF1 rep5
GSM7808315,24.0,treatment_duration,time: 24 hr,,,Root meristematic zone,plt2/gPLT2-GFP 5 nM RGF1 rep1
GSM7808316,24.0,treatment_duration,time: 24 hr,,,Root meristematic zone,plt2/gPLT2-GFP 5 nM RGF1 rep2
GSM7808317,24.0,treatment_duration,time: 24 hr,,,Root meristematic zone,plt2/gPLT2-GFP 5 nM RGF1 rep3
GSM7808318,24.0,treatment_duration,time: 24 hr,,,Root meristematic zone,plt2/gPLT2-GFP 5 nM RGF1 rep4
GSM7808319,24.0,treatment_duration,time: 24 hr,,,Root meristematic zone,plt2/gPLT2-GFP 5 nM RGF1 rep5
GSM7808320,24.0,treatment_duration,time: 24 hr,,,Root meristematic zone,plt2/gPLT2-GFP 5 nM RGF1 rep6
GSM7808321,24.0,treatment_duration,time: 24 hr,,,Root meristematic zone,plt2/gPLT2C212S-GFP mock rep1
GSM7808322,24.0,treatment_duration,time: 24 hr,,,Root meristematic zone,plt2/gPLT2C212S-GFP mock rep2
GSM7808323,24.0,treatment_duration,time: 24 hr,,,Root meristematic zone,plt2/gPLT2C212S-GFP mock rep3
GSM7808324,24.0,treatment_duration,time: 24 hr,,,Root meristematic zone,plt2/gPLT2C212S-GFP mock rep4
GSM7808325,24.0,treatment_duration,time: 24 hr,,,Root meristematic zone,plt2/gPLT2C212S-GFP mock rep5
GSM7808326,24.0,treatment_duration,time: 24 hr,,,Root meristematic zone,plt2/gPLT2C212S-GFP 0.3 nM RGF1 rep1
GSM7808327,24.0,treatment_duration,time: 24 hr,,,Root meristematic zone,plt2/gPLT2C212S-GFP 0.3 nM RGF1 rep2
GSM7808328,24.0,treatment_duration,time: 24 hr,,,Root meristematic zone,plt2/gPLT2C212S-GFP 0.3 nM RGF1 rep3
GSM7808329,24.0,treatment_duration,time: 24 hr,,,Root meristematic zone,plt2/gPLT2C212S-GFP 0.3 nM RGF1 rep4
GSM7808330,24.0,treatment_duration,time: 24 hr,,,Root meristematic zone,plt2/gPLT2C212S-GFP 0.3 nM RGF1 rep5
GSM7808331,24.0,treatment_duration,time: 24 hr,,,Root meristematic zone,plt2/gPLT2C212S-GFP 5 nM RGF1 rep1
GSM7808332,24.0,treatment_duration,time: 24 hr,,,Root meristematic zone,plt2/gPLT2C212S-GFP 5 nM RGF1 rep2
GSM7808333,24.0,treatment_duration,time: 24 hr,,,Root meristematic zone,plt2/gPLT2C212S-GFP 5 nM RGF1 rep3
GSM7808334,24.0,treatment_duration,time: 24 hr,,,Root meristematic zone,plt2/gPLT2C212S-GFP 5 nM RGF1 rep4
GSM7808335,24.0,treatment_duration,time: 24 hr,,,Root meristematic zone,plt2/gPLT2C212S-GFP 5 nM RGF1 rep5
GSM7808336,24.0,treatment_duration,time: 24 hr,,,Root meristematic zone,plt2/gPLT2C212S-GFP 5 nM RGF1 rep6
GSM7951376,0.0,treatment_duration,from:Leaf 6 of WT plant without small molecule treatment (rep 1) [X0min-2],,,leaf,Leaf 6 of WT plant without small molecule treatment (rep 1) [X0min-2]
GSM7951377,0.0,treatment_duration,from:Leaf 6 of WT plant without small molecule treatment (rep 2) [X0min-3],,,leaf,Leaf 6 of WT plant without small molecule treatment (rep 2) [X0min-3]
GSM7951378,0.0,treatment_duration,from:Leaf 6 of WT plant without small molecule treatment (rep 3) [X0min-4],,,leaf,Leaf 6 of WT plant without small molecule treatment (rep 3) [X0min-4]
GSM7951379,1.0,treatment_duration,from:Leaf 6 of WT plant one hour after application of 100 mM GSH to leaf 1 (rep 1) [M1h-1],,,leaf,Leaf 6 of WT plant one hour after application of 100 mM GSH to leaf 1 (rep 1) [M1h-1]
GSM7951380,1.0,treatment_duration,from:Leaf 6 of WT plant one hour after application of 100 mM GSH to leaf 1 (rep 2) [M1h-3],,,leaf,Leaf 6 of WT plant one hour after application of 100 mM GSH to leaf 1 (rep 2) [M1h-3]
GSM7951381,1.0,treatment_duration,from:Leaf 6 of WT plant one hour after application of 100 mM GSH to leaf 1 (rep 3) [M1h-6],,,leaf,Leaf 6 of WT plant one hour after application of 100 mM GSH to leaf 1 (rep 3) [M1h-6]
GSM7951382,1.0,treatment_duration,from:Leaf 6 of WT plant one hour after application of 100 mM Glu to leaf 1 (rep 1) [G1h-2],,,leaf,Leaf 6 of WT plant one hour after application of 100 mM Glu to leaf 1 (rep 1) [G1h-2]
GSM7951383,1.0,treatment_duration,from:Leaf 6 of WT plant one hour after application of 100 mM Glu to leaf 1 (rep 2) [G1h-3],,,leaf,Leaf 6 of WT plant one hour after application of 100 mM Glu to leaf 1 (rep 2) [G1h-3]
GSM7951384,1.0,treatment_duration,from:Leaf 6 of WT plant one hour after application of 100 mM Glu to leaf 1 (rep 3) [G1h-11],,,leaf,Leaf 6 of WT plant one hour after application of 100 mM Glu to leaf 1 (rep 3) [G1h-11]
GSM7951385,0.0,treatment_duration,from:Leaf 6 of WT plant before wounding treatment (rep 1) [0min-1],,,leaf,Leaf 6 of WT plant before wounding treatment (rep 1) [0min-1]
GSM7951386,0.0,treatment_duration,from:Leaf 6 of WT plant before wounding treatment (rep 2) [0min-2],,,leaf,Leaf 6 of WT plant before wounding treatment (rep 2) [0min-2]
GSM7951387,0.0,treatment_duration,from:Leaf 6 of WT plant before wounding treatment (rep 3) [0min-4],,,leaf,Leaf 6 of WT plant before wounding treatment (rep 3) [0min-4]
GSM7951388,1.0,treatment_duration,from:Leaf 6 of WT plant one hour after wounding leaf 1 (rep 1) [W1h-1],,,leaf,Leaf 6 of WT plant one hour after wounding leaf 1 (rep 1) [W1h-1]
GSM7951389,1.0,treatment_duration,from:Leaf 6 of WT plant one hour after wounding  leaf 1 (rep 2) [W1h-2],,,leaf,Leaf 6 of WT plant one hour after wounding  leaf 1 (rep 2) [W1h-2]
GSM7951390,1.0,treatment_duration,from:Leaf 6 of WT plant one hour after wounding leaf 1 (rep 3) [W1h-4],,,leaf,Leaf 6 of WT plant one hour after wounding leaf 1 (rep 3) [W1h-4]
GSM634726,360.0,treatment_duration,from:10-15 days old Col-0 plants (Wild Type),,,10-15 days old Col-0 plants (Wild Type),myb46-2 plants vs wild type (Col0) REP1
GSM634727,360.0,treatment_duration,from:10-15 days old Col-0 plants (Wild Type),,,10-15 days old Col-0 plants (Wild Type),myb46-2 plants vs wild type (Col0) REP2
GSM634728,360.0,treatment_duration,from:10-15 days old Col-0 plants (Wild Type),,,10-15 days old Col-0 plants (Wild Type),myb46-2 plants vs wild type (Col0) REP3
GSM8189034,0.25,treatment_duration,timepoint: 15 min,,,whole seedling,col_15_mock_rep1
GSM8189035,0.25,treatment_duration,timepoint: 15 min,,,whole seedling,col_15_mock_rep2
GSM8189036,0.25,treatment_duration,timepoint: 15 min,,,whole seedling,col_15_mock_rep3
GSM8189037,0.25,treatment_duration,timepoint: 15 min,,,whole seedling,fmo1_15_mock_rep1
GSM8189038,0.25,treatment_duration,timepoint: 15 min,,,whole seedling,fmo1_15_mock_rep2
GSM8189039,0.25,treatment_duration,timepoint: 15 min,,,whole seedling,fmo1_15_mock_rep3
GSM8189040,0.25,treatment_duration,timepoint: 15 min,,,whole seedling,sid2_15_mock_rep1
GSM8189041,0.25,treatment_duration,timepoint: 15 min,,,whole seedling,sid2_15_mock_rep2
GSM8189042,0.25,treatment_duration,timepoint: 15 min,,,whole seedling,sid2_15_mock_rep3
GSM8189043,0.25,treatment_duration,timepoint: 15 min,,,whole seedling,col_15_NHP_rep1
GSM8189044,0.25,treatment_duration,timepoint: 15 min,,,whole seedling,col_15_NHP_rep2
GSM8189045,0.25,treatment_duration,timepoint: 15 min,,,whole seedling,col_15_NHP_rep3
GSM8189046,0.25,treatment_duration,timepoint: 15 min,,,whole seedling,fmo1_15_NHP_rep1
GSM8189047,0.25,treatment_duration,timepoint: 15 min,,,whole seedling,fmo1_15_NHP_rep2
GSM8189048,0.25,treatment_duration,timepoint: 15 min,,,whole seedling,fmo1_15_NHP_rep3
GSM8189049,0.25,treatment_duration,timepoint: 15 min,,,whole seedling,sid2_15_NHP_rep1
GSM8189050,0.25,treatment_duration,timepoint: 15 min,,,whole seedling,sid2_15_NHP_rep2
GSM8189051,0.25,treatment_duration,timepoint: 15 min,,,whole seedling,sid2_15_NHP_rep3
GSM8189052,0.5,treatment_duration,timepoint: 30 min,,,whole seedling,col_30_mock_rep1
GSM8189053,0.5,treatment_duration,timepoint: 30 min,,,whole seedling,col_30_mock_rep2
GSM8189054,0.5,treatment_duration,timepoint: 30 min,,,whole seedling,col_30_mock_rep3
GSM8189055,0.5,treatment_duration,timepoint: 30 min,,,whole seedling,fmo1_30_mock_rep1
GSM8189056,0.5,treatment_duration,timepoint: 30 min,,,whole seedling,fmo1_30_mock_rep2
GSM8189057,0.5,treatment_duration,timepoint: 30 min,,,whole seedling,fmo1_30_mock_rep3
GSM8189058,0.5,treatment_duration,timepoint: 30 min,,,whole seedling,sid2_30_mock_rep1
GSM8189059,0.5,treatment_duration,timepoint: 30 min,,,whole seedling,sid2_30_mock_rep2
GSM8189060,0.5,treatment_duration,timepoint: 30 min,,,whole seedling,sid2_30_mock_rep3
GSM8189061,0.5,treatment_duration,timepoint: 30 min,,,whole seedling,col_30_NHP_rep1
GSM8189062,0.5,treatment_duration,timepoint: 30 min,,,whole seedling,col_30_NHP_rep2
GSM8189063,0.5,treatment_duration,timepoint: 30 min,,,whole seedling,col_30_NHP_rep3
GSM8189064,0.5,treatment_duration,timepoint: 30 min,,,whole seedling,fmo1_30_NHP_rep1
GSM8189065,0.5,treatment_duration,timepoint: 30 min,,,whole seedling,fmo1_30_NHP_rep2
GSM8189066,0.5,treatment_duration,timepoint: 30 min,,,whole seedling,fmo1_30_NHP_rep3
GSM8189067,0.5,treatment_duration,timepoint: 30 min,,,whole seedling,sid2_30_NHP_rep1
GSM8189068,0.5,treatment_duration,timepoint: 30 min,,,whole seedling,sid2_30_NHP_rep2
GSM8189069,3.0,treatment_duration,timepoint: 180 min,,,whole seedling,sid2_30_NHP_rep3
GSM8189070,3.0,treatment_duration,timepoint: 180 min,,,whole seedling,col_180_mock_rep1
GSM8189071,3.0,treatment_duration,timepoint: 180 min,,,whole seedling,col_180_mock_rep2
GSM8189072,3.0,treatment_duration,timepoint: 180 min,,,whole seedling,col_180_mock_rep3
GSM8189073,3.0,treatment_duration,timepoint: 180 min,,,whole seedling,fmo1_180_mock_rep1
GSM8189074,3.0,treatment_duration,timepoint: 180 min,,,whole seedling,fmo1_180_mock_rep2
GSM8189075,3.0,treatment_duration,timepoint: 180 min,,,whole seedling,fmo1_180_mock_rep3
GSM8189076,3.0,treatment_duration,timepoint: 180 min,,,whole seedling,sid2_180_mock_rep1
GSM8189077,3.0,treatment_duration,timepoint: 180 min,,,whole seedling,sid2_180_mock_rep2
GSM8189078,3.0,treatment_duration,timepoint: 180 min,,,whole seedling,sid2_180_mock_rep3
GSM8189079,3.0,treatment_duration,timepoint: 180 min,,,whole seedling,col_180_NHP_rep1
GSM8189080,3.0,treatment_duration,timepoint: 180 min,,,whole seedling,col_180_NHP_rep2
GSM8189081,3.0,treatment_duration,timepoint: 180 min,,,whole seedling,col_180_NHP_rep3
GSM8189082,3.0,treatment_duration,timepoint: 180 min,,,whole seedling,fmo1_180_NHP_rep1
GSM8189083,3.0,treatment_duration,timepoint: 180 min,,,whole seedling,fmo1_180_NHP_rep2
GSM8189084,3.0,treatment_duration,timepoint: 180 min,,,whole seedling,fmo1_180_NHP_rep3
GSM8189085,3.0,treatment_duration,timepoint: 180 min,,,whole seedling,sid2_180_NHP_rep1
GSM8189086,3.0,treatment_duration,timepoint: 180 min,,,whole seedling,sid2_180_NHP_rep2
GSM8189087,3.0,treatment_duration,timepoint: 180 min,,,whole seedling,sid2_180_NHP_rep3
GSM8189088,6.0,treatment_duration,timepoint: 360 min,,,whole seedling,col_360_mock_rep1
GSM8189089,6.0,treatment_duration,timepoint: 360 min,,,whole seedling,col_360_mock_rep2
GSM8189090,6.0,treatment_duration,timepoint: 360 min,,,whole seedling,col_360_mock_rep3
GSM8189091,6.0,treatment_duration,timepoint: 360 min,,,whole seedling,fmo1_360_mock_rep1
GSM8189092,6.0,treatment_duration,timepoint: 360 min,,,whole seedling,fmo1_360_mock_rep2
GSM8189093,6.0,treatment_duration,timepoint: 360 min,,,whole seedling,fmo1_360_mock_rep3
GSM8189094,6.0,treatment_duration,timepoint: 360 min,,,whole seedling,sid2_360_mock_rep1
GSM8189095,6.0,treatment_duration,timepoint: 360 min,,,whole seedling,sid2_360_mock_rep2
GSM8189096,6.0,treatment_duration,timepoint: 360 min,,,whole seedling,sid2_360_mock_rep3
GSM8189097,6.0,treatment_duration,timepoint: 360 min,,,whole seedling,col_360_NHP_rep1
GSM8189098,6.0,treatment_duration,timepoint: 360 min,,,whole seedling,col_360_NHP_rep2
GSM8189099,6.0,treatment_duration,timepoint: 360 min,,,whole seedling,col_360_NHP_rep3
GSM8189100,6.0,treatment_duration,timepoint: 360 min,,,whole seedling,fmo1_360_NHP_rep1
GSM8189101,6.0,treatment_duration,timepoint: 360 min,,,whole seedling,fmo1_360_NHP_rep2
GSM8189102,6.0,treatment_duration,timepoint: 360 min,,,whole seedling,fmo1_360_NHP_rep3
GSM8189103,6.0,treatment_duration,timepoint: 360 min,,,whole seedling,sid2_360_NHP_rep1
GSM8189104,6.0,treatment_duration,timepoint: 360 min,,,whole seedling,sid2_360_NHP_rep2
GSM8189105,6.0,treatment_duration,timepoint: 360 min,,,whole seedling,sid2_360_NHP_rep3
GSM8323130,0.0333333333333333,treatment_duration,from:G2M-1,,,Arabidopis Root Protoplasts,G2M-1
GSM664643,144.0,treatment_duration,"from:Ws plant, 0mM NaCl, 6 d",480.0,age: 20 days after sowing,"Ws plant, 0mM NaCl, 6 d",Ws_leaf_0mM NaCl_rep1 (wt + tg set)
GSM664644,144.0,treatment_duration,"from:Ws plant, 0mM NaCl, 6 d",480.0,age: 20 days after sowing,"Ws plant, 0mM NaCl, 6 d",Ws_leaf_0mM NaCl_rep2 (wt + tg set)
GSM664645,144.0,treatment_duration,"from:CBF3 OX plant, 0mM NaCl, 6 d",480.0,age: 20 days after sowing,"CBF3 OX plant, 0mM NaCl, 6 d",CBF3_leaf_0mM NaCl_rep1 (wt + tg set)
GSM664646,144.0,treatment_duration,"from:CBF3 OX plant, 0mM NaCl, 6 d",480.0,age: 20 days after sowing,"CBF3 OX plant, 0mM NaCl, 6 d",CBF3_leaf_0mM NaCl_rep2 (wt + tg set)
GSM664647,144.0,treatment_duration,"from:Ws plant, 100mM NaCl, 6 d",480.0,age: 20 days after sowing,"Ws plant, 100mM NaCl, 6 d",Ws_leaf_100mM NaCl_rep1 (wt + tg set)
GSM664648,144.0,treatment_duration,"from:Ws plant, 100mM NaCl, 6 d",480.0,age: 20 days after sowing,"Ws plant, 100mM NaCl, 6 d",Ws_leaf_100mM NaCl_rep2 (wt + tg set)
GSM664649,144.0,treatment_duration,"from:CBF3 OX plant, 100mM NaCl, 6 d",480.0,age: 20 days after sowing,"CBF3 OX plant, 100mM NaCl, 6 d",CBF3_leaf_100mM NaCl_rep1 (wt + tg set)
GSM664650,144.0,treatment_duration,"from:CBF3 OX plant, 100mM NaCl, 6 d",480.0,age: 20 days after sowing,"CBF3 OX plant, 100mM NaCl, 6 d",CBF3_leaf_100mM NaCl_rep2 (wt + tg set)
GSM664651,144.0,treatment_duration,"from:Col plant, 0mM NaCl, 6 d",480.0,age: 20 days after sowing,"Col plant, 0mM NaCl, 6 d",Col_leaf_0mM NaCl_rep1 (wt + tg set)
GSM664652,144.0,treatment_duration,"from:Col plant, 0mM NaCl, 6 d",480.0,age: 20 days after sowing,"Col plant, 0mM NaCl, 6 d",Col_leaf_0mM NaCl_rep2 (wt + tg set)
GSM664653,144.0,treatment_duration,"from:M6PR OX plant, 0mM NaCl, 6 d",480.0,age: 20 days after sowing,"M6PR OX plant, 0mM NaCl, 6 d",M6PR transgenic_leaf_0mM NaCl_rep1 (wt + tg set)
GSM664654,144.0,treatment_duration,"from:M6PR OX plant, 0mM NaCl, 6 d",480.0,age: 20 days after sowing,"M6PR OX plant, 0mM NaCl, 6 d",M6PR transgenic_leaf_0mM NaCl_rep2 (wt + tg set)
GSM664655,144.0,treatment_duration,"from:Col plant, 100mM NaCl, 6 d",480.0,age: 20 days after sowing,"Col plant, 100mM NaCl, 6 d",Col_leaf_100mM NaCl_rep1 (wt + tg set)
GSM664656,144.0,treatment_duration,"from:Col plant, 100mM NaCl, 6 d",480.0,age: 20 days after sowing,"Col plant, 100mM NaCl, 6 d",Col_leaf_100mM NaCl_rep2 (wt + tg set)
GSM664657,144.0,treatment_duration,"from:M6PR OX plant, 100mM NaCl, 6 d",480.0,age: 20 days after sowing,"M6PR OX plant, 100mM NaCl, 6 d",M6PR transgenic_leaf_100mM NaCl_rep1 (wt + tg set)
GSM664658,144.0,treatment_duration,"from:M6PR OX plant, 100mM NaCl, 6 d",480.0,age: 20 days after sowing,"M6PR OX plant, 100mM NaCl, 6 d",M6PR transgenic_leaf_100mM NaCl_rep2 (wt + tg set)
GSM664659,144.0,treatment_duration,"from:Col(gl) plant, 0mM NaCl, 6 d",480.0,age: 20 days after sowing,"Col(gl) plant, 0mM NaCl, 6 d",Col(gl)_leaf_0mM NaCl_rep1 (wt + tg set)
GSM664660,144.0,treatment_duration,"from:Col(gl) plant, 0mM NaCl, 6 d",480.0,age: 20 days after sowing,"Col(gl) plant, 0mM NaCl, 6 d",Col(gl)_leaf_0mM NaCl_rep2 (wt + tg set)
GSM664661,144.0,treatment_duration,"from:SOS1 OX plant, 0mM NaCl, 6 d",480.0,age: 20 days after sowing,"SOS1 OX plant, 0mM NaCl, 6 d",SOS1_leaf_0mM NaCl_rep1 (wt + tg set)
GSM664662,144.0,treatment_duration,"from:SOS1 OX plant, 0mM NaCl, 6 d",480.0,age: 20 days after sowing,"SOS1 OX plant, 0mM NaCl, 6 d",SOS1_leaf_0mM NaCl_rep2 (wt + tg set)
GSM664663,144.0,treatment_duration,"from:Col(gl) plant, 100mM NaCl, 6 d",480.0,age: 20 days after sowing,"Col(gl) plant, 100mM NaCl, 6 d",Col(gl)_leaf_100mM NaCl_rep1 (wt + tg set)
GSM664664,144.0,treatment_duration,"from:Col(gl) plant, 100mM NaCl, 6 d",480.0,age: 20 days after sowing,"Col(gl) plant, 100mM NaCl, 6 d",Col(gl)_leaf_100mM NaCl_rep2 (wt + tg set)
GSM664665,144.0,treatment_duration,"from:SOS1 OX plant, 100mM NaCl, 6 d",480.0,age: 20 days after sowing,"SOS1 OX plant, 100mM NaCl, 6 d",SOS1_leaf_100mM NaCl_rep1 (wt + tg set)
GSM664666,144.0,treatment_duration,"from:SOS1 OX plant, 100mM NaCl, 6 d",480.0,age: 20 days after sowing,"SOS1 OX plant, 100mM NaCl, 6 d",SOS1_leaf_100mM NaCl_rep2 (wt + tg set)
GSM8483818,0.0,treatment_duration,from:gpat4 gpat8 0h - 1,,,leaves,gpat4 gpat8 0h - 1
GSM8483819,0.0,treatment_duration,from:gpat4 gpat8 0h - 2,,,leaves,gpat4 gpat8 0h - 2
GSM8483820,0.0,treatment_duration,from:gpat4 gpat8 0h - 3,,,leaves,gpat4 gpat8 0h - 3
GSM8483821,2.0,treatment_duration,from:gpat4 gpat8 2h - 1,,,leaves,gpat4 gpat8 2h - 1
GSM8483822,2.0,treatment_duration,from:gpat4 gpat8 2h - 2,,,leaves,gpat4 gpat8 2h - 2
GSM8483823,2.0,treatment_duration,from:gpat4 gpat8 2h - 3,,,leaves,gpat4 gpat8 2h - 3
GSM8483824,4.0,treatment_duration,from:gpat4 gpat8 4h - 1,,,leaves,gpat4 gpat8 4h - 1
GSM8483825,4.0,treatment_duration,from:gpat4 gpat8 4h - 2,,,leaves,gpat4 gpat8 4h - 2
GSM8483826,4.0,treatment_duration,from:gpat4 gpat8 4h - 3,,,leaves,gpat4 gpat8 4h - 3
GSM8483827,12.0,treatment_duration,from:gpat4 gpat8 12h - 1,,,leaves,gpat4 gpat8 12h - 1
GSM8483828,12.0,treatment_duration,from:gpat4 gpat8 12h - 2,,,leaves,gpat4 gpat8 12h - 2
GSM8483829,12.0,treatment_duration,from:gpat4 gpat8 12h - 3,,,leaves,gpat4 gpat8 12h - 3
GSM8483830,24.0,treatment_duration,from:gpat4 gpat8 1D - 1,,,leaves,gpat4 gpat8 1D - 1
GSM8483831,24.0,treatment_duration,from:gpat4 gpat8 1D - 2,,,leaves,gpat4 gpat8 1D - 2
GSM8483832,24.0,treatment_duration,from:gpat4 gpat8 1D - 3,,,leaves,gpat4 gpat8 1D - 3
GSM8483833,48.0,treatment_duration,from:gpat4 gpat8 2D - 1,,,leaves,gpat4 gpat8 2D - 1
GSM8483834,48.0,treatment_duration,from:gpat4 gpat8 2D - 2,,,leaves,gpat4 gpat8 2D - 2
GSM8483835,48.0,treatment_duration,from:gpat4 gpat8 2D - 3,,,leaves,gpat4 gpat8 2D - 3
GSM8483836,72.0,treatment_duration,from:gpat4 gpat8 3D - 1,,,leaves,gpat4 gpat8 3D - 1
GSM8483837,72.0,treatment_duration,from:gpat4 gpat8 3D - 2,,,leaves,gpat4 gpat8 3D - 2
GSM8483838,72.0,treatment_duration,from:gpat4 gpat8 3D - 3,,,leaves,gpat4 gpat8 3D - 3
GSM8483839,0.0,treatment_duration,from:rbohE 0h - 1,,,leaves,rbohE 0h - 1
GSM8483840,0.0,treatment_duration,from:rbohE 0h - 2,,,leaves,rbohE 0h - 2
GSM8483841,0.0,treatment_duration,from:rbohE 0h - 3,,,leaves,rbohE 0h - 3
GSM8483842,2.0,treatment_duration,from:rbohE 2h - 1,,,leaves,rbohE 2h - 1
GSM8483843,2.0,treatment_duration,from:rbohE 2h - 2,,,leaves,rbohE 2h - 2
GSM8483844,2.0,treatment_duration,from:rbohE 2h - 3,,,leaves,rbohE 2h - 3
GSM8483845,4.0,treatment_duration,from:rbohE 4h - 1,,,leaves,rbohE 4h - 1
GSM8483846,4.0,treatment_duration,from:rbohE 4h - 2,,,leaves,rbohE 4h - 2
GSM8483847,4.0,treatment_duration,from:rbohE 4h - 3,,,leaves,rbohE 4h - 3
GSM8483848,24.0,treatment_duration,from:rbohE 1D - 1,,,leaves,rbohE 1D - 1
GSM8483849,24.0,treatment_duration,from:rbohE 1D - 2,,,leaves,rbohE 1D - 2
GSM8483850,24.0,treatment_duration,from:rbohE 1D - 3,,,leaves,rbohE 1D - 3
GSM8483851,72.0,treatment_duration,from:rbohE 3D - 1,,,leaves,rbohE 3D - 1
GSM8483852,72.0,treatment_duration,from:rbohE 3D - 2,,,leaves,rbohE 3D - 2
GSM8483853,72.0,treatment_duration,from:rbohE 3D - 3,,,leaves,rbohE 3D - 3
GSM8483854,120.0,treatment_duration,from:rbohE 5D - 1,,,leaves,rbohE 5D - 1
GSM8483855,120.0,treatment_duration,from:rbohE 5D - 2,,,leaves,rbohE 5D - 2
GSM8483856,120.0,treatment_duration,from:rbohE 5D - 3,,,leaves,rbohE 5D - 3
GSM8483857,0.0,treatment_duration,from:WT 0h - 1,,,leaves,WT 0h - 1
GSM8483858,0.0,treatment_duration,from:WT 0h - 2,,,leaves,WT 0h - 2
GSM8483859,0.0,treatment_duration,from:WT 0h - 3,,,leaves,WT 0h - 3
GSM8483860,1.0,treatment_duration,from:WT 1h - 1,,,leaves,WT 1h - 1
GSM8483861,1.0,treatment_duration,from:WT 1h - 2,,,leaves,WT 1h - 2
GSM8483862,1.0,treatment_duration,from:WT 1h - 3,,,leaves,WT 1h - 3
GSM8483863,2.0,treatment_duration,from:WT 2h - 1,,,leaves,WT 2h - 1
GSM8483864,2.0,treatment_duration,from:WT 2h - 2,,,leaves,WT 2h - 2
GSM8483865,2.0,treatment_duration,from:WT 2h - 3,,,leaves,WT 2h - 3
GSM8483866,4.0,treatment_duration,from:WT 4h - 1,,,leaves,WT 4h - 1
GSM8483867,4.0,treatment_duration,from:WT 4h - 2,,,leaves,WT 4h - 2
GSM8483868,4.0,treatment_duration,from:WT 4h - 3,,,leaves,WT 4h - 3
GSM8483869,6.0,treatment_duration,from:WT 6h - 1,,,leaves,WT 6h - 1
GSM8483870,6.0,treatment_duration,from:WT 6h - 2,,,leaves,WT 6h - 2
GSM8483871,6.0,treatment_duration,from:WT 6h - 3,,,leaves,WT 6h - 3
GSM8483872,12.0,treatment_duration,from:WT 12h - 1,,,leaves,WT 12h - 1
GSM8483873,12.0,treatment_duration,from:WT 12h - 2,,,leaves,WT 12h - 2
GSM8483874,12.0,treatment_duration,from:WT 12h - 3,,,leaves,WT 12h - 3
GSM8483875,18.0,treatment_duration,from:WT 18h - 1,,,leaves,WT 18h - 1
GSM8483876,18.0,treatment_duration,from:WT 18h - 2,,,leaves,WT 18h - 2
GSM8483877,18.0,treatment_duration,from:WT 18h - 3,,,leaves,WT 18h - 3
GSM8483878,24.0,treatment_duration,from:WT 1D - 1,,,leaves,WT 1D - 1
GSM8483879,24.0,treatment_duration,from:WT 1D - 2,,,leaves,WT 1D - 2
GSM8483880,24.0,treatment_duration,from:WT 1D - 3,,,leaves,WT 1D - 3
GSM8483881,48.0,treatment_duration,from:WT 2D - 1,,,leaves,WT 2D - 1
GSM8483882,48.0,treatment_duration,from:WT 2D - 2,,,leaves,WT 2D - 2
GSM8483883,48.0,treatment_duration,from:WT 2D - 3,,,leaves,WT 2D - 3
GSM8483884,72.0,treatment_duration,from:WT 3D - 1,,,leaves,WT 3D - 1
GSM8483885,72.0,treatment_duration,from:WT 3D - 2,,,leaves,WT 3D - 2
GSM8483886,72.0,treatment_duration,from:WT 3D - 3,,,leaves,WT 3D - 3
GSM8483887,96.0,treatment_duration,from:WT 4D - 1,,,leaves,WT 4D - 1
GSM8483888,96.0,treatment_duration,from:WT 4D - 2,,,leaves,WT 4D - 2
GSM8483889,96.0,treatment_duration,from:WT 4D - 3,,,leaves,WT 4D - 3
GSM8483890,120.0,treatment_duration,from:WT 5D - 1,,,leaves,WT 5D - 1
GSM8483891,120.0,treatment_duration,from:WT 5D - 2,,,leaves,WT 5D - 2
GSM8483892,120.0,treatment_duration,from:WT 5D - 3,,,leaves,WT 5D - 3
GSM692460,8.0,treatment_duration,"from:Col0, transferred to air (400 ppm) for 2 days in short day regime (8h light/16h dark)",,age: five-week-old plants,"Col0, transferred to air (400 ppm) for 2 days in short day regime (8h light/16h dark)",Col0-SD2-Rep1
GSM692461,8.0,treatment_duration,"from:cat2, transferred to air (400 ppm) for 2 days in short day regime (8h light/16h dark)",,age: five-week-old plants,"cat2, transferred to air (400 ppm) for 2 days in short day regime (8h light/16h dark)",cat2-SD2-Rep1
GSM692462,8.0,treatment_duration,"from:Col0, transferred to air (400 ppm) for 4 days in short day regime (8h light/16h dark)",,age: five-week-old plants,"Col0, transferred to air (400 ppm) for 4 days in short day regime (8h light/16h dark)",Col0-SD4-Rep1
GSM692463,8.0,treatment_duration,"from:cat2, transferred to air (400 ppm) for 4 days in short day regime (8h light/16h dark)",,age: five-week-old plants,"cat2, transferred to air (400 ppm) for 4 days in short day regime (8h light/16h dark)",cat2-SD4-Rep1
GSM692464,16.0,treatment_duration,"from:Col0, transferred to air (400 ppm) for 2 days in long day regime (16h light/8h dark)",,age: five-week-old plants,"Col0, transferred to air (400 ppm) for 2 days in long day regime (16h light/8h dark)",Col0-LD2-Rep1
GSM692465,16.0,treatment_duration,"from:cat2, transferred to air (400 ppm) for 2 days in long day regime (16h light/8h dark)",,age: five-week-old plants,"cat2, transferred to air (400 ppm) for 2 days in long day regime (16h light/8h dark)",cat2-LD2-Rep1
GSM692466,8.0,treatment_duration,"from:Col0, transferred to air (400 ppm) for 2 days in short day regime (8h light/16h dark)",,age: five-week-old plants,"Col0, transferred to air (400 ppm) for 2 days in short day regime (8h light/16h dark)",Col0-SD2-Rep2
GSM692467,8.0,treatment_duration,"from:cat2, transferred to air (400 ppm) for 2 days in short day regime (8h light/16h dark)",,age: five-week-old plants,"cat2, transferred to air (400 ppm) for 2 days in short day regime (8h light/16h dark)",cat2-SD2-Rep2
GSM692468,8.0,treatment_duration,"from:Col0, transferred to air (400 ppm) for 4 days in short day regime (8h light/16h dark)",,age: five-week-old plants,"Col0, transferred to air (400 ppm) for 4 days in short day regime (8h light/16h dark)",Col0-SD4-Rep2
GSM692469,8.0,treatment_duration,"from:cat2, transferred to air (400 ppm) for 4 days in short day regime (8h light/16h dark)",,age: five-week-old plants,"cat2, transferred to air (400 ppm) for 4 days in short day regime (8h light/16h dark)",cat2-SD4-Rep2
GSM692470,16.0,treatment_duration,"from:Col0, transferred to air (400 ppm) for 2 days in long day regime (16h light/8h dark)",,age: five-week-old plants,"Col0, transferred to air (400 ppm) for 2 days in long day regime (16h light/8h dark)",Col0-LD2-Rep2
GSM692471,16.0,treatment_duration,"from:cat2, transferred to air (400 ppm) for 2 days in long day regime (16h light/8h dark)",,age: five-week-old plants,"cat2, transferred to air (400 ppm) for 2 days in long day regime (16h light/8h dark)",cat2-LD2-Rep2
GSM692472,8.0,treatment_duration,"from:Col0, transferred to air (400 ppm) for 2 days in short day regime (8h light/16h dark)",,age: five-week-old plants,"Col0, transferred to air (400 ppm) for 2 days in short day regime (8h light/16h dark)",Col0-SD2-Rep3
GSM692473,8.0,treatment_duration,"from:cat2, transferred to air (400 ppm) for 2 days in short day regime (8h light/16h dark)",,age: five-week-old plants,"cat2, transferred to air (400 ppm) for 2 days in short day regime (8h light/16h dark)",cat2-SD2-Rep3
GSM692474,8.0,treatment_duration,"from:Col0, transferred to air (400 ppm) for 4 days in short day regime (8h light/16h dark)",,age: five-week-old plants,"Col0, transferred to air (400 ppm) for 4 days in short day regime (8h light/16h dark)",Col0-SD4-Rep3
GSM692475,8.0,treatment_duration,"from:cat2, transferred to air (400 ppm) for 4 days in short day regime (8h light/16h dark)",,age: five-week-old plants,"cat2, transferred to air (400 ppm) for 4 days in short day regime (8h light/16h dark)",cat2-SD4-Rep3
GSM692476,16.0,treatment_duration,"from:Col0, transferred to air (400 ppm) for 2 days in long day regime (16h light/8h dark)",,age: five-week-old plants,"Col0, transferred to air (400 ppm) for 2 days in long day regime (16h light/8h dark)",Col0-LD2-Rep3
GSM692477,16.0,treatment_duration,"from:cat2, transferred to air (400 ppm) for 2 days in long day regime (16h light/8h dark)",,age: five-week-old plants,"cat2, transferred to air (400 ppm) for 2 days in long day regime (16h light/8h dark)",cat2-LD2-Rep3
GSM692478,16.0,treatment_duration,"from:Col0, transferred to air (400 ppm) for 4 days in long day regime (16h light/8h dark)",,age: five-week-old plants,"Col0, transferred to air (400 ppm) for 4 days in long day regime (16h light/8h dark)",Col0-LD4-Rep1
GSM692479,16.0,treatment_duration,"from:cat2, transferred to air (400 ppm) for 4 days in long day regime (16h light/8h dark)",,age: five-week-old plants,"cat2, transferred to air (400 ppm) for 4 days in long day regime (16h light/8h dark)",cat2-LD4-Rep1
GSM692480,8.0,treatment_duration,"from:Col0, grown for five weeks at high CO2 concentration (300 ppm) in short day regime (8h light/16h dark)",,age: five-week-old plants,"Col0, grown for five weeks at high CO2 concentration (300 ppm) in short day regime (8h light/16h dark)",Col0-hCO2-Rep1
GSM692481,8.0,treatment_duration,"from:cat2, grown for five weeks at high CO2 concentration (3000 ppm) in short day regime (8h light/16h dark)",,age: five-week-old plants,"cat2, grown for five weeks at high CO2 concentration (3000 ppm) in short day regime (8h light/16h dark)",cat2-hCO2-Rep1
GSM692482,16.0,treatment_duration,"from:Col0, transferred to air (400 ppm) for 4 days in long day regime (16h light/8h dark)",,age: five-week-old plants,"Col0, transferred to air (400 ppm) for 4 days in long day regime (16h light/8h dark)",Col0-LD4-Rep2
GSM692483,16.0,treatment_duration,"from:cat2, transferred to air (400 ppm) for 4 days in long day regime (16h light/8h dark)",,age: five-week-old plants,"cat2, transferred to air (400 ppm) for 4 days in long day regime (16h light/8h dark)",cat2-LD4-Rep2
GSM692484,8.0,treatment_duration,"from:Col0, grown for five weeks at high CO2 concentration (300 ppm) in short day regime (8h light/16h dark)",,age: five-week-old plants,"Col0, grown for five weeks at high CO2 concentration (300 ppm) in short day regime (8h light/16h dark)",Col0-hCO2-Rep2
GSM692485,8.0,treatment_duration,"from:cat2, grown for five weeks at high CO2 concentration (3000 ppm) in short day regime (8h light/16h dark)",,age: five-week-old plants,"cat2, grown for five weeks at high CO2 concentration (3000 ppm) in short day regime (8h light/16h dark)",cat2-hCO2-Rep2
GSM692486,16.0,treatment_duration,"from:cat2, transferred to air (400 ppm) for 4 days in long day regime (16h light/8h dark)",,age: five-week-old plants,"cat2, transferred to air (400 ppm) for 4 days in long day regime (16h light/8h dark)",cat2-LD4-Rep3
GSM692487,8.0,treatment_duration,"from:Col0, grown for five weeks at high CO2 concentration (300 ppm) in short day regime (8h light/16h dark)",,age: five-week-old plants,"Col0, grown for five weeks at high CO2 concentration (300 ppm) in short day regime (8h light/16h dark)",Col0-hCO2-Rep3
GSM692488,8.0,treatment_duration,"from:cat2, grown for five weeks at high CO2 concentration (3000 ppm) in short day regime (8h light/16h dark)",,age: five-week-old plants,"cat2, grown for five weeks at high CO2 concentration (3000 ppm) in short day regime (8h light/16h dark)",cat2-hCO2-Rep3
GSM692489,16.0,treatment_duration,"from:Col0, transferred to air (400 ppm) for 4 days in long day regime (16h light/8h dark)",,age: five-week-old plants,"Col0, transferred to air (400 ppm) for 4 days in long day regime (16h light/8h dark)",Col0-LD4-Rep3
GSM8880373,0.0,unknown,time: t0,,,leaf,"Col-0, Time 0, replicate 1"
GSM8880374,0.0,unknown,time: t0,,,leaf,"Col-0, Time 0, replicate 2"
GSM8880375,0.0,unknown,time: t0,,,leaf,"Col-0, Time 0, replicate 3"
GSM8880376,0.5,treatment_duration,time: t30min,,,leaf,"Col-0, Time 30 min, replicate 1"
GSM8880377,0.5,treatment_duration,time: t30min,,,leaf,"Col-0, Time 30 min, replicate 2"
GSM8880378,0.5,treatment_duration,time: t30min,,,leaf,"Col-0, Time 30 min, replicate 3"
GSM8880379,1.0,treatment_duration,time: t60min,,,leaf,"Col-0, Time 60 min, replicate 1"
GSM8880380,1.0,treatment_duration,time: t60min,,,leaf,"Col-0, Time 60 min, replicate 2"
GSM8880381,1.0,treatment_duration,time: t60min,,,leaf,"Col-0, Time 60 min, replicate 3"
GSM732600,,,,5.1,"age: growth stage 5.10 (boyes et al. 2001, plant cell 13, 1499)",Arabidopsis roots harvested just before nitrogen addition,"immediately prior to nitrogen addtion, biological rep1"
GSM732601,,,,5.1,"age: growth stage 5.10 (boyes et al. 2001, plant cell 13, 1499)",Arabidopsis roots harvested just before nitrogen addition,"immediately prior to nitrogen addtion, biological rep2"
GSM732602,,,,5.1,"age: growth stage 5.10 (boyes et al. 2001, plant cell 13, 1499)",Arabidopsis roots harvested just before nitrogen addition,"immediately prior to nitrogen addtion, biological rep3"
GSM732603,1.5,treatment_duration,"from:1.5 hr after nitrate addition, biological rep1",5.1,"age: growth stage 5.10 (boyes et al. 2001, plant cell 13, 1499)",Arabidopsis roots harvested 1.5 hr after nitrate addition,"1.5 hr after nitrate addition, biological rep1"
GSM732604,1.5,treatment_duration,"from:1.5 hr after nitrate addition, biological rep2",5.1,"age: growth stage 5.10 (boyes et al. 2001, plant cell 13, 1499)",Arabidopsis roots harvested 1.5 hr after nitrate addition,"1.5 hr after nitrate addition, biological rep2"
GSM732605,1.5,treatment_duration,"from:1.5 hr after nitrate addition, biological rep3",5.1,"age: growth stage 5.10 (boyes et al. 2001, plant cell 13, 1499)",Arabidopsis roots harvested 1.5 hr after nitrate addition,"1.5 hr after nitrate addition, biological rep3"
GSM732606,1.5,treatment_duration,"from:1.5 hr after ammonium addition, biological rep1",5.1,"age: growth stage 5.10 (boyes et al. 2001, plant cell 13, 1499)",Arabidopsis roots harvested 1.5 hr after ammonium addition,"1.5 hr after ammonium addition, biological rep1"
GSM732607,1.5,treatment_duration,"from:1.5 hr after ammonium addition, biological rep2",5.1,"age: growth stage 5.10 (boyes et al. 2001, plant cell 13, 1499)",Arabidopsis roots harvested 1.5 hr after ammonium addition,"1.5 hr after ammonium addition, biological rep2"
GSM732608,1.5,treatment_duration,"from:1.5 hr after ammonium addition, biological rep3",5.1,"age: growth stage 5.10 (boyes et al. 2001, plant cell 13, 1499)",Arabidopsis roots harvested 1.5 hr after ammonium addition,"1.5 hr after ammonium addition, biological rep3"
GSM732609,8.0,treatment_duration,"from:8 hr after nitrate addition, biological rep1",5.1,"age: growth stage 5.10 (boyes et al. 2001, plant cell 13, 1499)",Arabidopsis roots harvested 8 hr after nitrate addition,"8 hr after nitrate addition, biological rep1"
GSM732610,8.0,treatment_duration,"from:8 hr after nitrate addition, biological rep2",5.1,"age: growth stage 5.10 (boyes et al. 2001, plant cell 13, 1499)",Arabidopsis roots harvested 8 hr after nitrate addition,"8 hr after nitrate addition, biological rep2"
GSM732611,8.0,treatment_duration,"from:8 hr after nitrate addition, biological rep3",5.1,"age: growth stage 5.10 (boyes et al. 2001, plant cell 13, 1499)",Arabidopsis roots harvested 8 hr after nitrate addition,"8 hr after nitrate addition, biological rep3"
GSM732612,8.0,treatment_duration,"from:8 hr after ammonium addition, biological rep1",5.1,"age: growth stage 5.10 (boyes et al. 2001, plant cell 13, 1499)",Arabidopsis roots harvested 8 hr after ammonium addition,"8 hr after ammonium addition, biological rep1"
GSM732613,8.0,treatment_duration,"from:8 hr after ammonium addition, biological rep2",5.1,"age: growth stage 5.10 (boyes et al. 2001, plant cell 13, 1499)",Arabidopsis roots harvested 8 hr after ammonium addition,"8 hr after ammonium addition, biological rep2"
GSM732614,8.0,treatment_duration,"from:8 hr after ammonium addition, biological rep3",5.1,"age: growth stage 5.10 (boyes et al. 2001, plant cell 13, 1499)",Arabidopsis roots harvested 8 hr after ammonium addition,"8 hr after ammonium addition, biological rep3"
GSM9332351,24.0,treatment_duration,"from:Arabidopsis root tip, 22Â°C (control), 1 day after transfer, replicate 1",,,root tip,"Arabidopsis root tip, 22Â°C (control), 1 day after transfer, replicate 1"
GSM9332352,24.0,treatment_duration,"from:Arabidopsis root tip, 22Â°C (control), 1 day after transfer, replicate 2",,,root tip,"Arabidopsis root tip, 22Â°C (control), 1 day after transfer, replicate 2"
GSM9332353,24.0,treatment_duration,"from:Arabidopsis root tip, 22Â°C (control), 1 day after transfer, replicate 3",,,root tip,"Arabidopsis root tip, 22Â°C (control), 1 day after transfer, replicate 3"
GSM9332354,24.0,treatment_duration,"from:Arabidopsis root tip, 22Â°C (control), 1 day after transfer, replicate 4",,,root tip,"Arabidopsis root tip, 22Â°C (control), 1 day after transfer, replicate 4"
GSM9332355,24.0,treatment_duration,"from:Arabidopsis root tip, 22Â°C (control), 1 day after transfer, replicate 5",,,root tip,"Arabidopsis root tip, 22Â°C (control), 1 day after transfer, replicate 5"
GSM9332356,24.0,treatment_duration,"from:Arabidopsis root tip, 31Â°C (control), 1 day after transfer, replicate 1",,,root tip,"Arabidopsis root tip, 31Â°C (control), 1 day after transfer, replicate 1"
GSM9332357,24.0,treatment_duration,"from:Arabidopsis root tip, 31Â°C (control), 1 day after transfer, replicate 2",,,root tip,"Arabidopsis root tip, 31Â°C (control), 1 day after transfer, replicate 2"
GSM9332358,24.0,treatment_duration,"from:Arabidopsis root tip, 31Â°C (control), 1 day after transfer, replicate 3",,,root tip,"Arabidopsis root tip, 31Â°C (control), 1 day after transfer, replicate 3"
GSM9332359,24.0,treatment_duration,"from:Arabidopsis root tip, 31Â°C (control), 1 day after transfer, replicate 4",,,root tip,"Arabidopsis root tip, 31Â°C (control), 1 day after transfer, replicate 4"
GSM9332360,24.0,treatment_duration,"from:Arabidopsis root tip, 31Â°C (control), 1 day after transfer, replicate 5",,,root tip,"Arabidopsis root tip, 31Â°C (control), 1 day after transfer, replicate 5"
GSM9332361,48.0,treatment_duration,"from:Arabidopsis root tip, 22Â°C (control), 2 day after transfer, replicate 1",,,root tip,"Arabidopsis root tip, 22Â°C (control), 2 day after transfer, replicate 1"
GSM9332362,48.0,treatment_duration,"from:Arabidopsis root tip, 22Â°C (control), 2 day after transfer, replicate 2",,,root tip,"Arabidopsis root tip, 22Â°C (control), 2 day after transfer, replicate 2"
GSM9332363,48.0,treatment_duration,"from:Arabidopsis root tip, 22Â°C (control), 2 day after transfer, replicate 3",,,root tip,"Arabidopsis root tip, 22Â°C (control), 2 day after transfer, replicate 3"
GSM9332364,48.0,treatment_duration,"from:Arabidopsis root tip, 22Â°C (control), 2 day after transfer, replicate 4",,,root tip,"Arabidopsis root tip, 22Â°C (control), 2 day after transfer, replicate 4"
GSM9332365,48.0,treatment_duration,"from:Arabidopsis root tip, 22Â°C (control), 2 day after transfer, replicate 5",,,root tip,"Arabidopsis root tip, 22Â°C (control), 2 day after transfer, replicate 5"
GSM9332366,48.0,treatment_duration,"from:Arabidopsis root tip, 31Â°C (control), 2 day after transfer, replicate 1",,,root tip,"Arabidopsis root tip, 31Â°C (control), 2 day after transfer, replicate 1"
GSM9332367,48.0,treatment_duration,"from:Arabidopsis root tip, 31Â°C (control), 2 day after transfer, replicate 2",,,root tip,"Arabidopsis root tip, 31Â°C (control), 2 day after transfer, replicate 2"
GSM9332368,48.0,treatment_duration,"from:Arabidopsis root tip, 31Â°C (control), 2 day after transfer, replicate 3",,,root tip,"Arabidopsis root tip, 31Â°C (control), 2 day after transfer, replicate 3"
GSM9332369,48.0,treatment_duration,"from:Arabidopsis root tip, 31Â°C (control), 2 day after transfer, replicate 4",,,root tip,"Arabidopsis root tip, 31Â°C (control), 2 day after transfer, replicate 4"
GSM782499,168.0,treatment_duration,from:Arabidopsis Col-0 seedlings 7 days after germination,4.0,age: germinated seedlings 7 days after sawing collected at 4h after the start of the light period using a photoperiod of 8h light and 16h dark with 120 mol/m2s light intensity at 22â°c,Arabidopsis Col-0 seedlings 7 days after germination,Col-0 rep1
GSM782500,168.0,treatment_duration,from:Arabidopsis Col-0 seedlings 7 days after germination,4.0,age: germinated seedlings 7 days after sawing collected at 4h after the start of the light period using a photoperiod of 8h light and 16h dark with 120 mol/m2s light intensity at 22â°c,Arabidopsis Col-0 seedlings 7 days after germination,Col-0 rep2
GSM782501,168.0,treatment_duration,from:Arabidopsis Col-0 seedlings 7 days after germination,4.0,age: germinated seedlings 7 days after sawing collected at 4h after the start of the light period using a photoperiod of 8h light and 16h dark with 120 mol/m2s light intensity at 22â°c,Arabidopsis Col-0 seedlings 7 days after germination,Col-0 rep3
GSM782502,168.0,treatment_duration,from:Arabidopsis aca8 aca10 mutant seedlings 7 days after germination,4.0,age: germinated seedlings 7 days after sawing collected at 4h after the start of the light period using a photoperiod of 8h light and 16h dark with 120 mol/m2s light intensity at 22â°c,Arabidopsis aca8 aca10 mutant seedlings 7 days after germination,aca8 aca10 rep1
GSM782503,168.0,treatment_duration,from:Arabidopsis aca8 aca10 mutant seedlings 7 days after germination,4.0,age: germinated seedlings 7 days after sawing collected at 4h after the start of the light period using a photoperiod of 8h light and 16h dark with 120 mol/m2s light intensity at 22â°c,Arabidopsis aca8 aca10 mutant seedlings 7 days after germination,aca8 aca10 rep2
GSM782504,168.0,treatment_duration,from:Arabidopsis aca8 aca10 mutant seedlings 7 days after germination,4.0,age: germinated seedlings 7 days after sawing collected at 4h after the start of the light period using a photoperiod of 8h light and 16h dark with 120 mol/m2s light intensity at 22â°c,Arabidopsis aca8 aca10 mutant seedlings 7 days after germination,aca8 aca10 rep3
GSM791904,,,,4.0,age: 4-day-old seedlings,4-day-old seedlings in quarter-strength MS,"4-day-old Arabidopsis plants (Col-0) treated with 0 uM As, biological rep1"
GSM791905,,,,4.0,age: 4-day-old seedlings,4-day-old seedlings in quarter-strength MS,"4-day-old Arabidopsis plants (Col-0) treated with 0 uM As, biological rep2"
GSM791906,,,,4.0,age: 4-day-old seedlings,4-day-old seedlings in quarter-strength MS,"4-day-old Arabidopsis plants (Col-0) treated with 0 uM As, biological rep3"
GSM791907,,,,4.0,age: 4-day-old seedlings,4-day-old seedlings in quarter-strength MS,"4-day-old Arabidopsis plants (Col-0) treated with 100 uM As, biological rep1"
GSM791908,,,,4.0,age: 4-day-old seedlings,4-day-old seedlings in quarter-strength MS,"4-day-old Arabidopsis plants (Col-0) treated with 100 uM As, biological rep2"
GSM791909,,,,4.0,age: 4-day-old seedlings,4-day-old seedlings in quarter-strength MS,"4-day-old Arabidopsis plants (Col-0) treated with 100 uM As, biological rep3"
GSM791910,,,,4.0,age: 4-day-old seedlings,4-day-old seedlings in quarter-strength MS,"4-day-old Arabidopsis plants (Col-0) treated with 200 uM As, biological rep1"
GSM791911,,,,4.0,age: 4-day-old seedlings,4-day-old seedlings in quarter-strength MS,"4-day-old Arabidopsis plants (Col-0) treated with 200 uM As, biological rep2"
GSM791912,,,,4.0,age: 4-day-old seedlings,4-day-old seedlings in quarter-strength MS,"4-day-old Arabidopsis plants (Col-0) treated with 200 uM As, biological rep3"
GSM791913,,,,4.0,age: 4-day-old seedlings,4-day-old seedlings in quarter-strength MS,"4-day-old Arabidopsis plants (Ws-2) treated with 0 uM As, biological rep1"
GSM791914,,,,4.0,age: 4-day-old seedlings,4-day-old seedlings in quarter-strength MS,"4-day-old Arabidopsis plants (Ws-2) treated with 0 uM As, biological rep2"
GSM791915,,,,4.0,age: 4-day-old seedlings,4-day-old seedlings in quarter-strength MS,"4-day-old Arabidopsis plants (Ws-2) treated with 0 uM As, biological rep3"
GSM791916,,,,4.0,age: 4-day-old seedlings,4-day-old seedlings in quarter-strength MS,"4-day-old Arabidopsis plants (Ws-2) treated with 100 uM As, biological rep1"
GSM791917,,,,4.0,age: 4-day-old seedlings,4-day-old seedlings in quarter-strength MS,"4-day-old Arabidopsis plants (Ws-2) treated with 100 uM As, biological rep2"
GSM791918,,,,4.0,age: 4-day-old seedlings,4-day-old seedlings in quarter-strength MS,"4-day-old Arabidopsis plants (Ws-2) treated with 100 uM As, biological rep3"
GSM839862,24.0,treatment_duration,from:Seeds of Col-0 imbibed at 22ËC for 24hr,,,Seeds of Col-0 imbibed at 22ËC for 24hr,Imbibed Col-0 seeds_22ËC_24hr_rep1
GSM839863,24.0,treatment_duration,from:Seeds of Col-0 imbibed at 22ËC for 24hr,,,Seeds of Col-0 imbibed at 22ËC for 24hr,Imbibed Col-0 seeds_22ËC_24hr_rep2
GSM839864,24.0,treatment_duration,from:Seeds of 35S-GSH1 imbibed at 22ËC for 24hr,,,Seeds of 35S-GSH1 imbibed at 22ËC for 24hr,Imbibed 35S-GSH1 seeds_22ËC_24hr_rep1
GSM839865,24.0,treatment_duration,from:Seeds of 35S-GSH1 imbibed at 22ËC for 24hr,,,Seeds of 35S-GSH1 imbibed at 22ËC for 24hr,Imbibed 35S-GSH1 seeds_22ËC_24hr_rep2
GSM839866,24.0,treatment_duration,from:Seeds of Col-0 imbibed at 4ËC for 24hr,,,Seeds of Col-0 imbibed at 4ËC for 24hr,Imbibed Col-0 seeds_4ËC_24hr_rep1
GSM839867,24.0,treatment_duration,from:Seeds of Col-0 imbibed at 4ËC for 24hr,,,Seeds of Col-0 imbibed at 4ËC for 24hr,Imbibed Col-0 seeds_4ËC_24hr_rep2
GSM839868,24.0,treatment_duration,from:Seeds of 35S-GSH1 imbibed at 4ËC for 24hr,,,Seeds of 35S-GSH1 imbibed at 4ËC for 24hr,Imbibed 35S-GSH1 seeds_4ËC_24hr_rep1
GSM839869,24.0,treatment_duration,from:Seeds of 35S-GSH1 imbibed at 4ËC for 24hr,,,Seeds of 35S-GSH1 imbibed at 4ËC for 24hr,Imbibed 35S-GSH1 seeds_4ËC_24hr_rep2
GSM852923,3.0,treatment_duration,"from:Arabidopsis leaf, Col-0 genotype, clean-air control, treated for 3 h",,,"Arabidopsis leaf, Col-0 genotype, clean-air control, treated for 3 h",leaf_Col_clean-air_3h_biological rep1
GSM852924,3.0,treatment_duration,"from:Arabidopsis leaf, Col-0 genotype, clean-air control, treated for 3 h",,,"Arabidopsis leaf, Col-0 genotype, clean-air control, treated for 3 h",leaf_Col_clean-air_3h_biological rep2
GSM852925,3.0,treatment_duration,"from:Arabidopsis leaf, Col-0 genotype, clean-air control, treated for 3 h",,,"Arabidopsis leaf, Col-0 genotype, clean-air control, treated for 3 h",leaf_Col_clean-air_3h_biological rep3
GSM852926,3.0,treatment_duration,"from:Arabidopsis leaf, Col-0 genotype, 125 ppb ozone, treated for 3 h",,,"Arabidopsis leaf, Col-0 genotype, 125 ppb ozone, treated for 3 h",leaf_Col_ozone_3h_biological rep1
GSM852927,3.0,treatment_duration,"from:Arabidopsis leaf, Col-0 genotype, 125 ppb ozone, treated for 3 h",,,"Arabidopsis leaf, Col-0 genotype, 125 ppb ozone, treated for 3 h",leaf_Col_ozone_3h_biological rep2
GSM852928,3.0,treatment_duration,"from:Arabidopsis leaf, Col-0 genotype, 125 ppb ozone, treated for 3 h",,,"Arabidopsis leaf, Col-0 genotype, 125 ppb ozone, treated for 3 h",leaf_Col_ozone_3h_biological rep3
GSM852929,3.0,treatment_duration,"from:Arabidopsis leaf, G-protein null mutant genotype, clean-air control, treated for 3 h",,,"Arabidopsis leaf, G-protein null mutant genotype, clean-air control, treated for 3 h",leaf_AB mutant_clean-air_3h_biological rep1
GSM852930,3.0,treatment_duration,"from:Arabidopsis leaf, G-protein null mutant genotype, clean-air control, treated for 3 h",,,"Arabidopsis leaf, G-protein null mutant genotype, clean-air control, treated for 3 h",leaf_AB mutant_clean-air_3h_biological rep2
GSM852931,3.0,treatment_duration,"from:Arabidopsis leaf, G-protein null mutant genotype, clean-air control, treated for 3 h",,,"Arabidopsis leaf, G-protein null mutant genotype, clean-air control, treated for 3 h",leaf_AB mutant_clean-air_3h_biological rep3
GSM852932,3.0,treatment_duration,"from:Arabidopsis leaf, G-protein null mutant genotype, 125 ppb ozone, treated for 3 h",,,"Arabidopsis leaf, G-protein null mutant genotype, 125 ppb ozone, treated for 3 h",leaf_AB mutant_ozone_3h_biological rep1
GSM852933,3.0,treatment_duration,"from:Arabidopsis leaf, G-protein null mutant genotype, 125 ppb ozone, treated for 3 h",,,"Arabidopsis leaf, G-protein null mutant genotype, 125 ppb ozone, treated for 3 h",leaf_AB mutant_ozone_3h_biological rep2
GSM852934,3.0,treatment_duration,"from:Arabidopsis leaf, G-protein null mutant genotype, 125 ppb ozone, treated for 3 h",,,"Arabidopsis leaf, G-protein null mutant genotype, 125 ppb ozone, treated for 3 h",leaf_AB mutant_ozone_3h_biological rep3
GSM852935,48.0,treatment_duration,"from:Arabidopsis leaf, Col-0 genotype, clean-air control, treated for 2 d",,,"Arabidopsis leaf, Col-0 genotype, clean-air control, treated for 2 d",leaf_Col_clean-air_2d_biological rep1
GSM852936,48.0,treatment_duration,"from:Arabidopsis leaf, Col-0 genotype, clean-air control, treated for 2 d",,,"Arabidopsis leaf, Col-0 genotype, clean-air control, treated for 2 d",leaf_Col_clean-air_2d_biological rep2
GSM852937,48.0,treatment_duration,"from:Arabidopsis leaf, Col-0 genotype, clean-air control, treated for 2 d",,,"Arabidopsis leaf, Col-0 genotype, clean-air control, treated for 2 d",leaf_Col_clean-air_2d_biological rep3
GSM852938,48.0,treatment_duration,"from:Arabidopsis leaf, Col-0 genotype, clean-air control, treated for 2 d",,,"Arabidopsis leaf, Col-0 genotype, clean-air control, treated for 2 d",leaf_Col_clean-air_2d_biological rep4
GSM852939,48.0,treatment_duration,"from:Arabidopsis leaf, Col-0 genotype, 125 ppb ozone, treated for 2 d",,,"Arabidopsis leaf, Col-0 genotype, 125 ppb ozone, treated for 2 d",leaf_Col_ozone_2d_biological rep1
GSM852940,48.0,treatment_duration,"from:Arabidopsis leaf, Col-0 genotype, 125 ppb ozone, treated for 2 d",,,"Arabidopsis leaf, Col-0 genotype, 125 ppb ozone, treated for 2 d",leaf_Col_ozone_2d_biological rep2
GSM852941,48.0,treatment_duration,"from:Arabidopsis leaf, Col-0 genotype, 125 ppb ozone, treated for 2 d",,,"Arabidopsis leaf, Col-0 genotype, 125 ppb ozone, treated for 2 d",leaf_Col_ozone_2d_biological rep3
GSM852942,48.0,treatment_duration,"from:Arabidopsis leaf, Col-0 genotype, 125 ppb ozone, treated for 2 d",,,"Arabidopsis leaf, Col-0 genotype, 125 ppb ozone, treated for 2 d",leaf_Col_ozone_2d_biological rep4
GSM852943,48.0,treatment_duration,"from:Arabidopsis leaf, G-protein null mutant genotype, clean-air control, treated for 2 d",,,"Arabidopsis leaf, G-protein null mutant genotype, clean-air control, treated for 2 d",leaf_AB mutant_clean-air_2d_biological rep1
GSM852944,48.0,treatment_duration,"from:Arabidopsis leaf, G-protein null mutant genotype, clean-air control, treated for 2 d",,,"Arabidopsis leaf, G-protein null mutant genotype, clean-air control, treated for 2 d",leaf_AB mutant_clean-air_2d_biological rep2
GSM852945,48.0,treatment_duration,"from:Arabidopsis leaf, G-protein null mutant genotype, clean-air control, treated for 2 d",,,"Arabidopsis leaf, G-protein null mutant genotype, clean-air control, treated for 2 d",leaf_AB mutant_clean-air_2d_biological rep3
GSM852946,48.0,treatment_duration,"from:Arabidopsis leaf, G-protein null mutant genotype, 125 ppb ozone, treated for 2 d",,,"Arabidopsis leaf, G-protein null mutant genotype, 125 ppb ozone, treated for 2 d",leaf_AB mutant_ozone_2d_biological rep1
GSM852947,48.0,treatment_duration,"from:Arabidopsis leaf, G-protein null mutant genotype, 125 ppb ozone, treated for 2 d",,,"Arabidopsis leaf, G-protein null mutant genotype, 125 ppb ozone, treated for 2 d",leaf_AB mutant_ozone_2d_biological rep2
GSM852948,48.0,treatment_duration,"from:Arabidopsis leaf, G-protein null mutant genotype, 125 ppb ozone, treated for 2 d",,,"Arabidopsis leaf, G-protein null mutant genotype, 125 ppb ozone, treated for 2 d",leaf_AB mutant_ozone_2d_biological rep3
GSM852949,48.0,treatment_duration,"from:Arabidopsis leaf, G-protein null mutant genotype, 125 ppb ozone, treated for 2 d",,,"Arabidopsis leaf, G-protein null mutant genotype, 125 ppb ozone, treated for 2 d",leaf_AB mutant_ozone_2d_biological rep4
GSM904905,,,,168.0,age: 7 days,shoot from 7-day-old rml1 seedlings grown on vertical plates,"rml1 shoot, biological rep1"
GSM904906,,,,168.0,age: 7 days,shoot from 7-day-old rml1 seedlings grown on vertical plates,"rml1 shoot, biological rep2"
GSM904907,,,,168.0,age: 7 days,shoot from 7-day-old rml1 seedlings grown on vertical plates,"rml1 shoot, biological rep3"
GSM904908,,,,168.0,age: 7 days,shoot from 7-day-old wild type seedlings grown on vertical plates,"wild type shoot, biological rep1"
GSM904909,,,,168.0,age: 7 days,shoot from 7-day-old wild type seedlings grown on vertical plates,"wild type shoot, biological rep2"
GSM904910,,,,168.0,age: 7 days,shoot from 7-day-old wild type seedlings grown on vertical plates,"wild type shoot, biological rep3"
GSM904911,,,,168.0,age: 7 days,root from 7-day-old rml1 seedlings grown on vertical plates,rml1 root
GSM904912,,,,168.0,age: 7 days,root from 7-day-old wild type seedlings grown on vertical plates,wild type root
GSM996955,168.0,treatment_duration,from:7d dark-grown Arabidopsis Col-0 seedlings,,,7d dark-grown Arabidopsis Col-0 seedlings,Cheng_576-1_7-day_dark_Rep1_ATH1
GSM996956,168.0,treatment_duration,from:7d dark-grown Arabidopsis Col-0 seedlings,,,7d dark-grown Arabidopsis Col-0 seedlings,Cheng_576-2_7-day_dark_Rep2_ATH1
GSM996957,168.0,treatment_duration,from:7d dark-grown Arabidopsis Col-0 seedlings treated with 5mM H2O2,,,7d dark-grown Arabidopsis Col-0 seedlings treated with 5mM H2O2,Cheng_576-3_7-days_H2O2%20_Rep1_ATH1
GSM996958,168.0,treatment_duration,from:7d dark-grown Arabidopsis Col-0 seedlings treated with 5mM H2O2,,,7d dark-grown Arabidopsis Col-0 seedlings treated with 5mM H2O2,Cheng_576-4_7-days_H2O2_Rep2_ATH1
GSM996959,168.0,treatment_duration,from:7d light-grown Arabidopsis Col-0 seedlings,,,7d light-grown Arabidopsis Col-0 seedlings,Cheng_576-5_7-days_light_Rep1_ATH1
GSM996960,168.0,treatment_duration,from:7d light-grown Arabidopsis Col-0 seedlings,,,7d light-grown Arabidopsis Col-0 seedlings,Cheng_576-6_7-days_light_Rep2_ATH1
GSM1009026,3.0,treatment_duration,from:leaf tissue AntimycinA treated 3h,,,leaf tissue AntimycinA treated 3h,Wild-type_14-day-seedling-leaf_AntimycinA_treated_3h_rep1
GSM1009027,3.0,treatment_duration,from:leaf tissue AntimycinA treated 3h,,,leaf tissue AntimycinA treated 3h,Wild-type_14-day-seedling-leaf_AntimycinA_treated_3h_rep2
GSM1009028,3.0,treatment_duration,from:leaf tissue AntimycinA treated 3h,,,leaf tissue AntimycinA treated 3h,Wild-type_14-day-seedling-leaf_AntimycinA_treated_3h_rep3
GSM1009029,3.0,treatment_duration,from:leaf tissue H2O2 treated 3h,,,leaf tissue H2O2 treated 3h,Wild-type_14-day-seedling-leaf_H2O2_treated_3h_rep1
GSM1009030,3.0,treatment_duration,from:leaf tissue H2O2 treated 3h,,,leaf tissue H2O2 treated 3h,Wild-type_14-day-seedling-leaf_H2O2_treated_3h_rep2
GSM1009031,3.0,treatment_duration,from:leaf tissue H2O2 treated 3h,,,leaf tissue H2O2 treated 3h,Wild-type_14-day-seedling-leaf_H2O2_treated_3h_rep3
GSM1009032,3.0,treatment_duration,from:leaf tissue water treated 3h,,,leaf tissue water treated 3h,Wild-type_14-day-seedling-leaf_water_treated_3h_rep1
GSM1009033,3.0,treatment_duration,from:leaf tissue water treated 3h,,,leaf tissue water treated 3h,Wild-type_14-day-seedling-leaf_water_treated_3h_rep2
GSM1009034,3.0,treatment_duration,from:leaf tissue water treated 3h,,,leaf tissue water treated 3h,Wild-type_14-day-seedling-leaf_water_treated_3h_rep3
GSM1009035,3.0,treatment_duration,from:leaf tissue AntimycinA treated 3h,,,leaf tissue AntimycinA treated 3h,rao2_EMS_mutant_14-day-seedling-leaf_AntimycinA_treated_3h_rep1
GSM1009036,3.0,treatment_duration,from:leaf tissue AntimycinA treated 3h,,,leaf tissue AntimycinA treated 3h,rao2_EMS_mutant_14-day-seedling-leaf_AntimycinA_treated_3h_rep2
GSM1009037,3.0,treatment_duration,from:leaf tissue AntimycinA treated 3h,,,leaf tissue AntimycinA treated 3h,rao2_EMS_mutant_14-day-seedling-leaf_AntimycinA_treated_3h_rep3
GSM1009038,3.0,treatment_duration,from:leaf tissue H2O2 treated 3h,,,leaf tissue H2O2 treated 3h,rao2_EMS_mutant_14-day-seedling-leaf_H2O2_treated_3h_rep1
GSM1009039,3.0,treatment_duration,from:leaf tissue H2O2 treated 3h,,,leaf tissue H2O2 treated 3h,rao2_EMS_mutant_14-day-seedling-leaf_H2O2_treated_3h_rep2
GSM1009040,3.0,treatment_duration,from:leaf tissue H2O2 treated 3h,,,leaf tissue H2O2 treated 3h,rao2_EMS_mutant_14-day-seedling-leaf_H2O2_treated_3h_rep3
GSM1009041,3.0,treatment_duration,from:leaf tissue water treated 3h,,,leaf tissue water treated 3h,rao2_EMS_mutant_14-day-seedling-leaf_water_treated_3h_rep1
GSM1009042,3.0,treatment_duration,from:leaf tissue water treated 3h,,,leaf tissue water treated 3h,rao2_EMS_mutant_14-day-seedling-leaf_water_treated_3h_rep2
GSM1009043,3.0,treatment_duration,from:leaf tissue water treated 3h,,,leaf tissue water treated 3h,rao2_EMS_mutant_14-day-seedling-leaf_water_treated_3h_rep3
GSM1009044,3.0,treatment_duration,from:leaf tissue AntimycinA treated 3h,,,leaf tissue AntimycinA treated 3h,anac017-1_mutant_14-day-seedling-leaf_AntimycinA_treated_3h_rep1
GSM1009045,3.0,treatment_duration,from:leaf tissue AntimycinA treated 3h,,,leaf tissue AntimycinA treated 3h,anac017-1_mutant_14-day-seedling-leaf_AntimycinA_treated_3h_rep2
GSM1009046,3.0,treatment_duration,from:leaf tissue AntimycinA treated 3h,,,leaf tissue AntimycinA treated 3h,anac017-1_mutant_14-day-seedling-leaf_AntimycinA_treated_3h_rep3
GSM1009047,3.0,treatment_duration,from:leaf tissue H2O2 treated 3h,,,leaf tissue H2O2 treated 3h,anac017-1_mutant_14-day-seedling-leaf_H2O2_treated_3h_rep1
GSM1009048,3.0,treatment_duration,from:leaf tissue H2O2 treated 3h,,,leaf tissue H2O2 treated 3h,anac017-1_mutant_14-day-seedling-leaf_H2O2_treated_3h_rep2
GSM1009049,3.0,treatment_duration,from:leaf tissue H2O2 treated 3h,,,leaf tissue H2O2 treated 3h,anac017-1_mutant_14-day-seedling-leaf_H2O2_treated_3h_rep3
GSM1009050,3.0,treatment_duration,from:leaf tissue water treated 3h,,,leaf tissue water treated 3h,anac017-1_mutant_14-day-seedling-leaf_water_treated_3h_rep1
GSM1009051,3.0,treatment_duration,from:leaf tissue water treated 3h,,,leaf tissue water treated 3h,anac017-1_mutant_14-day-seedling-leaf_water_treated_3h_rep2
GSM1009052,3.0,treatment_duration,from:leaf tissue water treated 3h,,,leaf tissue water treated 3h,anac017-1_mutant_14-day-seedling-leaf_water_treated_3h_rep3
GSM1009053,3.0,treatment_duration,from:leaf tissue AntimycinA treated 3h,,,leaf tissue AntimycinA treated 3h,anac017-2_mutant_14-day-seedling-leaf_AntimycinA_treated_3h_rep1
GSM1009054,3.0,treatment_duration,from:leaf tissue AntimycinA treated 3h,,,leaf tissue AntimycinA treated 3h,anac017-2_mutant_14-day-seedling-leaf_AntimycinA_treated_3h_rep2
GSM1009055,3.0,treatment_duration,from:leaf tissue AntimycinA treated 3h,,,leaf tissue AntimycinA treated 3h,anac017-2_mutant_14-day-seedling-leaf_AntimycinA_treated_3h_rep3
GSM1009056,3.0,treatment_duration,from:leaf tissue H2O2 treated 3h,,,leaf tissue H2O2 treated 3h,anac017-2_mutant_14-day-seedling-leaf_H2O2_treated_3h_rep1
GSM1009057,3.0,treatment_duration,from:leaf tissue H2O2 treated 3h,,,leaf tissue H2O2 treated 3h,anac017-2_mutant_14-day-seedling-leaf_H2O2_treated_3h_rep2
GSM1009058,3.0,treatment_duration,from:leaf tissue H2O2 treated 3h,,,leaf tissue H2O2 treated 3h,anac017-2_mutant_14-day-seedling-leaf_H2O2_treated_3h_rep3
GSM1009059,3.0,treatment_duration,from:leaf tissue water treated 3h,,,leaf tissue water treated 3h,anac017-2_mutant_14-day-seedling-leaf_water_treated_3h_rep1
GSM1009060,3.0,treatment_duration,from:leaf tissue water treated 3h,,,leaf tissue water treated 3h,anac017-2_mutant_14-day-seedling-leaf_water_treated_3h_rep2
GSM1009061,3.0,treatment_duration,from:leaf tissue water treated 3h,,,leaf tissue water treated 3h,anac017-2_mutant_14-day-seedling-leaf_water_treated_3h_rep3
GSM1031869,4.0,treatment_duration,"from:leaf tissue, floated on 0.1% Tween 20, 0.1% acetone, 4 hours",,,"leaf tissue, floated on 0.1% Tween 20, 0.1% acetone, 4 hours",Col0_leaf_floated_0.1%Tween20_0.1%acetone_rep1
GSM1031870,4.0,treatment_duration,"from:leaf tissue, floated on 0.1% Tween 20, 0.1% acetone, 4 hours",,,"leaf tissue, floated on 0.1% Tween 20, 0.1% acetone, 4 hours",Col0_leaf_floated_0.1%Tween20_0.1%acetone_rep2
GSM1031871,4.0,treatment_duration,"from:leaf tissue, floated on 0.1% Tween 20, 0.1% acetone, 4 hours",,,"leaf tissue, floated on 0.1% Tween 20, 0.1% acetone, 4 hours",Col0_leaf_floated_0.1%Tween20_0.1%acetone_rep3
GSM1031872,4.0,treatment_duration,"from:leaf tissue, floated on 0.1% Tween 20, 0.1% acetone, 4 hours",,,"leaf tissue, floated on 0.1% Tween 20, 0.1% acetone, 4 hours",F1_leaf_floated_0.1%Tween20_0.1%acetone_rep1
GSM1031873,4.0,treatment_duration,"from:leaf tissue, floated on 0.1% Tween 20, 0.1% acetone, 4 hours",,,"leaf tissue, floated on 0.1% Tween 20, 0.1% acetone, 4 hours",F1_leaf_floated_0.1%Tween20_0.1%acetone_rep2
GSM1031874,4.0,treatment_duration,"from:leaf tissue, floated on 0.1% Tween 20, 0.1% acetone, 4 hours",,,"leaf tissue, floated on 0.1% Tween 20, 0.1% acetone, 4 hours",F1_leaf_floated_0.1%Tween20_0.1%acetone_rep3
GSM1044791,,,,2.0,age: 2wks,Wild-type Arabidopsis thaliana 2wks seedlings,Wild_type_Arabidopsis_2wks_seedling-rep1
GSM1044792,,,,2.0,age: 2wks,Wild-type Arabidopsis thaliana 2wks seedlings,Wild_type_Arabidopsis_2wks_seedling-rep2
GSM1044793,,,,2.0,age: 2wks,Wild-type Arabidopsis thaliana 2wks seedlings,Wild_type_Arabidopsis_2wks_seedling-rep3
GSM1044794,,,,2.0,age: 2wks,Wild-type Arabidopsis thaliana 2wks seedlings,Wild_type_Arabidopsis_2wks_seedling-rep4
GSM1044795,,,,2.0,age: 2wks,glk1 glk2 Arabidopsis thaliana 2wks seedlings,glk1_glk2_Arabidopsis_2wks_seedling-rep1
GSM1044796,,,,2.0,age: 2wks,glk1 glk2 Arabidopsis thaliana 2wks seedlings,glk1_glk2_Arabidopsis_2wks_seedling-rep2
GSM1044797,,,,2.0,age: 2wks,glk1 glk2 Arabidopsis thaliana 2wks seedlings,glk1_glk2_Arabidopsis_2wks_seedling-rep3
GSM1044798,,,,2.0,age: 2wks,glk1 glk2 Arabidopsis thaliana 2wks seedlings,glk1_glk2_Arabidopsis_2wks_seedling-rep4
GSM1044799,,,,2.0,age: 2wks,35S:GLK1-SRDX Arabidopsis thaliana 2wks seedlings,35S_GLK1-SRDX_Arabidopsis_2wks_seedling-rep1
GSM1044800,,,,2.0,age: 2wks,35S:GLK1-SRDX Arabidopsis thaliana 2wks seedlings,35S_GLK1-SRDX_Arabidopsis_2wks_seedling-rep2
GSM1044801,,,,2.0,age: 2wks,35S:GLK1-SRDX Arabidopsis thaliana 2wks seedlings,35S_GLK1-SRDX_Arabidopsis_2wks_seedling-rep3
GSM1044802,,,,2.0,age: 2wks,35S:GLK1-SRDX Arabidopsis thaliana 2wks seedlings,35S_GLK1-SRDX_Arabidopsis_2wks_seedling-rep4
GSM1047224,168.0,treatment_duration,from:7 days seedlings of copt2-1 mutant in Fe and Cu sufficient medium,,,7 days seedlings of copt2-1 mutant in Fe and Cu sufficient medium,copt2-1 seedlings versus Col 0 seedlings in Fe and Cu sufficient medium replicate 1
GSM1047225,168.0,treatment_duration,from:7 days seedlings of copt2-1 mutant in Fe and Cu sufficient medium,,,7 days seedlings of copt2-1 mutant in Fe and Cu sufficient medium,copt2-1 seedlings versus Col 0 seedlings in Fe and Cu sufficient medium replicate 2
GSM1047226,168.0,treatment_duration,from:7 days seedlings of Col-0 mutant in Fe and Cu sufficient medium,,,7 days seedlings of Col-0 mutant in Fe and Cu sufficient medium,copt2-1 seedlings versus Col 0 seedlings in Fe and Cu sufficient medium replicate 3
GSM1047227,168.0,treatment_duration,from:7 days seedlings of Col-0 mutant in Fe and Cu sufficient medium,,,7 days seedlings of Col-0 mutant in Fe and Cu sufficient medium,copt2-1 seedlings versus Col 0 seedlings in Fe and Cu sufficient medium replicate 4
GSM1047228,168.0,treatment_duration,from:7 days seedlings of copt2-1 mutant in Fe deficient and Cu sufficient medium,,,7 days seedlings of copt2-1 mutant in Fe deficient and Cu sufficient medium,copt2-1 seedlings versus Col 0 seedlings Fe deficient and Cu sufficient medium replicate 1
GSM1047229,168.0,treatment_duration,from:7 days seedlings of copt2-1 mutant in Fe deficient and Cu sufficient medium,,,7 days seedlings of copt2-1 mutant in Fe deficient and Cu sufficient medium,copt2-1 seedlings versus Col 0 seedlings Fe deficient and Cu sufficient medium replicate 2
GSM1047230,168.0,treatment_duration,from:7 days seedlings of Col-0 mutant in Fe deficient and Cu sufficient medium,,,7 days seedlings of Col-0 mutant in Fe deficient and Cu sufficient medium,copt2-1 seedlings versus Col 0 seedlings Fe deficient and Cu sufficient medium replicate 3
GSM1047231,168.0,treatment_duration,from:7 days seedlings of Col-0 mutant in Fe deficient and Cu sufficient medium,,,7 days seedlings of Col-0 mutant in Fe deficient and Cu sufficient medium,copt2-1 seedlings versus Col 0 seedlings Fe deficient and Cu sufficient medium replicate 4
GSM1047232,168.0,treatment_duration,from:7 days seedlings of copt2-1 mutant in Fe and Cu sufficient medium,,,7 days seedlings of copt2-1 mutant in Fe and Cu sufficient medium,copt2-1 seedlings versus Col 0 seedlings in Fe and Cu deficient medium  replicate 1
GSM1047233,168.0,treatment_duration,from:7 days seedlings of copt2-1 mutant in Fe and Cu sufficient medium,,,7 days seedlings of copt2-1 mutant in Fe and Cu sufficient medium,copt2-1 seedlings versus Col 0 seedlings in Fe and Cu deficient medium  replicate 2
GSM1047234,168.0,treatment_duration,from:7 days seedlings of Col-0 mutant in Fe and Cu sufficient medium,,,7 days seedlings of Col-0 mutant in Fe and Cu sufficient medium,copt2-1 seedlings versus Col 0 seedlings in Fe and Cu deficient medium  replicate 3
GSM1047235,168.0,treatment_duration,from:7 days seedlings of Col-0 mutant in Fe and Cu sufficient medium,,,7 days seedlings of Col-0 mutant in Fe and Cu sufficient medium,copt2-1 seedlings versus Col 0 seedlings in Fe and Cu deficient medium  replicate 4
GSM1048365,0.0,treatment_duration,time: 0 min,552.0,age: 23d after germination,Col-0 acclimated for 3 d to PSI light,"WT,t=0 min, biological replicate 1"
GSM1048366,0.0,treatment_duration,time: 0 min,552.0,age: 23d after germination,Col-0 acclimated for 3 d to PSI light,"WT,t=0 min, biological replicate 2"
GSM1048367,0.0,treatment_duration,time: 0 min,552.0,age: 23d after germination,Col-0 acclimated for 3 d to PSI light,"WT,t=0 min, biological replicate 3"
GSM1048368,0.5,treatment_duration,time: 30 min,552.0,age: 23d after germination,Col-0 shifted from PSI to PSII-light for 30 min,"WT,t=30 min, biological replicate 1"
GSM1048369,0.5,treatment_duration,time: 30 min,552.0,age: 23d after germination,Col-0 shifted from PSI to PSII-light for 30 min,"WT,t=30 min, biological replicate 2"
GSM1048370,0.5,treatment_duration,time: 30 min,552.0,age: 23d after germination,Col-0 shifted from PSI to PSII-light for 30 min,"WT,t=30 min, biological replicate 3"
GSM1048371,1.0,treatment_duration,time: 60 min,552.0,age: 23d after germination,Col-0 shifted from PSI to PSII-light for 60 min,"WT,t=60 min, biological replicate 1"
GSM1048372,1.0,treatment_duration,time: 60 min,552.0,age: 23d after germination,Col-0 shifted from PSI to PSII-light for 60 min,"WT,t=60 min, biological replicate 2"
GSM1048373,1.0,treatment_duration,time: 60 min,552.0,age: 23d after germination,Col-0 shifted from PSI to PSII-light for 60 min,"WT,t=60 min, biological replicate 3"
GSM1048374,0.0,treatment_duration,time: 0 min,552.0,age: 23d after germination,mutant acclimated for 3 d to PSI light,"mutant,t=0 min, biological replicate 1"
GSM1048375,0.0,treatment_duration,time: 0 min,552.0,age: 23d after germination,mutant acclimated for 3 d to PSI light,"mutant,t=0 min, biological replicate 2"
GSM1048376,0.0,treatment_duration,time: 0 min,552.0,age: 23d after germination,mutant acclimated for 3 d to PSI light,"mutant,t=0 min, biological replicate 3"
GSM1048377,0.5,treatment_duration,time: 30 min,552.0,age: 23d after germination,mutant shifted from PSI to PSII-light for 30 min,"mutant,t=30 min, biological replicate 1"
GSM1048378,0.5,treatment_duration,time: 30 min,552.0,age: 23d after germination,mutant shifted from PSI to PSII-light for 30 min,"mutant,t=30 min, biological replicate 2"
GSM1048379,0.5,treatment_duration,time: 30 min,552.0,age: 23d after germination,mutant shifted from PSI to PSII-light for 30 min,"mutant,t=30 min, biological replicate 3"
GSM1048380,1.0,treatment_duration,time: 60 min,552.0,age: 23d after germination,mutant shifted from PSI to PSII-light for 60 min,"mutant,t=60 min, biological replicate 1"
GSM1048381,1.0,treatment_duration,time: 60 min,552.0,age: 23d after germination,mutant shifted from PSI to PSII-light for 60 min,"mutant,t=60 min, biological replicate 2"
GSM1048382,1.0,treatment_duration,time: 60 min,552.0,age: 23d after germination,mutant shifted from PSI to PSII-light for 60 min,"mutant,t=60 min, biological replicate 3"
GSM1053065,168.0,treatment_duration,from:Low Mg2+ 7 days treatment,,,Col-1,Low Mg2+ 7 days treatment
GSM1053066,168.0,treatment_duration,from:High Mg2+ 7 days treatment,,,Col-1,High Mg2+ 7 days treatment
GSM1199555,96.0,treatment_duration,time: 4 day,,,Col-1,Control
GSM1199556,96.0,treatment_duration,time: 4 day,,,Col-1,Low Mg2+ 4 days treatment
GSM1199557,96.0,treatment_duration,time: 4 day,,,Col-1,High Mg2+ 4 days  treatment
GSM1183274,0.1666666666666666,treatment_duration,from:Arabidopsis leaf 10 min after wounding (local),,,Arabidopsis leaf 10 min after wounding (local),"Leaf local, biological rep1"
GSM1183275,0.1666666666666666,treatment_duration,from:Arabidopsis leaf 10 min after wounding (local),,,Arabidopsis leaf 10 min after wounding (local),"Leaf local, biological rep2"
GSM1183276,0.1666666666666666,treatment_duration,from:Arabidopsis leaf 10 min after wounding of a neighbor leaf (systemic),,,Arabidopsis leaf 10 min after wounding of a neighbor leaf (systemic),"Leaf systemic, biological rep1"
GSM1183277,0.1666666666666666,treatment_duration,from:Arabidopsis leaf 10 min after wounding of a neighbor leaf (systemic),,,Arabidopsis leaf 10 min after wounding of a neighbor leaf (systemic),"Leaf systemic, biological rep2"
GSM1199077,1.0,treatment_duration,from:Wild-type seedlings with dehydration treatment 1h,,,Wild-type seedlings with dehydration treatment 1h,"WT-Dry, biological rep1"
GSM1199078,1.0,treatment_duration,from:Wild-type seedlings with dehydration treatment 1h,,,Wild-type seedlings with dehydration treatment 1h,"WT-Dry, biological rep2"
GSM1199079,1.0,treatment_duration,from:Wild-type seedlings with dehydration treatment 1h,,,Wild-type seedlings with dehydration treatment 1h,"WT-Dry, biological rep3"
GSM1199080,1.0,treatment_duration,from:46T seedlings with dehydration treatment 1h,,,46T seedlings with dehydration treatment 1h,"46T-Dry, biological rep1"
GSM1199081,1.0,treatment_duration,from:46T seedlings with dehydration treatment 1h,,,46T seedlings with dehydration treatment 1h,"46T-Dry, biological rep2"
GSM1199082,1.0,treatment_duration,from:46T seedlings with dehydration treatment 1h,,,46T seedlings with dehydration treatment 1h,"46T-Dry, biological rep3"
GSM1202358,0.0,treatment_duration,"from:Col-0, 35S:MBS1, at HL 0h, biological rep1",,,"Col-0, 35S:MBS1, whole seedlings without root, at HL 0h","Col-0, 35S:MBS1, at HL 0h, biological rep1"
GSM1202359,0.0,treatment_duration,"from:Col-0, 35S:MBS1, at HL 0h, biological rep2",,,"Col-0, 35S:MBS1, whole seedlings without root, at HL 0h","Col-0, 35S:MBS1, at HL 0h, biological rep2"
GSM1202360,0.0,treatment_duration,"from:Col-0, 35S:MBS1, at HL 0h, biological rep3",,,"Col-0, 35S:MBS1, whole seedlings without root, at HL 0h","Col-0, 35S:MBS1, at HL 0h, biological rep3"
GSM1202361,3.0,treatment_duration,"from:Col-0, 35S:MBS1, at HL 3h, biological rep1",,,"Col-0, 35S:MBS1, whole seedlings without root, at HL 3h","Col-0, 35S:MBS1, at HL 3h, biological rep1"
GSM1202362,3.0,treatment_duration,"from:Col-0, 35S:MBS1, at HL 3h, biological rep2",,,"Col-0, 35S:MBS1, whole seedlings without root, at HL 3h","Col-0, 35S:MBS1, at HL 3h, biological rep2"
GSM1202363,3.0,treatment_duration,"from:Col-0, 35S:MBS1, at HL 3h, biological rep3",,,"Col-0, 35S:MBS1, whole seedlings without root, at HL 3h","Col-0, 35S:MBS1, at HL 3h, biological rep3"
GSM1202364,0.0,treatment_duration,"from:Col-0, flu, at HL 0h, biological rep1",,,"Col-0, flu, whole seedlings without root, at HL 0h","Col-0, flu, at HL 0h, biological rep1"
GSM1202365,0.0,treatment_duration,"from:Col-0, flu, at HL 0h, biological rep2",,,"Col-0, flu, whole seedlings without root, at HL 0h","Col-0, flu, at HL 0h, biological rep2"
GSM1202366,0.0,treatment_duration,"from:Col-0, flu, at HL 0h, biological rep3",,,"Col-0, flu, whole seedlings without root, at HL 0h","Col-0, flu, at HL 0h, biological rep3"
GSM1202367,3.0,treatment_duration,"from:Col-0, flu, at HL 3h, biological rep1",,,"Col-0, flu, whole seedlings without root, at HL 3h","Col-0, flu, at HL 3h, biological rep1"
GSM1202368,3.0,treatment_duration,"from:Col-0, flu, at HL 3h, biological rep2",,,"Col-0, flu, whole seedlings without root, at HL 3h","Col-0, flu, at HL 3h, biological rep2"
GSM1202369,3.0,treatment_duration,"from:Col-0, flu, at HL 3h, biological rep3",,,"Col-0, flu, whole seedlings without root, at HL 3h","Col-0, flu, at HL 3h, biological rep3"
GSM1202370,0.0,treatment_duration,"from:Col-0, mbs1-1, at HL 0h, biological rep1",,,"Col-0, mbs1-1, whole seedlings without root, at HL 0h","Col-0, mbs1-1, at HL 0h, biological rep1"
GSM1202371,0.0,treatment_duration,"from:Col-0, mbs1-1, at HL 0h, biological rep2",,,"Col-0, mbs1-1, whole seedlings without root, at HL 0h","Col-0, mbs1-1, at HL 0h, biological rep2"
GSM1202372,0.0,treatment_duration,"from:Col-0, mbs1-1, at HL 0h, biological rep3",,,"Col-0, mbs1-1, whole seedlings without root, at HL 0h","Col-0, mbs1-1, at HL 0h, biological rep3"
GSM1202373,3.0,treatment_duration,"from:Col-0, mbs1-1, at HL 3h, biological rep1",,,"Col-0, mbs1-1, whole seedlings without root, at HL 3h","Col-0, mbs1-1, at HL 3h, biological rep1"
GSM1202374,3.0,treatment_duration,"from:Col-0, mbs1-1, at HL 3h, biological rep2",,,"Col-0, mbs1-1, whole seedlings without root, at HL 3h","Col-0, mbs1-1, at HL 3h, biological rep2"
GSM1202375,3.0,treatment_duration,"from:Col-0, mbs1-1, at HL 3h, biological rep3",,,"Col-0, mbs1-1, whole seedlings without root, at HL 3h","Col-0, mbs1-1, at HL 3h, biological rep3"
GSM1202376,0.0,treatment_duration,"from:Col-0, RNAi-MBS2/mbs1-1, at HL 0h, biological rep1",,,"Col-0, RNAi-MBS2/mbs1-1, whole seedlings without root, at HL 0h","Col-0, RNAi-MBS2/mbs1-1, at HL 0h, biological rep1"
GSM1202377,0.0,treatment_duration,"from:Col-0, RNAi-MBS2/mbs1-1, at HL 0h, biological rep2",,,"Col-0, RNAi-MBS2/mbs1-1, whole seedlings without root, at HL 0h","Col-0, RNAi-MBS2/mbs1-1, at HL 0h, biological rep2"
GSM1202378,0.0,treatment_duration,"from:Col-0, RNAi-MBS2/mbs1-1, at HL 0h, biological rep3",,,"Col-0, RNAi-MBS2/mbs1-1, whole seedlings without root, at HL 0h","Col-0, RNAi-MBS2/mbs1-1, at HL 0h, biological rep3"
GSM1202379,3.0,treatment_duration,"from:Col-0, RNAi-MBS2/mbs1-1, at HL 3h, biological rep1",,,"Col-0, RNAi-MBS2/mbs1-1, whole seedlings without root, at HL 3h","Col-0, RNAi-MBS2/mbs1-1, at HL 3h, biological rep1"
GSM1202380,3.0,treatment_duration,"from:Col-0, RNAi-MBS2/mbs1-1, at HL 3h, biological rep2",,,"Col-0, RNAi-MBS2/mbs1-1, whole seedlings without root, at HL 3h","Col-0, RNAi-MBS2/mbs1-1, at HL 3h, biological rep2"
GSM1202381,3.0,treatment_duration,"from:Col-0, RNAi-MBS2/mbs1-1, at HL 3h, biological rep3",,,"Col-0, RNAi-MBS2/mbs1-1, whole seedlings without root, at HL 3h","Col-0, RNAi-MBS2/mbs1-1, at HL 3h, biological rep3"
GSM1202382,0.0,treatment_duration,"from:Col-0, WT, at HL 0h, biological rep1",,,"Col-0, WT, whole seedlings without root, at HL 0h","Col-0, WT, at HL 0h, biological rep1"
GSM1202383,0.0,treatment_duration,"from:Col-0, WT, at HL 0h, biological rep2",,,"Col-0, WT, whole seedlings without root, at HL 0h","Col-0, WT, at HL 0h, biological rep2"
GSM1202384,0.0,treatment_duration,"from:Col-0, WT, at HL 0h, biological rep3",,,"Col-0, WT, whole seedlings without root, at HL 0h","Col-0, WT, at HL 0h, biological rep3"
GSM1202385,3.0,treatment_duration,"from:Col-0, WT, at HL 3h, biological rep1",,,"Col-0, WT, whole seedlings without root, at HL 3h","Col-0, WT, at HL 3h, biological rep1"
GSM1202386,3.0,treatment_duration,"from:Col-0, WT, at HL 3h, biological rep2",,,"Col-0, WT, whole seedlings without root, at HL 3h","Col-0, WT, at HL 3h, biological rep2"
GSM1202387,3.0,treatment_duration,"from:Col-0, WT, at HL 3h, biological rep3",,,"Col-0, WT, whole seedlings without root, at HL 3h","Col-0, WT, at HL 3h, biological rep3"
GSM1209670,,,,12.0,age: 12-day-old,"Col-0. Seeds were grown on basal medium for five days, transferred to fresh medium and grown vertically for another seven days. After the 12-day culture, the roots were removed and used for RNA extraction.",Col-0_root_rep1
GSM1209671,,,,12.0,age: 12-day-old,"sahy1 T-DNA insertion mutant. Seeds were grown on basal medium for five days, transferred to fresh medium and grown vertically for another seven days. After the 12-day culture, the roots were removed and used for RNA extraction.",sahy1_root_rep1
GSM1209672,,,,12.0,age: 12-day-old,"Col-7. Seeds were grown on basal medium for five days, transferred to fresh medium and grown vertically for another seven days. After the 12-day culture, the roots were removed and used for RNA extraction.",Col-7_root_rep1
GSM1209673,,,,12.0,age: 12-day-old,"SAHY1 overexpression line 4-1. Seeds were grown on basal medium for five days, transferred to fresh medium and grown vertically for another seven days. After the 12-day culture, the roots were removed and used for RNA extraction.",SAHY1OE_root_rep1
GSM1209674,,,,12.0,age: 12-day-old,"Col-0. Seeds were grown on basal medium for five days, transferred to fresh medium and grown vertically for another seven days. After the 12-day culture, the roots were removed and used for RNA extraction.",Col-0_root_rep2
GSM1209675,,,,12.0,age: 12-day-old,"sahy1 T-DNA insertion mutant. Seeds were grown on basal medium for five days, transferred to fresh medium and grown vertically for another seven days. After the 12-day culture, the roots were removed and used for RNA extraction.",sahy1_root_rep2
GSM1209676,,,,12.0,age: 12-day-old,"Col-7. Seeds were grown on basal medium for five days, transferred to fresh medium and grown vertically for another seven days. After the 12-day culture, the roots were removed and used for RNA extraction.",Col-7_root_rep2
GSM1209677,,,,12.0,age: 12-day-old,"SAHY1 overexpression line 4-1. Seeds were grown on basal medium for five days, transferred to fresh medium and grown vertically for another seven days. After the 12-day culture, the roots were removed and used for RNA extraction.",SAHY1OE_root_rep2
GSM1209678,,,,12.0,age: 12-day-old,"Col-0. Seeds were grown on basal medium for five days, transferred to fresh medium and grown vertically for another seven days. After the 12-day culture, the roots were removed and used for RNA extraction.",Col-0_root_rep3
GSM1209679,,,,12.0,age: 12-day-old,"sahy1 T-DNA insertion mutant. Seeds were grown on basal medium for five days, transferred to fresh medium and grown vertically for another seven days. After the 12-day culture, the roots were removed and used for RNA extraction.",sahy1_root_rep3
GSM1209680,,,,12.0,age: 12-day-old,"Col-7. Seeds were grown on basal medium for five days, transferred to fresh medium and grown vertically for another seven days. After the 12-day culture, the roots were removed and used for RNA extraction.",Col-7_root_rep3
GSM1209681,,,,12.0,age: 12-day-old,"SAHY1 overexpression line 4-1. Seeds were grown on basal medium for five days, transferred to fresh medium and grown vertically for another seven days. After the 12-day culture, the roots were removed and used for RNA extraction.",SAHY1OE_root_rep3
GSM1254497,8.0,treatment_duration,from:WT_normal condition_before 8hr anoxia,168.0,age: 7 days,WT_normal condition_before 8hr anoxia,Col_8hrAR_Nor_rep1
GSM1254498,8.0,treatment_duration,from:WT_normal condition_before 8hr anoxia,168.0,age: 7 days,WT_normal condition_before 8hr anoxia,Col_8hrAR_Nor_rep2
GSM1254499,8.0,treatment_duration,from:WT_normal condition_before 8hr anoxia,168.0,age: 7 days,WT_normal condition_before 8hr anoxia,Col_8hrAR_Nor_rep3
GSM1254500,8.0,treatment_duration,from:WT_normal condition_before 8hr anoxia,168.0,age: 7 days,WT_normal condition_before 8hr anoxia,Col_8hrAR_Nor_rep4
GSM1254501,8.0,treatment_duration,from:8hr anoxia-reoxygenated WT_reoxygenation 0hr,168.0,age: 7 days,8hr anoxia-reoxygenated WT_reoxygenation 0hr,Col_8hrAR_Re0_rep1
GSM1254502,8.0,treatment_duration,from:8hr anoxia-reoxygenated WT_reoxygenation 0hr,168.0,age: 7 days,8hr anoxia-reoxygenated WT_reoxygenation 0hr,Col_8hrAR_Re0_rep2
GSM1254503,8.0,treatment_duration,from:8hr anoxia-reoxygenated WT_reoxygenation 0hr,168.0,age: 7 days,8hr anoxia-reoxygenated WT_reoxygenation 0hr,Col_8hrAR_Re0_rep3
GSM1254504,8.0,treatment_duration,from:8hr anoxia-reoxygenated WT_reoxygenation 0hr,168.0,age: 7 days,8hr anoxia-reoxygenated WT_reoxygenation 0hr,Col_8hrAR_Re0_rep4
GSM1254505,8.0,treatment_duration,from:8hr anoxia-reoxygenated WT_reoxygenation 0.5hr,168.0,age: 7 days,8hr anoxia-reoxygenated WT_reoxygenation 0.5hr,Col_8hrAR_Re0.5_rep1
GSM1254506,8.0,treatment_duration,from:8hr anoxia-reoxygenated WT_reoxygenation 0.5hr,168.0,age: 7 days,8hr anoxia-reoxygenated WT_reoxygenation 0.5hr,Col_8hrAR_Re0.5_rep2
GSM1254507,8.0,treatment_duration,from:8hr anoxia-reoxygenated WT_reoxygenation 0.5hr,168.0,age: 7 days,8hr anoxia-reoxygenated WT_reoxygenation 0.5hr,Col_8hrAR_Re0.5_rep3
GSM1254508,8.0,treatment_duration,from:8hr anoxia-reoxygenated WT_reoxygenation 0.5hr,168.0,age: 7 days,8hr anoxia-reoxygenated WT_reoxygenation 0.5hr,Col_8hrAR_Re0.5_rep4
GSM1254509,8.0,treatment_duration,from:8hr anoxia-reoxygenated WT_reoxygenation 1hr,168.0,age: 7 days,8hr anoxia-reoxygenated WT_reoxygenation 1hr,Col_8hrAR_Re1_rep1
GSM1254510,8.0,treatment_duration,from:8hr anoxia-reoxygenated WT_reoxygenation 1hr,168.0,age: 7 days,8hr anoxia-reoxygenated WT_reoxygenation 1hr,Col_8hrAR_Re1_rep2
GSM1254511,8.0,treatment_duration,from:8hr anoxia-reoxygenated WT_reoxygenation 1hr,168.0,age: 7 days,8hr anoxia-reoxygenated WT_reoxygenation 1hr,Col_8hrAR_Re1_rep3
GSM1254512,8.0,treatment_duration,from:8hr anoxia-reoxygenated WT_reoxygenation 1hr,168.0,age: 7 days,8hr anoxia-reoxygenated WT_reoxygenation 1hr,Col_8hrAR_Re1_rep4
GSM1254513,8.0,treatment_duration,from:8hr anoxia-reoxygenated WT_reoxygenation 3hr,168.0,age: 7 days,8hr anoxia-reoxygenated WT_reoxygenation 3hr,Col_8hrAR_Re3_rep1
GSM1254514,8.0,treatment_duration,from:8hr anoxia-reoxygenated WT_reoxygenation 3hr,168.0,age: 7 days,8hr anoxia-reoxygenated WT_reoxygenation 3hr,Col_8hrAR_Re3_rep2
GSM1254515,8.0,treatment_duration,from:8hr anoxia-reoxygenated WT_reoxygenation 3hr,168.0,age: 7 days,8hr anoxia-reoxygenated WT_reoxygenation 3hr,Col_8hrAR_Re3_rep3
GSM1254516,8.0,treatment_duration,from:8hr anoxia-reoxygenated WT_reoxygenation 3hr,168.0,age: 7 days,8hr anoxia-reoxygenated WT_reoxygenation 3hr,Col_8hrAR_Re3_rep4
GSM1254517,8.0,treatment_duration,from:8hr anoxia-reoxygenated WT_reoxygenation 6hr,168.0,age: 7 days,8hr anoxia-reoxygenated WT_reoxygenation 6hr,Col_8hrAR_Re6_rep1
GSM1254518,8.0,treatment_duration,from:8hr anoxia-reoxygenated WT_reoxygenation 6hr,168.0,age: 7 days,8hr anoxia-reoxygenated WT_reoxygenation 6hr,Col_8hrAR_Re6_rep2
GSM1254519,8.0,treatment_duration,from:8hr anoxia-reoxygenated WT_reoxygenation 6hr,168.0,age: 7 days,8hr anoxia-reoxygenated WT_reoxygenation 6hr,Col_8hrAR_Re6_rep3
GSM1254520,8.0,treatment_duration,from:8hr anoxia-reoxygenated WT_reoxygenation 6hr,168.0,age: 7 days,8hr anoxia-reoxygenated WT_reoxygenation 6hr,Col_8hrAR_Re6_rep4
GSM1254521,4.0,treatment_duration,from:WT_normal condition_before 4hr anoxia,168.0,age: 7 days,WT_normal condition_before 4hr anoxia,Col_4hrAR_Nor_rep1
GSM1254522,4.0,treatment_duration,from:WT_normal condition_before 4hr anoxia,168.0,age: 7 days,WT_normal condition_before 4hr anoxia,Col_4hrAR_Nor_rep2
GSM1254523,4.0,treatment_duration,from:WT_normal condition_before 4hr anoxia,168.0,age: 7 days,WT_normal condition_before 4hr anoxia,Col_4hrAR_Nor_rep3
GSM1254524,4.0,treatment_duration,from:4hr anoxia-reoxygenated WT_reoxygenation 0hr,168.0,age: 7 days,4hr anoxia-reoxygenated WT_reoxygenation 0hr,Col_4hrAR_Re0_rep1
GSM1254525,4.0,treatment_duration,from:4hr anoxia-reoxygenated WT_reoxygenation 0hr,168.0,age: 7 days,4hr anoxia-reoxygenated WT_reoxygenation 0hr,Col_4hrAR_Re0_rep2
GSM1254526,4.0,treatment_duration,from:4hr anoxia-reoxygenated WT_reoxygenation 0hr,168.0,age: 7 days,4hr anoxia-reoxygenated WT_reoxygenation 0hr,Col_4hrAR_Re0_rep3
GSM1254527,4.0,treatment_duration,from:4hr anoxia-reoxygenated WT_reoxygenation 0.5hr,168.0,age: 7 days,4hr anoxia-reoxygenated WT_reoxygenation 0.5hr,Col_4hrAR_Re0.5_rep1
GSM1254528,4.0,treatment_duration,from:4hr anoxia-reoxygenated WT_reoxygenation 0.5hr,168.0,age: 7 days,4hr anoxia-reoxygenated WT_reoxygenation 0.5hr,Col_4hrAR_Re0.5_rep2
GSM1254529,4.0,treatment_duration,from:4hr anoxia-reoxygenated WT_reoxygenation 0.5hr,168.0,age: 7 days,4hr anoxia-reoxygenated WT_reoxygenation 0.5hr,Col_4hrAR_Re0.5_rep3
GSM1254530,4.0,treatment_duration,from:4hr anoxia-reoxygenated WT_reoxygenation 1hr,168.0,age: 7 days,4hr anoxia-reoxygenated WT_reoxygenation 1hr,Col_4hrAR_Re1_rep1
GSM1254531,4.0,treatment_duration,from:4hr anoxia-reoxygenated WT_reoxygenation 1hr,168.0,age: 7 days,4hr anoxia-reoxygenated WT_reoxygenation 1hr,Col_4hrAR_Re1_rep2
GSM1254532,4.0,treatment_duration,from:4hr anoxia-reoxygenated WT_reoxygenation 1hr,168.0,age: 7 days,4hr anoxia-reoxygenated WT_reoxygenation 1hr,Col_4hrAR_Re1_rep3
GSM1254533,4.0,treatment_duration,from:4hr anoxia-reoxygenated WT_reoxygenation 3hr,168.0,age: 7 days,4hr anoxia-reoxygenated WT_reoxygenation 3hr,Col_4hrAR_Re3_rep1
GSM1254534,4.0,treatment_duration,from:4hr anoxia-reoxygenated WT_reoxygenation 3hr,168.0,age: 7 days,4hr anoxia-reoxygenated WT_reoxygenation 3hr,Col_4hrAR_Re3_rep2
GSM1254535,4.0,treatment_duration,from:4hr anoxia-reoxygenated WT_reoxygenation 3hr,168.0,age: 7 days,4hr anoxia-reoxygenated WT_reoxygenation 3hr,Col_4hrAR_Re3_rep3
GSM1254536,4.0,treatment_duration,from:4hr anoxia-reoxygenated WT_reoxygenation 6hr,168.0,age: 7 days,4hr anoxia-reoxygenated WT_reoxygenation 6hr,Col_4hrAR_Re6_rep1
GSM1254537,4.0,treatment_duration,from:4hr anoxia-reoxygenated WT_reoxygenation 6hr,168.0,age: 7 days,4hr anoxia-reoxygenated WT_reoxygenation 6hr,Col_4hrAR_Re6_rep2
GSM1254538,4.0,treatment_duration,from:4hr anoxia-reoxygenated WT_reoxygenation 6hr,168.0,age: 7 days,4hr anoxia-reoxygenated WT_reoxygenation 6hr,Col_4hrAR_Re6_rep3
GSM1254539,4.0,treatment_duration,from:ein2-5_normal condition_4hr anoxia,168.0,age: 7 days,ein2-5_normal condition_4hr anoxia,ein2-5_4hrAR_Nor_rep1
GSM1254540,4.0,treatment_duration,from:ein2-5_normal condition_4hr anoxia,168.0,age: 7 days,ein2-5_normal condition_4hr anoxia,ein2-5_4hrAR_Nor_rep2
GSM1254541,4.0,treatment_duration,from:ein2-5_normal condition_4hr anoxia,168.0,age: 7 days,ein2-5_normal condition_4hr anoxia,ein2-5_4hrAR_Nor_rep3
GSM1254542,4.0,treatment_duration,from:4hr anoxia-reoxygenated ein2-5_reoxygenation 0hr,168.0,age: 7 days,4hr anoxia-reoxygenated ein2-5_reoxygenation 0hr,ein2-5_4hrAR_Re0_rep1
GSM1254543,4.0,treatment_duration,from:4hr anoxia-reoxygenated ein2-5_reoxygenation 0hr,168.0,age: 7 days,4hr anoxia-reoxygenated ein2-5_reoxygenation 0hr,ein2-5_4hrAR_Re0_rep2
GSM1254544,4.0,treatment_duration,from:4hr anoxia-reoxygenated ein2-5_reoxygenation 0hr,168.0,age: 7 days,4hr anoxia-reoxygenated ein2-5_reoxygenation 0hr,ein2-5_4hrAR_Re0_rep3
GSM1254545,4.0,treatment_duration,from:4hr anoxia-reoxygenated ein2-5_reoxygenation 0.5hr,168.0,age: 7 days,4hr anoxia-reoxygenated ein2-5_reoxygenation 0.5hr,ein2-5_4hrAR_Re0.5_rep1
GSM1254546,4.0,treatment_duration,from:4hr anoxia-reoxygenated ein2-5_reoxygenation 0.5hr,168.0,age: 7 days,4hr anoxia-reoxygenated ein2-5_reoxygenation 0.5hr,ein2-5_4hrAR_Re0.5_rep2
GSM1254547,4.0,treatment_duration,from:4hr anoxia-reoxygenated ein2-5_reoxygenation 0.5hr,168.0,age: 7 days,4hr anoxia-reoxygenated ein2-5_reoxygenation 0.5hr,ein2-5_4hrAR_Re0.5_rep3
GSM1254548,4.0,treatment_duration,from:4hr anoxia-reoxygenated ein2-5_reoxygenation 1hr,168.0,age: 7 days,4hr anoxia-reoxygenated ein2-5_reoxygenation 1hr,ein2-5_4hrAR_Re1_rep1
GSM1254549,4.0,treatment_duration,from:4hr anoxia-reoxygenated ein2-5_reoxygenation 1hr,168.0,age: 7 days,4hr anoxia-reoxygenated ein2-5_reoxygenation 1hr,ein2-5_4hrAR_Re1_rep2
GSM1254550,4.0,treatment_duration,from:4hr anoxia-reoxygenated ein2-5_reoxygenation 1hr,168.0,age: 7 days,4hr anoxia-reoxygenated ein2-5_reoxygenation 1hr,ein2-5_4hrAR_Re1_rep3
GSM1254551,4.0,treatment_duration,from:4hr anoxia-reoxygenated ein2-5_reoxygenation 3hr,168.0,age: 7 days,4hr anoxia-reoxygenated ein2-5_reoxygenation 3hr,ein2-5_4hrAR_Re3_rep1
GSM1254552,4.0,treatment_duration,from:4hr anoxia-reoxygenated ein2-5_reoxygenation 3hr,168.0,age: 7 days,4hr anoxia-reoxygenated ein2-5_reoxygenation 3hr,ein2-5_4hrAR_Re3_rep2
GSM1254553,4.0,treatment_duration,from:4hr anoxia-reoxygenated ein2-5_reoxygenation 3hr,168.0,age: 7 days,4hr anoxia-reoxygenated ein2-5_reoxygenation 3hr,ein2-5_4hrAR_Re3_rep3
GSM1254554,4.0,treatment_duration,from:4hr anoxia-reoxygenated ein2-5_reoxygenation 6hr,168.0,age: 7 days,4hr anoxia-reoxygenated ein2-5_reoxygenation 6hr,ein2-5_4hrAR_Re6_rep1
GSM1254555,4.0,treatment_duration,from:4hr anoxia-reoxygenated ein2-5_reoxygenation 6hr,168.0,age: 7 days,4hr anoxia-reoxygenated ein2-5_reoxygenation 6hr,ein2-5_4hrAR_Re6_rep2
GSM1254556,4.0,treatment_duration,from:4hr anoxia-reoxygenated ein2-5_reoxygenation 6hr,168.0,age: 7 days,4hr anoxia-reoxygenated ein2-5_reoxygenation 6hr,ein2-5_4hrAR_Re6_rep3
GSM1254557,4.0,treatment_duration,from:ein3eil1_normal condition_before 4h anoxia,168.0,age: 7 days,ein3eil1_normal condition_before 4h anoxia,ein3eil1_4hrAR_Nor_rep1
GSM1254558,4.0,treatment_duration,from:ein3eil1_normal condition_before 4h anoxia,168.0,age: 7 days,ein3eil1_normal condition_before 4h anoxia,ein3eil1_4hrAR_Nor_rep2
GSM1254559,4.0,treatment_duration,from:ein3eil1_normal condition_before 4h anoxia,168.0,age: 7 days,ein3eil1_normal condition_before 4h anoxia,ein3eil1_4hrAR_Nor_rep3
GSM1254560,4.0,treatment_duration,from:4hr anoxia-reoxygenated ein3eil1_reoxygenation 0hr,168.0,age: 7 days,4hr anoxia-reoxygenated ein3eil1_reoxygenation 0hr,ein3eil1_4hrAR_Re0_rep1
GSM1254561,4.0,treatment_duration,from:4hr anoxia-reoxygenated ein3eil1_reoxygenation 0hr,168.0,age: 7 days,4hr anoxia-reoxygenated ein3eil1_reoxygenation 0hr,ein3eil1_4hrAR_Re0_rep2
GSM1254562,4.0,treatment_duration,from:4hr anoxia-reoxygenated ein3eil1_reoxygenation 0hr,168.0,age: 7 days,4hr anoxia-reoxygenated ein3eil1_reoxygenation 0hr,ein3eil1_4hrAR_Re0_rep3
GSM1254563,4.0,treatment_duration,from:4hr anoxia-reoxygenated ein3eil1_reoxygenation 0.5hr,168.0,age: 7 days,4hr anoxia-reoxygenated ein3eil1_reoxygenation 0.5hr,ein3eil1_4hrAR_Re0.5_rep1
GSM1254564,4.0,treatment_duration,from:4hr anoxia-reoxygenated ein3eil1_reoxygenation 0.5hr,168.0,age: 7 days,4hr anoxia-reoxygenated ein3eil1_reoxygenation 0.5hr,ein3eil1_4hrAR_Re0.5_rep2
GSM1254565,4.0,treatment_duration,from:4hr anoxia-reoxygenated ein3eil1_reoxygenation 0.5hr,168.0,age: 7 days,4hr anoxia-reoxygenated ein3eil1_reoxygenation 0.5hr,ein3eil1_4hrAR_Re0.5_rep3
GSM1254566,4.0,treatment_duration,from:4hr anoxia-reoxygenated ein3eil1_reoxygenation 1hr,168.0,age: 7 days,4hr anoxia-reoxygenated ein3eil1_reoxygenation 1hr,ein3eil1_4hrAR_Re1_rep1
GSM1254567,4.0,treatment_duration,from:4hr anoxia-reoxygenated ein3eil1_reoxygenation 1hr,168.0,age: 7 days,4hr anoxia-reoxygenated ein3eil1_reoxygenation 1hr,ein3eil1_4hrAR_Re1_rep2
GSM1254568,4.0,treatment_duration,from:4hr anoxia-reoxygenated ein3eil1_reoxygenation 1hr,168.0,age: 7 days,4hr anoxia-reoxygenated ein3eil1_reoxygenation 1hr,ein3eil1_4hrAR_Re1_rep3
GSM1254569,4.0,treatment_duration,from:4hr anoxia-reoxygenated ein3eil1_reoxygenation 3hr,168.0,age: 7 days,4hr anoxia-reoxygenated ein3eil1_reoxygenation 3hr,ein3eil1_4hrAR_Re3_rep1
GSM1254570,4.0,treatment_duration,from:4hr anoxia-reoxygenated ein3eil1_reoxygenation 3hr,168.0,age: 7 days,4hr anoxia-reoxygenated ein3eil1_reoxygenation 3hr,ein3eil1_4hrAR_Re3_rep2
GSM1254571,4.0,treatment_duration,from:4hr anoxia-reoxygenated ein3eil1_reoxygenation 3hr,168.0,age: 7 days,4hr anoxia-reoxygenated ein3eil1_reoxygenation 3hr,ein3eil1_4hrAR_Re3_rep3
GSM1254572,4.0,treatment_duration,from:4hr anoxia-reoxygenated ein3eil1_reoxygenation 6hr,168.0,age: 7 days,4hr anoxia-reoxygenated ein3eil1_reoxygenation 6hr,ein3eil1_4hrAR_Re6_rep1
GSM1254573,4.0,treatment_duration,from:4hr anoxia-reoxygenated ein3eil1_reoxygenation 6hr,168.0,age: 7 days,4hr anoxia-reoxygenated ein3eil1_reoxygenation 6hr,ein3eil1_4hrAR_Re6_rep2
GSM1254574,4.0,treatment_duration,from:4hr anoxia-reoxygenated ein3eil1_reoxygenation 6hr,168.0,age: 7 days,4hr anoxia-reoxygenated ein3eil1_reoxygenation 6hr,ein3eil1_4hrAR_Re6_rep3
GSM1257538,24.0,treatment_duration,from:Seven-day-old Arabidopsis seedlings treated for 24 h with DMSO,,,Seven-day-old Arabidopsis seedlings treated for 24 h with DMSO,"Solvent treated, biological rep1"
GSM1257539,24.0,treatment_duration,from:Seven-day-old Arabidopsis seedlings treated for 24 h with DMSO,,,Seven-day-old Arabidopsis seedlings treated for 24 h with DMSO,"Solvent treated, biological rep2"
GSM1257540,24.0,treatment_duration,from:Seven-day-old Arabidopsis seedlings treated for 24 h with DMSO,,,Seven-day-old Arabidopsis seedlings treated for 24 h with DMSO,"Solvent treated, biological rep3"
GSM1257541,24.0,treatment_duration,"from:Seven-day-old Arabidopsis seedlings treated for 24 h with 5 Î¼M 2-(2,4-dichlorophenoxy)-N-[4-(isobutyrylamino)-3-methoxyphenyl]propanamid",,,"Seven-day-old Arabidopsis seedlings treated for 24 h with 5 Î¼M 2-(2,4-dichlorophenoxy)-N-[4-(isobutyrylamino)-3-methoxyphenyl]propanamid","Chemically treated, biological rep1"
GSM1257542,24.0,treatment_duration,"from:Seven-day-old Arabidopsis seedlings treated for 24 h with 5 Î¼M 2-(2,4-dichlorophenoxy)-N-[4-(isobutyrylamino)-3-methoxyphenyl]propanamid",,,"Seven-day-old Arabidopsis seedlings treated for 24 h with 5 Î¼M 2-(2,4-dichlorophenoxy)-N-[4-(isobutyrylamino)-3-methoxyphenyl]propanamid","Chemically treated, biological rep2"
GSM1257543,24.0,treatment_duration,"from:Seven-day-old Arabidopsis seedlings treated for 24 h with 5 Î¼M 2-(2,4-dichlorophenoxy)-N-[4-(isobutyrylamino)-3-methoxyphenyl]propanamid",,,"Seven-day-old Arabidopsis seedlings treated for 24 h with 5 Î¼M 2-(2,4-dichlorophenoxy)-N-[4-(isobutyrylamino)-3-methoxyphenyl]propanamid","Chemically treated, biological rep3"
GSM1263172,3.0,treatment_duration,"from:AtbHLH112, 3h, H2O, replicate 1",,age: four-week-old,"AtbHLH112, 3h, H2O, replicate 1",AtbHLH112_3h_H2O_rep1
GSM1263173,3.0,treatment_duration,"from:AtbHLH112, 3h, H2O, replicate 2",,age: four-week-old,"AtbHLH112, 3h, H2O, replicate 2",AtbHLH112_3h_H2O_rep2
GSM1263174,3.0,treatment_duration,"from:AtbHLH112, 3h, H2O, replicate 3",,age: four-week-old,"AtbHLH112, 3h, H2O, replicate 3",AtbHLH112_3h_H2O_rep3
GSM1263175,3.0,treatment_duration,"from:SALK_033618C, 3h, H2O, replicate 1",,age: four-week-old,"SALK_033618C, 3h, H2O, replicate 1",SALK_033618C_3h_H2O_rep1
GSM1263176,3.0,treatment_duration,"from:SALK_033618C, 3h, H2O, replicate 2",,age: four-week-old,"SALK_033618C, 3h, H2O, replicate 2",SALK_033618C_3h_H2O_rep2
GSM1263177,3.0,treatment_duration,"from:SALK_033618C, 3h, H2O, replicate 3",,age: four-week-old,"SALK_033618C, 3h, H2O, replicate 3",SALK_033618C_3h_H2O_rep3
GSM1263178,3.0,treatment_duration,"from:AtbHLH112, 3h, NaCl, replicate 1",,age: four-week-old,"AtbHLH112, 3h, NaCl, replicate 1",AtbHLH112_3h_NaCl_rep1
GSM1263179,3.0,treatment_duration,"from:AtbHLH112, 3h, NaCl, replicate 2",,age: four-week-old,"AtbHLH112, 3h, NaCl, replicate 2",AtbHLH112_3h_NaCl_rep2
GSM1263180,3.0,treatment_duration,"from:AtbHLH112, 3h, NaCl, replicate 3",,age: four-week-old,"AtbHLH112, 3h, NaCl, replicate 3",AtbHLH112_3h_NaCl_rep3
GSM1263181,3.0,treatment_duration,"from:SALK_033618C, 3h, NaCl, replicate 1",,age: four-week-old,"SALK_033618C, 3h, NaCl, replicate 1",SALK_033618C_3h_NaCl_rep1
GSM1263182,3.0,treatment_duration,"from:SALK_033618C, 3h, NaCl, replicate 2",,age: four-week-old,"SALK_033618C, 3h, NaCl, replicate 2",SALK_033618C_3h_NaCl_rep2
GSM1263183,3.0,treatment_duration,"from:SALK_033618C, 3h, NaCl, replicate 3",,age: four-week-old,"SALK_033618C, 3h, NaCl, replicate 3",SALK_033618C_3h_NaCl_rep3
GSM1318508,0.0,treatment_duration,from:WT; 0h after switch to ambient CO2 concentrations; biological rep 1,504.0,age: 3 weeks,WT_0h after switch to ambient CO2 conc.,WT; 0h after switch to ambient CO2 concentrations; biological rep 1
GSM1318509,8.0,treatment_duration,from:WT; 8h after switch to ambient CO2 concentrations; biological rep 1,504.0,age: 3 weeks,WT_8h after switch to ambient CO2 conc.,WT; 8h after switch to ambient CO2 concentrations; biological rep 1
GSM1318510,8.0,treatment_duration,"from:WT; harvested at 8h, continiously maintained in high CO2; biological rep 1",504.0,age: 3 weeks,"WT_harvested at 8h, continiously maintained in high CO2","WT; harvested at 8h, continiously maintained in high CO2; biological rep 1"
GSM1318511,0.0,treatment_duration,from:cat2-2; 0h after switch to ambient CO2 concentrations; biological rep 1,504.0,age: 3 weeks,cat2-2_0h after switch to ambient CO2 conc.,cat2-2; 0h after switch to ambient CO2 concentrations; biological rep 1
GSM1318512,8.0,treatment_duration,from:cat2-2; 8h after switch to ambient CO2 concentrations; biological rep 1,504.0,age: 3 weeks,cat2-2_8h after switch to ambient CO2 conc.,cat2-2; 8h after switch to ambient CO2 concentrations; biological rep 1
GSM1318513,8.0,treatment_duration,"from:cat2-2; harvested at 8h, continiously maintained in high CO2; biological rep 1",504.0,age: 3 weeks,"cat2-2_harvested at 8h, continiously maintained in high CO2","cat2-2; harvested at 8h, continiously maintained in high CO2; biological rep 1"
GSM1318514,0.0,treatment_duration,from:GO5; 0h after switch to ambient CO2 concentrations; biological rep 1,504.0,age: 3 weeks,GO5_0h after switch to ambient CO2 conc.,GO5; 0h after switch to ambient CO2 concentrations; biological rep 1
GSM1318515,8.0,treatment_duration,from:GO5; 8h after switch to ambient CO2 concentrations; biological rep 1,504.0,age: 3 weeks,GO5_8h after switch to ambient CO2 conc.,GO5; 8h after switch to ambient CO2 concentrations; biological rep 1
GSM1318516,8.0,treatment_duration,"from:GO5; harvested at 8h, continiously maintained in high CO2; biological rep 1",504.0,age: 3 weeks,"GO5_harvested at 8h, continiously maintained in high CO2","GO5; harvested at 8h, continiously maintained in high CO2; biological rep 1"
GSM1318517,0.0,treatment_duration,from:WT; 0h after switch to ambient CO2 concentrations; biological rep 2,504.0,age: 3 weeks,WT_0h after switch to ambient CO2 conc.,WT; 0h after switch to ambient CO2 concentrations; biological rep 2
GSM1318518,8.0,treatment_duration,from:WT; 8h after switch to ambient CO2 concentrations; biological rep 2,504.0,age: 3 weeks,WT_8h after switch to ambient CO2 conc.,WT; 8h after switch to ambient CO2 concentrations; biological rep 2
GSM1318519,8.0,treatment_duration,"from:WT; harvested at 8h, continiously maintained in high CO2; biological rep 2",504.0,age: 3 weeks,"WT_harvested at 8h, continiously maintained in high CO2","WT; harvested at 8h, continiously maintained in high CO2; biological rep 2"
GSM1318520,0.0,treatment_duration,from:cat2-2; 0h after switch to ambient CO2 concentrations; biological rep 2,504.0,age: 3 weeks,cat2-2_0h after switch to ambient CO2 conc.,cat2-2; 0h after switch to ambient CO2 concentrations; biological rep 2
GSM1318521,8.0,treatment_duration,from:cat2-2; 8h after switch to ambient CO2 concentrations; biological rep 2,504.0,age: 3 weeks,cat2-2_8h after switch to ambient CO2 conc.,cat2-2; 8h after switch to ambient CO2 concentrations; biological rep 2
GSM1318522,8.0,treatment_duration,"from:cat2-2; harvested at 8h, continiously maintained in high CO2; biological rep 2",504.0,age: 3 weeks,"cat2-2_harvested at 8h, continiously maintained in high CO2","cat2-2; harvested at 8h, continiously maintained in high CO2; biological rep 2"
GSM1318523,0.0,treatment_duration,from:GO5; 0h after switch to ambient CO2 concentrations; biological rep 2,504.0,age: 3 weeks,GO5_0h after switch to ambient CO2 conc.,GO5; 0h after switch to ambient CO2 concentrations; biological rep 2
GSM1318524,8.0,treatment_duration,from:GO5; 8h after switch to ambient CO2 concentrations; biological rep 2,504.0,age: 3 weeks,GO5_8h after switch to ambient CO2 conc.,GO5; 8h after switch to ambient CO2 concentrations; biological rep 2
GSM1318525,8.0,treatment_duration,"from:GO5; harvested at 8h, continiously maintained in high CO2; biological rep 2",504.0,age: 3 weeks,"GO5_harvested at 8h, continiously maintained in high CO2","GO5; harvested at 8h, continiously maintained in high CO2; biological rep 2"
GSM1318526,0.0,treatment_duration,from:WT; 0h after switch to ambient CO2 concentrations; biological rep 3,504.0,age: 3 weeks,WT_0h after switch to ambient CO2 conc.,WT; 0h after switch to ambient CO2 concentrations; biological rep 3
GSM1318527,8.0,treatment_duration,from:WT; 8h after switch to ambient CO2 concentrations; biological rep 3,504.0,age: 3 weeks,WT_8h after switch to ambient CO2 conc.,WT; 8h after switch to ambient CO2 concentrations; biological rep 3
GSM1318528,8.0,treatment_duration,"from:WT; harvested at 8h, continiously maintained in high CO2; biological rep 3",504.0,age: 3 weeks,"WT_harvested at 8h, continiously maintained in high CO2","WT; harvested at 8h, continiously maintained in high CO2; biological rep 3"
GSM1318529,0.0,treatment_duration,from:cat2-2; 0h after switch to ambient CO2 concentrations; biological rep 3,504.0,age: 3 weeks,cat2-2_0h after switch to ambient CO2 conc.,cat2-2; 0h after switch to ambient CO2 concentrations; biological rep 3
GSM1318530,8.0,treatment_duration,from:cat2-2; 8h after switch to ambient CO2 concentrations; biological rep 3,504.0,age: 3 weeks,cat2-2_8h after switch to ambient CO2 conc.,cat2-2; 8h after switch to ambient CO2 concentrations; biological rep 3
GSM1318531,8.0,treatment_duration,"from:cat2-2; harvested at 8h, continiously maintained in high CO2; biological rep 3",504.0,age: 3 weeks,"cat2-2_harvested at 8h, continiously maintained in high CO2","cat2-2; harvested at 8h, continiously maintained in high CO2; biological rep 3"
GSM1318532,0.0,treatment_duration,from:GO5; 0h after switch to ambient CO2 concentrations; biological rep 3,504.0,age: 3 weeks,GO5_0h after switch to ambient CO2 conc.,GO5; 0h after switch to ambient CO2 concentrations; biological rep 3
GSM1318533,8.0,treatment_duration,from:GO5; 8h after switch to ambient CO2 concentrations; biological rep 3,504.0,age: 3 weeks,GO5_8h after switch to ambient CO2 conc.,GO5; 8h after switch to ambient CO2 concentrations; biological rep 3
GSM1318534,8.0,treatment_duration,"from:GO5; harvested at 8h, continiously maintained in high CO2; biological rep 3",504.0,age: 3 weeks,"GO5_harvested at 8h, continiously maintained in high CO2","GO5; harvested at 8h, continiously maintained in high CO2; biological rep 3"
GSM1373417,36.0,unknown,time: 36 das,,,"Rosette, Control at 36 DAS",Rosette_Control_36 DAS_rep1
GSM1373418,36.0,unknown,time: 36 das,,,"Rosette, Control at 36 DAS",Rosette_Control_36 DAS_rep2
GSM1373419,36.0,unknown,time: 36 das,,,"Rosette, Control at 36 DAS",Rosette_Control_36 DAS_rep3
GSM1373420,36.0,unknown,time: 36 das,,,"Rosette, Control at 36 DAS",Rosette_Control_36 DAS_rep4
GSM1373421,36.0,unknown,time: 36 das,,,"Rosette, Heat & Drought stress at 36 DAS",Rosette_Heat&Drought_36 DAS_rep1
GSM1373422,36.0,unknown,time: 36 das,,,"Rosette, Heat & Drought stress at 36 DAS",Rosette_Heat&Drought_36 DAS_rep2
GSM1373423,36.0,unknown,time: 36 das,,,"Rosette, Heat & Drought stress at 36 DAS",Rosette_Heat&Drought_36 DAS_rep3
GSM1373424,36.0,unknown,time: 36 das,,,"Rosette, Heat & Drought stress at 36 DAS",Rosette_Heat&Drought_36 DAS_rep4
GSM1373425,36.0,unknown,time: 36 das,,,"Rosette, High CO2 at 36 DAS",Rosette_High CO2_36 DAS_rep1
GSM1373426,36.0,unknown,time: 36 das,,,"Rosette, High CO2 at 36 DAS",Rosette_High CO2_36 DAS_rep2
GSM1373427,36.0,unknown,time: 36 das,,,"Rosette, High CO2 at 36 DAS",Rosette_High CO2_36 DAS_rep3
GSM1373428,36.0,unknown,time: 36 das,,,"Rosette, High CO2 at 36 DAS",Rosette_High CO2_36 DAS_rep4
GSM1373429,36.0,unknown,time: 36 das,,,"Rosette, Heat&Drought + High CO2 at 36 DAS",Rosette_HD+High CO2_36 DAS_rep1
GSM1373430,36.0,unknown,time: 36 das,,,"Rosette, Heat&Drought + High CO2 at 36 DAS",Rosette_HD+High CO2_36 DAS_rep2
GSM1373431,36.0,unknown,time: 36 das,,,"Rosette, Heat&Drought + High CO2 at 36 DAS",Rosette_HD+High CO2_36 DAS_rep3
GSM1373432,36.0,unknown,time: 36 das,,,"Rosette, Heat&Drought + High CO2 at 36 DAS",Rosette_HD+High CO2_36 DAS_rep4
GSM1378558,432.0,treatment_duration,from:Col-0 samples were harvested at 18 day-old after germination under normal MS condition.,,,Col-0 samples were harvested at 18 day-old after germination under normal MS condition.,Col0_control biological rep1
GSM1378559,432.0,treatment_duration,from:Col-0 samples were harvested at 18 day-old after germination under normal MS condition.,,,Col-0 samples were harvested at 18 day-old after germination under normal MS condition.,Col0_control biological rep2
GSM1378560,432.0,treatment_duration,from:Col-0 samples were harvested at 18 day-old after germination under normal MS condition.,,,Col-0 samples were harvested at 18 day-old after germination under normal MS condition.,Col0_control biological rep3
GSM1378561,432.0,treatment_duration,from:pad2-1 samples were harvested at 18 day-old after germination under normal MS condition.,,,pad2-1 samples were harvested at 18 day-old after germination under normal MS condition.,pad21_control biological rep1
GSM1378562,432.0,treatment_duration,from:pad2-1 samples were harvested at 18 day-old after germination under normal MS condition.,,,pad2-1 samples were harvested at 18 day-old after germination under normal MS condition.,pad21_control biological rep2
GSM1378563,432.0,treatment_duration,from:pad2-1 samples were harvested at 18 day-old after germination under normal MS condition.,,,pad2-1 samples were harvested at 18 day-old after germination under normal MS condition.,pad21_control biological rep3
GSM1378564,432.0,treatment_duration,from:Col-0 samples were harvested at 18 day-old after germination under normal MS condition.,,,Col-0 samples were harvested at 18 day-old after germination under normal MS condition.,Col0_P-lim biological rep1
GSM1378565,432.0,treatment_duration,from:Col-0 samples were harvested at 18 day-old after germination under normal MS condition.,,,Col-0 samples were harvested at 18 day-old after germination under normal MS condition.,Col0_P-lim biological rep2
GSM1378566,432.0,treatment_duration,from:Col-0 samples were harvested at 18 day-old after germination under normal MS condition.,,,Col-0 samples were harvested at 18 day-old after germination under normal MS condition.,Col0_P-lim biological rep3
GSM1378567,432.0,treatment_duration,from:pad2-1 samples were harvested at 18 day-old after germination under normal P-lim condition.,,,pad2-1 samples were harvested at 18 day-old after germination under normal P-lim condition.,pad21_P-lim biological rep1
GSM1378568,432.0,treatment_duration,from:pad2-1 samples were harvested at 18 day-old after germination under normal P-lim condition.,,,pad2-1 samples were harvested at 18 day-old after germination under normal P-lim condition.,pad21_P-lim biological rep2
GSM1378569,432.0,treatment_duration,from:pad2-1 samples were harvested at 18 day-old after germination under normal P-lim condition.,,,pad2-1 samples were harvested at 18 day-old after germination under normal P-lim condition.,pad21_P-lim biological rep3
GSM1378570,432.0,treatment_duration,from:Col-0 samples were harvested at 18 day-old after germination under normal MS condition.,,,Col-0 samples were harvested at 18 day-old after germination under normal MS condition.,Col0_MV biological rep1
GSM1378571,432.0,treatment_duration,from:Col-0 samples were harvested at 18 day-old after germination under normal MS condition.,,,Col-0 samples were harvested at 18 day-old after germination under normal MS condition.,Col0_MV biological rep2
GSM1378572,432.0,treatment_duration,from:Col-0 samples were harvested at 18 day-old after germination under normal MS condition.,,,Col-0 samples were harvested at 18 day-old after germination under normal MS condition.,Col0_MV biological rep3
GSM1378573,432.0,treatment_duration,from:pad2-1 samples were harvested at 18 day-old after germination under MV treatment.,,,pad2-1 samples were harvested at 18 day-old after germination under MV treatment.,pad21_MV biological rep1
GSM1378574,432.0,treatment_duration,from:pad2-1 samples were harvested at 18 day-old after germination under MV treatment.,,,pad2-1 samples were harvested at 18 day-old after germination under MV treatment.,pad21_MV biological rep2
GSM1378575,432.0,treatment_duration,from:pad2-1 samples were harvested at 18 day-old after germination under MV treatment.,,,pad2-1 samples were harvested at 18 day-old after germination under MV treatment.,pad21_MV biological rep3
GSM1419228,48.0,treatment_duration,from:2 days -p,288.0,age: 12 days,"Arabidopsis root after 2 days, control (without fungi)",2 days -p
GSM1419229,48.0,treatment_duration,from:2 days +p,288.0,age: 12 days,Arabidopsis root after 2 days  interaction with fungi control (with fungi),2 days +p
GSM1419230,144.0,treatment_duration,from:6 days -p,384.0,age: 16 days,"Arabidopsis root after 6 days, control (without fungi)",6 days -p
GSM1419231,144.0,treatment_duration,from:6 days +p,384.0,age: 16 days,Arabidopsis root after 6 days  interaction with fungi control (with fungi),6 days +p
GSM1439456,,,,240.0,age: 10 days,Arabidopsis shoot,"Wassilewskija-4 shoot, biological rep1"
GSM1439457,,,,240.0,age: 10 days,Arabidopsis shoot,"Wassilewskija-4 shoot, biological rep2"
GSM1439458,,,,240.0,age: 10 days,Arabidopsis shoot,"Wassilewskija-4 shoot, biological rep3"
GSM1439459,,,,240.0,age: 10 days,Arabidopsis shoot,"aladin shoot, biological rep1"
GSM1439460,,,,240.0,age: 10 days,Arabidopsis shoot,"aladin shoot, biological rep2"
GSM1439461,,,,240.0,age: 10 days,Arabidopsis shoot,"aladin shoot, biological rep3"
GSM1439462,,,,240.0,age: 10 days,Arabidopsis root,"Wassilewskija-4 root, biological rep1"
GSM1439463,,,,240.0,age: 10 days,Arabidopsis root,"Wassilewskija-4 root, biological rep2"
GSM1439464,,,,240.0,age: 10 days,Arabidopsis root,"Wassilewskija-4 root, biological rep3"
GSM1439465,,,,240.0,age: 10 days,Arabidopsis root,"aladin root, biological rep1"
GSM1439466,,,,240.0,age: 10 days,Arabidopsis root,"aladin root, biological rep2"
GSM1439467,,,,240.0,age: 10 days,Arabidopsis root,"aladin root, biological rep3"
GSM1468787,3.0,treatment_duration,"from:AtbHLH112, 3h, H2O, replicate 1",,age: four-week-old seedlings,"AtbHLH112, 3h, H2O, replicate 1",AtbHLH112_3h_H2O_rep1
GSM1468788,3.0,treatment_duration,"from:AtbHLH112, 3h, H2O, replicate 2",,age: four-week-old seedlings,"AtbHLH112, 3h, H2O, replicate 2",AtbHLH112_3h_H2O_rep2
GSM1468789,3.0,treatment_duration,"from:AtbHLH112, 3h, H2O, replicate 3",,age: four-week-old seedlings,"AtbHLH112, 3h, H2O, replicate 3",AtbHLH112_3h_H2O_rep3
GSM1468790,3.0,treatment_duration,"from:SALK_033618C, 3h, H2O, replicate 1",,age: four-week-old seedlings,"SALK_033618C, 3h, H2O, replicate 1",SALK_033618C_3h_H2O_rep1
GSM1468791,3.0,treatment_duration,"from:SALK_033618C, 3h, H2O, replicate 2",,age: four-week-old seedlings,"SALK_033618C, 3h, H2O, replicate 2",SALK_033618C_3h_H2O_rep2
GSM1468792,3.0,treatment_duration,"from:SALK_033618C, 3h, H2O, replicate 3",,age: four-week-old seedlings,"SALK_033618C, 3h, H2O, replicate 3",SALK_033618C_3h_H2O_rep3
GSM1468793,3.0,treatment_duration,"from:WILDTYPE, 3h, H2O, replicate 1",,age: four-week-old seedlings,"WILDTYPE, 3h, H2O, replicate 1",WILDTYPE_3h_H2O_rep1
GSM1468794,3.0,treatment_duration,"from:WILDTYPE, 3h, H2O, replicate 2",,age: four-week-old seedlings,"WILDTYPE, 3h, H2O, replicate 2",WILDTYPE_3h_H2O_rep2
GSM1468795,3.0,treatment_duration,"from:WILDTYPE, 3h, H2O, replicate 3",,age: four-week-old seedlings,"WILDTYPE, 3h, H2O, replicate 3",WILDTYPE_3h_H2O_rep3
GSM1468796,3.0,treatment_duration,"from:AtbHLH112, 3h, NaCl, replicate 1",,age: four-week-old seedlings,"AtbHLH112, 3h, NaCl, replicate 1",AtbHLH112_3h_NaCl_rep1
GSM1468797,3.0,treatment_duration,"from:AtbHLH112, 3h, NaCl, replicate 2",,age: four-week-old seedlings,"AtbHLH112, 3h, NaCl, replicate 2",AtbHLH112_3h_NaCl_rep2
GSM1468798,3.0,treatment_duration,"from:AtbHLH112, 3h, NaCl, replicate 3",,age: four-week-old seedlings,"AtbHLH112, 3h, NaCl, replicate 3",AtbHLH112_3h_NaCl_rep3
GSM1468799,3.0,treatment_duration,"from:SALK_033618C, 3h, NaCl, replicate 1",,age: four-week-old seedlings,"SALK_033618C, 3h, NaCl, replicate 1",SALK_033618C_3h_NaCl_rep1
GSM1468800,3.0,treatment_duration,"from:SALK_033618C, 3h, NaCl, replicate 2",,age: four-week-old seedlings,"SALK_033618C, 3h, NaCl, replicate 2",SALK_033618C_3h_NaCl_rep2
GSM1468801,3.0,treatment_duration,"from:SALK_033618C, 3h, NaCl, replicate 3",,age: four-week-old seedlings,"SALK_033618C, 3h, NaCl, replicate 3",SALK_033618C_3h_NaCl_rep3
GSM1468802,3.0,treatment_duration,"from:WILDTYPE, 3h, NaCl, replicate 1",,age: four-week-old seedlings,"WILDTYPE, 3h, NaCl, replicate 1",WILDTYPE_3h_NaCl_rep1
GSM1468803,3.0,treatment_duration,"from:WILDTYPE, 3h, NaCl, replicate 2",,age: four-week-old seedlings,"WILDTYPE, 3h, NaCl, replicate 2",WILDTYPE_3h_NaCl_rep2
GSM1468804,3.0,treatment_duration,"from:WILDTYPE, 3h, NaCl, replicate 3",,age: four-week-old seedlings,"WILDTYPE, 3h, NaCl, replicate 3",WILDTYPE_3h_NaCl_rep3
GSM1535667,3.0,treatment_duration,"from:ThbZIP1, 3h, H2O, replicate 1",,age: four-week-old seedlings,"ThbZIP1, 3h, H2O, replicate 1",ThbZIP1_3h_H2O_rep1
GSM1535668,3.0,treatment_duration,"from:ThbZIP1, 3h, H2O, replicate 2",,age: four-week-old seedlings,"ThbZIP1, 3h, H2O, replicate 2",ThbZIP1_3h_H2O_rep2
GSM1535669,3.0,treatment_duration,"from:WILDTYPE, 3h, H2O, replicate 1",,age: four-week-old seedlings,"WILDTYPE, 3h, H2O, replicate 1",WILDTYPE_3h_H2O_rep1
GSM1535670,3.0,treatment_duration,"from:WILDTYPE, 3h, H2O, replicate 2",,age: four-week-old seedlings,"WILDTYPE, 3h, H2O, replicate 2",WILDTYPE_3h_H2O_rep2
GSM1535671,3.0,treatment_duration,"from:ThbZIP1, 3h, ABA, replicate 1",,age: four-week-old seedlings,"ThbZIP1, 3h, ABA, replicate 1",ThbZIP1_3h_ABA_rep1
GSM1535672,3.0,treatment_duration,"from:ThbZIP1, 3h, ABA, replicate 2",,age: four-week-old seedlings,"ThbZIP1, 3h, ABA, replicate 2",ThbZIP1_3h_ABA_rep2
GSM1535673,3.0,treatment_duration,"from:WILDTYPE, 3h, ABA, replicate 1",,age: four-week-old seedlings,"WILDTYPE, 3h, ABA, replicate 1",WILDTYPE_3h_ABA_rep1
GSM1535674,3.0,treatment_duration,"from:WILDTYPE, 3h, ABA, replicate 2",,age: four-week-old seedlings,"WILDTYPE, 3h, ABA, replicate 2",WILDTYPE_3h_ABA_rep2
GSM1543550,3.0,treatment_duration,from:Col after 3h chilling treatment rep1,,,"Col WT, 4 degree for 3 h, replicate 1",Col after 3h chilling treatment rep1
GSM1543551,3.0,treatment_duration,from:Col after 3h chilling treatment rep2,,,"Col WT, 4 degree for 3 h, replicate 2",Col after 3h chilling treatment rep2
GSM1543552,48.0,treatment_duration,from:Col after 48h chilling treatment rep1,,,"Col WT, 4 degree for 48 h, replicate 1",Col after 48h chilling treatment rep1
GSM1543553,48.0,treatment_duration,from:Col after 48h chilling treatment rep2,,,"Col WT, 4 degree for 48 h, replicate 2",Col after 48h chilling treatment rep2
GSM1543556,3.0,treatment_duration,from:RDM4 overexpression after 3h chilling treatment rep1,,,"RDM4 OX, 4 degree for 3 h, replicate 1",RDM4 overexpression after 3h chilling treatment rep1
GSM1543557,3.0,treatment_duration,from:RDM4 overexpression after 3h chilling treatment rep2,,,"RDM4 OX, 4 degree for 3 h, replicate 2",RDM4 overexpression after 3h chilling treatment rep2
GSM1543558,48.0,treatment_duration,from:RDM4 overexpression after 48h chilling treatment rep1,,,"RDM4 OX, 4 degree for 48 h, replicate 1",RDM4 overexpression after 48h chilling treatment rep1
GSM1543559,48.0,treatment_duration,from:RDM4 overexpression after 48h chilling treatment rep2,,,"RDM4 OX, 4 degree for 48 h, replicate 2",RDM4 overexpression after 48h chilling treatment rep2
GSM1543561,3.0,treatment_duration,from:C24 WT at 3h after chilling rep1,,,"Col WT, chilling treatment for 3h, replicate 1",C24 WT at 3h after chilling rep1
GSM1543562,48.0,treatment_duration,from:C24 WT at 48h after chilling rep1,,,"Col WT, chilling treatment for 48h, replicate 1",C24 WT at 48h after chilling rep1
GSM1543564,3.0,treatment_duration,from:rdm4 mutant at 3h after chilling rep1,,,"rdm4 mutant, chilling treatment for 3h, replicate 1",rdm4 mutant at 3h after chilling rep1
GSM1543565,48.0,treatment_duration,from:rdm4 mutant at 48h after chilling rep1,,,"rdm4 mutant, chilling treatment for 48h, replicate 1",rdm4 mutant at 48h after chilling rep1
GSM1543567,3.0,treatment_duration,from:C24 WT at 3h after chilling rep2,,,"Col WT, chilling treatment for 3h, replicate 2",C24 WT at 3h after chilling rep2
GSM1543568,48.0,treatment_duration,from:C24 WT at 48h after chilling rep2,,,"Col WT, chilling treatment for 48h, replicate 2",C24 WT at 48h after chilling rep2
GSM1543570,3.0,treatment_duration,from:rdm4 mutant at 3h after chilling rep2,,,"rdm4 mutant, chilling treatment for 3h, replicate 2",rdm4 mutant at 3h after chilling rep2
GSM1543571,48.0,treatment_duration,from:rdm4 mutant at 48h after chilling rep2,,,"rdm4 mutant, chilling treatment for 48h, replicate 2",rdm4 mutant at 48h after chilling rep2
GSM1561079,240.0,treatment_duration,from:10 days plants treated with iron sufficient mediem for 3 days,312.0,age: 13 days,10 days plants treated with iron sufficient mediem for 3 days,Arabidopsis Col root biological rep1
GSM1561080,240.0,treatment_duration,from:10 days plants treated with iron sufficient mediem for 3 days,312.0,age: 13 days,10 days plants treated with iron sufficient mediem for 3 days,Arabidopsis Col root biological rep2
GSM1561081,240.0,treatment_duration,from:10 days plants treated with iron sufficient mediem for 3 days,312.0,age: 13 days,10 days plants treated with iron sufficient mediem for 3 days,Arabidopsis Col root biological rep3
GSM1561082,240.0,treatment_duration,from:10 days plants treated with iron deficiency mediem for 3 days,312.0,age: 13 days,10 days plants treated with iron deficiency mediem for 3 days,Arabidopsis Col-Fe root biological rep1
GSM1561083,240.0,treatment_duration,from:10 days plants treated with iron deficiency mediem for 3 days,312.0,age: 13 days,10 days plants treated with iron deficiency mediem for 3 days,Arabidopsis Col-Fe root biological rep2
GSM1561084,240.0,treatment_duration,from:10 days plants treated with iron deficiency mediem for 3 days,312.0,age: 13 days,10 days plants treated with iron deficiency mediem for 3 days,Arabidopsis Col-Fe root biological rep3
GSM1561085,240.0,treatment_duration,from:10 days plants treated with iron sufficient mediem for 3 days,312.0,age: 13 days,10 days plants treated with iron sufficient mediem for 3 days,Arabidopsis rglg1/2 root biological rep1
GSM1561086,240.0,treatment_duration,from:10 days plants treated with iron sufficient mediem for 3 days,312.0,age: 13 days,10 days plants treated with iron sufficient mediem for 3 days,Arabidopsis rglg1/2 root biological rep2
GSM1561087,240.0,treatment_duration,from:10 days plants treated with iron sufficient mediem for 3 days,312.0,age: 13 days,10 days plants treated with iron sufficient mediem for 3 days,Arabidopsis rglg1/2 root biological rep3
GSM1561088,240.0,treatment_duration,from:10 days plants treated with iron deficiency mediem for 3 days,312.0,age: 13 days,10 days plants treated with iron deficiency mediem for 3 days,Arabidopsis rglg1/2-Fe root biological rep1
GSM1561089,240.0,treatment_duration,from:10 days plants treated with iron deficiency mediem for 3 days,312.0,age: 13 days,10 days plants treated with iron deficiency mediem for 3 days,Arabidopsis rglg1/2-Fe root biological rep2
GSM1561090,240.0,treatment_duration,from:10 days plants treated with iron deficiency mediem for 3 days,312.0,age: 13 days,10 days plants treated with iron deficiency mediem for 3 days,Arabidopsis rglg1/2-Fe root biological rep3
GSM1561091,240.0,treatment_duration,from:10 days plants treated with iron sufficient mediem for 3 days,312.0,age: 13 days,10 days plants treated with iron sufficient mediem for 3 days,Arabidopsis Col leaves biological rep1
GSM1561092,240.0,treatment_duration,from:10 days plants treated with iron sufficient mediem for 3 days,312.0,age: 13 days,10 days plants treated with iron sufficient mediem for 3 days,Arabidopsis Col leaves biological rep2
GSM1561093,240.0,treatment_duration,from:10 days plants treated with iron sufficient mediem for 3 days,312.0,age: 13 days,10 days plants treated with iron sufficient mediem for 3 days,Arabidopsis Col leaves biological rep3
GSM1561094,240.0,treatment_duration,from:10 days plants treated with iron deficiency mediem for 3 days,312.0,age: 13 days,10 days plants treated with iron deficiency mediem for 3 days,Arabidopsis Col-Fe leaves biological rep1
GSM1561095,240.0,treatment_duration,from:10 days plants treated with iron deficiency mediem for 3 days,312.0,age: 13 days,10 days plants treated with iron deficiency mediem for 3 days,Arabidopsis Col-Fe leaves biological rep2
GSM1561096,240.0,treatment_duration,from:10 days plants treated with iron deficiency mediem for 3 days,312.0,age: 13 days,10 days plants treated with iron deficiency mediem for 3 days,Arabidopsis Col-Fe leaves biological rep3
GSM1561097,240.0,treatment_duration,from:10 days plants treated with iron sufficient mediem for 3 days,312.0,age: 13 days,10 days plants treated with iron sufficient mediem for 3 days,Arabidopsis rglg1/2 leaves biological rep1
GSM1561098,240.0,treatment_duration,from:10 days plants treated with iron sufficient mediem for 3 days,312.0,age: 13 days,10 days plants treated with iron sufficient mediem for 3 days,Arabidopsis rglg1/2 leaves biological rep2
GSM1561099,240.0,treatment_duration,from:10 days plants treated with iron sufficient mediem for 3 days,312.0,age: 13 days,10 days plants treated with iron sufficient mediem for 3 days,Arabidopsis rglg1/2 leaves biological rep3
GSM1561100,240.0,treatment_duration,from:10 days plants treated with iron deficiency mediem for 3 days,312.0,age: 13 days,10 days plants treated with iron deficiency mediem for 3 days,Arabidopsis rglg1/2-Fe leaves biological rep1
GSM1561101,240.0,treatment_duration,from:10 days plants treated with iron deficiency mediem for 3 days,312.0,age: 13 days,10 days plants treated with iron deficiency mediem for 3 days,Arabidopsis rglg1/2-Fe leaves biological rep2
GSM1561102,240.0,treatment_duration,from:10 days plants treated with iron deficiency mediem for 3 days,312.0,age: 13 days,10 days plants treated with iron deficiency mediem for 3 days,Arabidopsis rglg1/2-Fe leaves biological rep3
GSM1569068,0.5,treatment_duration,from:ATH_Col0_MeCN_30min [Agilent],,,ATH_Col0_MeCN_30min,ATH_Col0_MeCN_30min [Agilent]
GSM1569069,0.5,treatment_duration,from:ATH_Col0_2E-pentenal_30min [Agilent],,,ATH_Col0_2E-pentenal_30min,ATH_Col0_2E-pentenal_30min [Agilent]
GSM1569070,0.5,treatment_duration,from:ATH_Col0_3-hepten-2-one_30min [Agilent],,,ATH_Col0_3-hepten-2-one_30min,ATH_Col0_3-hepten-2-one_30min [Agilent]
GSM1569071,0.5,treatment_duration,from:ATH_Col0_crotonaldehyde_30min [Agilent],,,ATH_Col0_crotonaldehyde_30min,ATH_Col0_crotonaldehyde_30min [Agilent]
GSM1569072,0.5,treatment_duration,from:ATH_Col0_MeCN_30min [NimbleGen],,,Arabidopsis thaliana (ecotype Columbia-0),ATH_Col0_MeCN_30min [NimbleGen]
GSM1580531,,,,336.0,age: 14 days,Arabidopsis shoot,shoot of rrtf1
GSM1580532,,,,336.0,age: 14 days,Arabidopsis shoot,shoot of wild-type
GSM1580533,,,,336.0,age: 14 days,Arabidopsis shoot,shoot of oe18
GSM1580534,,,,336.0,age: 14 days,Arabidopsis root,root of rrtf1
GSM1580535,,,,336.0,age: 14 days,Arabidopsis root,root of wild-type
GSM1580536,,,,336.0,age: 14 days,Arabidopsis root,root of oe18
GSM1581613,,,,840.0,age: 5weeks,"Arabidopsis mature leaves, oe18",Mature leaves of oe18_rep1
GSM1581614,,,,840.0,age: 5weeks,"Arabidopsis mature leaves, oe18",Mature leaves of oe18_rep2
GSM1581615,,,,840.0,age: 5weeks,"Arabidopsis mature leaves, oe18",Mature leaves of oe18_rep3
GSM1581616,,,,840.0,age: 5weeks,"Arabidopsis mature leaves, wild-type",Mature leaves of wild-type_rep1
GSM1581617,,,,840.0,age: 5weeks,"Arabidopsis mature leaves, wild-type",Mature leaves of wild-type_rep2
GSM1581618,,,,840.0,age: 5weeks,"Arabidopsis mature leaves, wild-type",Mature leaves of wild-type_rep3
GSM1621027,,,,504.0,age: 21 days after sowing,"rosette of cat2-2, untreated","Rosette of cat2-2, untreated, biological rep 1"
GSM1621028,,,,504.0,age: 21 days after sowing,"rosette of cat2-2, untreated","Rosette of cat2-2, untreated, biological rep 2"
GSM1621029,,,,504.0,age: 21 days after sowing,"rosette of cat2-2, untreated","Rosette of cat2-2, untreated, biological rep 3"
GSM1621033,,,,528.0,age: 22 days after sowing,"rosette of cat2-2, treated","Rosette of cat2-2, treated, biological rep 1"
GSM1621034,,,,528.0,age: 22 days after sowing,"rosette of cat2-2, treated","Rosette of cat2-2, treated, biological rep 2"
GSM1621035,,,,528.0,age: 22 days after sowing,"rosette of cat2-2, treated","Rosette of cat2-2, treated, biological rep 3"
GSM1623130,4.0,treatment_duration,"from:wild-type Col-0, 4h after ethanol watering, replicate 1",,,"wild-type Col-0, 4h after ethanol watering, replicate 1",Col-0_4h_rep.1
GSM1623131,4.0,treatment_duration,"from:wild-type Col-0, 4h after ethanol watering, replicate 2",,,"wild-type Col-0, 4h after ethanol watering, replicate 2",Col-0_4h_rep.2
GSM1623132,4.0,treatment_duration,"from:wild-type Col-0, 4h after ethanol watering, replicate 3",,,"wild-type Col-0, 4h after ethanol watering, replicate 3",Col-0_4h_rep.3
GSM1623133,4.0,treatment_duration,"from:EtOH::xopB #10, 4h after ethanol watering, replicate 1",,,"EtOH::xopB #10, 4h after ethanol watering, replicate 1",#10_4h_rep.1
GSM1623134,4.0,treatment_duration,"from:EtOH::xopB #10, 4h after ethanol watering, replicate 2",,,"EtOH::xopB #10, 4h after ethanol watering, replicate 2",#10_4h_rep.2
GSM1623135,4.0,treatment_duration,"from:EtOH::xopB #12, 4h after ethanol watering, replicate 1",,,"EtOH::xopB #12, 4h after ethanol watering, replicate 1",#12_4h_rep.1
GSM1623136,4.0,treatment_duration,"from:EtOH::xopB #12, 4h after ethanol watering, replicate 2",,,"EtOH::xopB #12, 4h after ethanol watering, replicate 2",#12_4h_rep.2
GSM1623137,4.0,treatment_duration,"from:EtOH::xopB #12, 4h after ethanol watering, replicate 3",,,"EtOH::xopB #12, 4h after ethanol watering, replicate 3",#12_4h_rep.3
GSM1623138,4.0,treatment_duration,"from:EtOH::xopB #27, 4h after ethanol watering, replicate 1",,,"EtOH::xopB #27, 4h after ethanol watering, replicate 1",#27_4h_rep.1
GSM1623139,4.0,treatment_duration,"from:EtOH::xopB #27, 4h after ethanol watering, replicate 2",,,"EtOH::xopB #27, 4h after ethanol watering, replicate 2",#27_4h_rep.2
GSM1645466,8.0,treatment_duration,time: 8hr,,,"Total RNA, root, 8hr, 0 Î¼M GSH",Total 8R-Control
GSM1645467,8.0,treatment_duration,time: 8hr,,,"Total RNA, root, 8hr, 100 Î¼M GSH",Total 8R-GSH
GSM1645468,8.0,treatment_duration,time: 8hr,,,"Total RNA, shoot, 8hr, 0 Î¼M GSH",Total 8S-Control
GSM1645469,8.0,treatment_duration,time: 8hr,,,"Total RNA, shoot, 8hr, 100 Î¼M GSH",Total 8S-GSH
GSM1645470,24.0,treatment_duration,time: 24hr,,,"Total RNA, root, 24hr, 0 Î¼M GSH",Total 24R-Control
GSM1645471,24.0,treatment_duration,time: 24hr,,,"Total RNA, root, 24hr, 100 Î¼M GSH",Total 24R-GSH
GSM1645472,24.0,treatment_duration,time: 24hr,,,"Total RNA, shoot, 24hr, 0 Î¼M GSH",Total 24S-Control
GSM1645473,24.0,treatment_duration,time: 24hr,,,"Total RNA, shoot, 24hr, 100 Î¼M GSH",Total 24S-GSH
GSM1645474,8.0,treatment_duration,time: 8hr,,,"Polysomal RNA, root, 8hr, 0 Î¼M GSH",PL 8R-Control
GSM1645475,8.0,treatment_duration,time: 8hr,,,"Polysomal RNA, root, 8hr, 100 Î¼M GSH",PL 8R-GSH
GSM1645476,8.0,treatment_duration,time: 8hr,,,"Polysomal RNA, shoot, 8hr, 0 Î¼M GSH",PL 8S-Control
GSM1645477,8.0,treatment_duration,time: 8hr,,,"Polysomal RNA, shoot, 8hr, 100 Î¼M GSH",PL 8S-GSH
GSM1645478,24.0,treatment_duration,time: 24hr,,,"Polysomal RNA, root, 24hr, 0 Î¼M GSH",PL 24R-Control
GSM1645479,24.0,treatment_duration,time: 24hr,,,"Polysomal RNA, root, 24hr, 100 Î¼M GSH",PL 24R-GSH
GSM1645480,24.0,treatment_duration,time: 24hr,,,"Polysomal RNA, shoot, 24hr, 0 Î¼M GSH",PL 24S-Control
GSM1645481,24.0,treatment_duration,time: 24hr,,,"Polysomal RNA, shoot, 24hr, 100 Î¼M GSH",PL 24S-GSH
GSM1829388,8.0,circadian,time: end of the day (ed; zt8),,,"Ang0, end of the day",Ang0_ED_rep1
GSM1829389,8.0,circadian,time: end of the day (ed; zt8),,,"Ang0, end of the day",Ang0_ED_rep2
GSM1829390,24.0,circadian,time: end of the night (en; zt24),,,"Ang0, end of the night",Ang0_EN_rep1
GSM1829391,24.0,circadian,time: end of the night (en; zt24),,,"Ang0, end of the night",Ang0_EN_rep2
GSM1829392,6.0,treatment_duration,time: 6h extended night (xn; zt30),,,"Ang0, 6h extended night",Ang0_XN_rep1
GSM1829393,6.0,treatment_duration,time: 6h extended night (xn; zt30),,,"Ang0, 6h extended night",Ang0_XN_rep2
GSM1829394,8.0,circadian,time: end of the day (ed; zt8),,,"Bla11, end of the day",Bla11_ED_rep1
GSM1829395,8.0,circadian,time: end of the day (ed; zt8),,,"Bla11, end of the day",Bla11_ED_rep2
GSM1829396,24.0,circadian,time: end of the night (en; zt24),,,"Bla11, end of the night",Bla11_EN_rep1
GSM1829397,24.0,circadian,time: end of the night (en; zt24),,,"Bla11, end of the night",Bla11_EN_rep2
GSM1829398,6.0,treatment_duration,time: 6h extended night (xn; zt30),,,"Bla11, 6h extended night",Bla11_XN_rep1
GSM1829399,6.0,treatment_duration,time: 6h extended night (xn; zt30),,,"Bla11, 6h extended night",Bla11_XN_rep2
GSM1829400,8.0,circadian,time: end of the day (ed; zt8),,,"Br0, end of the day",Br0_ED_rep1
GSM1829401,8.0,circadian,time: end of the day (ed; zt8),,,"Br0, end of the day",Br0_ED_rep2
GSM1829402,24.0,circadian,time: end of the night (en; zt24),,,"Br0, end of the night",Br0_EN_rep1
GSM1829403,24.0,circadian,time: end of the night (en; zt24),,,"Br0, end of the night",Br0_EN_rep2
GSM1829404,6.0,treatment_duration,time: 6h extended night (xn; zt30),,,"Br0, 6h extended night",Br0_XN_rep1
GSM1829405,6.0,treatment_duration,time: 6h extended night (xn; zt30),,,"Br0, 6h extended night",Br0_XN_rep2
GSM1829406,8.0,circadian,time: end of the day (ed; zt8),,,"Bsch2, end of the day",Bsch2_ED_rep1
GSM1829407,8.0,circadian,time: end of the day (ed; zt8),,,"Bsch2, end of the day",Bsch2_ED_rep2
GSM1829408,24.0,circadian,time: end of the night (en; zt24),,,"Bsch2, end of the night",Bsch2_EN_rep1
GSM1829409,24.0,circadian,time: end of the night (en; zt24),,,"Bsch2, end of the night",Bsch2_EN_rep2
GSM1829410,6.0,treatment_duration,time: 6h extended night (xn; zt30),,,"Bsch2, 6h extended night",Bsch2_XN_rep1
GSM1829411,6.0,treatment_duration,time: 6h extended night (xn; zt30),,,"Bsch2, 6h extended night",Bsch2_XN_rep2
GSM1829412,8.0,circadian,time: end of the day (ed; zt8),,,"Bu2, end of the day",Bu2_ED_rep1
GSM1829413,8.0,circadian,time: end of the day (ed; zt8),,,"Bu2, end of the day",Bu2_ED_rep2
GSM1829414,24.0,circadian,time: end of the night (en; zt24),,,"Bu2, end of the night",Bu2_EN_rep1
GSM1829415,24.0,circadian,time: end of the night (en; zt24),,,"Bu2, end of the night",Bu2_EN_rep2
GSM1829416,6.0,treatment_duration,time: 6h extended night (xn; zt30),,,"Bu2, 6h extended night",Bu2_XN_rep1
GSM1829417,6.0,treatment_duration,time: 6h extended night (xn; zt30),,,"Bu2, 6h extended night",Bu2_XN_rep2
GSM1829418,8.0,circadian,time: end of the day (ed; zt8),,,"C24, end of the day",C24_ED_rep1
GSM1829419,8.0,circadian,time: end of the day (ed; zt8),,,"C24, end of the day",C24_ED_rep2
GSM1829420,24.0,circadian,time: end of the night (en; zt24),,,"C24, end of the night",C24_EN_rep1
GSM1829421,24.0,circadian,time: end of the night (en; zt24),,,"C24, end of the night",C24_EN_rep2
GSM1829422,6.0,treatment_duration,time: 6h extended night (xn; zt30),,,"C24, 6h extended night",C24_XN_rep1
GSM1829423,6.0,treatment_duration,time: 6h extended night (xn; zt30),,,"C24, 6h extended night",C24_XN_rep2
GSM1829424,8.0,circadian,time: end of the day (ed; zt8),,,"Col0, end of the day",Col0_ED_rep1
GSM1829425,8.0,circadian,time: end of the day (ed; zt8),,,"Col0, end of the day",Col0_ED_rep2
GSM1829426,24.0,circadian,time: end of the night (en; zt24),,,"Col0, end of the night",Col0_EN_rep1
GSM1829427,24.0,circadian,time: end of the night (en; zt24),,,"Col0, end of the night",Col0_EN_rep2
GSM1829428,6.0,treatment_duration,time: 6h extended night (xn; zt30),,,"Col0, 6h extended night",Col0_XN_rep1
GSM1829429,6.0,treatment_duration,time: 6h extended night (xn; zt30),,,"Col0, 6h extended night",Col0_XN_rep2
GSM1829430,8.0,circadian,time: end of the day (ed; zt8),,,"Cvi, end of the day",Cvi_ED_rep1
GSM1829431,8.0,circadian,time: end of the day (ed; zt8),,,"Cvi, end of the day",Cvi_ED_rep2
GSM1829432,24.0,circadian,time: end of the night (en; zt24),,,"Cvi, end of the night",Cvi_EN_rep1
GSM1829433,6.0,treatment_duration,time: 6h extended night (xn; zt30),,,"Cvi, 6h extended night",Cvi_XN_rep1
GSM1829434,6.0,treatment_duration,time: 6h extended night (xn; zt30),,,"Cvi, 6h extended night",Cvi_XN_rep2
GSM1829435,8.0,circadian,time: end of the day (ed; zt8),,,"Da0, end of the day",Da0_ED_rep1
GSM1829436,8.0,circadian,time: end of the day (ed; zt8),,,"Da0, end of the day",Da0_ED_rep2
GSM1829437,24.0,circadian,time: end of the night (en; zt24),,,"Da0, end of the night",Da0_EN_rep1
GSM1829438,24.0,circadian,time: end of the night (en; zt24),,,"Da0, end of the night",Da0_EN_rep2
GSM1829439,6.0,treatment_duration,time: 6h extended night (xn; zt30),,,"Da0, 6h extended night",Da0_XN_rep1
GSM1829440,6.0,treatment_duration,time: 6h extended night (xn; zt30),,,"Da0, 6h extended night",Da0_XN_rep2
GSM1829441,8.0,circadian,time: end of the day (ed; zt8),,,"Ei2, end of the day",Ei2_ED_rep1
GSM1829442,8.0,circadian,time: end of the day (ed; zt8),,,"Ei2, end of the day",Ei2_ED_rep2
GSM1829443,24.0,circadian,time: end of the night (en; zt24),,,"Ei2, end of the night",Ei2_EN_rep1
GSM1829444,24.0,circadian,time: end of the night (en; zt24),,,"Ei2, end of the night",Ei2_EN_rep2
GSM1829445,6.0,treatment_duration,time: 6h extended night (xn; zt30),,,"Ei2, 6h extended night",Ei2_XN_rep1
GSM1829446,6.0,treatment_duration,time: 6h extended night (xn; zt30),,,"Ei2, 6h extended night",Ei2_XN_rep2
GSM1829447,8.0,circadian,time: end of the day (ed; zt8),,,"Hl3, end of the day",Hl3_ED_rep1
GSM1829448,8.0,circadian,time: end of the day (ed; zt8),,,"Hl3, end of the day",Hl3_ED_rep2
GSM1829449,24.0,circadian,time: end of the night (en; zt24),,,"Hl3, end of the night",Hl3_EN_rep1
GSM1829450,24.0,circadian,time: end of the night (en; zt24),,,"Hl3, end of the night",Hl3_EN_rep2
GSM1829451,6.0,treatment_duration,time: 6h extended night (xn; zt30),,,"Hl3, 6h extended night",Hl3_XN_rep1
GSM1829452,6.0,treatment_duration,time: 6h extended night (xn; zt30),,,"Hl3, 6h extended night",Hl3_XN_rep2
GSM1829453,8.0,circadian,time: end of the day (ed; zt8),,,"Kl0, end of the day",Kl0_ED_rep1
GSM1829454,8.0,circadian,time: end of the day (ed; zt8),,,"Kl0, end of the day",Kl0_ED_rep2
GSM1829455,24.0,circadian,time: end of the night (en; zt24),,,"Kl0, end of the night",Kl0_EN_rep1
GSM1829456,24.0,circadian,time: end of the night (en; zt24),,,"Kl0, end of the night",Kl0_EN_rep2
GSM1829457,6.0,treatment_duration,time: 6h extended night (xn; zt30),,,"Kl0, 6h extended night",Kl0_XN_rep1
GSM1829458,6.0,treatment_duration,time: 6h extended night (xn; zt30),,,"Kl0, 6h extended night",Kl0_XN_rep2
GSM1829459,8.0,circadian,time: end of the day (ed; zt8),,,"Kn0, end of the day",Kn0_ED_rep1
GSM1829460,8.0,circadian,time: end of the day (ed; zt8),,,"Kn0, end of the day",Kn0_ED_rep2
GSM1829461,24.0,circadian,time: end of the night (en; zt24),,,"Kn0, end of the night",Kn0_EN_rep1
GSM1829462,24.0,circadian,time: end of the night (en; zt24),,,"Kn0, end of the night",Kn0_EN_rep2
GSM1829463,6.0,treatment_duration,time: 6h extended night (xn; zt30),,,"Kn0, 6h extended night",Kn0_XN_rep1
GSM1829464,6.0,treatment_duration,time: 6h extended night (xn; zt30),,,"Kn0, 6h extended night",Kn0_XN_rep2
GSM1829465,8.0,circadian,time: end of the day (ed; zt8),,,"Lip0, end of the day",Lip0_ED_rep1
GSM1829466,8.0,circadian,time: end of the day (ed; zt8),,,"Lip0, end of the day",Lip0_ED_rep2
GSM1829467,24.0,circadian,time: end of the night (en; zt24),,,"Lip0, end of the night",Lip0_EN_rep1
GSM1829468,24.0,circadian,time: end of the night (en; zt24),,,"Lip0, end of the night",Lip0_EN_rep2
GSM1829469,6.0,treatment_duration,time: 6h extended night (xn; zt30),,,"Lip0, 6h extended night",Lip0_XN_rep1
GSM1829470,6.0,treatment_duration,time: 6h extended night (xn; zt30),,,"Lip0, 6h extended night",Lip0_XN_rep2
GSM1829471,8.0,circadian,time: end of the day (ed; zt8),,,"Mh1, end of the day",Mh1_ED_rep1
GSM1829472,8.0,circadian,time: end of the day (ed; zt8),,,"Mh1, end of the day",Mh1_ED_rep2
GSM1829473,24.0,circadian,time: end of the night (en; zt24),,,"Mh1, end of the night",Mh1_EN_rep1
GSM1829474,24.0,circadian,time: end of the night (en; zt24),,,"Mh1, end of the night",Mh1_EN_rep2
GSM1829475,6.0,treatment_duration,time: 6h extended night (xn; zt30),,,"Mh1, 6h extended night",Mh1_XN_rep1
GSM1829476,6.0,treatment_duration,time: 6h extended night (xn; zt30),,,"Mh1, 6h extended night",Mh1_XN_rep2
GSM1829477,8.0,circadian,time: end of the day (ed; zt8),,,"Old1, end of the day",Old1_ED_rep1
GSM1829478,8.0,circadian,time: end of the day (ed; zt8),,,"Old1, end of the day",Old1_ED_rep2
GSM1829479,24.0,circadian,time: end of the night (en; zt24),,,"Old1, end of the night",Old1_EN_rep1
GSM1829480,24.0,circadian,time: end of the night (en; zt24),,,"Old1, end of the night",Old1_EN_rep2
GSM1829481,6.0,treatment_duration,time: 6h extended night (xn; zt30),,,"Old1, 6h extended night",Old1_XN_rep1
GSM1829482,6.0,treatment_duration,time: 6h extended night (xn; zt30),,,"Old1, 6h extended night",Old1_XN_rep2
GSM1829483,8.0,circadian,time: end of the day (ed; zt8),,,"Petergof, end of the day",Petergof_ED_rep1
GSM1829484,8.0,circadian,time: end of the day (ed; zt8),,,"Petergof, end of the day",Petergof_ED_rep2
GSM1829485,24.0,circadian,time: end of the night (en; zt24),,,"Petergof, end of the night",Petergof_EN_rep1
GSM1829486,24.0,circadian,time: end of the night (en; zt24),,,"Petergof, end of the night",Petergof_EN_rep2
GSM1829487,6.0,treatment_duration,time: 6h extended night (xn; zt30),,,"Petergof, 6h extended night",Petergof_XN_rep1
GSM1829488,6.0,treatment_duration,time: 6h extended night (xn; zt30),,,"Petergof, 6h extended night",Petergof_XN_rep2
GSM1829489,8.0,circadian,time: end of the day (ed; zt8),,,"RRS7, end of the day",RRS7_ED_rep1
GSM1829490,8.0,circadian,time: end of the day (ed; zt8),,,"RRS7, end of the day",RRS7_ED_rep2
GSM1829491,24.0,circadian,time: end of the night (en; zt24),,,"RRS7, end of the night",RRS7_EN_rep1
GSM1829492,24.0,circadian,time: end of the night (en; zt24),,,"RRS7, end of the night",RRS7_EN_rep2
GSM1829493,6.0,treatment_duration,time: 6h extended night (xn; zt30),,,"RRS7, 6h extended night",RRS7_XN_rep1
GSM1829494,6.0,treatment_duration,time: 6h extended night (xn; zt30),,,"RRS7, 6h extended night",RRS7_XN_rep2
GSM1829495,8.0,circadian,time: end of the day (ed; zt8),,,"Van0, end of the day",Van0_ED_rep1
GSM1829496,8.0,circadian,time: end of the day (ed; zt8),,,"Van0, end of the day",Van0_ED_rep2
GSM1829497,24.0,circadian,time: end of the night (en; zt24),,,"Van0, end of the night",Van0_EN_rep1
GSM1829498,24.0,circadian,time: end of the night (en; zt24),,,"Van0, end of the night",Van0_EN_rep2
GSM1829499,6.0,treatment_duration,time: 6h extended night (xn; zt30),,,"Van0, 6h extended night",Van0_XN_rep1
GSM1829500,6.0,treatment_duration,time: 6h extended night (xn; zt30),,,"Van0, 6h extended night",Van0_XN_rep2
GSM1829501,8.0,circadian,time: end of the day (ed; zt8),,,"Wei1, end of the day",Wei1_ED_rep1
GSM1829502,8.0,circadian,time: end of the day (ed; zt8),,,"Wei1, end of the day",Wei1_ED_rep2
GSM1829503,24.0,circadian,time: end of the night (en; zt24),,,"Wei1, end of the night",Wei1_EN_rep1
GSM1829504,24.0,circadian,time: end of the night (en; zt24),,,"Wei1, end of the night",Wei1_EN_rep2
GSM1829505,6.0,treatment_duration,time: 6h extended night (xn; zt30),,,"Wei1, 6h extended night",Wei1_XN_rep1
GSM1829506,6.0,treatment_duration,time: 6h extended night (xn; zt30),,,"Wei1, 6h extended night",Wei1_XN_rep2
GSM1850510,120.0,treatment_duration,from:wild type Arabdopsis leaf under 5 day drought,,,wild type Arabdopsis leaf under 5 day drought,wild type_drought_5d_rep1
GSM1850511,120.0,treatment_duration,from:wild type Arabdopsis leaf under 5 day drought,,,wild type Arabdopsis leaf under 5 day drought,wild type_drought_5d_rep2
GSM1850514,120.0,treatment_duration,from:VaNAC26 transgenic Arabdopsis leaf under 5 day drought,,,VaNAC26 transgenic Arabdopsis leaf under 5 day drought,VaNAC26-OE_drought_5d_rep1
GSM1850515,120.0,treatment_duration,from:VaNAC26 transgenic Arabdopsis leaf under 5 day drought,,,VaNAC26 transgenic Arabdopsis leaf under 5 day drought,VaNAC26-OE_drought_5d_rep2
GSM173442,720.0,treatment_duration,"from:leaves from wild-type Arabidopsis plants, soil-grown for 30 days",,,"leaves from wild-type Arabidopsis plants, soil-grown for 30 days","wild-type Arabidopsis, biological rep1"
GSM173443,720.0,treatment_duration,"from:leaves from wild-type Arabidopsis plants, soil-grown for 30 days",,,"leaves from wild-type Arabidopsis plants, soil-grown for 30 days","wild-type Arabidopsis, biological rep2"
GSM173444,720.0,treatment_duration,"from:leaves from wild-type Arabidopsis plants, soil-grown for 30 days",,,"leaves from wild-type Arabidopsis plants, soil-grown for 30 days","wild-type Arabidopsis, biological rep3"
GSM173445,720.0,treatment_duration,"from:leaves from oxt6 mutant Arabidopsis plants, soil-grown for 30 days",,,"leaves from oxt6 mutant Arabidopsis plants, soil-grown for 30 days","oxt6 mutant, biological rep1"
GSM173446,720.0,treatment_duration,"from:leaves from oxt6 mutant Arabidopsis plants, soil-grown for 30 days",,,"leaves from oxt6 mutant Arabidopsis plants, soil-grown for 30 days","oxt6 mutant, biological rep2"
GSM173447,720.0,treatment_duration,"from:leaves from oxt6 mutant Arabidopsis plants, soil-grown for 30 days",,,"leaves from oxt6 mutant Arabidopsis plants, soil-grown for 30 days","oxt6 mutant, biological rep3"
GSM173448,720.0,treatment_duration,"from:leaves from oxt6:AtCPSF30 line 5 Arabidopsis plants, soil-grown for 30 days",,,"leaves from oxt6:AtCPSF30 line 5 Arabidopsis plants, soil-grown for 30 days","oxt6:AtCPSF30 line 5, biological rep1"
GSM173449,720.0,treatment_duration,"from:leaves from oxt6:AtCPSF30 line 5 Arabidopsis plants, soil-grown for 30 days",,,"leaves from oxt6:AtCPSF30 line 5 Arabidopsis plants, soil-grown for 30 days","oxt6:AtCPSF30 line 5, biological rep2"
GSM173450,720.0,treatment_duration,"from:leaves from xt6:AtCPSF30 line 6 Arabidopsis plants, soil-grown for 30 days",,,"leaves from xt6:AtCPSF30 line 6 Arabidopsis plants, soil-grown for 30 days","oxt6:AtCPSF30 line 6, biological rep1"
GSM173451,720.0,treatment_duration,"from:leaves from xt6:AtCPSF30 line 6 Arabidopsis plants, soil-grown for 30 days",,,"leaves from xt6:AtCPSF30 line 6 Arabidopsis plants, soil-grown for 30 days","oxt6:AtCPSF30 line 6, biological rep2"
GSM1864939,24.0,treatment_duration,"from:Leaf, unfumigated, unstressed, 24 hours",1008.0,age: 6w,"Leaf, unfumigated, unstressed, 24 hours",Leaf_noISP_23C_rep1
GSM1864940,24.0,treatment_duration,"from:Leaf, unfumigated, heat stressed, 24 hours",1008.0,age: 6w,"Leaf, unfumigated, heat stressed, 24 hours",Leaf_noISP_40C_rep1
GSM1864941,24.0,treatment_duration,"from:Leaf, fumigated, unstressed, 24 hours",1008.0,age: 6w,"Leaf, fumigated, unstressed, 24 hours",Leaf_ISP_23C_rep1
GSM1864942,24.0,treatment_duration,"from:Leaf, fumigated, heat stressed, 24 hours",1008.0,age: 6w,"Leaf, fumigated, heat stressed, 24 hours",Leaf_ISP_40C_rep1
GSM1864943,24.0,treatment_duration,"from:Leaf, unfumigated, unstressed, 24 hours",1008.0,age: 6w,"Leaf, unfumigated, unstressed, 24 hours",Leaf_noISP_23C_rep2
GSM1864944,24.0,treatment_duration,"from:Leaf, unfumigated, heat stressed, 24 hours",1008.0,age: 6w,"Leaf, unfumigated, heat stressed, 24 hours",Leaf_noISP_40C_rep2
GSM1864945,24.0,treatment_duration,"from:Leaf, fumigated, unstressed, 24 hours",1008.0,age: 6w,"Leaf, fumigated, unstressed, 24 hours",Leaf_ISP_23C_rep2
GSM1864946,24.0,treatment_duration,"from:Leaf, fumigated, heat stressed, 24 hours",1008.0,age: 6w,"Leaf, fumigated, heat stressed, 24 hours",Leaf_ISP_40C_rep2
GSM1864947,24.0,treatment_duration,"from:Leaf, unfumigated, unstressed, 24 hours",1008.0,age: 6w,"Leaf, unfumigated, unstressed, 24 hours",Leaf_noISP_23C_rep3
GSM1864948,24.0,treatment_duration,"from:Leaf, unfumigated, heat stressed, 24 hours",1008.0,age: 6w,"Leaf, unfumigated, heat stressed, 24 hours",Leaf_noISP_40C_rep3
GSM1864949,24.0,treatment_duration,"from:Leaf, fumigated, unstressed, 24 hours",1008.0,age: 6w,"Leaf, fumigated, unstressed, 24 hours",Leaf_ISP_23C_rep3
GSM1864950,24.0,treatment_duration,"from:Leaf, fumigated, heat stressed, 24 hours",1008.0,age: 6w,"Leaf, fumigated, heat stressed, 24 hours",Leaf_ISP_40C_rep3
GSM176876,16.0,treatment_duration,"from:Arabidopsis seedlings, removed from agar plates, 16 h treatment",,,"Arabidopsis seedlings, removed from agar plates, 16 h treatment",AWP_AL_Txed_1
GSM176878,16.0,treatment_duration,"from:Arabidopsis seedlings, removed from agar plates, 16 h treatment",,,"Arabidopsis seedlings, removed from agar plates, 16 h treatment",AWP_AL_Txed_2
GSM176879,16.0,treatment_duration,"from:Arabidopsis seedlings, removed from agar plates, 16 h treatment",,,"Arabidopsis seedlings, removed from agar plates, 16 h treatment",AWP_Control_1
GSM176880,16.0,treatment_duration,"from:Arabidopsis seedlings, removed from agar plates, 16 h treatment",,,"Arabidopsis seedlings, removed from agar plates, 16 h treatment",AWP_Control_2
GSM2042524,0.0,treatment_duration,from:Col-0 0h photorespiratory stress rep1,3.0,age: 3-week-old,Col-0 0h photorespiratory stress,Col-0 0h photorespiratory stress rep1
GSM2042525,0.0,treatment_duration,from:Col-0 0h photorespiratory stress rep2,3.0,age: 3-week-old,Col-0 0h photorespiratory stress,Col-0 0h photorespiratory stress rep2
GSM2042526,0.0,treatment_duration,from:Col-0 0h photorespiratory stress rep3,3.0,age: 3-week-old,Col-0 0h photorespiratory stress,Col-0 0h photorespiratory stress rep3
GSM2042527,0.0,treatment_duration,from:cat2 0h photorespiratory stress rep1,3.0,age: 3-week-old,cat2 0h photorespiratory stress,cat2 0h photorespiratory stress rep1
GSM2042528,0.0,treatment_duration,from:cat2 0h photorespiratory stress rep2,3.0,age: 3-week-old,cat2 0h photorespiratory stress,cat2 0h photorespiratory stress rep2
GSM2042529,0.0,treatment_duration,from:cat2 0h photorespiratory stress rep3,3.0,age: 3-week-old,cat2 0h photorespiratory stress,cat2 0h photorespiratory stress rep3
GSM2042530,0.0,treatment_duration,from:shr 0h photorespiratory stress rep1,3.0,age: 3-week-old,shr 0h photorespiratory stress,shr 0h photorespiratory stress rep1
GSM2042531,0.0,treatment_duration,from:shr 0h photorespiratory stress rep2,3.0,age: 3-week-old,shr 0h photorespiratory stress,shr 0h photorespiratory stress rep2
GSM2042532,0.0,treatment_duration,from:shr 0h photorespiratory stress rep3,3.0,age: 3-week-old,shr 0h photorespiratory stress,shr 0h photorespiratory stress rep3
GSM2042533,0.0,treatment_duration,from:cat2shr 0h photorespiratory stress rep1,3.0,age: 3-week-old,cat2shr 0h photorespiratory stress,cat2shr 0h photorespiratory stress rep1
GSM2042534,0.0,treatment_duration,from:cat2shr 0h photorespiratory stress rep2,3.0,age: 3-week-old,cat2shr 0h photorespiratory stress,cat2shr 0h photorespiratory stress rep2
GSM2042535,0.0,treatment_duration,from:cat2shr 0h photorespiratory stress rep3,3.0,age: 3-week-old,cat2shr 0h photorespiratory stress,cat2shr 0h photorespiratory stress rep3
GSM2042536,24.0,treatment_duration,from:Col-0 24h photorespiratory stress rep1,3.0,age: 3-week-old,Col-0 24h photorespiratory stress,Col-0 24h photorespiratory stress rep1
GSM2042537,24.0,treatment_duration,from:Col-0 24h photorespiratory stress rep2,3.0,age: 3-week-old,Col-0 24h photorespiratory stress,Col-0 24h photorespiratory stress rep2
GSM2042538,24.0,treatment_duration,from:Col-0 24h photorespiratory stress rep3,3.0,age: 3-week-old,Col-0 24h photorespiratory stress,Col-0 24h photorespiratory stress rep3
GSM2042539,24.0,treatment_duration,from:cat2 24h photorespiratory stress rep1,3.0,age: 3-week-old,cat2 24h photorespiratory stress,cat2 24h photorespiratory stress rep1
GSM2042540,24.0,treatment_duration,from:cat2 24h photorespiratory stress rep2,3.0,age: 3-week-old,cat2 24h photorespiratory stress,cat2 24h photorespiratory stress rep2
GSM2042541,24.0,treatment_duration,from:cat2 24h photorespiratory stress rep3,3.0,age: 3-week-old,cat2 24h photorespiratory stress,cat2 24h photorespiratory stress rep3
GSM2042542,24.0,treatment_duration,from:shr 24h photorespiratory stress rep1,3.0,age: 3-week-old,shr 24h photorespiratory stress,shr 24h photorespiratory stress rep1
GSM2042543,24.0,treatment_duration,from:shr 24h photorespiratory stress rep2,3.0,age: 3-week-old,shr 24h photorespiratory stress,shr 24h photorespiratory stress rep2
GSM2042544,24.0,treatment_duration,from:shr 24h photorespiratory stress rep3,3.0,age: 3-week-old,shr 24h photorespiratory stress,shr 24h photorespiratory stress rep3
GSM2042545,24.0,treatment_duration,from:cat2shr 24h photorespiratory stress rep1,3.0,age: 3-week-old,cat2shr 24h photorespiratory stress,cat2shr 24h photorespiratory stress rep1
GSM2042546,24.0,treatment_duration,from:cat2shr 24h photorespiratory stress rep2,3.0,age: 3-week-old,cat2shr 24h photorespiratory stress,cat2shr 24h photorespiratory stress rep2
GSM2042547,24.0,treatment_duration,from:cat2shr 24h photorespiratory stress rep3,3.0,age: 3-week-old,cat2shr 24h photorespiratory stress,cat2shr 24h photorespiratory stress rep3
GSM2045511,,,,3.0,age: 3-week-old,Three-week-old seedlings (shoot tissue),cat2-2 gox1 High CO2 rep1
GSM2045512,,,,3.0,age: 3-week-old,Three-week-old seedlings (shoot tissue),cat2-2 gox1 High CO2 rep2
GSM2045513,,,,3.0,age: 3-week-old,Three-week-old seedlings (shoot tissue),cat2-2 gox1 High CO2 rep3
GSM2045514,,,,3.0,age: 3-week-old,Three-week-old seedlings (shoot tissue),cat2-2 gox1 High light rep1
GSM2045515,,,,3.0,age: 3-week-old,Three-week-old seedlings (shoot tissue),cat2-2 gox1 High light rep2
GSM2045516,,,,3.0,age: 3-week-old,Three-week-old seedlings (shoot tissue),cat2-2 gox1 High light rep3
GSM2045517,,,,3.0,age: 3-week-old,Three-week-old seedlings (shoot tissue),cat2-2 gox2 High CO2 rep1
GSM2045518,,,,3.0,age: 3-week-old,Three-week-old seedlings (shoot tissue),cat2-2 gox2 High CO2 rep2
GSM2045519,,,,3.0,age: 3-week-old,Three-week-old seedlings (shoot tissue),cat2-2 gox2 High CO2 rep3
GSM2045520,,,,3.0,age: 3-week-old,Three-week-old seedlings (shoot tissue),cat2-2 gox2 High light rep1
GSM2045521,,,,3.0,age: 3-week-old,Three-week-old seedlings (shoot tissue),cat2-2 gox2 High light rep2
GSM2045522,,,,3.0,age: 3-week-old,Three-week-old seedlings (shoot tissue),cat2-2 gox2 High light rep3
GSM2045523,,,,3.0,age: 3-week-old,Three-week-old seedlings (shoot tissue),cat2-2 High CO2 rep1
GSM2045524,,,,3.0,age: 3-week-old,Three-week-old seedlings (shoot tissue),cat2-2 High CO2 rep2
GSM2045525,,,,3.0,age: 3-week-old,Three-week-old seedlings (shoot tissue),cat2-2 High CO2 rep3
GSM2045526,,,,3.0,age: 3-week-old,Three-week-old seedlings (shoot tissue),cat2-2 High light rep1
GSM2045527,,,,3.0,age: 3-week-old,Three-week-old seedlings (shoot tissue),cat2-2 High light rep2
GSM2045528,,,,3.0,age: 3-week-old,Three-week-old seedlings (shoot tissue),cat2-2 High light rep3
GSM2052592,2.0,treatment_duration,from:Rosette leaves treated with IDL6 peptide for 2 hours compared to rosette leaves treated with mock peptide (replica 1),336.0,age: 2 week stage,IDL6 peptide 2hr_rosette leaves,Rosette leaves treated with IDL6 peptide for 2 hours compared to rosette leaves treated with mock peptide (replica 1)
GSM2052593,2.0,treatment_duration,from:Rosette leaves treated with IDL6 peptide for 2 hours compared to rosette leaves treated with mock peptide (replica 2),336.0,age: 2 week stage,Mock peptide 2hr_rosette leaves,Rosette leaves treated with IDL6 peptide for 2 hours compared to rosette leaves treated with mock peptide (replica 2)
GSM2052594,2.0,treatment_duration,from:Rosette leaves treated with IDL6 peptide for 2 hours compared to rosette leaves treated with mock peptide (replica 3),336.0,age: 2 week stage,IDL6 peptide 2hr_rosette leaves,Rosette leaves treated with IDL6 peptide for 2 hours compared to rosette leaves treated with mock peptide (replica 3)
GSM2052595,2.0,treatment_duration,from:Rosette leaves treated with IDL6 peptide for 2 hours compared to rosette leaves treated with mock peptide (replica 4),336.0,age: 2 week stage,Mock peptide 2hr_rosette leaves,Rosette leaves treated with IDL6 peptide for 2 hours compared to rosette leaves treated with mock peptide (replica 4)
GSM2052596,2.0,treatment_duration,from:Rosette leaves treated with IDL7 peptide for 2 hours compared to rosette leaves treated with mock peptide (replica 1),336.0,age: 2 week stage,IDL7 peptide 2hr_rosette leaves,Rosette leaves treated with IDL7 peptide for 2 hours compared to rosette leaves treated with mock peptide (replica 1)
GSM2052597,2.0,treatment_duration,from:Rosette leaves treated with IDL7 peptide for 2 hours compared to rosette leaves treated with mock peptide (replica 2),336.0,age: 2 week stage,Mock peptide 2hr_rosette leaves,Rosette leaves treated with IDL7 peptide for 2 hours compared to rosette leaves treated with mock peptide (replica 2)
GSM2052598,2.0,treatment_duration,from:Rosette leaves treated with IDL7 peptide for 2 hours compared to rosette leaves treated with mock peptide (replica 3),336.0,age: 2 week stage,IDL7 peptide 2hr_rosette leaves,Rosette leaves treated with IDL7 peptide for 2 hours compared to rosette leaves treated with mock peptide (replica 3)
GSM2052599,2.0,treatment_duration,from:Rosette leaves treated with IDL7 peptide for 2 hours compared to rosette leaves treated with mock peptide (replica 4),336.0,age: 2 week stage,Mock peptide 2hr_rosette leaves,Rosette leaves treated with IDL7 peptide for 2 hours compared to rosette leaves treated with mock peptide (replica 4)
GSM2090909,6.0,treatment_duration,from:g5 inflorescences; fertile plants; fruits removed (6hrs),,,"whole inflorescences from primary and secondary branches, up to floral stages ~10",g5 inflorescences; fertile plants; fruits removed (6hrs)
GSM2090910,6.0,treatment_duration,from:g6 inflorescences; fertile plants; fruits removed (6hrs),,,"whole inflorescences from primary and secondary branches, up to floral stages ~10",g6 inflorescences; fertile plants; fruits removed (6hrs)
GSM2090911,24.0,treatment_duration,from:g7 inflorescences; fertile plants; fruits removed (24hrs),,,"whole inflorescences from primary and secondary branches, up to floral stages ~10",g7 inflorescences; fertile plants; fruits removed (24hrs)
GSM2090912,48.0,treatment_duration,from:g8 inflorescences; fertile plants; fruits removed (48hrs),,,"whole inflorescences from primary and secondary branches, up to floral stages ~10",g8 inflorescences; fertile plants; fruits removed (48hrs)
GSM2090913,24.0,treatment_duration,from:g10 inflorescences; fertile plants; fruits removed (24hrs),,,"whole inflorescences from primary and secondary branches, up to floral stages ~10",g10 inflorescences; fertile plants; fruits removed (24hrs)
GSM2090914,48.0,treatment_duration,from:g11 inflorescences; fertile plants; fruits removed (48hrs),,,"whole inflorescences from primary and secondary branches, up to floral stages ~10",g11 inflorescences; fertile plants; fruits removed (48hrs)
GSM2113630,,,,1008.0,age: 6 weeks,Leaves,low CO2 (rep 1)
GSM2113631,,,,1008.0,age: 6 weeks,Leaves,low CO2 (rep 2)
GSM2113632,,,,1008.0,age: 6 weeks,Leaves,low CO2 (rep 3)
GSM2113633,,,,1008.0,age: 6 weeks,Leaves,ambient CO2 (rep 1)
GSM2113634,,,,1008.0,age: 6 weeks,Leaves,ambient CO2 (rep 2)
GSM2113635,,,,1008.0,age: 6 weeks,Leaves,ambient CO2 (rep 3)
GSM2120744,24.0,treatment_duration,from:24h H2O - mock (Rep 1),168.0,age: 7 days,"24h H2O - mock, seedling",24h H2O - mock (Rep 1)
GSM2120745,24.0,treatment_duration,from:24h H2O - mock (Rep 2),168.0,age: 7 days,"24h H2O - mock, seedling",24h H2O - mock (Rep 2)
GSM2120746,24.0,treatment_duration,from:24h H2O - mock (Rep 3),168.0,age: 7 days,"24h H2O - mock, seedling",24h H2O - mock (Rep 3)
GSM2120747,24.0,treatment_duration,from:24h 10mM H2O2 (Rep 1),168.0,age: 7 days,"24h 10mM H2O2, seedling",24h 10mM H2O2 (Rep 1)
GSM2120748,24.0,treatment_duration,from:24h 10mM H2O2 (Rep 2),168.0,age: 7 days,"24h 10mM H2O2, seedling",24h 10mM H2O2 (Rep 2)
GSM2120749,24.0,treatment_duration,from:24h 10mM H2O2 (Rep 3),168.0,age: 7 days,"24h 10mM H2O2, seedling",24h 10mM H2O2 (Rep 3)
GSM2138303,,,,5.0,age: 5-day-old,control_root cells,CK2
GSM2138304,,,,5.0,age: 5-day-old,control_root cells,CK12
GSM2138305,,,,5.0,age: 5-day-old,narciclasine treated_root cells,NT2
GSM2138306,,,,5.0,age: 5-day-old,narciclasine treated_root cells,NT12
GSM2155025,,,,504.0,age: 3 weeks,Leaves,cat2-2 rep 1
GSM2155026,,,,504.0,age: 3 weeks,Leaves,cat2-2 rep 2
GSM2155027,,,,504.0,age: 3 weeks,Leaves,cat2-2 rep 3
GSM2155028,,,,504.0,age: 3 weeks,Leaves,cat2-2 atrbohD rep1
GSM2155029,,,,504.0,age: 3 weeks,Leaves,cat2-2 atrbohD rep2
GSM2155030,,,,504.0,age: 3 weeks,Leaves,cat2-2 atrbohD rep3
GSM2155031,,,,504.0,age: 3 weeks,Leaves,cat2-2 atrbohF rep1
GSM2155032,,,,504.0,age: 3 weeks,Leaves,cat2-2 atrbohF rep2
GSM2155033,,,,504.0,age: 3 weeks,Leaves,cat2-2 atrbohF rep3
GSM2160020,0.5,treatment_duration,"from:Rosette leaves, 10 days, Control, 30 min",,,"Rosette leaves, 10 days, Control, 30 min",Arabidopsis_Control_30min_rep1
GSM2160021,0.5,treatment_duration,"from:Rosette leaves, 10 days, Control, 30 min",,,"Rosette leaves, 10 days, Control, 30 min",Arabidopsis_Control_30min_rep2
GSM2160022,0.0008333333333333,treatment_duration,"from:Rosette leaves, 10 days, 0.05M ITC, 30 min",,,"Rosette leaves, 10 days, 0.05M ITC, 30 min",Arabidopsis_ITC-0.05M_30min_rep1
GSM2160023,0.0008333333333333,treatment_duration,"from:Rosette leaves, 10 days, 0.05M ITC, 30 min",,,"Rosette leaves, 10 days, 0.05M ITC, 30 min",Arabidopsis_ITC-0.05M_30min_rep2
GSM2160024,1.0,treatment_duration,"from:Rosette leaves, 10 days, Control, 1h",,,"Rosette leaves, 10 days, Control, 1h",Arabidopsis_Control_1h_rep1
GSM2160025,1.0,treatment_duration,"from:Rosette leaves, 10 days, Control, 1h",,,"Rosette leaves, 10 days, Control, 1h",Arabidopsis_Control_1h_rep2
GSM2160026,1.0,treatment_duration,"from:Rosette leaves, 10 days, 0.05M ITC, 1h",,,"Rosette leaves, 10 days, 0.05M ITC, 1h",Arabidopsis_ITC-0.05M_1h_rep1
GSM2160027,1.0,treatment_duration,"from:Rosette leaves, 10 days, 0.05M ITC, 1h",,,"Rosette leaves, 10 days, 0.05M ITC, 1h",Arabidopsis_ITC-0.05M_1h_rep2
GSM2160028,9.0,treatment_duration,"from:Rosette leaves, 10 days, Control, 9h",,,"Rosette leaves, 10 days, Control, 9h",Arabidopsis_Control_9h_rep1
GSM2160029,9.0,treatment_duration,"from:Rosette leaves, 10 days, Control, 9h",,,"Rosette leaves, 10 days, Control, 9h",Arabidopsis_Control_9h_rep2
GSM2160030,9.0,treatment_duration,"from:Rosette leaves, 10 days, 0.05M ITC, 9h",,,"Rosette leaves, 10 days, 0.05M ITC, 9h",Arabidopsis_ITC-0.05M_9h_rep1
GSM2160031,9.0,treatment_duration,"from:Rosette leaves, 10 days, 0.05M ITC, 9h",,,"Rosette leaves, 10 days, 0.05M ITC, 9h",Arabidopsis_ITC-0.05M_9h_rep2
GSM2197796,,,,2.0,age: 2-week-old,wild-type Ws-0_rosette,wild-type rep1
GSM2197797,,,,2.0,age: 2-week-old,wild-type Ws-0_rosette,wild-type rep2
GSM2197798,,,,2.0,age: 2-week-old,wild-type Ws-0_rosette,wild-type rep3
GSM2197799,,,,2.0,age: 2-week-old,lsd1-1_rosette,lsd1-1 rep1
GSM2197800,,,,2.0,age: 2-week-old,lsd1-1_rosette,lsd1-1 rep2
GSM2197801,,,,2.0,age: 2-week-old,lsd1-1_rosette,lsd1-1 rep3
GSM2197802,,,,2.0,age: 2-week-old,35S:LSD1-GFP_rosette,35S:LSD1-GFP rep1
GSM2197803,,,,2.0,age: 2-week-old,35S:LSD1-GFP_rosette,35S:LSD1-GFP rep2
GSM2197804,,,,2.0,age: 2-week-old,35S:LSD1-GFP_rosette,35S:LSD1-GFP rep3
GSM2197805,,,,2.0,age: 2-week-old,DEX-treated 35S:LSD1-GR_rosette,35S:LSD1-GR rep1
GSM2197806,,,,2.0,age: 2-week-old,DEX-treated 35S:LSD1-GR_rosette,35S:LSD1-GR rep2
GSM2197807,,,,2.0,age: 2-week-old,DEX-treated 35S:LSD1-GR_rosette,35S:LSD1-GR rep3
GSM2227059,,,,17.0,age: 17-day-old,"Col-0, 17-day-old, replicate1",Col-0_001
GSM2227060,,,,17.0,age: 17-day-old,"Col-0, 17-day-old, replicate2",Col-0_002
GSM2227061,,,,17.0,age: 17-day-old,"Col-0, 17-day-old, replicate3",Col-0_003
GSM2227062,,,,17.0,age: 17-day-old,"OsbHLH068OE, 17-day-old, replicate1",OsbHLH068OE_001
GSM2227063,,,,17.0,age: 17-day-old,"OsbHLH068OE, 17-day-old, replicate2",OsbHLH068OE_002
GSM2227064,,,,17.0,age: 17-day-old,"OsbHLH068OE, 17-day-old, replicate3",OsbHLH068OE_003
GSM2250103,6.0,treatment_duration,from:CRF6oe 6h treatment with 2uM Benzyl Adenine,240.0,age: 10 day old seedling,CRF6oe 6h treatment with 2uM Benzyl Adenine,CRF6oe + BA rep1
GSM2250104,6.0,treatment_duration,from:CRF6oe 6h treatment with 2uM Benzyl Adenine,240.0,age: 10 day old seedling,CRF6oe 6h treatment with 2uM Benzyl Adenine,CRF6oe + BA rep2
GSM2250105,6.0,treatment_duration,from:CRF6oe 6h treatment with 20mM H2O2,240.0,age: 10 day old seedling,CRF6oe 6h treatment with 20mM H2O2,CRF6oe + H202 rep1
GSM2250106,6.0,treatment_duration,from:CRF6oe 6h treatment with 20mM H2O2,240.0,age: 10 day old seedling,CRF6oe 6h treatment with 20mM H2O2,CRF6oe + H202 rep2
GSM2250107,,,,240.0,age: 10 day old seedling,CRF6oe untreated,CRF6oe untreated rep1
GSM2250108,,,,240.0,age: 10 day old seedling,CRF6oe untreated,CRF6oe untreated rep2
GSM2250109,,,,240.0,age: 10 day old seedling,WT (Col-0) + BA,WT (Col-0) + BA rep2
GSM2250110,,,,240.0,age: 10 day old seedling,WT (Col-0) + BA,WT (Col-0) + BA rep1
GSM2250111,,,,240.0,age: 10 day old seedling,WT (Col-0) + H202,WT (Col-0) + H202 rep2
GSM2250112,,,,240.0,age: 10 day old seedling,WT (Col-0) untreated,WT (Col-0) untreated rep2
GSM2250113,,,,240.0,age: 10 day old seedling,WT (Col-0) untreated,WT (Col-0) untreated rep1
GSM2250114,,,,240.0,age: 10 day old seedling,WT (Col-0) + H202,WT (Col-0) + H202 rep1
GSM2250115,,,,240.0,age: 10 day old seedling,crf6 mutant + BA,crf6 mutant + BA rep2
GSM2250116,,,,240.0,age: 10 day old seedling,crf6 mutant + BA,crf6 mutant + BA rep1
GSM2250117,,,,240.0,age: 10 day old seedling,crf6 mutant + H2O2,crf6 mutant + H2O2 rep1
GSM2250118,,,,240.0,age: 10 day old seedling,crf6 mutant untreated,crf6 mutant untreated rep2
GSM2250119,,,,240.0,age: 10 day old seedling,crf6 mutant untreated,crf6 mutant untreated rep1
GSM2250120,,,,240.0,age: 10 day old seedling,crf6 mutant + H2O2,crf6 mutant + H2O2 rep2
GSM2255708,0.75,treatment_duration,from:Arabidopsis thaliana WT leaf tissue ABA folar spray 20uM 45 minutes,,,Arabidopsis thaliana WT leaf tissue ABA folar spray 20uM 45 minutes,134-ColLer-ABA
GSM2255709,0.75,treatment_duration,from:Arabidopsis thaliana WT leaf tissue ABA folar spray 20uM 45 minutes,,,Arabidopsis thaliana WT leaf tissue ABA folar spray 20uM 45 minutes,126-ColLer-ABA
GSM2255710,0.75,treatment_duration,from:Arabidopsis thaliana WT leaf tissue ABA folar spray 20uM 45 minutes,,,Arabidopsis thaliana WT leaf tissue ABA folar spray 20uM 45 minutes,118-ColLer-ABA
GSM2255714,0.75,treatment_duration,from:Arabidopsis thaliana alx8 leaf tissue ABA folar spray 20uM 45 minutes,,,Arabidopsis thaliana alx8 leaf tissue ABA folar spray 20uM 45 minutes,135-alx8-ABA
GSM2255715,0.75,treatment_duration,from:Arabidopsis thaliana alx8 leaf tissue ABA folar spray 20uM 45 minutes,,,Arabidopsis thaliana alx8 leaf tissue ABA folar spray 20uM 45 minutes,127-alx8-ABA
GSM2255716,0.75,treatment_duration,from:Arabidopsis thaliana alx8 leaf tissue ABA folar spray 20uM 45 minutes,,,Arabidopsis thaliana alx8 leaf tissue ABA folar spray 20uM 45 minutes,110-alx8-ABA
GSM2255719,0.75,treatment_duration,from:Arabidopsis thaliana ost1 leaf tissue ABA folar spray 20uM 45 minutes,,,Arabidopsis thaliana ost1 leaf tissue ABA folar spray 20uM 45 minutes,136-ost1-2-ABA
GSM2255720,0.75,treatment_duration,from:Arabidopsis thaliana ost1 leaf tissue ABA folar spray 20uM 45 minutes,,,Arabidopsis thaliana ost1 leaf tissue ABA folar spray 20uM 45 minutes,120-ost1-2-ABA
GSM2255724,0.75,treatment_duration,from:Arabidopsis thaliana ost1alx8 leaf tissue ABA folar spray 20uM 45 minutes,,,Arabidopsis thaliana ost1alx8 leaf tissue ABA folar spray 20uM 45 minutes,129-ost1-2 alx8-ABA
GSM2255725,0.75,treatment_duration,from:Arabidopsis thaliana ost1alx8 leaf tissue ABA folar spray 20uM 45 minutes,,,Arabidopsis thaliana ost1alx8 leaf tissue ABA folar spray 20uM 45 minutes,121-ost1-2 alx8-ABA
GSM2255726,0.75,treatment_duration,from:Arabidopsis thaliana ost1alx8 leaf tissue ABA folar spray 20uM 45 minutes,,,Arabidopsis thaliana ost1alx8 leaf tissue ABA folar spray 20uM 45 minutes,113-ost1-2 alx8-ABA
GSM2256216,0.0,treatment_duration,"from:Meristem at 0h, rep1",120.0,age: 5 days after germination,Meristematic zone_no treatment for 0hr,"Meristem at 0h, rep1"
GSM2256217,0.0,treatment_duration,"from:Meristem at 0h, rep2",120.0,age: 5 days after germination,Meristematic zone_no treatment for 0hr,"Meristem at 0h, rep2"
GSM2256218,0.0,treatment_duration,"from:Elongation at 0h, rep1",120.0,age: 5 days after germination,Elongation zone_no treatment for 0hr,"Elongation at 0h, rep1"
GSM2256219,0.0,treatment_duration,"from:Elongation at 0h, rep2",120.0,age: 5 days after germination,Elongation zone_no treatment for 0hr,"Elongation at 0h, rep2"
GSM2256220,1.0,treatment_duration,"from:Meristem_MS at 1h, rep1",120.0,age: 5 days after germination,Meristematic zone_no treatment for 1hr,"Meristem_MS at 1h, rep1"
GSM2256221,1.0,treatment_duration,"from:Meristem_MS at 1h, rep2",120.0,age: 5 days after germination,Meristematic zone_no treatment for 1hr,"Meristem_MS at 1h, rep2"
GSM2256222,1.0,treatment_duration,"from:Elongation_MS at 1h, rep1",120.0,age: 5 days after germination,Elongation zone_no treatment for 1hr,"Elongation_MS at 1h, rep1"
GSM2256223,1.0,treatment_duration,"from:Elongation_MS at 1h, rep2",120.0,age: 5 days after germination,Elongation zone_no treatment for 1hr,"Elongation_MS at 1h, rep2"
GSM2256224,1.0,treatment_duration,"from:Meristem_H2O2 at 1h, rep1",120.0,age: 5 days after germination,Meristematic zone_1mM H2O2 treatment for 1hr,"Meristem_H2O2 at 1h, rep1"
GSM2256225,1.0,treatment_duration,"from:Meristem_H2O2 at 1h, rep2",120.0,age: 5 days after germination,Meristematic zone_1mM H2O2 treatment for 1hr,"Meristem_H2O2 at 1h, rep2"
GSM2256226,1.0,treatment_duration,"from:Elongation_H2O2 at 1h, rep1",120.0,age: 5 days after germination,Elongation zone_1mM H2O2 treatment for 1hr,"Elongation_H2O2 at 1h, rep1"
GSM2256227,1.0,treatment_duration,"from:Elongation_H2O2 at 1h, rep2",120.0,age: 5 days after germination,Elongation zone_1mM H2O2 treatment for 1hr,"Elongation_H2O2 at 1h, rep2"
GSM2256228,3.0,treatment_duration,"from:Meristem_MS at 3h, rep1",120.0,age: 5 days after germination,Meristematic zone_no treatment for 3hr,"Meristem_MS at 3h, rep1"
GSM2256229,3.0,treatment_duration,"from:Meristem_MS at 3h, rep2",120.0,age: 5 days after germination,Meristematic zone_no treatment for 3hr,"Meristem_MS at 3h, rep2"
GSM2256230,3.0,treatment_duration,"from:Elongation_MS at 3h, rep1",120.0,age: 5 days after germination,Elongation zone_no treatment for 3hr,"Elongation_MS at 3h, rep1"
GSM2256231,3.0,treatment_duration,"from:Elongation_MS at 3h, rep2",120.0,age: 5 days after germination,Elongation zone_no treatment for 3hr,"Elongation_MS at 3h, rep2"
GSM2256232,3.0,treatment_duration,"from:Meristem_H2O2 at 3h, rep1",120.0,age: 5 days after germination,Meristematic zone_1mM H2O2 treatment for 3hr,"Meristem_H2O2 at 3h, rep1"
GSM2256233,3.0,treatment_duration,"from:Meristem_H2O2 at 3h, rep2",120.0,age: 5 days after germination,Meristematic zone_1mM H2O2 treatment for 3hr,"Meristem_H2O2 at 3h, rep2"
GSM2256234,3.0,treatment_duration,"from:Elongation_H2O2 at 3h, rep1",120.0,age: 5 days after germination,Elongation zone_1mM H2O2 treatment for 3hr,"Elongation_H2O2 at 3h, rep1"
GSM2256235,3.0,treatment_duration,"from:Elongation_H2O2 at 3h, rep2",120.0,age: 5 days after germination,Elongation zone_1mM H2O2 treatment for 3hr,"Elongation_H2O2 at 3h, rep2"
GSM2256236,6.0,treatment_duration,"from:Meristem_MS at 6h, rep1",120.0,age: 5 days after germination,Meristematic zone_no treatment for 6hr,"Meristem_MS at 6h, rep1"
GSM2256237,6.0,treatment_duration,"from:Meristem_MS at 6h, rep2",120.0,age: 5 days after germination,Meristematic zone_no treatment for 6hr,"Meristem_MS at 6h, rep2"
GSM2256238,6.0,treatment_duration,"from:Elongation_MS at 6h, rep1",120.0,age: 5 days after germination,Elongation zone_no treatment for 6hr,"Elongation_MS at 6h, rep1"
GSM2256239,6.0,treatment_duration,"from:Elongation_MS at 6h, rep2",120.0,age: 5 days after germination,Elongation zone_no treatment for 6hr,"Elongation_MS at 6h, rep2"
GSM2256240,6.0,treatment_duration,"from:Meristem_H2O2 at 6h, rep1",120.0,age: 5 days after germination,Meristematic zone_1mM H2O2 treatment for 6hr,"Meristem_H2O2 at 6h, rep1"
GSM2256241,6.0,treatment_duration,"from:Meristem_H2O2 at 6h, rep2",120.0,age: 5 days after germination,Meristematic zone_1mM H2O2 treatment for 6hr,"Meristem_H2O2 at 6h, rep2"
GSM2256242,6.0,treatment_duration,"from:Elongation_H2O2 at 6h, rep1",120.0,age: 5 days after germination,Elongation zone_1mM H2O2 treatment for 6hr,"Elongation_H2O2 at 6h, rep1"
GSM2256243,6.0,treatment_duration,"from:Elongation_H2O2 at 6h, rep2",120.0,age: 5 days after germination,Elongation zone_1mM H2O2 treatment for 6hr,"Elongation_H2O2 at 6h, rep2"
GSM2401608,0.0,treatment_duration,"from:Columbia-0 (Wild type), 0 hr",2.0,age: 2-week-old seedlings,2-week-old seedlings of the wild-type(col) grown on 1/2 MS medium containing 2% sucrose at 22ËC,"Columbia-0 (Wild type), 0 hr"
GSM2401609,3.0,treatment_duration,"from:Columbia-0 (Wild type), 3 hr",2.0,age: 2-week-old seedlings,2-week-old seedlings of the wild-type(col) grown on 1/2 MS medium containing 2% sucrose at 4ËC treatment for 3hour,"Columbia-0 (Wild type), 3 hr"
GSM2401610,24.0,treatment_duration,"from:Columbia-0 (Wild type), 24 hr",2.0,age: 2-week-old seedlings,2-week-old seedlings of the wild-type(col) grown on 1/2 MS medium containing 2% sucrose at 4ËC treatment for 24hr,"Columbia-0 (Wild type), 24 hr"
GSM2401611,0.0,treatment_duration,"from:lcbk1-2 (mutant), 0 hr",2.0,age: 2-week-old seedlings,2-week-old seedlings of the lcbk1-2 grown on 1/2 MS medium containing 2% sucrose at 22ËC,"lcbk1-2 (mutant), 0 hr"
GSM2401612,3.0,treatment_duration,"from:lcbk1-2 (mutant), 3 hr",2.0,age: 2-week-old seedlings,2-week-old seedlings of the lcbk1-2 grown on 1/2 MS medium containing 2% sucrose at 4ËC treatment for 3hour,"lcbk1-2 (mutant), 3 hr"
GSM2401613,24.0,treatment_duration,"from:lcbk1-2 (mutant), 24 hr",2.0,age: 2-week-old seedlings,2-week-old seedlings of the lcbk1-2 grown on 1/2 MS medium containing 2% sucrose at 4ËC treatment for 24hr,"lcbk1-2 (mutant), 24 hr"
GSM2410921,0.0,treatment_duration,from:Col-0-0hr (-Cd)_replicate 1,336.0,age: 2 weeks,whole seedlings_0 hr_replicate1,Col-0-0hr (-Cd)_replicate 1
GSM2410922,0.0,treatment_duration,from:Col-0-0hr (-Cd)_replicate 2,336.0,age: 2 weeks,whole seedlings_0 hr_replicate2,Col-0-0hr (-Cd)_replicate 2
GSM2410923,0.0,treatment_duration,from:GPL4 CRES-T-0hr (-Cd)_replicate 1,336.0,age: 2 weeks,whole seedlings_0 hr_replicate1,GPL4 CRES-T-0hr (-Cd)_replicate 1
GSM2410924,0.0,treatment_duration,from:GPL4 CRES-T-0hr (-Cd)_replicate 2,336.0,age: 2 weeks,whole seedlings_0 hr_replicate2,GPL4 CRES-T-0hr (-Cd)_replicate 2
GSM2410925,2.0,treatment_duration,from:Col-0-2hrs (+Cd)_replicate 1,336.0,age: 2 weeks,whole seedlings_0 hr_replicate1,Col-0-2hrs (+Cd)_replicate 1
GSM2410926,2.0,treatment_duration,from:Col-0-2hrs (+Cd)_replicate 2,336.0,age: 2 weeks,whole seedlings_0 hr_replicate2,Col-0-2hrs (+Cd)_replicate 2
GSM2410927,2.0,treatment_duration,from:GPL4 CRES-T-2hrs (+Cd)_replicate 1,336.0,age: 2 weeks,whole seedlings_0 hr_replicate1,GPL4 CRES-T-2hrs (+Cd)_replicate 1
GSM2410928,2.0,treatment_duration,from:GPL4 CRES-T-2hrs (+Cd)_replicate 2,336.0,age: 2 weeks,whole seedlings_0 hr_replicate2,GPL4 CRES-T-2hrs (+Cd)_replicate 2
GSM2420123,,,,168.0,age: 7 days,Wild type_BCS100 uM,Wt 1 BCS 100uM
GSM2420124,,,,168.0,age: 7 days,Wild type_BCS100 uM,Wt 2 BCS 100uM
GSM2420125,,,,168.0,age: 7 days,Wild type_BCS100 uM,Wt 3 BCS 100uM
GSM2420126,,,,168.0,age: 7 days,ko copt5_BCS 100 uM,copt5 1 BCS 100uM
GSM2420127,,,,168.0,age: 7 days,ko copt5_BCS 100 uM,copt5 2 BCS 100uM
GSM2420128,,,,168.0,age: 7 days,ko copt5_BCS 100 uM,copt5 3 BCS 100uM
GSM2420129,,,,168.0,age: 7 days,Wild type_Cu 1 uM,Wt 1 Cu 1uM
GSM2420130,,,,168.0,age: 7 days,Wild type_Cu1 uM,Wt 2 Cu 1uM
GSM2420131,,,,168.0,age: 7 days,Wild type_Cu1 uM,Wt 3 Cu 1uM
GSM2420132,,,,168.0,age: 7 days,ko copt5_Cu 1 uM,copt5 1 Cu 1uM
GSM2420133,,,,168.0,age: 7 days,ko copt5_Cu 1 uM,copt5 2 Cu 1uM
GSM2420134,,,,168.0,age: 7 days,ko copt5_Cu 1 uM,copt5 3 Cu 1uM
GSM233035,0.5,treatment_duration,from:PSI_vs_PSII_30min,,,thylakoid membranes exposed to a light shift from PSI specific light to PSII for 30 min,PSI_vs_PSII_30min
GSM233036,2.0,treatment_duration,from:PSI_vs_PSII_2h,,,thylakoid membranes exposed to a light shift from PSI specific light to PSII for 2 hours,PSI_vs_PSII_2h
GSM233037,8.0,treatment_duration,from:PSI_vs_PSII_8h,,,thylakoid membranes exposed to a light shift from PSI specific light to PSII for 8 hours,PSI_vs_PSII_8h
GSM233038,48.0,treatment_duration,from:PSI_vs_PSII_48h,,,thylakoid membranes exposed to a light shift from PSI specific light to PSII for 48 hours,PSI_vs_PSII_48h
GSM233064,0.5,treatment_duration,from:PSII_vs_PSI_30min,,,thylakoid membranes exposed to a light shift from PSII specific light to PSI for 30 min,PSII_vs_PSI_30min
GSM233065,2.0,treatment_duration,from:PSII_vs_PSI_2h,,,thylakoid membranes exposed to a light shift from PSII specific light to PSI for 2 hours,PSII_vs_PSI_2h
GSM233066,8.0,treatment_duration,from:PSII_vs_PSI_8h,,,thylakoid membranes exposed to a light shift from PSII specific light to PSI for 8 hours,PSII_vs_PSI_8h
GSM233068,48.0,treatment_duration,from:PSII_vs_PSI_48h,,,thylakoid membranes exposed to a light shift from PSII specific light to PSI for 48 hours,PSII_vs_PSI_48h
GSM239236,4.0,treatment_duration,from:above ground tissues 31 day old. 4 hours into light period,,,above ground tissues 31 day old. 4 hours into light period,FNR1 mutation in columbia ecotype
GSM239239,4.0,treatment_duration,from:above ground tissues 31 day old. 4 hours into light period,,,above ground tissues 31 day old. 4 hours into light period,Wild Type Wassilewskija ecotype
GSM239241,4.0,treatment_duration,from:above ground tissues 31 day old. 4 hours into light period,,,above ground tissues 31 day old. 4 hours into light period,FNR1 mutation in Wassilewskija ecotype
GSM239245,4.0,treatment_duration,from:above ground tissues 31 day old. 4 hours into light period,,,above ground tissues 31 day old. 4 hours into light period,Wild type columbia
GSM2473198,6.0,treatment_duration,"from:2cysprx at 6 h high light, biological replicate 1",,,2cysprx at 6 h high light_shoot,"2cysprx at 6 h high light, biological replicate 1"
GSM2473199,6.0,treatment_duration,"from:2cysprx at 6 h high light, biological replicate 2",,,2cysprx at 6 h high light_shoot,"2cysprx at 6 h high light, biological replicate 2"
GSM2473200,6.0,treatment_duration,"from:2cysprx at 6 h high light, biological replicate 3",,,2cysprx at 6 h high light_shoot,"2cysprx at 6 h high light, biological replicate 3"
GSM2473201,6.0,treatment_duration,"from:2cysprx at 6 h high light, biological replicate 4",,,2cysprx at 6 h high light_shoot,"2cysprx at 6 h high light, biological replicate 4"
GSM2473202,6.0,treatment_duration,"from:cyp20-3 at 6 h high light, biological replicate 1",,,cyp20-3 at 6 h high light_shoot,"cyp20-3 at 6 h high light, biological replicate 1"
GSM2473203,6.0,treatment_duration,"from:cyp20-3 at 6 h high light, biological replicate 2",,,cyp20-3 at 6 h high light_shoot,"cyp20-3 at 6 h high light, biological replicate 2"
GSM2473204,6.0,treatment_duration,"from:cyp20-3 at 6 h high light, biological replicate 3",,,cyp20-3 at 6 h high light_shoot,"cyp20-3 at 6 h high light, biological replicate 3"
GSM2473205,6.0,treatment_duration,"from:cyp20-3 at 6 h high light, biological replicate 4",,,cyp20-3 at 6 h high light_shoot,"cyp20-3 at 6 h high light, biological replicate 4"
GSM2473206,6.0,treatment_duration,"from:oastlB at 6 h high light, biological replicate 1",,,oastlB at 6 h high light_shoot,"oastlB at 6 h high light, biological replicate 1"
GSM2473207,6.0,treatment_duration,"from:oastlB at 6 h high light, biological replicate 2",,,oastlB at 6 h high light_shoot,"oastlB at 6 h high light, biological replicate 2"
GSM2473208,6.0,treatment_duration,"from:oastlB at 6 h high light, biological replicate 3",,,oastlB at 6 h high light_shoot,"oastlB at 6 h high light, biological replicate 3"
GSM2473209,6.0,treatment_duration,"from:oastlB at 6 h high light, biological replicate 4",,,oastlB at 6 h high light_shoot,"oastlB at 6 h high light, biological replicate 4"
GSM2473210,6.0,treatment_duration,"from:serat2;1 at 6 h high light, biological replicate 1",,,serat2;1 at 6 h high light_shoot,"serat2;1 at 6 h high light, biological replicate 1"
GSM2473211,6.0,treatment_duration,"from:serat2;1 at 6 h high light, biological replicate 2",,,serat2;1 at 6 h high light_shoot,"serat2;1 at 6 h high light, biological replicate 2"
GSM2473212,6.0,treatment_duration,"from:serat2;1 at 6 h high light, biological replicate 3",,,serat2;1 at 6 h high light_shoot,"serat2;1 at 6 h high light, biological replicate 3"
GSM2473213,6.0,treatment_duration,"from:serat2;1 at 6 h high light, biological replicate 4",,,serat2;1 at 6 h high light_shoot,"serat2;1 at 6 h high light, biological replicate 4"
GSM2473214,6.0,treatment_duration,"from:WT at 6 h high light, biological replicate 1",,,WT at 6 h high light_shoot,"WT at 6 h high light, biological replicate 1"
GSM2473215,6.0,treatment_duration,"from:WT at 6 h high light, biological replicate 2",,,WT at 6 h high light_shoot,"WT at 6 h high light, biological replicate 2"
GSM2473216,6.0,treatment_duration,"from:WT at 6 h high light, biological replicate 3",,,WT at 6 h high light_shoot,"WT at 6 h high light, biological replicate 3"
GSM2473217,6.0,treatment_duration,"from:WT at 6 h high light, biological replicate 4",,,WT at 6 h high light_shoot,"WT at 6 h high light, biological replicate 4"
GSM2617166,4.0,treatment_duration,from:Col-0_R_H2O_4h,,,"Col-0 Root, H2O treated, 4h",Col-0_R_H2O_4h
GSM2617167,4.0,treatment_duration,from:CyCam_R_H2O_4h,,,"CyCam Root, H2O treated, 4h",CyCam_R_H2O_4h
GSM2617169,4.0,treatment_duration,from:Col-0_R_Chitin_4h,,,"Col-0 Root, Chitin treated, 4h",Col-0_R_Chitin_4h
GSM2617171,4.0,treatment_duration,from:CyCam_R_Chitin_4h,,,"CyCam Root, Chitin treated, 4h",CyCam_R_Chitin_4h
GSM2617174,4.0,treatment_duration,from:Col-0_R_Cellotriose_4h,,,"Col-0 Root, Cellotriose treated, 4h",Col-0_R_Cellotriose_4h
GSM2617175,4.0,treatment_duration,from:CyCam_R_Cellotriose_4h,,,"CyCam Root, Cellotriose treated, 4h",CyCam_R_Cellotriose_4h
GSM2617177,8.0,treatment_duration,from:Col-0_R_Chitin_8h,,,"Col-0 Root, Chitin treated, 8h",Col-0_R_Chitin_8h
GSM2617178,8.0,treatment_duration,from:CyCam_R_Chitin_8h,,,"CyCam Root, Chitin treated, 8h",CyCam_R_Chitin_8h
GSM2617179,8.0,treatment_duration,from:Col-0_R_Cellotriose_8h,,,"Col-0 Root, Cellotriose treated, 8h",Col-0_R_Cellotriose_8h
GSM2617180,8.0,treatment_duration,from:CyCam_R_Cellotriose_8h,,,"CyCam Root, Cellotriose treated, 8h",CyCam_R_Cellotriose_8h
